direction,layer,rho,wer,mer,pier,en_wer,matrix_cer,corrections,corruptions,utility,outside_harm,embed_retention,matrix_retention,energy,utility_per_energy,edits,effective_dose,direction_hash,source
Conditioning,0,0.25,n/a — no frozen canonical overall WER,0.27037037037037037,0.7205882352941176,0.7205882352941176,0.10552763819095477,0,0,0.0,0,1.0,1.0,131.93758261203766,0.0,233,0.5606236749028277,sha256:a5c7d9e4a6c72926c95972311d3c232886d664fa17a81dac7abcff6809753a99,NEW
Conditioning,0,0.5,n/a — no frozen canonical overall WER,0.26666666666666666,0.6911764705882353,0.6911764705882353,0.11055276381909548,2,0,0.0,2,1.0,0.9887640449438202,259.74931049346924,0.0,233,1.1212473498056554,sha256:a5c7d9e4a6c72926c95972311d3c232886d664fa17a81dac7abcff6809753a99,NEW
Conditioning,0,1.0,n/a — no frozen canonical overall WER,1.0740740740740742,0.8382352941176471,0.8529411764705882,1.150753768844221,0,8,-59.0,53,0.5789473684210527,0.7134831460674157,1095.46508872509,-0.053858402798271386,556,2.242494699611311,sha256:a5c7d9e4a6c72926c95972311d3c232886d664fa17a81dac7abcff6809753a99,NEW
Conditioning,0,2.0,n/a — no frozen canonical overall WER,1.1037037037037036,0.9264705882352942,1.8529411764705883,0.8492462311557789,0,14,-162.0,157,0.2631578947368421,0.16853932584269662,2101.0189999341965,-0.07710544264715065,644,4.484989399222622,sha256:a5c7d9e4a6c72926c95972311d3c232886d664fa17a81dac7abcff6809753a99,NEW
Local+Cond,0,0.25,n/a — no frozen canonical overall WER,0.27037037037037037,0.7205882352941176,0.7205882352941176,0.10552763819095477,0,0,0.0,0,1.0,1.0,130.11549270153046,0.0,231,0.5606236749028277,sha256:ac505724329bfee8b201d43d3e8116396a8dc261aa725667d7ffb76957c372b2,NEW
Local+Cond,0,0.5,n/a — no frozen canonical overall WER,0.26666666666666666,0.6911764705882353,0.6911764705882353,0.11055276381909548,2,0,1.0,1,1.0,0.9943820224719101,257.99120116233826,0.003876101182887863,236,1.1212473498056554,sha256:ac505724329bfee8b201d43d3e8116396a8dc261aa725667d7ffb76957c372b2,NEW
Local+Cond,0,1.0,n/a — no frozen canonical overall WER,0.9333333333333333,0.75,1.8970588235294117,0.6030150753768844,2,4,-102.0,101,0.7894736842105263,0.43820224719101125,1068.001893877983,-0.09550544861828988,549,2.242494699611311,sha256:ac505724329bfee8b201d43d3e8116396a8dc261aa725667d7ffb76957c372b2,NEW
Local+Cond,0,2.0,n/a — no frozen canonical overall WER,0.9925925925925926,0.9705882352941176,1.161764705882353,0.9346733668341709,0,17,-182.0,176,0.10526315789473684,0.07303370786516854,107.22520518302917,-1.6973621052002952,41,4.484989399222622,sha256:ac505724329bfee8b201d43d3e8116396a8dc261aa725667d7ffb76957c372b2,NEW
Local,0,0.25,n/a — no frozen canonical overall WER,0.27037037037037037,0.7205882352941176,0.7205882352941176,0.10552763819095477,0,0,0.0,0,1.0,1.0,126.13803091645241,0.0,231,0.5606236749028277,sha256:cec75177aa9b65ab4296fffc86bdb45bbe771a01425643ba4cda3b3e3a23ecb1,NEW
Local,0,0.5,n/a — no frozen canonical overall WER,0.26296296296296295,0.6911764705882353,0.6911764705882353,0.10552763819095477,2,0,2.0,0,1.0,1.0,235.89988750219345,0.00847817275869368,230,1.1212473498056554,sha256:cec75177aa9b65ab4296fffc86bdb45bbe771a01425643ba4cda3b3e3a23ecb1,NEW
Local,0,1.0,n/a — no frozen canonical overall WER,1.5,0.9117647058823529,0.9411764705882353,1.6984924623115578,0,13,-100.0,94,0.3157894736842105,0.5112359550561798,1029.8642718791962,-0.0971001740040265,559,2.242494699611311,sha256:cec75177aa9b65ab4296fffc86bdb45bbe771a01425643ba4cda3b3e3a23ecb1,NEW
Local,0,2.0,n/a — no frozen canonical overall WER,2.0037037037037035,0.9852941176470589,0.9852941176470589,2.3668341708542715,0,18,-177.0,171,0.05263157894736842,0.10674157303370786,1076.622299194336,-0.16440305958036874,383,4.484989399222622,sha256:cec75177aa9b65ab4296fffc86bdb45bbe771a01425643ba4cda3b3e3a23ecb1,NEW
Raw+Cond,0,0.25,n/a — no frozen canonical overall WER,0.27037037037037037,0.7205882352941176,0.7205882352941176,0.10552763819095477,0,0,0.0,0,1.0,1.0,130.07153272628784,0.0,231,0.5606236749028277,sha256:15a10fd7f330711d77ccb77bbfd50f959db1e609f83dc373f7380ad1e98acdfb,NEW
Raw+Cond,0,0.5,n/a — no frozen canonical overall WER,0.26296296296296295,0.6911764705882353,0.6911764705882353,0.10552763819095477,2,0,2.0,0,1.0,1.0,256.6570454835892,0.007792499895070605,235,1.1212473498056554,sha256:15a10fd7f330711d77ccb77bbfd50f959db1e609f83dc373f7380ad1e98acdfb,NEW
Raw+Cond,0,1.0,n/a — no frozen canonical overall WER,0.7888888888888889,0.8529411764705882,1.2647058823529411,0.6231155778894473,0,9,-110.0,104,0.5263157894736842,0.43258426966292135,1063.5708589553833,-0.10342517291987453,549,2.242494699611311,sha256:15a10fd7f330711d77ccb77bbfd50f959db1e609f83dc373f7380ad1e98acdfb,NEW
Raw+Cond,0,2.0,n/a — no frozen canonical overall WER,0.937037037037037,0.9558823529411765,0.9558823529411765,0.9296482412060302,0,16,-180.0,174,0.15789473684210525,0.07865168539325842,77.18105888366699,-2.332178420502229,29,4.484989399222622,sha256:15a10fd7f330711d77ccb77bbfd50f959db1e609f83dc373f7380ad1e98acdfb,NEW
Raw,0,0.25,n/a — no frozen canonical overall WER,0.27037037037037037,0.7205882352941176,0.7205882352941176,0.10552763819095477,0,0,0.0,0,1.0,1.0,125.81192034482956,0.0,231,0.5606236749028277,sha256:dffe5b594e4679730bc0611e2af9203e842d6373570de720e45b3d3e284e5141,NEW
Raw,0,0.5,n/a — no frozen canonical overall WER,0.26296296296296295,0.6911764705882353,0.6911764705882353,0.10552763819095477,2,0,2.0,0,1.0,1.0,234.7869238257408,0.0085183619573482,230,1.1212473498056554,sha256:dffe5b594e4679730bc0611e2af9203e842d6373570de720e45b3d3e284e5141,NEW
Raw,0,1.0,n/a — no frozen canonical overall WER,1.525925925925926,0.9705882352941176,1.0,1.7135678391959799,0,17,-106.0,100,0.10526315789473684,0.5,1016.8260878324509,-0.10424594851412419,554,2.242494699611311,sha256:dffe5b594e4679730bc0611e2af9203e842d6373570de720e45b3d3e284e5141,NEW
Raw,0,2.0,n/a — no frozen canonical overall WER,1.5148148148148148,0.9852941176470589,0.9852941176470589,1.7035175879396984,0,18,-176.0,170,0.05263157894736842,0.11235955056179775,701.8921754360199,-0.2507507650881956,248,4.484989399222622,sha256:dffe5b594e4679730bc0611e2af9203e842d6373570de720e45b3d3e284e5141,NEW
Conditioning,1,0.25,n/a — no frozen canonical overall WER,0.27037037037037037,0.7205882352941176,0.7205882352941176,0.10552763819095477,0,0,0.0,0,1.0,1.0,209.29547452926636,0.0,231,0.9031344096699881,sha256:16799ec0156067f315524495437f5a348b9bb9cdb39d80367b712ad38fca319b,NEW
Conditioning,1,0.5,n/a — no frozen canonical overall WER,0.27037037037037037,0.7205882352941176,0.7205882352941176,0.10552763819095477,0,0,0.0,0,1.0,1.0,408.3733409643173,0.0,232,1.8062688193399763,sha256:16799ec0156067f315524495437f5a348b9bb9cdb39d80367b712ad38fca319b,NEW
Conditioning,1,1.0,n/a — no frozen canonical overall WER,0.31851851851851853,0.8823529411764706,0.8823529411764706,0.11557788944723618,0,11,-13.0,7,0.42105263157894735,0.9887640449438202,718.8544924259186,-0.018084327408358948,238,3.6125376386799526,sha256:16799ec0156067f315524495437f5a348b9bb9cdb39d80367b712ad38fca319b,NEW
Conditioning,1,2.0,n/a — no frozen canonical overall WER,0.9333333333333333,0.9852941176470589,0.9852941176470589,0.914572864321608,0,18,-180.0,174,0.05263157894736842,0.0898876404494382,89.34569191932678,-2.0146466621191768,21,7.225075277359905,sha256:16799ec0156067f315524495437f5a348b9bb9cdb39d80367b712ad38fca319b,NEW
Local+Cond,1,0.25,n/a — no frozen canonical overall WER,0.27037037037037037,0.7205882352941176,0.7205882352941176,0.10552763819095477,0,0,0.0,0,1.0,1.0,206.80094820261002,0.0,231,0.9031344096699881,sha256:1c1973260156ae4948644c5bf11c4394a8b15f1dea5ad74d5a160391da70423e,NEW
Local+Cond,1,0.5,n/a — no frozen canonical overall WER,0.27037037037037037,0.7205882352941176,0.7205882352941176,0.10552763819095477,0,0,-1.0,1,1.0,0.9943820224719101,394.9831346273422,-0.002531753668276185,231,1.8062688193399763,sha256:1c1973260156ae4948644c5bf11c4394a8b15f1dea5ad74d5a160391da70423e,NEW
Local+Cond,1,1.0,n/a — no frozen canonical overall WER,0.3,0.8382352941176471,0.8382352941176471,0.10552763819095477,0,8,-8.0,5,0.5789473684210527,1.0,687.932208776474,-0.01162905283098817,238,3.6125376386799526,sha256:1c1973260156ae4948644c5bf11c4394a8b15f1dea5ad74d5a160391da70423e,NEW
Local+Cond,1,2.0,n/a — no frozen canonical overall WER,3.6296296296296298,0.9852941176470589,1.0,4.567839195979899,0,18,-164.0,158,0.05263157894736842,0.1797752808988764,3457.8660292625427,-0.04742809542421058,831,7.225075277359905,sha256:1c1973260156ae4948644c5bf11c4394a8b15f1dea5ad74d5a160391da70423e,NEW
Local,1,0.25,n/a — no frozen canonical overall WER,0.27037037037037037,0.7205882352941176,0.7205882352941176,0.10552763819095477,0,0,0.0,0,1.0,1.0,201.0101242661476,0.0,232,0.9031344096699881,sha256:dcf358eba772c95c522eaa71bc93a626314eb1032aeac0aed56d1e7f3005569a,NEW
Local,1,0.5,n/a — no frozen canonical overall WER,0.27037037037037037,0.7205882352941176,0.7205882352941176,0.10552763819095477,0,0,-1.0,1,1.0,0.9943820224719101,371.54056441783905,-0.00269149615350045,230,1.8062688193399763,sha256:dcf358eba772c95c522eaa71bc93a626314eb1032aeac0aed56d1e7f3005569a,NEW
Local,1,1.0,n/a — no frozen canonical overall WER,1.2518518518518518,0.8823529411764706,0.8823529411764706,1.3819095477386936,1,12,-95.0,93,0.3684210526315789,0.5280898876404494,1717.4490503072739,-0.05531459578553627,589,3.6125376386799526,sha256:dcf358eba772c95c522eaa71bc93a626314eb1032aeac0aed56d1e7f3005569a,NEW
Local,1,2.0,n/a — no frozen canonical overall WER,1.2222222222222223,0.9852941176470589,0.9852941176470589,1.306532663316583,0,18,-182.0,176,0.05263157894736842,0.07865168539325842,563.6646060943604,-0.3228870467157419,146,7.225075277359905,sha256:dcf358eba772c95c522eaa71bc93a626314eb1032aeac0aed56d1e7f3005569a,NEW
Raw+Cond,1,0.25,n/a — no frozen canonical overall WER,0.27037037037037037,0.7205882352941176,0.7205882352941176,0.10552763819095477,0,0,0.0,0,1.0,1.0,207.55236822366714,0.0,232,0.9031344096699881,sha256:5554cbfac087ab6e5432cd89be03e9558688ae1f96f5de746d69c7b6e1bfa1bc,NEW
Raw+Cond,1,0.5,n/a — no frozen canonical overall WER,0.27037037037037037,0.7205882352941176,0.7205882352941176,0.10552763819095477,0,0,-1.0,1,1.0,0.9943820224719101,394.39948666095734,-0.0025355002575336585,231,1.8062688193399763,sha256:5554cbfac087ab6e5432cd89be03e9558688ae1f96f5de746d69c7b6e1bfa1bc,NEW
Raw+Cond,1,1.0,n/a — no frozen canonical overall WER,0.3,0.8382352941176471,0.8382352941176471,0.10552763819095477,0,8,-9.0,6,0.5789473684210527,0.9943820224719101,686.6429908275604,-0.013107248046256119,238,3.6125376386799526,sha256:5554cbfac087ab6e5432cd89be03e9558688ae1f96f5de746d69c7b6e1bfa1bc,NEW
Raw+Cond,1,2.0,n/a — no frozen canonical overall WER,2.7222222222222223,0.9852941176470589,1.0,3.336683417085427,0,18,-161.0,155,0.05263157894736842,0.19662921348314608,2537.3592240810394,-0.0634517960531622,649,7.225075277359905,sha256:5554cbfac087ab6e5432cd89be03e9558688ae1f96f5de746d69c7b6e1bfa1bc,NEW
Raw,1,0.25,n/a — no frozen canonical overall WER,0.27037037037037037,0.7205882352941176,0.7205882352941176,0.10552763819095477,0,0,0.0,0,1.0,1.0,200.55687952041626,0.0,232,0.9031344096699881,sha256:a65279569dd2e2df22f5d7298da052be8eacfbc24b29eb47d302ccc4f58061cd,NEW
Raw,1,0.5,n/a — no frozen canonical overall WER,0.27037037037037037,0.7205882352941176,0.7205882352941176,0.10552763819095477,0,0,-1.0,1,1.0,0.9943820224719101,370.29895401000977,-0.0027005207256755267,230,1.8062688193399763,sha256:a65279569dd2e2df22f5d7298da052be8eacfbc24b29eb47d302ccc4f58061cd,NEW
Raw,1,1.0,n/a — no frozen canonical overall WER,1.5074074074074073,0.8823529411764706,0.8823529411764706,1.728643216080402,1,12,-103.0,101,0.3684210526315789,0.48314606741573035,1686.295320034027,-0.061080641555668676,584,3.6125376386799526,sha256:a65279569dd2e2df22f5d7298da052be8eacfbc24b29eb47d302ccc4f58061cd,NEW
Raw,1,2.0,n/a — no frozen canonical overall WER,1.2296296296296296,0.9852941176470589,0.9852941176470589,1.3165829145728642,0,18,-185.0,179,0.05263157894736842,0.06179775280898876,522.8877823352814,-0.3538044036404277,136,7.225075277359905,sha256:a65279569dd2e2df22f5d7298da052be8eacfbc24b29eb47d302ccc4f58061cd,NEW
Conditioning,2,0.25,n/a — no frozen canonical overall WER,0.27037037037037037,0.7205882352941176,0.7205882352941176,0.10552763819095477,0,0,0.0,0,1.0,1.0,240.863010764122,0.0,231,1.0535904534477096,sha256:c82eff37b48fe6a95eb8aba29816cdee4c1fe84b56f50972faf94c853869aea7,NEW
Conditioning,2,0.5,n/a — no frozen canonical overall WER,0.2814814814814815,0.7647058823529411,0.7647058823529411,0.10552763819095477,0,3,-3.0,0,0.8421052631578947,1.0,468.7915974855423,-0.0063994321060597105,237,2.1071809068954193,sha256:c82eff37b48fe6a95eb8aba29816cdee4c1fe84b56f50972faf94c853869aea7,NEW
Conditioning,2,1.0,n/a — no frozen canonical overall WER,0.28888888888888886,0.8088235294117647,0.8088235294117647,0.10050251256281408,0,6,-7.0,1,0.6842105263157895,0.9943820224719101,800.9390151500702,-0.008739741562831005,241,4.2143618137908385,sha256:c82eff37b48fe6a95eb8aba29816cdee4c1fe84b56f50972faf94c853869aea7,NEW
Conditioning,2,2.0,n/a — no frozen canonical overall WER,1.1296296296296295,1.0,1.0147058823529411,1.170854271356784,0,19,-185.0,179,0.0,0.06741573033707865,1145.6109519004822,-0.16148588636753075,248,8.428723627581677,sha256:c82eff37b48fe6a95eb8aba29816cdee4c1fe84b56f50972faf94c853869aea7,NEW
Local+Cond,2,0.25,n/a — no frozen canonical overall WER,0.27037037037037037,0.7205882352941176,0.7205882352941176,0.10552763819095477,0,0,0.0,0,1.0,1.0,238.07757580280304,0.0,232,1.0535904534477096,sha256:fc057f26392303fa881c3bd680f5eeffe1d33fb702e312afe1bc6fef72effee0,NEW
Local+Cond,2,0.5,n/a — no frozen canonical overall WER,0.27037037037037037,0.7205882352941176,0.7205882352941176,0.10552763819095477,0,0,-1.0,1,1.0,0.9943820224719101,445.3073034286499,-0.0022456402405720403,231,2.1071809068954193,sha256:fc057f26392303fa881c3bd680f5eeffe1d33fb702e312afe1bc6fef72effee0,NEW
Local+Cond,2,1.0,n/a — no frozen canonical overall WER,0.3148148148148148,0.8382352941176471,0.8382352941176471,0.12562814070351758,0,8,-13.0,7,0.5789473684210527,0.9719101123595506,757.6205925941467,-0.01715898449313142,236,4.2143618137908385,sha256:fc057f26392303fa881c3bd680f5eeffe1d33fb702e312afe1bc6fef72effee0,NEW
Local+Cond,2,2.0,n/a — no frozen canonical overall WER,2.562962962962963,0.9852941176470589,1.0,3.120603015075377,0,18,-148.0,142,0.05263157894736842,0.2696629213483146,2138.865723848343,-0.06919555461093264,456,8.428723627581677,sha256:fc057f26392303fa881c3bd680f5eeffe1d33fb702e312afe1bc6fef72effee0,NEW
Local,2,0.25,n/a — no frozen canonical overall WER,0.27037037037037037,0.7205882352941176,0.7205882352941176,0.10552763819095477,0,0,0.0,0,1.0,1.0,233.75662195682526,0.0,232,1.0535904534477096,sha256:50eb5de69c9c25f8a99c1170393bc373f7dd05668dc97c76bc100a08a3202da5,NEW
Local,2,0.5,n/a — no frozen canonical overall WER,0.2777777777777778,0.7205882352941176,0.7205882352941176,0.11557788944723618,0,0,-3.0,3,1.0,0.9831460674157303,435.0674966573715,-0.0068954817885708165,232,2.1071809068954193,sha256:50eb5de69c9c25f8a99c1170393bc373f7dd05668dc97c76bc100a08a3202da5,NEW
Local,2,1.0,n/a — no frozen canonical overall WER,1.4407407407407407,0.8676470588235294,0.8676470588235294,1.64321608040201,2,12,-105.0,104,0.3684210526315789,0.46629213483146065,1596.0733380317688,-0.06578645072129514,486,4.2143618137908385,sha256:50eb5de69c9c25f8a99c1170393bc373f7dd05668dc97c76bc100a08a3202da5,NEW
Local,2,2.0,n/a — no frozen canonical overall WER,0.937037037037037,0.9852941176470589,0.9852941176470589,0.9195979899497487,0,18,-181.0,175,0.05263157894736842,0.08426966292134831,321.661869764328,-0.5627026919062967,75,8.428723627581677,sha256:50eb5de69c9c25f8a99c1170393bc373f7dd05668dc97c76bc100a08a3202da5,NEW
Raw+Cond,2,0.25,n/a — no frozen canonical overall WER,0.27037037037037037,0.7205882352941176,0.7205882352941176,0.10552763819095477,0,0,0.0,0,1.0,1.0,238.10100668668747,0.0,232,1.0535904534477096,sha256:548a6637df10898bfed64e41e49926c4ffdcc2209ad29acaeb46445f2dc2b6ba,NEW
Raw+Cond,2,0.5,n/a — no frozen canonical overall WER,0.27037037037037037,0.7205882352941176,0.7205882352941176,0.10552763819095477,0,0,-1.0,1,1.0,0.9943820224719101,445.4389865398407,-0.002244976372113218,231,2.1071809068954193,sha256:548a6637df10898bfed64e41e49926c4ffdcc2209ad29acaeb46445f2dc2b6ba,NEW
Raw+Cond,2,1.0,n/a — no frozen canonical overall WER,0.3,0.8382352941176471,0.8382352941176471,0.10552763819095477,0,8,-9.0,3,0.5789473684210527,0.9943820224719101,764.0843930244446,-0.011778803600968293,238,4.2143618137908385,sha256:548a6637df10898bfed64e41e49926c4ffdcc2209ad29acaeb46445f2dc2b6ba,NEW
Raw+Cond,2,2.0,n/a — no frozen canonical overall WER,2.574074074074074,0.9852941176470589,1.0,3.135678391959799,0,18,-148.0,142,0.05263157894736842,0.2696629213483146,2167.10990524292,-0.06829372134839193,462,8.428723627581677,sha256:548a6637df10898bfed64e41e49926c4ffdcc2209ad29acaeb46445f2dc2b6ba,NEW
Raw,2,0.25,n/a — no frozen canonical overall WER,0.27037037037037037,0.7205882352941176,0.7205882352941176,0.10552763819095477,0,0,0.0,0,1.0,1.0,233.85580468177795,0.0,232,1.0535904534477096,sha256:4302917ef0806206fdbd1149b2fc6d7e1a91a26bc33079c295e2c13960553992,NEW
Raw,2,0.5,n/a — no frozen canonical overall WER,0.2777777777777778,0.7205882352941176,0.7205882352941176,0.11557788944723618,0,0,-3.0,3,1.0,0.9831460674157303,433.43040013313293,-0.006921526499014645,231,2.1071809068954193,sha256:4302917ef0806206fdbd1149b2fc6d7e1a91a26bc33079c295e2c13960553992,NEW
Raw,2,1.0,n/a — no frozen canonical overall WER,1.4555555555555555,0.8676470588235294,0.8676470588235294,1.6633165829145728,2,12,-105.0,104,0.3684210526315789,0.46629213483146065,1612.704173564911,-0.06510803513820868,491,4.2143618137908385,sha256:4302917ef0806206fdbd1149b2fc6d7e1a91a26bc33079c295e2c13960553992,NEW
Raw,2,2.0,n/a — no frozen canonical overall WER,0.937037037037037,0.9852941176470589,0.9852941176470589,0.9195979899497487,0,18,-181.0,175,0.05263157894736842,0.08426966292134831,335.09569931030273,-0.5401442046929757,78,8.428723627581677,sha256:4302917ef0806206fdbd1149b2fc6d7e1a91a26bc33079c295e2c13960553992,NEW
Conditioning,3,0.25,n/a — no frozen canonical overall WER,0.27037037037037037,0.7205882352941176,0.7205882352941176,0.10552763819095477,0,0,0.0,0,1.0,1.0,267.3780081272125,0.0,232,1.169479192059062,sha256:3ebb42215d4e2da499551a5113e164fef428c078d39b1237bc1eb4d70c69f55a,NEW
Conditioning,3,0.5,n/a — no frozen canonical overall WER,0.2814814814814815,0.7647058823529411,0.7647058823529411,0.10552763819095477,0,3,-3.0,0,0.8421052631578947,1.0,513.2720317840576,-0.005844853828431766,236,2.338958384118124,sha256:3ebb42215d4e2da499551a5113e164fef428c078d39b1237bc1eb4d70c69f55a,NEW
Conditioning,3,1.0,n/a — no frozen canonical overall WER,0.3,0.8382352941176471,0.8382352941176471,0.10552763819095477,0,8,-8.0,2,0.5789473684210527,1.0,871.0152101516724,-0.009184684614872497,240,4.677916768236248,sha256:3ebb42215d4e2da499551a5113e164fef428c078d39b1237bc1eb4d70c69f55a,NEW
Conditioning,3,2.0,n/a — no frozen canonical overall WER,1.7296296296296296,0.9852941176470589,1.0147058823529411,1.984924623115578,0,18,-125.0,119,0.05263157894736842,0.398876404494382,3619.7837386131287,-0.03453244973355565,677,9.355833536472495,sha256:3ebb42215d4e2da499551a5113e164fef428c078d39b1237bc1eb4d70c69f55a,NEW
Local+Cond,3,0.25,n/a — no frozen canonical overall WER,0.27037037037037037,0.7205882352941176,0.7205882352941176,0.10552763819095477,0,0,0.0,0,1.0,1.0,263.368200302124,0.0,232,1.169479192059062,sha256:3cca7622012d83d7c9d5d93b2f5242f8faf9a2e34f9019a6d68ea77e2cb019f6,NEW
Local+Cond,3,0.5,n/a — no frozen canonical overall WER,0.27037037037037037,0.7205882352941176,0.7205882352941176,0.10552763819095477,0,0,-1.0,1,1.0,0.9943820224719101,490.6754779815674,-0.0020380068800535532,231,2.338958384118124,sha256:3cca7622012d83d7c9d5d93b2f5242f8faf9a2e34f9019a6d68ea77e2cb019f6,NEW
Local+Cond,3,1.0,n/a — no frozen canonical overall WER,0.3111111111111111,0.8235294117647058,0.8235294117647058,0.12562814070351758,0,7,-12.0,7,0.631578947368421,0.9719101123595506,808.8405010700226,-0.014836052329383962,230,4.677916768236248,sha256:3cca7622012d83d7c9d5d93b2f5242f8faf9a2e34f9019a6d68ea77e2cb019f6,NEW
Local+Cond,3,2.0,n/a — no frozen canonical overall WER,3.477777777777778,0.9852941176470589,1.0147058823529411,4.36180904522613,0,18,-124.0,118,0.05263157894736842,0.4044943820224719,3549.5039308071136,-0.03493445912928005,670,9.355833536472495,sha256:3cca7622012d83d7c9d5d93b2f5242f8faf9a2e34f9019a6d68ea77e2cb019f6,NEW
Local,3,0.25,n/a — no frozen canonical overall WER,0.27037037037037037,0.7205882352941176,0.7205882352941176,0.10552763819095477,0,0,0.0,0,1.0,1.0,259.64970993995667,0.0,232,1.169479192059062,sha256:b18f81386b301d136229395709e0fa1402336c46b3a99a31cc764d5e64e86aab,NEW
Local,3,0.5,n/a — no frozen canonical overall WER,0.2777777777777778,0.7205882352941176,0.7205882352941176,0.11557788944723618,0,0,-3.0,3,1.0,0.9831460674157303,485.02010214328766,-0.006185310643297257,233,2.338958384118124,sha256:b18f81386b301d136229395709e0fa1402336c46b3a99a31cc764d5e64e86aab,NEW
Local,3,1.0,n/a — no frozen canonical overall WER,1.011111111111111,0.8676470588235294,0.8676470588235294,1.0603015075376885,2,12,-92.0,91,0.3684210526315789,0.5393258426966292,1215.069081068039,-0.07571585964407268,344,4.677916768236248,sha256:b18f81386b301d136229395709e0fa1402336c46b3a99a31cc764d5e64e86aab,NEW
Local,3,2.0,n/a — no frozen canonical overall WER,1.0629629629629629,0.9852941176470589,0.9852941176470589,1.0904522613065326,0,18,-183.0,177,0.05263157894736842,0.07303370786516854,719.8326170444489,-0.25422576813951175,146,9.355833536472495,sha256:b18f81386b301d136229395709e0fa1402336c46b3a99a31cc764d5e64e86aab,NEW
Raw+Cond,3,0.25,n/a — no frozen canonical overall WER,0.27037037037037037,0.7205882352941176,0.7205882352941176,0.10552763819095477,0,0,0.0,0,1.0,1.0,263.369801402092,0.0,232,1.169479192059062,sha256:8cea249d5ec5ac20069a90a517dab561a1e3c33df034a628413c0a993cac252a,NEW
Raw+Cond,3,0.5,n/a — no frozen canonical overall WER,0.27037037037037037,0.7205882352941176,0.7205882352941176,0.10552763819095477,0,0,-1.0,1,1.0,0.9943820224719101,490.6630994081497,-0.0020380582954092645,231,2.338958384118124,sha256:8cea249d5ec5ac20069a90a517dab561a1e3c33df034a628413c0a993cac252a,NEW
Raw+Cond,3,1.0,n/a — no frozen canonical overall WER,0.3037037037037037,0.7941176470588235,0.7941176470588235,0.12562814070351758,0,5,-10.0,7,0.7368421052631579,0.9719101123595506,809.1133909225464,-0.012359207142274654,230,4.677916768236248,sha256:8cea249d5ec5ac20069a90a517dab561a1e3c33df034a628413c0a993cac252a,NEW
Raw+Cond,3,2.0,n/a — no frozen canonical overall WER,3.4703703703703703,0.9852941176470589,1.0147058823529411,4.351758793969849,0,18,-124.0,118,0.05263157894736842,0.4044943820224719,3548.7919478416443,-0.034941467919925855,670,9.355833536472495,sha256:8cea249d5ec5ac20069a90a517dab561a1e3c33df034a628413c0a993cac252a,NEW
Raw,3,0.25,n/a — no frozen canonical overall WER,0.2777777777777778,0.7205882352941176,0.7205882352941176,0.11557788944723618,0,0,-2.0,2,1.0,0.9887640449438202,258.4662469625473,-0.007737954272573963,231,1.169479192059062,sha256:cca81d5bd90a884ebe713e7aec684895f45e34c3e5c79b43c034a1bfaa4999a9,NEW
Raw,3,0.5,n/a — no frozen canonical overall WER,0.2777777777777778,0.7205882352941176,0.7205882352941176,0.11557788944723618,0,0,-3.0,3,1.0,0.9831460674157303,485.01099467277527,-0.006185426790219518,233,2.338958384118124,sha256:cca81d5bd90a884ebe713e7aec684895f45e34c3e5c79b43c034a1bfaa4999a9,NEW
Raw,3,1.0,n/a — no frozen canonical overall WER,1.011111111111111,0.8676470588235294,0.8676470588235294,1.0603015075376885,2,12,-92.0,91,0.3684210526315789,0.5393258426966292,1215.0745878219604,-0.07571551649756036,344,4.677916768236248,sha256:cca81d5bd90a884ebe713e7aec684895f45e34c3e5c79b43c034a1bfaa4999a9,NEW
Raw,3,2.0,n/a — no frozen canonical overall WER,1.0629629629629629,0.9852941176470589,0.9852941176470589,1.0904522613065326,0,18,-183.0,177,0.05263157894736842,0.07303370786516854,729.7709863185883,-0.25076360040451057,148,9.355833536472495,sha256:cca81d5bd90a884ebe713e7aec684895f45e34c3e5c79b43c034a1bfaa4999a9,NEW
Conditioning,4,0.25,n/a — no frozen canonical overall WER,0.27037037037037037,0.7205882352941176,0.7205882352941176,0.10552763819095477,0,0,0.0,0,1.0,1.0,278.09659707546234,0.0,232,1.2175390796469558,sha256:2e3d9e8f58ef4fdc549db2b7e8e5849213dd613b5c7c79d6bd9d7bc94fc2fc29,NEW
Conditioning,4,0.5,n/a — no frozen canonical overall WER,0.2814814814814815,0.7647058823529411,0.7647058823529411,0.10552763819095477,0,3,-3.0,0,0.8421052631578947,1.0,533.5785884857178,-0.005622414513509476,236,2.4350781592939117,sha256:2e3d9e8f58ef4fdc549db2b7e8e5849213dd613b5c7c79d6bd9d7bc94fc2fc29,NEW
Conditioning,4,1.0,n/a — no frozen canonical overall WER,0.3111111111111111,0.8676470588235294,0.8676470588235294,0.11055276381909548,0,10,-11.0,5,0.47368421052631576,0.9943820224719101,907.9207186698914,-0.012115595308932985,241,4.870156318587823,sha256:2e3d9e8f58ef4fdc549db2b7e8e5849213dd613b5c7c79d6bd9d7bc94fc2fc29,NEW
Conditioning,4,2.0,n/a — no frozen canonical overall WER,0.9333333333333333,0.9852941176470589,0.9852941176470589,0.914572864321608,0,18,-179.0,173,0.05263157894736842,0.09550561797752809,4773.405840396881,-0.03749943038262952,810,9.740312637175647,sha256:2e3d9e8f58ef4fdc549db2b7e8e5849213dd613b5c7c79d6bd9d7bc94fc2fc29,NEW
Local+Cond,4,0.25,n/a — no frozen canonical overall WER,0.27037037037037037,0.7205882352941176,0.7205882352941176,0.10552763819095477,0,0,0.0,0,1.0,1.0,273.1573632955551,0.0,232,1.2175390796469558,sha256:90f86a0ff65d08c28bb758069fb999b12dca105b3b35085bbbb69b35a3d0a0bc,NEW
Local+Cond,4,0.5,n/a — no frozen canonical overall WER,0.27037037037037037,0.7205882352941176,0.7205882352941176,0.10552763819095477,0,0,-1.0,1,1.0,0.9943820224719101,507.80785751342773,-0.001969248772353936,231,2.4350781592939117,sha256:90f86a0ff65d08c28bb758069fb999b12dca105b3b35085bbbb69b35a3d0a0bc,NEW
Local+Cond,4,1.0,n/a — no frozen canonical overall WER,0.32592592592592595,0.8970588235294118,0.8970588235294118,0.12060301507537688,0,12,-16.0,10,0.3684210526315789,0.9775280898876404,871.0120058059692,-0.01836943680838796,240,4.870156318587823,sha256:90f86a0ff65d08c28bb758069fb999b12dca105b3b35085bbbb69b35a3d0a0bc,NEW
Local+Cond,4,2.0,n/a — no frozen canonical overall WER,0.9444444444444444,0.9852941176470589,0.9852941176470589,0.9296482412060302,0,18,-182.0,176,0.05263157894736842,0.07865168539325842,824.6760470867157,-0.2206927200601262,157,9.740312637175647,sha256:90f86a0ff65d08c28bb758069fb999b12dca105b3b35085bbbb69b35a3d0a0bc,NEW
Local,4,0.25,n/a — no frozen canonical overall WER,0.27037037037037037,0.7205882352941176,0.7205882352941176,0.10552763819095477,0,0,0.0,0,1.0,1.0,268.74745869636536,0.0,232,1.2175390796469558,sha256:2c014f6f988157d54577bcabd153cf79ea0fa692396b7c2c53b40a806424cb66,NEW
Local,4,0.5,n/a — no frozen canonical overall WER,0.2851851851851852,0.7205882352941176,0.7205882352941176,0.12562814070351758,0,0,-4.0,4,1.0,0.9775280898876404,496.33343160152435,-0.008059098471551993,231,2.4350781592939117,sha256:2c014f6f988157d54577bcabd153cf79ea0fa692396b7c2c53b40a806424cb66,NEW
Local,4,1.0,n/a — no frozen canonical overall WER,0.9222222222222223,0.8970588235294118,0.8970588235294118,0.9296482412060302,0,12,-84.0,81,0.3684210526315789,0.5955056179775281,1685.9174554347992,-0.04982450340567614,445,4.870156318587823,sha256:2c014f6f988157d54577bcabd153cf79ea0fa692396b7c2c53b40a806424cb66,NEW
Local,4,2.0,n/a — no frozen canonical overall WER,1.5888888888888888,0.9852941176470589,0.9852941176470589,1.8040201005025125,0,18,-184.0,178,0.05263157894736842,0.06741573033707865,1209.9730212688446,-0.1520695063159734,230,9.740312637175647,sha256:2c014f6f988157d54577bcabd153cf79ea0fa692396b7c2c53b40a806424cb66,NEW
Raw+Cond,4,0.25,n/a — no frozen canonical overall WER,0.27037037037037037,0.7205882352941176,0.7205882352941176,0.10552763819095477,0,0,0.0,0,1.0,1.0,273.25076127052307,0.0,232,1.2175390796469558,sha256:b1aef2db023ee89be0cbd7ac3d62e3235eaa40798b993caa0b9c613b33bcf4a6,NEW
Raw+Cond,4,0.5,n/a — no frozen canonical overall WER,0.27037037037037037,0.7205882352941176,0.7205882352941176,0.10552763819095477,0,0,-1.0,1,1.0,0.9943820224719101,508.06354773044586,-0.0019682577198601777,231,2.4350781592939117,sha256:b1aef2db023ee89be0cbd7ac3d62e3235eaa40798b993caa0b9c613b33bcf4a6,NEW
Raw+Cond,4,1.0,n/a — no frozen canonical overall WER,0.32222222222222224,0.8970588235294118,0.8970588235294118,0.11557788944723618,0,12,-15.0,9,0.3684210526315789,0.9831460674157303,882.5448727607727,-0.016996302922339883,243,4.870156318587823,sha256:b1aef2db023ee89be0cbd7ac3d62e3235eaa40798b993caa0b9c613b33bcf4a6,NEW
Raw+Cond,4,2.0,n/a — no frozen canonical overall WER,0.9296296296296296,0.9852941176470589,0.9852941176470589,0.9095477386934674,0,18,-177.0,171,0.05263157894736842,0.10674157303370786,1014.114520072937,-0.1745365010524352,190,9.740312637175647,sha256:b1aef2db023ee89be0cbd7ac3d62e3235eaa40798b993caa0b9c613b33bcf4a6,NEW
Raw,4,0.25,n/a — no frozen canonical overall WER,0.27037037037037037,0.7205882352941176,0.7205882352941176,0.10552763819095477,0,0,0.0,0,1.0,1.0,268.80989879369736,0.0,232,1.2175390796469558,sha256:7e3de506a5ea57fb849560a9f6664f3096f32f4b4fc3d7a6e89d042d42486310,NEW
Raw,4,0.5,n/a — no frozen canonical overall WER,0.2851851851851852,0.7205882352941176,0.7205882352941176,0.12562814070351758,0,0,-4.0,4,1.0,0.9775280898876404,496.49959886074066,-0.00805640127238437,231,2.4350781592939117,sha256:7e3de506a5ea57fb849560a9f6664f3096f32f4b4fc3d7a6e89d042d42486310,NEW
Raw,4,1.0,n/a — no frozen canonical overall WER,0.9222222222222223,0.8970588235294118,0.8970588235294118,0.9296482412060302,0,12,-84.0,81,0.3684210526315789,0.5955056179775281,1686.8637173175812,-0.04979655388733786,445,4.870156318587823,sha256:7e3de506a5ea57fb849560a9f6664f3096f32f4b4fc3d7a6e89d042d42486310,NEW
Raw,4,2.0,n/a — no frozen canonical overall WER,1.6333333333333333,0.9852941176470589,0.9852941176470589,1.864321608040201,0,18,-185.0,179,0.05263157894736842,0.06179775280898876,1238.50079870224,-0.14937414670531646,235,9.740312637175647,sha256:7e3de506a5ea57fb849560a9f6664f3096f32f4b4fc3d7a6e89d042d42486310,NEW
Conditioning,5,0.25,n/a — no frozen canonical overall WER,0.27037037037037037,0.7205882352941176,0.7205882352941176,0.10552763819095477,0,0,0.0,0,1.0,1.0,288.112731218338,0.0,232,1.2577232306074113,sha256:b4bd5129b86a7bfcab766fa04dedd6767a6c9cc6830aa5649432afb7d2688e1c,NEW
Conditioning,5,0.5,n/a — no frozen canonical overall WER,0.2814814814814815,0.7647058823529411,0.7647058823529411,0.10552763819095477,0,3,-3.0,0,0.8421052631578947,1.0,555.0668201446533,-0.005404754691008524,236,2.5154464612148226,sha256:b4bd5129b86a7bfcab766fa04dedd6767a6c9cc6830aa5649432afb7d2688e1c,NEW
Conditioning,5,1.0,n/a — no frozen canonical overall WER,0.32592592592592595,0.9411764705882353,0.9411764705882353,0.10552763819095477,0,15,-15.0,9,0.21052631578947367,1.0,958.5676684379578,-0.015648347522969744,244,5.030892922429645,sha256:b4bd5129b86a7bfcab766fa04dedd6767a6c9cc6830aa5649432afb7d2688e1c,NEW
Conditioning,5,2.0,n/a — no frozen canonical overall WER,1.0740740740740742,0.9852941176470589,1.0147058823529411,1.0954773869346734,0,18,-65.0,59,0.05263157894736842,0.7359550561797753,3338.088926792145,-0.01947221941222041,577,10.06178584485929,sha256:b4bd5129b86a7bfcab766fa04dedd6767a6c9cc6830aa5649432afb7d2688e1c,NEW
Local+Cond,5,0.25,n/a — no frozen canonical overall WER,0.27037037037037037,0.7205882352941176,0.7205882352941176,0.10552763819095477,0,0,-1.0,1,1.0,0.9943820224719101,282.4210720062256,-0.0035408122803880456,231,1.2577232306074113,sha256:103e8bb1c16e22161e704eae16182a14bc1904114767aca379916f2d14de8ac0,NEW
Local+Cond,5,0.5,n/a — no frozen canonical overall WER,0.2814814814814815,0.7647058823529411,0.7647058823529411,0.10552763819095477,0,3,-4.0,1,0.8421052631578947,0.9943820224719101,538.9352301359177,-0.007422042160782871,235,2.5154464612148226,sha256:103e8bb1c16e22161e704eae16182a14bc1904114767aca379916f2d14de8ac0,NEW
Local+Cond,5,1.0,n/a — no frozen canonical overall WER,0.32222222222222224,0.9264705882352942,0.9264705882352942,0.10552763819095477,0,14,-15.0,9,0.2631578947368421,0.9943820224719101,896.992577791214,-0.016722546397135777,236,5.030892922429645,sha256:103e8bb1c16e22161e704eae16182a14bc1904114767aca379916f2d14de8ac0,NEW
Local+Cond,5,2.0,n/a — no frozen canonical overall WER,5.666666666666667,0.9852941176470589,0.9852941176470589,7.336683417085427,0,18,-155.0,149,0.05263157894736842,0.2303370786516854,6061.7485427856445,-0.025570179776670605,1029,10.06178584485929,sha256:103e8bb1c16e22161e704eae16182a14bc1904114767aca379916f2d14de8ac0,NEW
Local,5,0.25,n/a — no frozen canonical overall WER,0.27037037037037037,0.7205882352941176,0.7205882352941176,0.10552763819095477,0,0,0.0,0,1.0,1.0,278.79574674367905,0.0,232,1.2577232306074113,sha256:1fac367d5c3494118790855a9f27323343b0e0c128a8b303788ff6052bfc6aea,NEW
Local,5,0.5,n/a — no frozen canonical overall WER,0.2777777777777778,0.7205882352941176,0.7205882352941176,0.11557788944723618,0,0,-3.0,3,1.0,0.9831460674157303,518.7411208152771,-0.005783231518806652,232,2.5154464612148226,sha256:1fac367d5c3494118790855a9f27323343b0e0c128a8b303788ff6052bfc6aea,NEW
Local,5,1.0,n/a — no frozen canonical overall WER,1.1555555555555554,0.8529411764705882,0.8529411764705882,1.2613065326633166,2,11,-82.0,81,0.42105263157894735,0.5898876404494382,1578.4660940170288,-0.05194916780969219,444,5.030892922429645,sha256:1fac367d5c3494118790855a9f27323343b0e0c128a8b303788ff6052bfc6aea,NEW
Local,5,2.0,n/a — no frozen canonical overall WER,1.8148148148148149,0.9852941176470589,0.9852941176470589,2.1105527638190953,0,18,-182.0,176,0.05263157894736842,0.07865168539325842,1283.039987564087,-0.14185060618846007,239,10.06178584485929,sha256:1fac367d5c3494118790855a9f27323343b0e0c128a8b303788ff6052bfc6aea,NEW
Raw+Cond,5,0.25,n/a — no frozen canonical overall WER,0.27037037037037037,0.7205882352941176,0.7205882352941176,0.10552763819095477,0,0,0.0,0,1.0,1.0,283.6744713783264,0.0,232,1.2577232306074113,sha256:972927fa67218719055cbdc378a32b6a824fa28ada857280bbfa13bdbc0ae001,NEW
Raw+Cond,5,0.5,n/a — no frozen canonical overall WER,0.2814814814814815,0.7647058823529411,0.7647058823529411,0.10552763819095477,0,3,-4.0,1,0.8421052631578947,0.9943820224719101,539.0796352624893,-0.007420053992676453,235,2.5154464612148226,sha256:972927fa67218719055cbdc378a32b6a824fa28ada857280bbfa13bdbc0ae001,NEW
Raw+Cond,5,1.0,n/a — no frozen canonical overall WER,0.32222222222222224,0.9264705882352942,0.9264705882352942,0.10552763819095477,0,14,-15.0,9,0.2631578947368421,0.9943820224719101,897.4979481697083,-0.016713130130926655,236,5.030892922429645,sha256:972927fa67218719055cbdc378a32b6a824fa28ada857280bbfa13bdbc0ae001,NEW
Raw+Cond,5,2.0,n/a — no frozen canonical overall WER,4.303703703703704,0.9852941176470589,0.9852941176470589,5.4874371859296485,0,18,-157.0,151,0.05263157894736842,0.21910112359550563,4953.699830055237,-0.03169348272728292,855,10.06178584485929,sha256:972927fa67218719055cbdc378a32b6a824fa28ada857280bbfa13bdbc0ae001,NEW
Raw,5,0.25,n/a — no frozen canonical overall WER,0.27037037037037037,0.7205882352941176,0.7205882352941176,0.10552763819095477,0,0,0.0,0,1.0,1.0,278.95492297410965,0.0,232,1.2577232306074113,sha256:6d5e6f013c2f6492b9797195f93618c74abe22e681a16aa964abc1500c67bf17,NEW
Raw,5,0.5,n/a — no frozen canonical overall WER,0.2777777777777778,0.7205882352941176,0.7205882352941176,0.11557788944723618,0,0,-3.0,3,1.0,0.9831460674157303,521.3841061592102,-0.005753915327606703,233,2.5154464612148226,sha256:6d5e6f013c2f6492b9797195f93618c74abe22e681a16aa964abc1500c67bf17,NEW
Raw,5,1.0,n/a — no frozen canonical overall WER,1.1555555555555554,0.8529411764705882,0.8529411764705882,1.2613065326633166,2,11,-82.0,81,0.42105263157894735,0.5898876404494382,1592.387613773346,-0.051494999892451786,447,5.030892922429645,sha256:6d5e6f013c2f6492b9797195f93618c74abe22e681a16aa964abc1500c67bf17,NEW
Raw,5,2.0,n/a — no frozen canonical overall WER,1.8444444444444446,0.9852941176470589,0.9852941176470589,2.150753768844221,0,18,-180.0,174,0.05263157894736842,0.0898876404494382,1284.5842921733856,-0.14012315197740613,240,10.06178584485929,sha256:6d5e6f013c2f6492b9797195f93618c74abe22e681a16aa964abc1500c67bf17,NEW
Conditioning,6,0.25,n/a — no frozen canonical overall WER,0.27037037037037037,0.7205882352941176,0.7205882352941176,0.10552763819095477,0,0,0.0,0,1.0,1.0,303.0528608560562,0.0,232,1.3286815217138639,sha256:0f61125d92a07024a2a7ff39f21cc269fad8b0151b646b297459223da4b9e94c,NEW
Conditioning,6,0.5,n/a — no frozen canonical overall WER,0.2814814814814815,0.7647058823529411,0.7647058823529411,0.10552763819095477,0,3,-4.0,1,0.8421052631578947,0.9943820224719101,579.9452950954437,-0.0068972022599850654,235,2.6573630434277278,sha256:0f61125d92a07024a2a7ff39f21cc269fad8b0151b646b297459223da4b9e94c,NEW
Conditioning,6,1.0,n/a — no frozen canonical overall WER,0.3333333333333333,0.9264705882352942,0.9411764705882353,0.11557788944723618,1,15,-15.0,10,0.21052631578947367,0.9943820224719101,1015.9363067150116,-0.014764705130483903,247,5.3147260868554556,sha256:0f61125d92a07024a2a7ff39f21cc269fad8b0151b646b297459223da4b9e94c,NEW
Conditioning,6,2.0,n/a — no frozen canonical overall WER,1.4481481481481482,0.9852941176470589,1.0147058823529411,1.6080402010050252,0,18,-98.0,92,0.05263157894736842,0.550561797752809,3156.4612469673157,-0.0310474269545229,529,10.629452173710911,sha256:0f61125d92a07024a2a7ff39f21cc269fad8b0151b646b297459223da4b9e94c,NEW
Local+Cond,6,0.25,n/a — no frozen canonical overall WER,0.27037037037037037,0.7205882352941176,0.7205882352941176,0.10552763819095477,0,0,0.0,0,1.0,1.0,298.5802743434906,0.0,232,1.3286815217138639,sha256:516a1817014d205b5cc22593f7adfa65c416c7de0c57a9674c1bcf43688ee5be,NEW
Local+Cond,6,0.5,n/a — no frozen canonical overall WER,0.2814814814814815,0.7647058823529411,0.7647058823529411,0.10552763819095477,0,3,-4.0,1,0.8421052631578947,0.9943820224719101,564.305773973465,-0.007088355612303357,234,2.6573630434277278,sha256:516a1817014d205b5cc22593f7adfa65c416c7de0c57a9674c1bcf43688ee5be,NEW
Local+Cond,6,1.0,n/a — no frozen canonical overall WER,0.35185185185185186,0.9117647058823529,0.9117647058823529,0.1507537688442211,2,15,-22.0,18,0.21052631578947367,0.949438202247191,943.2042028903961,-0.023324747634268634,236,5.3147260868554556,sha256:516a1817014d205b5cc22593f7adfa65c416c7de0c57a9674c1bcf43688ee5be,NEW
Local+Cond,6,2.0,n/a — no frozen canonical overall WER,1.7592592592592593,0.9852941176470589,0.9852941176470589,2.0351758793969847,0,18,-169.0,163,0.05263157894736842,0.15168539325842698,2075.5897336006165,-0.0814226420877638,357,10.629452173710911,sha256:516a1817014d205b5cc22593f7adfa65c416c7de0c57a9674c1bcf43688ee5be,NEW
Local,6,0.25,n/a — no frozen canonical overall WER,0.27037037037037037,0.7205882352941176,0.7205882352941176,0.10552763819095477,0,0,0.0,0,1.0,1.0,293.2428766489029,0.0,231,1.3286815217138639,sha256:c5e3f9a26b6dda87d721d32207ad383fcaa8fd296d482ad26ede52298196cf13,NEW
Local,6,0.5,n/a — no frozen canonical overall WER,0.2851851851851852,0.7205882352941176,0.7205882352941176,0.12562814070351758,2,2,-3.0,5,0.8947368421052632,0.9831460674157303,551.6589194536209,-0.005438142834654586,233,2.6573630434277278,sha256:c5e3f9a26b6dda87d721d32207ad383fcaa8fd296d482ad26ede52298196cf13,NEW
Local,6,1.0,n/a — no frozen canonical overall WER,0.562962962962963,0.8088235294117647,0.8088235294117647,0.4723618090452261,2,8,-80.0,79,0.5789473684210527,0.5842696629213483,825.7823700904846,-0.09687782507543004,207,5.3147260868554556,sha256:c5e3f9a26b6dda87d721d32207ad383fcaa8fd296d482ad26ede52298196cf13,NEW
Local,6,2.0,n/a — no frozen canonical overall WER,0.9481481481481482,0.9852941176470589,0.9852941176470589,0.9346733668341709,0,18,-184.0,178,0.05263157894736842,0.06741573033707865,268.38599967956543,-0.685579725543372,48,10.629452173710911,sha256:c5e3f9a26b6dda87d721d32207ad383fcaa8fd296d482ad26ede52298196cf13,NEW
Raw+Cond,6,0.25,n/a — no frozen canonical overall WER,0.27037037037037037,0.7205882352941176,0.7205882352941176,0.10552763819095477,0,0,0.0,0,1.0,1.0,298.724910736084,0.0,232,1.3286815217138639,sha256:0e2bf807ea3a070bdc87478148b3dfb9ec69f0129124ab662a13b49885fabbe8,NEW
Raw+Cond,6,0.5,n/a — no frozen canonical overall WER,0.2814814814814815,0.7647058823529411,0.7647058823529411,0.10552763819095477,0,3,-4.0,1,0.8421052631578947,0.9943820224719101,564.6109583377838,-0.007084524203667621,234,2.6573630434277278,sha256:0e2bf807ea3a070bdc87478148b3dfb9ec69f0129124ab662a13b49885fabbe8,NEW
Raw+Cond,6,1.0,n/a — no frozen canonical overall WER,0.337037037037037,0.9264705882352942,0.9264705882352942,0.12562814070351758,1,15,-18.0,13,0.21052631578947367,0.9775280898876404,989.8495397567749,-0.01818458187536557,247,5.3147260868554556,sha256:0e2bf807ea3a070bdc87478148b3dfb9ec69f0129124ab662a13b49885fabbe8,NEW
Raw+Cond,6,2.0,n/a — no frozen canonical overall WER,1.825925925925926,0.9852941176470589,1.0,2.120603015075377,0,18,-168.0,162,0.05263157894736842,0.15730337078651685,2197.014419078827,-0.07646740892599135,378,10.629452173710911,sha256:0e2bf807ea3a070bdc87478148b3dfb9ec69f0129124ab662a13b49885fabbe8,NEW
Raw,6,0.25,n/a — no frozen canonical overall WER,0.2777777777777778,0.7205882352941176,0.7205882352941176,0.11557788944723618,0,0,-2.0,2,1.0,0.9887640449438202,293.59799003601074,-0.006812035735512677,231,1.3286815217138639,sha256:4dccc784c2ac2790f7f814db346108fedeeb542a77c3609dcfc3906a247444f4,NEW
Raw,6,0.5,n/a — no frozen canonical overall WER,0.2851851851851852,0.7205882352941176,0.7205882352941176,0.12562814070351758,2,2,-3.0,5,0.8947368421052632,0.9831460674157303,552.2685889005661,-0.005432139470347713,233,2.6573630434277278,sha256:4dccc784c2ac2790f7f814db346108fedeeb542a77c3609dcfc3906a247444f4,NEW
Raw,6,1.0,n/a — no frozen canonical overall WER,0.5703703703703704,0.8088235294117647,0.8088235294117647,0.4824120603015075,2,8,-80.0,79,0.5789473684210527,0.5842696629213483,875.263016462326,-0.09140109715059969,219,5.3147260868554556,sha256:4dccc784c2ac2790f7f814db346108fedeeb542a77c3609dcfc3906a247444f4,NEW
Raw,6,2.0,n/a — no frozen canonical overall WER,1.0407407407407407,0.9852941176470589,0.9852941176470589,1.0603015075376885,0,18,-184.0,178,0.05263157894736842,0.06741573033707865,446.9857964515686,-0.41164618979103645,81,10.629452173710911,sha256:4dccc784c2ac2790f7f814db346108fedeeb542a77c3609dcfc3906a247444f4,NEW
Conditioning,7,0.25,n/a — no frozen canonical overall WER,0.2814814814814815,0.7647058823529411,0.7647058823529411,0.10552763819095477,0,3,-3.0,0,0.8421052631578947,1.0,335.17120814323425,-0.008950649480363362,236,1.445891429932815,sha256:543927d7d5820184949526a688729ad70f1e8b3aee0cf22c27e68e88b79c720f,NEW
Conditioning,7,0.5,n/a — no frozen canonical overall WER,0.29259259259259257,0.8088235294117647,0.8088235294117647,0.10552763819095477,0,6,-7.0,1,0.6842105263157895,0.9943820224719101,632.447390794754,-0.01106811428410444,236,2.89178285986563,sha256:543927d7d5820184949526a688729ad70f1e8b3aee0cf22c27e68e88b79c720f,NEW
Conditioning,7,1.0,n/a — no frozen canonical overall WER,0.3296296296296296,0.9558823529411765,0.9558823529411765,0.10552763819095477,0,16,-16.0,10,0.15789473684210525,1.0,1088.029542684555,-0.01470548305197883,244,5.78356571973126,sha256:543927d7d5820184949526a688729ad70f1e8b3aee0cf22c27e68e88b79c720f,NEW
Conditioning,7,2.0,n/a — no frozen canonical overall WER,1.462962962962963,0.9852941176470589,1.0294117647058822,1.6231155778894473,0,18,-66.0,60,0.05263157894736842,0.7303370786516854,3416.5892477035522,-0.01931751089024285,550,11.56713143946252,sha256:543927d7d5820184949526a688729ad70f1e8b3aee0cf22c27e68e88b79c720f,NEW
Local+Cond,7,0.25,n/a — no frozen canonical overall WER,0.27037037037037037,0.7205882352941176,0.7205882352941176,0.10552763819095477,0,0,0.0,0,1.0,1.0,323.6944875717163,0.0,232,1.445891429932815,sha256:88966280a9c119a4e2bbcc401443b4a75983d52fff53887bc166b460dab0eb53,NEW
Local+Cond,7,0.5,n/a — no frozen canonical overall WER,0.2814814814814815,0.7647058823529411,0.7647058823529411,0.10552763819095477,0,3,-4.0,1,0.8421052631578947,0.9943820224719101,612.2243762016296,-0.006533552330628929,235,2.89178285986563,sha256:88966280a9c119a4e2bbcc401443b4a75983d52fff53887bc166b460dab0eb53,NEW
Local+Cond,7,1.0,n/a — no frozen canonical overall WER,0.5703703703703704,0.9411764705882353,1.338235294117647,0.3015075376884422,1,16,-54.0,49,0.15789473684210525,0.7808988764044944,1773.8353235721588,-0.030442510238918075,399,5.78356571973126,sha256:88966280a9c119a4e2bbcc401443b4a75983d52fff53887bc166b460dab0eb53,NEW
Local+Cond,7,2.0,n/a — no frozen canonical overall WER,1.237037037037037,0.9852941176470589,0.9852941176470589,1.3266331658291457,0,18,-168.0,162,0.05263157894736842,0.15730337078651685,1323.8808331489563,-0.12689963914682456,220,11.56713143946252,sha256:88966280a9c119a4e2bbcc401443b4a75983d52fff53887bc166b460dab0eb53,NEW
Local,7,0.25,n/a — no frozen canonical overall WER,0.27037037037037037,0.7205882352941176,0.7205882352941176,0.10552763819095477,0,0,0.0,0,1.0,1.0,318.79876613616943,0.0,232,1.445891429932815,sha256:2e98c6527a4ee39724bbb97f4bb567846092b933efb039bf54dfd58a55ba94f4,NEW
Local,7,0.5,n/a — no frozen canonical overall WER,0.2777777777777778,0.7205882352941176,0.7205882352941176,0.11557788944723618,0,0,-3.0,3,1.0,0.9831460674157303,586.267285823822,-0.005117119908514772,230,2.89178285986563,sha256:2e98c6527a4ee39724bbb97f4bb567846092b933efb039bf54dfd58a55ba94f4,NEW
Local,7,1.0,n/a — no frozen canonical overall WER,0.7518518518518519,0.8088235294117647,0.8088235294117647,0.7286432160804021,0,6,-67.0,64,0.6842105263157895,0.6573033707865169,1642.4445083141327,-0.04079285459012027,384,5.78356571973126,sha256:2e98c6527a4ee39724bbb97f4bb567846092b933efb039bf54dfd58a55ba94f4,NEW
Local,7,2.0,n/a — no frozen canonical overall WER,2.774074074074074,0.9705882352941176,0.9852941176470589,3.4120603015075375,0,17,-175.0,169,0.10526315789473684,0.11235955056179775,3537.9172616004944,-0.04946413018173097,661,11.56713143946252,sha256:2e98c6527a4ee39724bbb97f4bb567846092b933efb039bf54dfd58a55ba94f4,NEW
Raw+Cond,7,0.25,n/a — no frozen canonical overall WER,0.27037037037037037,0.7205882352941176,0.7205882352941176,0.10552763819095477,0,0,0.0,0,1.0,1.0,325.4072622060776,0.0,233,1.445891429932815,sha256:0a8a7b4771e628d180e1a1dde5938d8ca98679fed03a8999121208b5079877dc,NEW
Raw+Cond,7,0.5,n/a — no frozen canonical overall WER,0.2814814814814815,0.7647058823529411,0.7647058823529411,0.10552763819095477,0,3,-4.0,1,0.8421052631578947,0.9943820224719101,612.9698505401611,-0.006525606433130636,235,2.89178285986563,sha256:0a8a7b4771e628d180e1a1dde5938d8ca98679fed03a8999121208b5079877dc,NEW
Raw+Cond,7,1.0,n/a — no frozen canonical overall WER,0.4703703703703704,0.9411764705882353,0.9411764705882353,0.3015075376884422,1,16,-54.0,49,0.15789473684210525,0.7808988764044944,901.6744060516357,-0.059888580220949075,209,5.78356571973126,sha256:0a8a7b4771e628d180e1a1dde5938d8ca98679fed03a8999121208b5079877dc,NEW
Raw+Cond,7,2.0,n/a — no frozen canonical overall WER,2.285185185185185,0.9852941176470589,0.9852941176470589,2.748743718592965,0,18,-160.0,154,0.05263157894736842,0.20224719101123595,2555.009500980377,-0.06262207633224329,416,11.56713143946252,sha256:0a8a7b4771e628d180e1a1dde5938d8ca98679fed03a8999121208b5079877dc,NEW
Raw,7,0.25,n/a — no frozen canonical overall WER,0.27037037037037037,0.7205882352941176,0.7205882352941176,0.10552763819095477,0,0,0.0,0,1.0,1.0,319.02207827568054,0.0,232,1.445891429932815,sha256:cc6c14c18953395b7e944586a95ecde1d810368bf0953d1c15fc08cf8d200774,NEW
Raw,7,0.5,n/a — no frozen canonical overall WER,0.2777777777777778,0.7205882352941176,0.7205882352941176,0.11557788944723618,0,0,-3.0,3,1.0,0.9831460674157303,586.9075105190277,-0.005111537927580736,230,2.89178285986563,sha256:cc6c14c18953395b7e944586a95ecde1d810368bf0953d1c15fc08cf8d200774,NEW
Raw,7,1.0,n/a — no frozen canonical overall WER,0.7518518518518519,0.8088235294117647,0.8088235294117647,0.7286432160804021,0,6,-67.0,64,0.6842105263157895,0.6573033707865169,1644.7422959804535,-0.040735864921659586,384,5.78356571973126,sha256:cc6c14c18953395b7e944586a95ecde1d810368bf0953d1c15fc08cf8d200774,NEW
Raw,7,2.0,n/a — no frozen canonical overall WER,1.6592592592592592,0.9705882352941176,0.9852941176470589,1.899497487437186,0,17,-175.0,169,0.10526315789473684,0.11235955056179775,1935.3635544776917,-0.09042228763433975,331,11.56713143946252,sha256:cc6c14c18953395b7e944586a95ecde1d810368bf0953d1c15fc08cf8d200774,NEW
Conditioning,8,0.25,n/a — no frozen canonical overall WER,0.2814814814814815,0.7647058823529411,0.7647058823529411,0.10552763819095477,0,3,-3.0,0,0.8421052631578947,1.0,356.14372289180756,-0.00842356556403878,235,1.5399029454724849,sha256:ceb4668b377fff6d1495599aa1ac40747aaeb379d8c5e425a2540faa07dc1af2,NEW
Conditioning,8,0.5,n/a — no frozen canonical overall WER,0.29259259259259257,0.8088235294117647,0.8088235294117647,0.10552763819095477,0,6,-7.0,1,0.6842105263157895,0.9943820224719101,678.9771780967712,-0.01030962486783661,237,3.0798058909449697,sha256:ceb4668b377fff6d1495599aa1ac40747aaeb379d8c5e425a2540faa07dc1af2,NEW
Conditioning,8,1.0,n/a — no frozen canonical overall WER,0.35185185185185186,0.9558823529411765,0.9705882352941176,0.1306532663316583,0,16,-19.0,13,0.15789473684210525,0.9831460674157303,1128.916732788086,-0.016830293544392503,236,6.159611781889939,sha256:ceb4668b377fff6d1495599aa1ac40747aaeb379d8c5e425a2540faa07dc1af2,NEW
Conditioning,8,2.0,n/a — no frozen canonical overall WER,1.2148148148148148,0.9852941176470589,1.0,1.2964824120603016,0,18,-98.0,92,0.05263157894736842,0.550561797752809,2237.3635907173157,-0.04380155304510898,335,12.319223563779879,sha256:ceb4668b377fff6d1495599aa1ac40747aaeb379d8c5e425a2540faa07dc1af2,NEW
Local+Cond,8,0.25,n/a — no frozen canonical overall WER,0.27037037037037037,0.7205882352941176,0.7205882352941176,0.10552763819095477,0,0,-1.0,1,1.0,0.9943820224719101,346.12087619304657,-0.0028891640718089967,231,1.5399029454724849,sha256:0d2a16d2c2483a68a4ae62bdeda5c7f820a78a31eb9c85b9094221a0356f9ba9,NEW
Local+Cond,8,0.5,n/a — no frozen canonical overall WER,0.2814814814814815,0.7647058823529411,0.7647058823529411,0.10552763819095477,0,3,-4.0,1,0.8421052631578947,0.9943820224719101,661.0101308822632,-0.006051344469805813,235,3.0798058909449697,sha256:0d2a16d2c2483a68a4ae62bdeda5c7f820a78a31eb9c85b9094221a0356f9ba9,NEW
Local+Cond,8,1.0,n/a — no frozen canonical overall WER,0.34444444444444444,0.9117647058823529,0.9264705882352942,0.135678391959799,1,14,-18.0,13,0.2631578947368421,0.9719101123595506,1131.0308301448822,-0.015914685541944286,242,6.159611781889939,sha256:0d2a16d2c2483a68a4ae62bdeda5c7f820a78a31eb9c85b9094221a0356f9ba9,NEW
Local+Cond,8,2.0,n/a — no frozen canonical overall WER,2.925925925925926,0.9852941176470589,1.0,3.613065326633166,0,18,-154.0,148,0.05263157894736842,0.23595505617977527,3582.1843752861023,-0.04299052864572341,559,12.319223563779879,sha256:0d2a16d2c2483a68a4ae62bdeda5c7f820a78a31eb9c85b9094221a0356f9ba9,NEW
Local,8,0.25,n/a — no frozen canonical overall WER,0.27037037037037037,0.7205882352941176,0.7205882352941176,0.10552763819095477,0,0,-1.0,1,1.0,0.9943820224719101,341.8059997558594,-0.0029256361816769358,231,1.5399029454724849,sha256:8cdb88aaa993c4f90c6764996773edeb46cd6739d0b288c321c8c9386d6e0d4a,NEW
Local,8,0.5,n/a — no frozen canonical overall WER,0.2777777777777778,0.7205882352941176,0.7205882352941176,0.11557788944723618,0,0,-3.0,3,1.0,0.9831460674157303,640.3579723834991,-0.004684879597631296,232,3.0798058909449697,sha256:8cdb88aaa993c4f90c6764996773edeb46cd6739d0b288c321c8c9386d6e0d4a,NEW
Local,8,1.0,n/a — no frozen canonical overall WER,0.5370370370370371,0.8529411764705882,0.8529411764705882,0.4221105527638191,0,9,-72.0,69,0.5263157894736842,0.6460674157303371,1172.470594882965,-0.06140878953743567,253,6.159611781889939,sha256:8cdb88aaa993c4f90c6764996773edeb46cd6739d0b288c321c8c9386d6e0d4a,NEW
Local,8,2.0,n/a — no frozen canonical overall WER,0.9481481481481482,0.9852941176470589,0.9852941176470589,0.9346733668341709,0,18,-183.0,177,0.05263157894736842,0.07303370786516854,646.7176132202148,-0.28296739760771966,102,12.319223563779879,sha256:8cdb88aaa993c4f90c6764996773edeb46cd6739d0b288c321c8c9386d6e0d4a,NEW
Raw+Cond,8,0.25,n/a — no frozen canonical overall WER,0.27037037037037037,0.7205882352941176,0.7205882352941176,0.10552763819095477,0,0,-1.0,1,1.0,0.9943820224719101,346.5482769012451,-0.0028856008430968687,231,1.5399029454724849,sha256:50c5254daab31e855da8566f30e28159609400fa7ea69c8859b14156a55ea885,NEW
Raw+Cond,8,0.5,n/a — no frozen canonical overall WER,0.2814814814814815,0.7647058823529411,0.7647058823529411,0.10552763819095477,0,3,-4.0,1,0.8421052631578947,0.9943820224719101,662.1592862606049,-0.006040842563107583,235,3.0798058909449697,sha256:50c5254daab31e855da8566f30e28159609400fa7ea69c8859b14156a55ea885,NEW
Raw+Cond,8,1.0,n/a — no frozen canonical overall WER,0.34444444444444444,0.9117647058823529,0.9264705882352942,0.135678391959799,1,14,-18.0,13,0.2631578947368421,0.9719101123595506,1133.3156008720398,-0.015882601444954732,242,6.159611781889939,sha256:50c5254daab31e855da8566f30e28159609400fa7ea69c8859b14156a55ea885,NEW
Raw+Cond,8,2.0,n/a — no frozen canonical overall WER,2.8814814814814813,0.9852941176470589,1.0,3.557788944723618,0,18,-143.0,137,0.05263157894736842,0.29775280898876405,3596.1613087654114,-0.039764623364209696,558,12.319223563779879,sha256:50c5254daab31e855da8566f30e28159609400fa7ea69c8859b14156a55ea885,NEW
Raw,8,0.25,n/a — no frozen canonical overall WER,0.27037037037037037,0.7205882352941176,0.7205882352941176,0.10552763819095477,0,0,0.0,0,1.0,1.0,343.787061214447,0.0,232,1.5399029454724849,sha256:cb9d97cbb8f1bb483c344ec7e05c5dd8deb591e9d911e98b57aeedaf943becd8,NEW
Raw,8,0.5,n/a — no frozen canonical overall WER,0.2962962962962963,0.7205882352941176,0.7205882352941176,0.1407035175879397,0,0,-8.0,8,1.0,0.9550561797752809,631.2345948219299,-0.012673576615769585,228,3.0798058909449697,sha256:cb9d97cbb8f1bb483c344ec7e05c5dd8deb591e9d911e98b57aeedaf943becd8,NEW
Raw,8,1.0,n/a — no frozen canonical overall WER,0.44074074074074077,0.8088235294117647,0.8088235294117647,0.3065326633165829,0,6,-46.0,43,0.6842105263157895,0.7752808988764045,991.4720726013184,-0.046395658809945214,215,6.159611781889939,sha256:cb9d97cbb8f1bb483c344ec7e05c5dd8deb591e9d911e98b57aeedaf943becd8,NEW
Raw,8,2.0,n/a — no frozen canonical overall WER,0.9481481481481482,0.9852941176470589,0.9852941176470589,0.9346733668341709,0,18,-183.0,177,0.05263157894736842,0.07303370786516854,674.5609426498413,-0.2712875715589625,106,12.319223563779879,sha256:cb9d97cbb8f1bb483c344ec7e05c5dd8deb591e9d911e98b57aeedaf943becd8,NEW
Conditioning,9,0.25,n/a — no frozen canonical overall WER,0.27037037037037037,0.7205882352941176,0.7205882352941176,0.10552763819095477,0,0,0.0,0,1.0,1.0,351.3745939731598,0.0,231,1.5392717566613188,sha256:724b716329c6ff9fb86400b503eaf89399110df316121f3689d5683a353f61c4,NEW
Conditioning,9,0.5,n/a — no frozen canonical overall WER,0.2814814814814815,0.7647058823529411,0.7647058823529411,0.10552763819095477,0,3,-3.0,0,0.8421052631578947,1.0,680.9523024559021,-0.004405594913447374,236,3.0785435133226375,sha256:724b716329c6ff9fb86400b503eaf89399110df316121f3689d5683a353f61c4,NEW
Conditioning,9,1.0,n/a — no frozen canonical overall WER,0.34444444444444444,0.9264705882352942,0.9411764705882353,0.1306532663316583,1,15,-17.0,12,0.21052631578947367,0.9831460674157303,1189.2968187332153,-0.014294160828671538,246,6.157087026645275,sha256:724b716329c6ff9fb86400b503eaf89399110df316121f3689d5683a353f61c4,NEW
Conditioning,9,2.0,n/a — no frozen canonical overall WER,2.9592592592592593,0.9852941176470589,1.0294117647058822,3.6532663316582914,0,18,-81.0,75,0.05263157894736842,0.6460674157303371,4642.049866199493,-0.0174491878232053,700,12.31417405329055,sha256:724b716329c6ff9fb86400b503eaf89399110df316121f3689d5683a353f61c4,NEW
Local+Cond,9,0.25,n/a — no frozen canonical overall WER,0.27037037037037037,0.7205882352941176,0.7205882352941176,0.10552763819095477,0,0,-1.0,1,1.0,0.9943820224719101,348.8031976222992,-0.002866946194348963,232,1.5392717566613188,sha256:b1d280690a4bd7203e0dc4557dc481a28adfc070b885829148d07f816794391b,NEW
Local+Cond,9,0.5,n/a — no frozen canonical overall WER,0.2814814814814815,0.7647058823529411,0.7647058823529411,0.10552763819095477,0,3,-4.0,1,0.8421052631578947,0.9943820224719101,664.9697096347809,-0.006015311587947226,235,3.0785435133226375,sha256:b1d280690a4bd7203e0dc4557dc481a28adfc070b885829148d07f816794391b,NEW
Local+Cond,9,1.0,n/a — no frozen canonical overall WER,0.34444444444444444,0.9117647058823529,0.9264705882352942,0.135678391959799,1,14,-18.0,13,0.2631578947368421,0.9719101123595506,1141.2868390083313,-0.015771670525562418,242,6.157087026645275,sha256:b1d280690a4bd7203e0dc4557dc481a28adfc070b885829148d07f816794391b,NEW
Local+Cond,9,2.0,n/a — no frozen canonical overall WER,3.3222222222222224,0.9852941176470589,0.9852941176470589,4.155778894472362,0,18,-159.0,153,0.05263157894736842,0.20786516853932585,4540.565181732178,-0.03501766710446015,699,12.31417405329055,sha256:b1d280690a4bd7203e0dc4557dc481a28adfc070b885829148d07f816794391b,NEW
Local,9,0.25,n/a — no frozen canonical overall WER,0.2777777777777778,0.7205882352941176,0.7205882352941176,0.11557788944723618,0,0,-3.0,3,1.0,0.9831460674157303,340.4420211315155,-0.008812073168961349,230,1.5392717566613188,sha256:6395ad0ad61ab56ec8d04be18db52a5e4482a23c896bb0684c89c4ab12287001,NEW
Local,9,0.5,n/a — no frozen canonical overall WER,0.2851851851851852,0.7205882352941176,0.7205882352941176,0.12562814070351758,0,0,-5.0,5,1.0,0.9719101123595506,633.1085891723633,-0.007897539356615416,229,3.0785435133226375,sha256:6395ad0ad61ab56ec8d04be18db52a5e4482a23c896bb0684c89c4ab12287001,NEW
Local,9,1.0,n/a — no frozen canonical overall WER,0.5703703703703704,0.8382352941176471,0.8382352941176471,0.4723618090452261,0,8,-81.0,78,0.5789473684210527,0.5898876404494382,1238.5690026283264,-0.0653980519681282,266,6.157087026645275,sha256:6395ad0ad61ab56ec8d04be18db52a5e4482a23c896bb0684c89c4ab12287001,NEW
Local,9,2.0,n/a — no frozen canonical overall WER,1.6296296296296295,0.9852941176470589,0.9852941176470589,1.8592964824120604,0,18,-181.0,175,0.05263157894736842,0.08426966292134831,1650.7013959884644,-0.10965035859293892,284,12.31417405329055,sha256:6395ad0ad61ab56ec8d04be18db52a5e4482a23c896bb0684c89c4ab12287001,NEW
Raw+Cond,9,0.25,n/a — no frozen canonical overall WER,0.27037037037037037,0.7205882352941176,0.7205882352941176,0.10552763819095477,0,0,-1.0,1,1.0,0.9943820224719101,347.68195855617523,-0.002876191805156405,231,1.5392717566613188,sha256:32d00b5431424006a70a9282db056584299b5bf796d591d356ce3e5857390d14,NEW
Raw+Cond,9,0.5,n/a — no frozen canonical overall WER,0.2814814814814815,0.7647058823529411,0.7647058823529411,0.10552763819095477,0,3,-4.0,1,0.8421052631578947,0.9943820224719101,665.9491760730743,-0.006006464372532059,235,3.0785435133226375,sha256:32d00b5431424006a70a9282db056584299b5bf796d591d356ce3e5857390d14,NEW
Raw+Cond,9,1.0,n/a — no frozen canonical overall WER,0.34444444444444444,0.9264705882352942,0.9411764705882353,0.1306532663316583,1,15,-18.0,13,0.21052631578947367,0.9775280898876404,1153.0815422534943,-0.015610344403590208,244,6.157087026645275,sha256:32d00b5431424006a70a9282db056584299b5bf796d591d356ce3e5857390d14,NEW
Raw+Cond,9,2.0,n/a — no frozen canonical overall WER,3.411111111111111,0.9852941176470589,0.9852941176470589,4.276381909547739,0,18,-149.0,143,0.05263157894736842,0.2640449438202247,4618.642253398895,-0.03226056313202213,707,12.31417405329055,sha256:32d00b5431424006a70a9282db056584299b5bf796d591d356ce3e5857390d14,NEW
Raw,9,0.25,n/a — no frozen canonical overall WER,0.2777777777777778,0.7205882352941176,0.7205882352941176,0.11557788944723618,0,0,-3.0,3,1.0,0.9831460674157303,341.17291736602783,-0.008793195026032638,230,1.5392717566613188,sha256:7c033b5aa5ea3c0b6f3c5a23b4ab9ed32b3a47f4ea422906ddaaa5b383a36058,NEW
Raw,9,0.5,n/a — no frozen canonical overall WER,0.2962962962962963,0.7205882352941176,0.7205882352941176,0.1407035175879397,0,0,-8.0,8,1.0,0.9550561797752809,632.3629806041718,-0.012650961940176583,228,3.0785435133226375,sha256:7c033b5aa5ea3c0b6f3c5a23b4ab9ed32b3a47f4ea422906ddaaa5b383a36058,NEW
Raw,9,1.0,n/a — no frozen canonical overall WER,0.4444444444444444,0.7794117647058824,0.7794117647058824,0.32160804020100503,2,6,-47.0,46,0.6842105263157895,0.7584269662921348,1289.6942670345306,-0.036442745541600215,278,6.157087026645275,sha256:7c033b5aa5ea3c0b6f3c5a23b4ab9ed32b3a47f4ea422906ddaaa5b383a36058,NEW
Raw,9,2.0,n/a — no frozen canonical overall WER,1.5148148148148148,0.9852941176470589,0.9852941176470589,1.7035175879396984,0,18,-178.0,172,0.05263157894736842,0.10112359550561797,1770.0582346916199,-0.10056166317658538,292,12.31417405329055,sha256:7c033b5aa5ea3c0b6f3c5a23b4ab9ed32b3a47f4ea422906ddaaa5b383a36058,NEW
Conditioning,10,0.25,n/a — no frozen canonical overall WER,0.2814814814814815,0.7647058823529411,0.7647058823529411,0.10552763819095477,0,3,-4.0,1,0.8421052631578947,0.9943820224719101,369.98445522785187,-0.01081126502338222,235,1.6128447454397192,sha256:1fa7360b0e42b7e5c301b15ea4cd7e7bedb119cfca10496a556b22aff07949d5,NEW
Conditioning,10,0.5,n/a — no frozen canonical overall WER,0.29259259259259257,0.8088235294117647,0.8088235294117647,0.10552763819095477,0,6,-7.0,1,0.6842105263157895,0.9943820224719101,704.6965010166168,-0.00993335427365055,238,3.2256894908794385,sha256:1fa7360b0e42b7e5c301b15ea4cd7e7bedb119cfca10496a556b22aff07949d5,NEW
Conditioning,10,1.0,n/a — no frozen canonical overall WER,0.337037037037037,0.9411764705882353,0.9558823529411765,0.11557788944723618,0,15,-15.0,9,0.21052631578947367,1.0,1202.267107963562,-0.012476428824046823,244,6.451378981758877,sha256:1fa7360b0e42b7e5c301b15ea4cd7e7bedb119cfca10496a556b22aff07949d5,NEW
Conditioning,10,2.0,n/a — no frozen canonical overall WER,0.5,0.9852941176470589,0.9852941176470589,0.32663316582914576,0,18,-62.0,56,0.05263157894736842,0.7528089887640449,1090.0893788337708,-0.05687607016805405,162,12.902757963517754,sha256:1fa7360b0e42b7e5c301b15ea4cd7e7bedb119cfca10496a556b22aff07949d5,NEW
Local+Cond,10,0.25,n/a — no frozen canonical overall WER,0.27037037037037037,0.7205882352941176,0.7205882352941176,0.10552763819095477,0,0,-1.0,1,1.0,0.9943820224719101,360.20407485961914,-0.0027762040182075284,231,1.6128447454397192,sha256:037431cd6f8f815b428914fa1a3dcf7858bb12dcff148fb186a0c8a622f446c8,NEW
Local+Cond,10,0.5,n/a — no frozen canonical overall WER,0.2814814814814815,0.7647058823529411,0.7647058823529411,0.10552763819095477,0,3,-4.0,1,0.8421052631578947,0.9943820224719101,685.9134020805359,-0.005831639953188061,235,3.2256894908794385,sha256:037431cd6f8f815b428914fa1a3dcf7858bb12dcff148fb186a0c8a622f446c8,NEW
Local+Cond,10,1.0,n/a — no frozen canonical overall WER,0.362962962962963,0.9411764705882353,0.9558823529411765,0.1507537688442211,0,15,-23.0,17,0.21052631578947367,0.9550561797752809,1138.1195442676544,-0.02020877342441194,235,6.451378981758877,sha256:037431cd6f8f815b428914fa1a3dcf7858bb12dcff148fb186a0c8a622f446c8,NEW
Local+Cond,10,2.0,n/a — no frozen canonical overall WER,2.1444444444444444,0.9852941176470589,1.0,2.5527638190954773,0,18,-170.0,164,0.05263157894736842,0.14606741573033707,2790.966275215149,-0.06091080408590573,452,12.902757963517754,sha256:037431cd6f8f815b428914fa1a3dcf7858bb12dcff148fb186a0c8a622f446c8,NEW
Local,10,0.25,n/a — no frozen canonical overall WER,0.2777777777777778,0.7205882352941176,0.7205882352941176,0.11557788944723618,0,0,-3.0,3,1.0,0.9831460674157303,356.29829263687134,-0.008419911242902057,230,1.6128447454397192,sha256:d982715a3dcb480fb1814ff7b6d65f744d9ef4ce6a71968bc67d14edf1dd321e,NEW
Local,10,0.5,n/a — no frozen canonical overall WER,0.2962962962962963,0.7205882352941176,0.7205882352941176,0.1407035175879397,0,0,-8.0,8,1.0,0.9550561797752809,642.4935319423676,-0.012451487217022458,222,3.2256894908794385,sha256:d982715a3dcb480fb1814ff7b6d65f744d9ef4ce6a71968bc67d14edf1dd321e,NEW
Local,10,1.0,n/a — no frozen canonical overall WER,0.8,0.9117647058823529,0.9117647058823529,0.7587939698492462,0,13,-67.0,61,0.3157894736842105,0.6966292134831461,1808.4527966976166,-0.03704824373760128,380,6.451378981758877,sha256:d982715a3dcb480fb1814ff7b6d65f744d9ef4ce6a71968bc67d14edf1dd321e,NEW
Local,10,2.0,n/a — no frozen canonical overall WER,0.9074074074074074,0.9852941176470589,0.9852941176470589,0.8793969849246231,0,18,-171.0,165,0.05263157894736842,0.1404494382022472,559.7577743530273,-0.30548928096200756,86,12.902757963517754,sha256:d982715a3dcb480fb1814ff7b6d65f744d9ef4ce6a71968bc67d14edf1dd321e,NEW
Raw+Cond,10,0.25,n/a — no frozen canonical overall WER,0.27037037037037037,0.7205882352941176,0.7205882352941176,0.10552763819095477,0,0,-1.0,1,1.0,0.9943820224719101,360.39949929714203,-0.0027746986384559885,231,1.6128447454397192,sha256:a14e5898a86ccc87b7136239e4a1ff44e76b5517f56459441dafb80616ce95fc,NEW
Raw+Cond,10,0.5,n/a — no frozen canonical overall WER,0.29259259259259257,0.8088235294117647,0.8088235294117647,0.10552763819095477,0,6,-7.0,1,0.6842105263157895,0.9943820224719101,689.2497568130493,-0.010155970213709724,236,3.2256894908794385,sha256:a14e5898a86ccc87b7136239e4a1ff44e76b5517f56459441dafb80616ce95fc,NEW
Raw+Cond,10,1.0,n/a — no frozen canonical overall WER,0.362962962962963,0.9411764705882353,0.9558823529411765,0.1507537688442211,0,15,-23.0,17,0.21052631578947367,0.9550561797752809,1144.1500174999237,-0.02010225901167854,236,6.451378981758877,sha256:a14e5898a86ccc87b7136239e4a1ff44e76b5517f56459441dafb80616ce95fc,NEW
Raw+Cond,10,2.0,n/a — no frozen canonical overall WER,1.5740740740740742,0.9852941176470589,0.9852941176470589,1.7839195979899498,0,18,-165.0,159,0.05263157894736842,0.17415730337078653,1792.1552681922913,-0.0920679156144947,273,12.902757963517754,sha256:a14e5898a86ccc87b7136239e4a1ff44e76b5517f56459441dafb80616ce95fc,NEW
Raw,10,0.25,n/a — no frozen canonical overall WER,0.2777777777777778,0.7205882352941176,0.7205882352941176,0.11557788944723618,0,0,-3.0,3,1.0,0.9831460674157303,356.4501416683197,-0.00841632433068726,230,1.6128447454397192,sha256:df2cff8b01a5636ee4cd238b38a8e6d08639111786f0d65b2ac528bfe7a44f1d,NEW
Raw,10,0.5,n/a — no frozen canonical overall WER,0.2962962962962963,0.7205882352941176,0.7205882352941176,0.1407035175879397,0,0,-8.0,8,1.0,0.9550561797752809,645.8377220630646,-0.012387012598837977,223,3.2256894908794385,sha256:df2cff8b01a5636ee4cd238b38a8e6d08639111786f0d65b2ac528bfe7a44f1d,NEW
Raw,10,1.0,n/a — no frozen canonical overall WER,0.7481481481481481,0.8823529411764706,0.8823529411764706,0.6984924623115578,0,11,-62.0,56,0.42105263157894735,0.7134831460674157,1809.2292234897614,-0.0342687367609563,380,6.451378981758877,sha256:df2cff8b01a5636ee4cd238b38a8e6d08639111786f0d65b2ac528bfe7a44f1d,NEW
Raw,10,2.0,n/a — no frozen canonical overall WER,1.8518518518518519,0.9852941176470589,0.9852941176470589,2.1608040201005023,0,18,-174.0,168,0.05263157894736842,0.12359550561797752,1592.820384502411,-0.10924018909662356,255,12.902757963517754,sha256:df2cff8b01a5636ee4cd238b38a8e6d08639111786f0d65b2ac528bfe7a44f1d,NEW
Conditioning,11,0.25,n/a — no frozen canonical overall WER,0.2814814814814815,0.7647058823529411,0.7647058823529411,0.10552763819095477,0,3,-4.0,1,0.8421052631578947,0.9943820224719101,377.02889919281006,-0.010609266315032331,235,1.6349770193318205,sha256:f19754cb1430610f27f7c06ca9be424617077af7d5bdd827c867c4262ccf4d5c,NEW
Conditioning,11,0.5,n/a — no frozen canonical overall WER,0.29259259259259257,0.8088235294117647,0.8088235294117647,0.10552763819095477,0,6,-7.0,1,0.6842105263157895,0.9943820224719101,720.5828077793121,-0.009714358883432923,238,3.269954038663641,sha256:f19754cb1430610f27f7c06ca9be424617077af7d5bdd827c867c4262ccf4d5c,NEW
Conditioning,11,1.0,n/a — no frozen canonical overall WER,0.32222222222222224,0.9264705882352942,0.9264705882352942,0.10552763819095477,1,15,-15.0,10,0.21052631578947367,0.9943820224719101,1241.4456915855408,-0.012082687226408114,246,6.539908077327282,sha256:f19754cb1430610f27f7c06ca9be424617077af7d5bdd827c867c4262ccf4d5c,NEW
Conditioning,11,2.0,n/a — no frozen canonical overall WER,1.8518518518518519,0.9852941176470589,1.0147058823529411,2.1557788944723617,0,18,-94.0,88,0.05263157894736842,0.5730337078651685,3616.595188140869,-0.025991297092976897,533,13.079816154654564,sha256:f19754cb1430610f27f7c06ca9be424617077af7d5bdd827c867c4262ccf4d5c,NEW
Local+Cond,11,0.25,n/a — no frozen canonical overall WER,0.27037037037037037,0.7205882352941176,0.7205882352941176,0.10552763819095477,0,0,-1.0,1,1.0,0.9943820224719101,366.80558025836945,-0.0027262398769823046,231,1.6349770193318205,sha256:647bcdf7a825d7780a9d75cb0491178e69901a5a7c16e9042d85d8c2143b7f71,NEW
Local+Cond,11,0.5,n/a — no frozen canonical overall WER,0.29259259259259257,0.8088235294117647,0.8088235294117647,0.10552763819095477,0,6,-7.0,1,0.6842105263157895,0.9943820224719101,703.160887002945,-0.009955047456970801,236,3.269954038663641,sha256:647bcdf7a825d7780a9d75cb0491178e69901a5a7c16e9042d85d8c2143b7f71,NEW
Local+Cond,11,1.0,n/a — no frozen canonical overall WER,0.35555555555555557,0.9411764705882353,0.9558823529411765,0.1407035175879397,0,15,-21.0,15,0.21052631578947367,0.9662921348314607,1139.3989634513855,-0.01843076979497007,230,6.539908077327282,sha256:647bcdf7a825d7780a9d75cb0491178e69901a5a7c16e9042d85d8c2143b7f71,NEW
Local+Cond,11,2.0,n/a — no frozen canonical overall WER,2.9407407407407407,0.9852941176470589,0.9852941176470589,3.6381909547738696,0,18,-179.0,173,0.05263157894736842,0.09550561797752809,3154.678636074066,-0.056741120300850004,463,13.079816154654564,sha256:647bcdf7a825d7780a9d75cb0491178e69901a5a7c16e9042d85d8c2143b7f71,NEW
Local,11,0.25,n/a — no frozen canonical overall WER,0.27037037037037037,0.7205882352941176,0.7205882352941176,0.10552763819095477,0,0,-1.0,1,1.0,0.9943820224719101,363.17716896533966,-0.0027534770504679946,231,1.6349770193318205,sha256:003843b2cbc586ef66b9b0a1d282b338c640c9fcc3b343831aa2314583e58849,NEW
Local,11,0.5,n/a — no frozen canonical overall WER,0.2851851851851852,0.7205882352941176,0.7205882352941176,0.12562814070351758,0,0,-5.0,5,1.0,0.9719101123595506,657.6466190814972,-0.007602867337755427,224,3.269954038663641,sha256:003843b2cbc586ef66b9b0a1d282b338c640c9fcc3b343831aa2314583e58849,NEW
Local,11,1.0,n/a — no frozen canonical overall WER,0.48518518518518516,0.8382352941176471,0.8382352941176471,0.35678391959798994,0,8,-53.0,50,0.5789473684210527,0.7471910112359551,1654.572329044342,-0.03203244673541233,337,6.539908077327282,sha256:003843b2cbc586ef66b9b0a1d282b338c640c9fcc3b343831aa2314583e58849,NEW
Local,11,2.0,n/a — no frozen canonical overall WER,0.9444444444444444,0.9852941176470589,0.9852941176470589,0.9296482412060302,0,18,-183.0,177,0.05263157894736842,0.07303370786516854,648.1264848709106,-0.2823522943001607,92,13.079816154654564,sha256:003843b2cbc586ef66b9b0a1d282b338c640c9fcc3b343831aa2314583e58849,NEW
Raw+Cond,11,0.25,n/a — no frozen canonical overall WER,0.27037037037037037,0.7205882352941176,0.7205882352941176,0.10552763819095477,0,0,-1.0,1,1.0,0.9943820224719101,366.90117955207825,-0.002725529531469002,231,1.6349770193318205,sha256:7719d1eafa01cfde01489cc1fa5887446c74ea2a4ff793b231eff010f8c8a0ca,NEW
Raw+Cond,11,0.5,n/a — no frozen canonical overall WER,0.29259259259259257,0.8088235294117647,0.8088235294117647,0.10552763819095477,0,6,-7.0,1,0.6842105263157895,0.9943820224719101,703.4143493175507,-0.009951460340255168,236,3.269954038663641,sha256:7719d1eafa01cfde01489cc1fa5887446c74ea2a4ff793b231eff010f8c8a0ca,NEW
Raw+Cond,11,1.0,n/a — no frozen canonical overall WER,0.34444444444444444,0.9411764705882353,0.9558823529411765,0.12562814070351758,0,15,-18.0,12,0.21052631578947367,0.9831460674157303,1170.1701278686523,-0.015382378657012204,236,6.539908077327282,sha256:7719d1eafa01cfde01489cc1fa5887446c74ea2a4ff793b231eff010f8c8a0ca,NEW
Raw+Cond,11,2.0,n/a — no frozen canonical overall WER,2.9407407407407407,0.9852941176470589,0.9852941176470589,3.6381909547738696,0,18,-179.0,173,0.05263157894736842,0.09550561797752809,3217.3015003204346,-0.0556366880698536,472,13.079816154654564,sha256:7719d1eafa01cfde01489cc1fa5887446c74ea2a4ff793b231eff010f8c8a0ca,NEW
Raw,11,0.25,n/a — no frozen canonical overall WER,0.27037037037037037,0.7205882352941176,0.7205882352941176,0.10552763819095477,0,0,-1.0,1,1.0,0.9943820224719101,363.2964576482773,-0.0027525729440724205,231,1.6349770193318205,sha256:77a2fd757dc69d2cdb00f1fa20991ae4072c039c59e5f49c6ad4f055da92fe61,NEW
Raw,11,0.5,n/a — no frozen canonical overall WER,0.2851851851851852,0.7205882352941176,0.7205882352941176,0.12562814070351758,0,0,-5.0,5,1.0,0.9719101123595506,658.0633001327515,-0.007598053255653897,224,3.269954038663641,sha256:77a2fd757dc69d2cdb00f1fa20991ae4072c039c59e5f49c6ad4f055da92fe61,NEW
Raw,11,1.0,n/a — no frozen canonical overall WER,0.5555555555555556,0.8235294117647058,0.8235294117647058,0.457286432160804,0,7,-45.0,42,0.631578947368421,0.7865168539325843,1827.3452277183533,-0.024625888593688222,373,6.539908077327282,sha256:77a2fd757dc69d2cdb00f1fa20991ae4072c039c59e5f49c6ad4f055da92fe61,NEW
Raw,11,2.0,n/a — no frozen canonical overall WER,0.9481481481481482,0.9852941176470589,0.9852941176470589,0.9346733668341709,0,18,-184.0,178,0.05263157894736842,0.06741573033707865,654.6682167053223,-0.28105839768119006,92,13.079816154654564,sha256:77a2fd757dc69d2cdb00f1fa20991ae4072c039c59e5f49c6ad4f055da92fe61,NEW
Conditioning,12,0.25,n/a — no frozen canonical overall WER,0.27037037037037037,0.7205882352941176,0.7205882352941176,0.10552763819095477,0,0,-1.0,1,1.0,0.9943820224719101,383.66998744010925,-0.002606406632617047,230,1.6936546657057967,sha256:e13668d96a0c7e399498bdb972edbd4e01d728f62ad8486443e23858e2ee3435,NEW
Conditioning,12,0.5,n/a — no frozen canonical overall WER,0.29259259259259257,0.8088235294117647,0.8088235294117647,0.10552763819095477,0,6,-7.0,1,0.6842105263157895,0.9943820224719101,750.4026436805725,-0.009328325344999349,238,3.3873093314115934,sha256:e13668d96a0c7e399498bdb972edbd4e01d728f62ad8486443e23858e2ee3435,NEW
Conditioning,12,1.0,n/a — no frozen canonical overall WER,0.337037037037037,0.9411764705882353,0.9558823529411765,0.11557788944723618,0,15,-16.0,10,0.21052631578947367,0.9943820224719101,1243.2508506774902,-0.012869486468705048,236,6.774618662823187,sha256:e13668d96a0c7e399498bdb972edbd4e01d728f62ad8486443e23858e2ee3435,NEW
Conditioning,12,2.0,n/a — no frozen canonical overall WER,3.9962962962962965,0.9852941176470589,1.0294117647058822,5.055276381909548,0,18,-138.0,132,0.05263157894736842,0.3258426966292135,7883.2458691596985,-0.017505479632428347,1127,13.549237325646374,sha256:e13668d96a0c7e399498bdb972edbd4e01d728f62ad8486443e23858e2ee3435,NEW
Local+Cond,12,0.25,n/a — no frozen canonical overall WER,0.27037037037037037,0.7205882352941176,0.7205882352941176,0.10552763819095477,0,0,-1.0,1,1.0,0.9943820224719101,379.87100851535797,-0.002632472543530709,230,1.6936546657057967,sha256:9f96e735ece4171d05b8fabf806d0af595027f55984c6adf3e2277d6b8495c33,NEW
Local+Cond,12,0.5,n/a — no frozen canonical overall WER,0.2814814814814815,0.7647058823529411,0.7647058823529411,0.10552763819095477,0,3,-4.0,1,0.8421052631578947,0.9943820224719101,720.2878017425537,-0.005553335750408398,232,3.3873093314115934,sha256:9f96e735ece4171d05b8fabf806d0af595027f55984c6adf3e2277d6b8495c33,NEW
Local+Cond,12,1.0,n/a — no frozen canonical overall WER,0.34074074074074073,0.9264705882352942,0.9411764705882353,0.12562814070351758,0,14,-19.0,13,0.2631578947368421,0.9719101123595506,1163.4705982208252,-0.016330451348796203,225,6.774618662823187,sha256:9f96e735ece4171d05b8fabf806d0af595027f55984c6adf3e2277d6b8495c33,NEW
Local+Cond,12,2.0,n/a — no frozen canonical overall WER,3.1148148148148147,0.9852941176470589,0.9852941176470589,3.8743718592964824,0,18,-174.0,168,0.05263157894736842,0.12359550561797752,5648.536186695099,-0.03080444105321482,825,13.549237325646374,sha256:9f96e735ece4171d05b8fabf806d0af595027f55984c6adf3e2277d6b8495c33,NEW
Local,12,0.25,n/a — no frozen canonical overall WER,0.2777777777777778,0.7205882352941176,0.7205882352941176,0.11557788944723618,0,0,-3.0,3,1.0,0.9831460674157303,372.5758469104767,-0.008052051749669232,228,1.6936546657057967,sha256:5735d4473216b4c08e735cf32fc66486faf1be44948c948bfdb6cf675c4e74fc,NEW
Local,12,0.5,n/a — no frozen canonical overall WER,0.2851851851851852,0.7205882352941176,0.7205882352941176,0.12562814070351758,0,0,-5.0,5,1.0,0.9719101123595506,678.162526845932,-0.007372863881545496,222,3.3873093314115934,sha256:5735d4473216b4c08e735cf32fc66486faf1be44948c948bfdb6cf675c4e74fc,NEW
Local,12,1.0,n/a — no frozen canonical overall WER,0.5666666666666667,0.8235294117647058,0.8235294117647058,0.4723618090452261,0,7,-55.0,52,0.631578947368421,0.7303370786516854,1869.5334792137146,-0.029419104076773107,371,6.774618662823187,sha256:5735d4473216b4c08e735cf32fc66486faf1be44948c948bfdb6cf675c4e74fc,NEW
Local,12,2.0,n/a — no frozen canonical overall WER,1.6037037037037036,0.9852941176470589,0.9852941176470589,1.8241206030150754,0,18,-173.0,167,0.05263157894736842,0.12921348314606743,1920.7568287849426,-0.09006866325157807,278,13.549237325646374,sha256:5735d4473216b4c08e735cf32fc66486faf1be44948c948bfdb6cf675c4e74fc,NEW
Raw+Cond,12,0.25,n/a — no frozen canonical overall WER,0.27037037037037037,0.7205882352941176,0.7205882352941176,0.10552763819095477,0,0,-1.0,1,1.0,0.9943820224719101,380.1603627204895,-0.0026304688706729894,230,1.6936546657057967,sha256:4273d03b3ee8680f4ca7a1ace27c1d577e668c5a45742191635f986137a9e618,NEW
Raw+Cond,12,0.5,n/a — no frozen canonical overall WER,0.2814814814814815,0.7647058823529411,0.7647058823529411,0.10552763819095477,0,3,-4.0,1,0.8421052631578947,0.9943820224719101,720.923122882843,-0.005548441814440233,232,3.3873093314115934,sha256:4273d03b3ee8680f4ca7a1ace27c1d577e668c5a45742191635f986137a9e618,NEW
Raw+Cond,12,1.0,n/a — no frozen canonical overall WER,0.337037037037037,0.9264705882352942,0.9411764705882353,0.12060301507537688,0,14,-18.0,12,0.2631578947368421,0.9775280898876404,1179.7496557235718,-0.015257474255383548,228,6.774618662823187,sha256:4273d03b3ee8680f4ca7a1ace27c1d577e668c5a45742191635f986137a9e618,NEW
Raw+Cond,12,2.0,n/a — no frozen canonical overall WER,2.214814814814815,0.9852941176470589,0.9852941176470589,2.6532663316582914,0,18,-177.0,171,0.05263157894736842,0.10674157303370786,3535.568860054016,-0.05006266516254355,511,13.549237325646374,sha256:4273d03b3ee8680f4ca7a1ace27c1d577e668c5a45742191635f986137a9e618,NEW
Raw,12,0.25,n/a — no frozen canonical overall WER,0.2777777777777778,0.7205882352941176,0.7205882352941176,0.11557788944723618,0,0,-3.0,3,1.0,0.9831460674157303,374.4455453157425,-0.008011845881275794,229,1.6936546657057967,sha256:25fa37ae865df41b2ca4ab42c314b2731956e15dedea69183a38051e0e1d00c0,NEW
Raw,12,0.5,n/a — no frozen canonical overall WER,0.2851851851851852,0.7205882352941176,0.7205882352941176,0.12562814070351758,0,0,-5.0,5,1.0,0.9719101123595506,681.9449563026428,-0.0073319700568047486,223,3.3873093314115934,sha256:25fa37ae865df41b2ca4ab42c314b2731956e15dedea69183a38051e0e1d00c0,NEW
Raw,12,1.0,n/a — no frozen canonical overall WER,0.5740740740740741,0.8235294117647058,0.8235294117647058,0.4824120603015075,0,7,-55.0,52,0.631578947368421,0.7303370786516854,1889.0377786159515,-0.0291153520710936,374,6.774618662823187,sha256:25fa37ae865df41b2ca4ab42c314b2731956e15dedea69183a38051e0e1d00c0,NEW
Raw,12,2.0,n/a — no frozen canonical overall WER,1.6,0.9852941176470589,0.9852941176470589,1.8190954773869348,0,18,-172.0,166,0.05263157894736842,0.1348314606741573,1935.8175234794617,-0.08885134983737782,280,13.549237325646374,sha256:25fa37ae865df41b2ca4ab42c314b2731956e15dedea69183a38051e0e1d00c0,NEW
Conditioning,13,0.25,n/a — no frozen canonical overall WER,0.27037037037037037,0.7205882352941176,0.7205882352941176,0.10552763819095477,0,0,-1.0,1,1.0,0.9943820224719101,399.96300542354584,-0.002500231237489171,230,1.7704237298669385,sha256:b2b91ff8e4f9d95a01d06c9c7f4a77f41c75f01930db603f9341deaa5e0f86a7,NEW
Conditioning,13,0.5,n/a — no frozen canonical overall WER,0.2851851851851852,0.7647058823529411,0.7647058823529411,0.11055276381909548,0,3,-5.0,2,0.8421052631578947,0.9887640449438202,777.3766093254089,-0.006431888919759105,237,3.540847459733877,sha256:b2b91ff8e4f9d95a01d06c9c7f4a77f41c75f01930db603f9341deaa5e0f86a7,NEW
Conditioning,13,1.0,n/a — no frozen canonical overall WER,0.337037037037037,0.9411764705882353,0.9558823529411765,0.11557788944723618,0,15,-17.0,11,0.21052631578947367,0.9887640449438202,1276.715283870697,-0.013315419823643095,233,7.081694919467754,sha256:b2b91ff8e4f9d95a01d06c9c7f4a77f41c75f01930db603f9341deaa5e0f86a7,NEW
Conditioning,13,2.0,n/a — no frozen canonical overall WER,1.614814814814815,0.9705882352941176,0.9852941176470589,1.8442211055276383,0,17,-101.0,95,0.10526315789473684,0.5280898876404494,5537.488268375397,-0.018239316293780908,718,14.163389838935508,sha256:b2b91ff8e4f9d95a01d06c9c7f4a77f41c75f01930db603f9341deaa5e0f86a7,NEW
Local+Cond,13,0.25,n/a — no frozen canonical overall WER,0.2777777777777778,0.7205882352941176,0.7205882352941176,0.11557788944723618,0,0,-3.0,3,1.0,0.9831460674157303,394.44424200057983,-0.007605637706318932,229,1.7704237298669385,sha256:67f2bebd54501f1f9a7e63b19dc2bf1fd5c890dda1a8420cb56b2c1c97fd9107,NEW
Local+Cond,13,0.5,n/a — no frozen canonical overall WER,0.2962962962962963,0.7647058823529411,0.7647058823529411,0.12562814070351758,0,3,-8.0,5,0.8421052631578947,0.9719101123595506,737.2320849895477,-0.010851399664887648,228,3.540847459733877,sha256:67f2bebd54501f1f9a7e63b19dc2bf1fd5c890dda1a8420cb56b2c1c97fd9107,NEW
Local+Cond,13,1.0,n/a — no frozen canonical overall WER,0.6074074074074074,0.9558823529411765,0.9705882352941176,0.47738693467336685,0,16,-89.0,83,0.15789473684210525,0.5898876404494382,1114.7419567108154,-0.07983910488361409,205,7.081694919467754,sha256:67f2bebd54501f1f9a7e63b19dc2bf1fd5c890dda1a8420cb56b2c1c97fd9107,NEW
Local+Cond,13,2.0,n/a — no frozen canonical overall WER,0.9148148148148149,0.9852941176470589,0.9852941176470589,0.8894472361809045,0,18,-175.0,169,0.05263157894736842,0.11797752808988764,429.1585969924927,-0.40777465772883326,57,14.163389838935508,sha256:67f2bebd54501f1f9a7e63b19dc2bf1fd5c890dda1a8420cb56b2c1c97fd9107,NEW
Local,13,0.25,n/a — no frozen canonical overall WER,0.27037037037037037,0.6911764705882353,0.6911764705882353,0.11557788944723618,2,0,-1.0,3,1.0,0.9831460674157303,387.7336171865463,-0.0025790902714501545,227,1.7704237298669385,sha256:5bf635e5cf87430b16bc95719efe6ad56a776277ccebdbb02185c3aab1c1adea,NEW
Local,13,0.5,n/a — no frozen canonical overall WER,0.2851851851851852,0.7205882352941176,0.7205882352941176,0.12562814070351758,0,0,-5.0,5,1.0,0.9719101123595506,709.6266124248505,-0.007045958976812613,222,3.540847459733877,sha256:5bf635e5cf87430b16bc95719efe6ad56a776277ccebdbb02185c3aab1c1adea,NEW
Local,13,1.0,n/a — no frozen canonical overall WER,0.5111111111111111,0.75,0.75,0.4221105527638191,2,4,-67.0,69,0.7894736842105263,0.6348314606741573,1493.599092245102,-0.04485808832361368,275,7.081694919467754,sha256:5bf635e5cf87430b16bc95719efe6ad56a776277ccebdbb02185c3aab1c1adea,NEW
Local,13,2.0,n/a — no frozen canonical overall WER,0.9296296296296296,0.9852941176470589,0.9852941176470589,0.9095477386934674,0,18,-179.0,173,0.05263157894736842,0.09550561797752809,581.7560749053955,-0.30768909465897504,76,14.163389838935508,sha256:5bf635e5cf87430b16bc95719efe6ad56a776277ccebdbb02185c3aab1c1adea,NEW
Raw+Cond,13,0.25,n/a — no frozen canonical overall WER,0.2777777777777778,0.7205882352941176,0.7205882352941176,0.11557788944723618,0,0,-3.0,3,1.0,0.9831460674157303,394.45587265491486,-0.007605413451720911,229,1.7704237298669385,sha256:e75b5d3b2fa0ceddf918183790f1b1a05fe3c33eb55bfa9fa209bce7b281cc8d,NEW
Raw+Cond,13,0.5,n/a — no frozen canonical overall WER,0.2962962962962963,0.7647058823529411,0.7647058823529411,0.12562814070351758,0,3,-8.0,5,0.8421052631578947,0.9719101123595506,737.3580696582794,-0.010849545599612835,228,3.540847459733877,sha256:e75b5d3b2fa0ceddf918183790f1b1a05fe3c33eb55bfa9fa209bce7b281cc8d,NEW
Raw+Cond,13,1.0,n/a — no frozen canonical overall WER,0.5592592592592592,0.9558823529411765,0.9705882352941176,0.4120603015075377,0,16,-76.0,70,0.15789473684210525,0.6629213483146067,2053.1199898719788,-0.03701683310030942,373,7.081694919467754,sha256:e75b5d3b2fa0ceddf918183790f1b1a05fe3c33eb55bfa9fa209bce7b281cc8d,NEW
Raw+Cond,13,2.0,n/a — no frozen canonical overall WER,0.9037037037037037,0.9705882352941176,0.9705882352941176,0.8793969849246231,0,17,-172.0,166,0.10526315789473684,0.12921348314606743,419.54662561416626,-0.40996635296068107,56,14.163389838935508,sha256:e75b5d3b2fa0ceddf918183790f1b1a05fe3c33eb55bfa9fa209bce7b281cc8d,NEW
Raw,13,0.25,n/a — no frozen canonical overall WER,0.27037037037037037,0.6911764705882353,0.6911764705882353,0.11557788944723618,2,0,-1.0,3,1.0,0.9831460674157303,389.431232213974,-0.002567847458753764,228,1.7704237298669385,sha256:b09ff1aa6623483ef61a0069344244fdbdf07180905c105840aabdabf9748fa3,NEW
Raw,13,0.5,n/a — no frozen canonical overall WER,0.2851851851851852,0.7205882352941176,0.7205882352941176,0.12562814070351758,0,0,-5.0,5,1.0,0.9719101123595506,709.6772246360779,-0.007045456478561782,222,3.540847459733877,sha256:b09ff1aa6623483ef61a0069344244fdbdf07180905c105840aabdabf9748fa3,NEW
Raw,13,1.0,n/a — no frozen canonical overall WER,0.5074074074074074,0.75,0.75,0.41708542713567837,2,4,-67.0,69,0.7894736842105263,0.6348314606741573,1581.7056686878204,-0.042359334815802396,291,7.081694919467754,sha256:b09ff1aa6623483ef61a0069344244fdbdf07180905c105840aabdabf9748fa3,NEW
Raw,13,2.0,n/a — no frozen canonical overall WER,0.9296296296296296,0.9852941176470589,0.9852941176470589,0.9095477386934674,0,18,-179.0,173,0.05263157894736842,0.09550561797752809,573.315435886383,-0.3122190487044088,75,14.163389838935508,sha256:b09ff1aa6623483ef61a0069344244fdbdf07180905c105840aabdabf9748fa3,NEW
Conditioning,14,0.25,n/a — no frozen canonical overall WER,0.27037037037037037,0.7205882352941176,0.7205882352941176,0.10552763819095477,0,0,-1.0,1,1.0,0.9943820224719101,411.92968451976776,-0.0024275987810050913,230,1.8110002904952294,sha256:4bf8a012d44e9184fa0db69f68b1e9d2b198c253aeae4703cc5220d7d0433cad,NEW
Conditioning,14,0.5,n/a — no frozen canonical overall WER,0.28888888888888886,0.7647058823529411,0.7647058823529411,0.11557788944723618,0,3,-6.0,3,0.8421052631578947,0.9831460674157303,789.403018951416,-0.00760068033179041,232,3.6220005809904587,sha256:4bf8a012d44e9184fa0db69f68b1e9d2b198c253aeae4703cc5220d7d0433cad,NEW
Conditioning,14,1.0,n/a — no frozen canonical overall WER,0.35185185185185186,0.9117647058823529,0.9264705882352942,0.1457286432160804,0,13,-22.0,16,0.3157894736842105,0.949438202247191,1319.8004775047302,-0.016669186270938555,231,7.2440011619809175,sha256:4bf8a012d44e9184fa0db69f68b1e9d2b198c253aeae4703cc5220d7d0433cad,NEW
Conditioning,14,2.0,n/a — no frozen canonical overall WER,1.025925925925926,0.9705882352941176,0.9852941176470589,1.0402010050251256,0,17,-53.0,47,0.10526315789473684,0.797752808988764,3249.4829545021057,-0.016310287126316315,408,14.488002323961835,sha256:4bf8a012d44e9184fa0db69f68b1e9d2b198c253aeae4703cc5220d7d0433cad,NEW
Local+Cond,14,0.25,n/a — no frozen canonical overall WER,0.27037037037037037,0.7205882352941176,0.7205882352941176,0.10552763819095477,0,0,-1.0,1,1.0,0.9943820224719101,407.66326451301575,-0.0024530049358128326,230,1.8110002904952294,sha256:bf7c2696c08b6c9279359e2135ffb0d36f86bb9ba61c86d20997aa8b2d43f7a1,NEW
Local+Cond,14,0.5,n/a — no frozen canonical overall WER,0.2814814814814815,0.7647058823529411,0.7647058823529411,0.10552763819095477,0,3,-4.0,1,0.8421052631578947,0.9943820224719101,771.9459452629089,-0.005181709968873121,231,3.6220005809904587,sha256:bf7c2696c08b6c9279359e2135ffb0d36f86bb9ba61c86d20997aa8b2d43f7a1,NEW
Local+Cond,14,1.0,n/a — no frozen canonical overall WER,0.32592592592592595,0.8676470588235294,0.8676470588235294,0.1306532663316583,0,10,-18.0,12,0.47368421052631576,0.9550561797752809,1263.7297077178955,-0.014243552153652599,226,7.2440011619809175,sha256:bf7c2696c08b6c9279359e2135ffb0d36f86bb9ba61c86d20997aa8b2d43f7a1,NEW
Local+Cond,14,2.0,n/a — no frozen canonical overall WER,0.825925925925926,0.9705882352941176,0.9705882352941176,0.7738693467336684,0,17,-151.0,145,0.10526315789473684,0.24719101123595505,752.3586940765381,-0.20070214006809714,96,14.488002323961835,sha256:bf7c2696c08b6c9279359e2135ffb0d36f86bb9ba61c86d20997aa8b2d43f7a1,NEW
Local,14,0.25,n/a — no frozen canonical overall WER,0.2777777777777778,0.7205882352941176,0.7205882352941176,0.11557788944723618,0,0,-3.0,3,1.0,0.9831460674157303,401.76767683029175,-0.007467001884442814,230,1.8110002904952294,sha256:7c77c73bb52afd21faee8ca662e04231f8f8cc9dfd176f64f3c79d0ada72d1c0,NEW
Local,14,0.5,n/a — no frozen canonical overall WER,0.2851851851851852,0.7205882352941176,0.7205882352941176,0.12562814070351758,0,0,-5.0,5,1.0,0.9719101123595506,734.9958238601685,-0.006802759740511451,225,3.6220005809904587,sha256:7c77c73bb52afd21faee8ca662e04231f8f8cc9dfd176f64f3c79d0ada72d1c0,NEW
Local,14,1.0,n/a — no frozen canonical overall WER,0.48148148148148145,0.7352941176470589,0.7352941176470589,0.3869346733668342,2,3,-60.0,62,0.8421052631578947,0.6685393258426966,1458.8983745574951,-0.04112692223555247,263,7.2440011619809175,sha256:7c77c73bb52afd21faee8ca662e04231f8f8cc9dfd176f64f3c79d0ada72d1c0,NEW
Local,14,2.0,n/a — no frozen canonical overall WER,0.8444444444444444,0.9117647058823529,0.9117647058823529,0.8190954773869347,2,15,-156.0,153,0.21052631578947367,0.19662921348314608,885.1113910675049,-0.17624900275190597,114,14.488002323961835,sha256:7c77c73bb52afd21faee8ca662e04231f8f8cc9dfd176f64f3c79d0ada72d1c0,NEW
Raw+Cond,14,0.25,n/a — no frozen canonical overall WER,0.27037037037037037,0.7205882352941176,0.7205882352941176,0.10552763819095477,0,0,-1.0,1,1.0,0.9943820224719101,409.5540888309479,-0.002441679932568739,231,1.8110002904952294,sha256:525c6de6f49e1939cc44e0e6abdbe9ec3b9a4efd80de94c6d535ee6cc0405cf7,NEW
Raw+Cond,14,0.5,n/a — no frozen canonical overall WER,0.28888888888888886,0.7647058823529411,0.7647058823529411,0.11557788944723618,0,3,-6.0,3,0.8421052631578947,0.9831460674157303,765.7906284332275,-0.007835039731781158,229,3.6220005809904587,sha256:525c6de6f49e1939cc44e0e6abdbe9ec3b9a4efd80de94c6d535ee6cc0405cf7,NEW
Raw+Cond,14,1.0,n/a — no frozen canonical overall WER,0.32592592592592595,0.8676470588235294,0.8676470588235294,0.1306532663316583,0,10,-18.0,12,0.47368421052631576,0.9550561797752809,1258.0397882461548,-0.014307973538018198,225,7.2440011619809175,sha256:525c6de6f49e1939cc44e0e6abdbe9ec3b9a4efd80de94c6d535ee6cc0405cf7,NEW
Raw+Cond,14,2.0,n/a — no frozen canonical overall WER,0.825925925925926,0.9705882352941176,0.9705882352941176,0.7738693467336684,0,17,-151.0,145,0.10526315789473684,0.24719101123595505,759.1623306274414,-0.1989034412115782,97,14.488002323961835,sha256:525c6de6f49e1939cc44e0e6abdbe9ec3b9a4efd80de94c6d535ee6cc0405cf7,NEW
Raw,14,0.25,n/a — no frozen canonical overall WER,0.2777777777777778,0.7205882352941176,0.7205882352941176,0.11557788944723618,0,0,-3.0,3,1.0,0.9831460674157303,401.6226290464401,-0.007469698625106869,230,1.8110002904952294,sha256:cbb3b9a46fcddd0639cb60510a875677edb294a0b07fcee8ad8d15720a5a42ae,NEW
Raw,14,0.5,n/a — no frozen canonical overall WER,0.2851851851851852,0.7205882352941176,0.7205882352941176,0.12562814070351758,0,0,-5.0,5,1.0,0.9719101123595506,734.7634780406952,-0.00680491089912756,225,3.6220005809904587,sha256:cbb3b9a46fcddd0639cb60510a875677edb294a0b07fcee8ad8d15720a5a42ae,NEW
Raw,14,1.0,n/a — no frozen canonical overall WER,0.48148148148148145,0.7352941176470589,0.7352941176470589,0.3869346733668342,2,3,-60.0,62,0.8421052631578947,0.6685393258426966,1452.2807049751282,-0.04131432704053419,262,7.2440011619809175,sha256:cbb3b9a46fcddd0639cb60510a875677edb294a0b07fcee8ad8d15720a5a42ae,NEW
Raw,14,2.0,n/a — no frozen canonical overall WER,1.9111111111111112,0.9264705882352942,0.9852941176470589,2.241206030150754,2,16,-158.0,155,0.15789473684210525,0.19101123595505617,2159.8292865753174,-0.07315392979531683,289,14.488002323961835,sha256:cbb3b9a46fcddd0639cb60510a875677edb294a0b07fcee8ad8d15720a5a42ae,NEW
Conditioning,15,0.25,n/a — no frozen canonical overall WER,0.27037037037037037,0.7205882352941176,0.7205882352941176,0.10552763819095477,0,0,-1.0,1,1.0,0.9943820224719101,404.79112553596497,-0.0024704098902265876,230,1.777384544909652,sha256:bf1e0aafb8d45bd6188b6f8080d28c4e4321f15789005042469431a69c15e2be,NEW
Conditioning,15,0.5,n/a — no frozen canonical overall WER,0.28888888888888886,0.7647058823529411,0.7647058823529411,0.11557788944723618,0,3,-6.0,3,0.8421052631578947,0.9831460674157303,796.1523807048798,-0.007536245755728134,238,3.554769089819304,sha256:bf1e0aafb8d45bd6188b6f8080d28c4e4321f15789005042469431a69c15e2be,NEW
Conditioning,15,1.0,n/a — no frozen canonical overall WER,0.37037037037037035,0.9117647058823529,0.9264705882352942,0.1708542713567839,0,13,-26.0,20,0.3157894736842105,0.9269662921348315,1175.0643963813782,-0.022126446925008744,208,7.109538179638608,sha256:bf1e0aafb8d45bd6188b6f8080d28c4e4321f15789005042469431a69c15e2be,NEW
Conditioning,15,2.0,n/a — no frozen canonical overall WER,0.6148148148148148,0.9558823529411765,0.9705882352941176,0.49246231155778897,1,17,-94.0,90,0.10526315789473684,0.5617977528089888,1159.0008826255798,-0.08110433858087673,148,14.219076359277215,sha256:bf1e0aafb8d45bd6188b6f8080d28c4e4321f15789005042469431a69c15e2be,NEW
Local+Cond,15,0.25,n/a — no frozen canonical overall WER,0.2777777777777778,0.7205882352941176,0.7205882352941176,0.11557788944723618,0,0,-3.0,3,1.0,0.9831460674157303,396.15204775333405,-0.0075728499120821515,227,1.777384544909652,sha256:8fc4c01bbe89f4a05137cc5099d705d833b274208d06012f911064d086fb1e99,NEW
Local+Cond,15,0.5,n/a — no frozen canonical overall WER,0.28888888888888886,0.7647058823529411,0.7647058823529411,0.11557788944723618,0,3,-6.0,3,0.8421052631578947,0.9831460674157303,765.7412168979645,-0.007835545309035526,232,3.554769089819304,sha256:8fc4c01bbe89f4a05137cc5099d705d833b274208d06012f911064d086fb1e99,NEW
Local+Cond,15,1.0,n/a — no frozen canonical overall WER,0.3148148148148148,0.8088235294117647,0.8088235294117647,0.135678391959799,2,8,-13.0,10,0.5789473684210527,0.9606741573033708,1265.1671891212463,-0.010275321800772811,228,7.109538179638608,sha256:8fc4c01bbe89f4a05137cc5099d705d833b274208d06012f911064d086fb1e99,NEW
Local+Cond,15,2.0,n/a — no frozen canonical overall WER,0.9185185185185185,0.9558823529411765,0.9558823529411765,0.9045226130653267,0,16,-176.0,170,0.15789473684210525,0.10112359550561797,445.4084587097168,-0.3951429223186427,56,14.219076359277215,sha256:8fc4c01bbe89f4a05137cc5099d705d833b274208d06012f911064d086fb1e99,NEW
Local,15,0.25,n/a — no frozen canonical overall WER,0.2777777777777778,0.7205882352941176,0.7205882352941176,0.11557788944723618,0,0,-3.0,3,1.0,0.9831460674157303,391.3654633760452,-0.007665469441582884,227,1.777384544909652,sha256:7b23c0b11626dd0152b78a127b60bf079260741d9cd2d86725d2b72638ea916a,NEW
Local,15,0.5,n/a — no frozen canonical overall WER,0.2851851851851852,0.7205882352941176,0.7205882352941176,0.12562814070351758,0,0,-5.0,5,1.0,0.9719101123595506,724.8999497890472,-0.006897503581639159,224,3.554769089819304,sha256:7b23c0b11626dd0152b78a127b60bf079260741d9cd2d86725d2b72638ea916a,NEW
Local,15,1.0,n/a — no frozen canonical overall WER,0.5185185185185185,0.7941176470588235,0.7941176470588235,0.41708542713567837,0,5,-70.0,69,0.7368421052631579,0.6348314606741573,1148.5867366790771,-0.060944461366837524,208,7.109538179638608,sha256:7b23c0b11626dd0152b78a127b60bf079260741d9cd2d86725d2b72638ea916a,NEW
Local,15,2.0,n/a — no frozen canonical overall WER,0.8703703703703703,0.9558823529411765,1.0147058823529411,0.8190954773869347,0,16,-160.0,155,0.15789473684210525,0.19101123595505617,799.2452263832092,-0.2001888715983219,102,14.219076359277215,sha256:7b23c0b11626dd0152b78a127b60bf079260741d9cd2d86725d2b72638ea916a,NEW
Raw+Cond,15,0.25,n/a — no frozen canonical overall WER,0.2777777777777778,0.7205882352941176,0.7205882352941176,0.11557788944723618,0,0,-3.0,3,1.0,0.9831460674157303,397.9146716594696,-0.0075393048149965235,228,1.777384544909652,sha256:ecefd21350e3be6bfdfe652d3f7b19919b6fba09359028450a0e4137cc714e89,NEW
Raw+Cond,15,0.5,n/a — no frozen canonical overall WER,0.28888888888888886,0.7647058823529411,0.7647058823529411,0.11557788944723618,0,3,-6.0,3,0.8421052631578947,0.9831460674157303,765.5982739925385,-0.007837008263760109,232,3.554769089819304,sha256:ecefd21350e3be6bfdfe652d3f7b19919b6fba09359028450a0e4137cc714e89,NEW
Raw+Cond,15,1.0,n/a — no frozen canonical overall WER,0.31851851851851853,0.8088235294117647,0.8088235294117647,0.1407035175879397,2,8,-14.0,11,0.5789473684210527,0.9550561797752809,1248.6126823425293,-0.011212444177432605,225,7.109538179638608,sha256:ecefd21350e3be6bfdfe652d3f7b19919b6fba09359028450a0e4137cc714e89,NEW
Raw+Cond,15,2.0,n/a — no frozen canonical overall WER,0.9185185185185185,0.9558823529411765,0.9558823529411765,0.9045226130653267,0,16,-176.0,170,0.15789473684210525,0.10112359550561797,453.853280544281,-0.38779052073598097,57,14.219076359277215,sha256:ecefd21350e3be6bfdfe652d3f7b19919b6fba09359028450a0e4137cc714e89,NEW
Raw,15,0.25,n/a — no frozen canonical overall WER,0.2777777777777778,0.7205882352941176,0.7205882352941176,0.11557788944723618,0,0,-3.0,3,1.0,0.9831460674157303,391.2579171657562,-0.007667576471632269,227,1.777384544909652,sha256:ba81b63d311c6008c8814a20d85c2a10139384cc95a84c4c563a4dc18a693e19,NEW
Raw,15,0.5,n/a — no frozen canonical overall WER,0.2851851851851852,0.7205882352941176,0.7205882352941176,0.12562814070351758,0,0,-5.0,5,1.0,0.9719101123595506,728.1585221290588,-0.006866636656782546,225,3.554769089819304,sha256:ba81b63d311c6008c8814a20d85c2a10139384cc95a84c4c563a4dc18a693e19,NEW
Raw,15,1.0,n/a — no frozen canonical overall WER,0.5185185185185185,0.7941176470588235,0.7941176470588235,0.41708542713567837,0,5,-69.0,68,0.7368421052631579,0.6404494382022472,1159.0885632038116,-0.05952953224668061,210,7.109538179638608,sha256:ba81b63d311c6008c8814a20d85c2a10139384cc95a84c4c563a4dc18a693e19,NEW
Raw,15,2.0,n/a — no frozen canonical overall WER,0.8703703703703703,0.9558823529411765,1.0147058823529411,0.8190954773869347,0,16,-160.0,155,0.15789473684210525,0.19101123595505617,792.5044851303101,-0.20189160187994581,101,14.219076359277215,sha256:ba81b63d311c6008c8814a20d85c2a10139384cc95a84c4c563a4dc18a693e19,NEW
Conditioning,16,0.25,n/a — no frozen canonical overall WER,0.28888888888888886,0.7205882352941176,0.7205882352941176,0.1306532663316583,0,0,-6.0,6,1.0,0.9662921348314607,371.5339548587799,-0.01614926420999825,202,1.8696843113778996,sha256:35af43a464f50517854c57cee1205c2eb2561a747abf9a7c07b69546b6fcd5b1,NEW
Conditioning,16,0.5,n/a — no frozen canonical overall WER,0.29259259259259257,0.7205882352941176,0.7205882352941176,0.135678391959799,0,0,-7.0,7,1.0,0.9606741573033708,710.9546027183533,-0.00984591698715406,204,3.739368622755799,sha256:35af43a464f50517854c57cee1205c2eb2561a747abf9a7c07b69546b6fcd5b1,NEW
Conditioning,16,1.0,n/a — no frozen canonical overall WER,0.34814814814814815,0.8529411764705882,0.8676470588235294,0.16080402010050251,0,9,-20.0,14,0.5263157894736842,0.9382022471910112,1222.8591198921204,-0.01635511374504398,208,7.478737245511598,sha256:35af43a464f50517854c57cee1205c2eb2561a747abf9a7c07b69546b6fcd5b1,NEW
Conditioning,16,2.0,n/a — no frozen canonical overall WER,1.1111111111111112,0.9264705882352942,0.9411764705882353,1.170854271356784,0,14,-75.0,70,0.2631578947368421,0.6573033707865169,2793.457504272461,-0.02684844852133639,342,14.957474491023197,sha256:35af43a464f50517854c57cee1205c2eb2561a747abf9a7c07b69546b6fcd5b1,NEW
Local+Cond,16,0.25,n/a — no frozen canonical overall WER,0.2777777777777778,0.7205882352941176,0.7205882352941176,0.11557788944723618,0,0,-3.0,3,1.0,0.9831460674157303,422.04179525375366,-0.007108300726936873,231,1.8696843113778996,sha256:ff2f1be1b554f6f71307d5b9a5fd5e949d6bdb12d7f03cd156d98612f0219049,NEW
Local+Cond,16,0.5,n/a — no frozen canonical overall WER,0.2740740740740741,0.7205882352941176,0.7205882352941176,0.11055276381909548,0,0,-3.0,3,1.0,0.9831460674157303,790.112212896347,-0.0037969290324000636,229,3.739368622755799,sha256:ff2f1be1b554f6f71307d5b9a5fd5e949d6bdb12d7f03cd156d98612f0219049,NEW
Local+Cond,16,1.0,n/a — no frozen canonical overall WER,0.3074074074074074,0.8088235294117647,0.8088235294117647,0.12562814070351758,0,6,-11.0,6,0.6842105263157895,0.9719101123595506,1278.9210619926453,-0.008600999957621511,220,7.478737245511598,sha256:ff2f1be1b554f6f71307d5b9a5fd5e949d6bdb12d7f03cd156d98612f0219049,NEW
Local+Cond,16,2.0,n/a — no frozen canonical overall WER,1.1777777777777778,0.9705882352941176,0.9705882352941176,1.2512562814070352,0,17,-175.0,169,0.10526315789473684,0.11235955056179775,1357.6162300109863,-0.1289024071247173,160,14.957474491023197,sha256:ff2f1be1b554f6f71307d5b9a5fd5e949d6bdb12d7f03cd156d98612f0219049,NEW
Local,16,0.25,n/a — no frozen canonical overall WER,0.2777777777777778,0.7205882352941176,0.7205882352941176,0.11557788944723618,0,0,-3.0,3,1.0,0.9831460674157303,414.981227517128,-0.007229242676709219,229,1.8696843113778996,sha256:39d622a7875affa89e7a4c3a04e9511fc3f15d65c6efea800c6c9c033843629c,NEW
Local,16,0.5,n/a — no frozen canonical overall WER,0.2851851851851852,0.7205882352941176,0.7205882352941176,0.12562814070351758,0,0,-5.0,5,1.0,0.9719101123595506,774.1433284282684,-0.006458752296104424,227,3.739368622755799,sha256:39d622a7875affa89e7a4c3a04e9511fc3f15d65c6efea800c6c9c033843629c,NEW
Local,16,1.0,n/a — no frozen canonical overall WER,0.3962962962962963,0.7941176470588235,0.7941176470588235,0.25125628140703515,0,5,-38.0,37,0.7368421052631579,0.8146067415730337,1309.4484939575195,-0.029019850857328014,228,7.478737245511598,sha256:39d622a7875affa89e7a4c3a04e9511fc3f15d65c6efea800c6c9c033843629c,NEW
Local,16,2.0,n/a — no frozen canonical overall WER,0.8962962962962963,0.8529411764705882,1.088235294117647,0.8291457286432161,2,11,-153.0,152,0.42105263157894735,0.19101123595505617,1338.6391334533691,-0.11429517946729717,162,14.957474491023197,sha256:39d622a7875affa89e7a4c3a04e9511fc3f15d65c6efea800c6c9c033843629c,NEW
Raw+Cond,16,0.25,n/a — no frozen canonical overall WER,0.2777777777777778,0.7205882352941176,0.7205882352941176,0.11557788944723618,0,0,-3.0,3,1.0,0.9831460674157303,422.02132749557495,-0.007108645474869883,231,1.8696843113778996,sha256:2194f44fa6e405a046cb54c45e19e86c04734e332a94b7bf563d207048a39464,NEW
Raw+Cond,16,0.5,n/a — no frozen canonical overall WER,0.2851851851851852,0.7205882352941176,0.7205882352941176,0.12562814070351758,0,0,-6.0,6,1.0,0.9662921348314607,779.9446363449097,-0.0076928537237182315,226,3.739368622755799,sha256:2194f44fa6e405a046cb54c45e19e86c04734e332a94b7bf563d207048a39464,NEW
Raw+Cond,16,1.0,n/a — no frozen canonical overall WER,0.3074074074074074,0.8088235294117647,0.8088235294117647,0.12562814070351758,0,6,-11.0,6,0.6842105263157895,0.9719101123595506,1278.8719038963318,-0.008601330568359789,220,7.478737245511598,sha256:2194f44fa6e405a046cb54c45e19e86c04734e332a94b7bf563d207048a39464,NEW
Raw+Cond,16,2.0,n/a — no frozen canonical overall WER,1.1777777777777778,0.9705882352941176,0.9705882352941176,1.2512562814070352,0,17,-175.0,169,0.10526315789473684,0.11235955056179775,1357.614797115326,-0.1289025431748695,160,14.957474491023197,sha256:2194f44fa6e405a046cb54c45e19e86c04734e332a94b7bf563d207048a39464,NEW
Raw,16,0.25,n/a — no frozen canonical overall WER,0.2777777777777778,0.7205882352941176,0.7205882352941176,0.11557788944723618,0,0,-3.0,3,1.0,0.9831460674157303,416.79636657238007,-0.00719775948305688,230,1.8696843113778996,sha256:994f21d622e2fe4a497e41cb39b5f987a7e843c2464e19efdc73745e9de747b1,NEW
Raw,16,0.5,n/a — no frozen canonical overall WER,0.2851851851851852,0.7205882352941176,0.7205882352941176,0.12562814070351758,0,0,-5.0,5,1.0,0.9719101123595506,770.6680769920349,-0.006487877400495566,226,3.739368622755799,sha256:994f21d622e2fe4a497e41cb39b5f987a7e843c2464e19efdc73745e9de747b1,NEW
Raw,16,1.0,n/a — no frozen canonical overall WER,0.3962962962962963,0.7941176470588235,0.7941176470588235,0.25125628140703515,0,5,-38.0,37,0.7368421052631579,0.8146067415730337,1309.334291934967,-0.02902238201051211,228,7.478737245511598,sha256:994f21d622e2fe4a497e41cb39b5f987a7e843c2464e19efdc73745e9de747b1,NEW
Raw,16,2.0,n/a — no frozen canonical overall WER,0.9037037037037037,0.8676470588235294,1.1176470588235294,0.8291457286432161,2,12,-154.0,153,0.3684210526315789,0.19101123595505617,1355.5483269691467,-0.11360716319448871,164,14.957474491023197,sha256:994f21d622e2fe4a497e41cb39b5f987a7e843c2464e19efdc73745e9de747b1,NEW
Conditioning,17,0.25,n/a — no frozen canonical overall WER,0.2814814814814815,0.7205882352941176,0.7205882352941176,0.12060301507537688,0,0,-4.0,4,1.0,0.9775280898876404,434.3755841255188,-0.009208620710238044,233,1.8912443153504779,sha256:10eb51521b1ea80b2c9e6f2e948655d6155c6669e1b0bdd2541aee3f3cbb3c9e,NEW
Conditioning,17,0.5,n/a — no frozen canonical overall WER,0.2777777777777778,0.6911764705882353,0.6911764705882353,0.12562814070351758,2,0,-3.0,5,1.0,0.9719101123595506,824.7958676815033,-0.003637263615824099,233,3.7824886307009558,sha256:10eb51521b1ea80b2c9e6f2e948655d6155c6669e1b0bdd2541aee3f3cbb3c9e,NEW
Conditioning,17,1.0,n/a — no frozen canonical overall WER,0.3,0.75,0.75,0.135678391959799,0,2,-9.0,7,0.8947368421052632,0.9606741573033708,1401.5030717849731,-0.006421676970381149,235,7.5649772614019115,sha256:10eb51521b1ea80b2c9e6f2e948655d6155c6669e1b0bdd2541aee3f3cbb3c9e,NEW
Conditioning,17,2.0,n/a — no frozen canonical overall WER,0.5074074074074074,0.9264705882352942,0.9411764705882353,0.35175879396984927,0,14,-63.0,58,0.2631578947368421,0.7247191011235955,1391.4224829673767,-0.04527740551212374,170,15.129954522803823,sha256:10eb51521b1ea80b2c9e6f2e948655d6155c6669e1b0bdd2541aee3f3cbb3c9e,NEW
Local+Cond,17,0.25,n/a — no frozen canonical overall WER,0.27037037037037037,0.7205882352941176,0.7205882352941176,0.10552763819095477,0,0,-1.0,1,1.0,0.9943820224719101,428.74424397945404,-0.00233239282869048,231,1.8912443153504779,sha256:8b1c440431b5f0af3d1c0ad5058c1a54a6a779c632a9c97084d1b5dcd8ed292b,NEW
Local+Cond,17,0.5,n/a — no frozen canonical overall WER,0.26296296296296295,0.7205882352941176,0.7205882352941176,0.09547738693467336,0,0,-1.0,1,1.0,0.9943820224719101,815.6046094894409,-0.0012260842917820051,232,3.7824886307009558,sha256:8b1c440431b5f0af3d1c0ad5058c1a54a6a779c632a9c97084d1b5dcd8ed292b,NEW
Local+Cond,17,1.0,n/a — no frozen canonical overall WER,0.3111111111111111,0.7352941176470589,0.7352941176470589,0.15577889447236182,0,1,-12.0,12,0.9473684210526315,0.9382022471910112,1156.9069175720215,-0.010372485303471235,195,7.5649772614019115,sha256:8b1c440431b5f0af3d1c0ad5058c1a54a6a779c632a9c97084d1b5dcd8ed292b,NEW
Local+Cond,17,2.0,n/a — no frozen canonical overall WER,1.211111111111111,0.9852941176470589,0.9852941176470589,1.2914572864321607,0,18,-186.0,180,0.05263157894736842,0.056179775280898875,848.8996410369873,-0.2191071724011906,106,15.129954522803823,sha256:8b1c440431b5f0af3d1c0ad5058c1a54a6a779c632a9c97084d1b5dcd8ed292b,NEW
Local,17,0.25,n/a — no frozen canonical overall WER,0.27037037037037037,0.7205882352941176,0.7205882352941176,0.10552763819095477,0,0,-1.0,1,1.0,0.9943820224719101,421.1921458244324,-0.0023742133131248724,229,1.8912443153504779,sha256:77a7d6e3faf2dbc9dc9ee74b69e28dc00818112f5990a18b45996a769a85805a,NEW
Local,17,0.5,n/a — no frozen canonical overall WER,0.2740740740740741,0.7352941176470589,0.7352941176470589,0.10552763819095477,0,1,-4.0,4,0.9473684210526315,0.9831460674157303,777.8114604949951,-0.005142634434126775,224,3.7824886307009558,sha256:77a7d6e3faf2dbc9dc9ee74b69e28dc00818112f5990a18b45996a769a85805a,NEW
Local,17,1.0,n/a — no frozen canonical overall WER,1.1592592592592592,0.7205882352941176,0.7352941176470589,1.306532663316583,2,2,-76.0,78,0.8947368421052632,0.5730337078651685,2041.3653559684753,-0.03722998422491778,339,7.5649772614019115,sha256:77a7d6e3faf2dbc9dc9ee74b69e28dc00818112f5990a18b45996a769a85805a,NEW
Local,17,2.0,n/a — no frozen canonical overall WER,1.462962962962963,0.9411764705882353,0.9411764705882353,1.6482412060301508,0,15,-181.0,175,0.21052631578947367,0.06741573033707865,1918.823422908783,-0.09432863797629615,224,15.129954522803823,sha256:77a7d6e3faf2dbc9dc9ee74b69e28dc00818112f5990a18b45996a769a85805a,NEW
Raw+Cond,17,0.25,n/a — no frozen canonical overall WER,0.27037037037037037,0.7205882352941176,0.7205882352941176,0.10552763819095477,0,0,-1.0,1,1.0,0.9943820224719101,428.7756015062332,-0.002332222254454613,231,1.8912443153504779,sha256:b55491e302562eae8b1be68debc5136e044cd1f1fb5863ce7680c3958b011948,NEW
Raw+Cond,17,0.5,n/a — no frozen canonical overall WER,0.26296296296296295,0.7205882352941176,0.7205882352941176,0.09547738693467336,0,0,-1.0,1,1.0,0.9943820224719101,812.1662895679474,-0.001231274940667601,231,3.7824886307009558,sha256:b55491e302562eae8b1be68debc5136e044cd1f1fb5863ce7680c3958b011948,NEW
Raw+Cond,17,1.0,n/a — no frozen canonical overall WER,0.3,0.7352941176470589,0.7352941176470589,0.1407035175879397,0,1,-10.0,10,0.9473684210526315,0.949438202247191,1161.7369446754456,-0.008607800626323114,196,7.5649772614019115,sha256:b55491e302562eae8b1be68debc5136e044cd1f1fb5863ce7680c3958b011948,NEW
Raw+Cond,17,2.0,n/a — no frozen canonical overall WER,1.2185185185185186,0.9852941176470589,0.9852941176470589,1.3015075376884422,0,18,-186.0,180,0.05263157894736842,0.056179775280898875,864.9288320541382,-0.21504659471030071,108,15.129954522803823,sha256:b55491e302562eae8b1be68debc5136e044cd1f1fb5863ce7680c3958b011948,NEW
Raw,17,0.25,n/a — no frozen canonical overall WER,0.27037037037037037,0.7205882352941176,0.7205882352941176,0.10552763819095477,0,0,-1.0,1,1.0,0.9943820224719101,421.2865957021713,-0.0023736810290231744,229,1.8912443153504779,sha256:66d5a9bdfce39cb478cc758e401f7eefe43031268ebb6738eb91e0c55386d468,NEW
Raw,17,0.5,n/a — no frozen canonical overall WER,0.2740740740740741,0.7352941176470589,0.7352941176470589,0.10552763819095477,0,1,-4.0,4,0.9473684210526315,0.9831460674157303,777.7919704914093,-0.005142763298871289,224,3.7824886307009558,sha256:66d5a9bdfce39cb478cc758e401f7eefe43031268ebb6738eb91e0c55386d468,NEW
Raw,17,1.0,n/a — no frozen canonical overall WER,0.4703703703703704,0.7205882352941176,0.7352941176470589,0.37185929648241206,2,2,-53.0,55,0.8947368421052632,0.702247191011236,1006.445574760437,-0.052660572344029155,173,7.5649772614019115,sha256:66d5a9bdfce39cb478cc758e401f7eefe43031268ebb6738eb91e0c55386d468,NEW
Raw,17,2.0,n/a — no frozen canonical overall WER,1.462962962962963,0.9411764705882353,0.9411764705882353,1.6482412060301508,0,15,-181.0,175,0.21052631578947367,0.06741573033707865,1918.9551620483398,-0.09432216217433458,224,15.129954522803823,sha256:66d5a9bdfce39cb478cc758e401f7eefe43031268ebb6738eb91e0c55386d468,NEW
Conditioning,18,0.25,n/a — no frozen canonical overall WER,0.27037037037037037,0.7205882352941176,0.7205882352941176,0.10552763819095477,0,0,-1.0,1,1.0,0.9943820224719101,430.7202082872391,-0.0023216927851528136,233,1.8886876428045627,sha256:73d0ad18ce159709de8674bf75695a1c43908aa10070e3c95c8be6e3915ac086,NEW
Conditioning,18,0.5,n/a — no frozen canonical overall WER,0.29259259259259257,0.6617647058823529,0.6617647058823529,0.15577889447236182,4,0,-7.0,11,1.0,0.9382022471910112,807.9643471240997,-0.008663748623211008,232,3.7773752856091254,sha256:73d0ad18ce159709de8674bf75695a1c43908aa10070e3c95c8be6e3915ac086,NEW
Conditioning,18,1.0,n/a — no frozen canonical overall WER,0.28888888888888886,0.6470588235294118,0.6617647058823529,0.1507537688442211,5,0,-2.0,7,1.0,0.9606741573033708,1387.184313774109,-0.0014417694751453793,239,7.554750571218251,sha256:73d0ad18ce159709de8674bf75695a1c43908aa10070e3c95c8be6e3915ac086,NEW
Conditioning,18,2.0,n/a — no frozen canonical overall WER,0.7481481481481481,0.9852941176470589,1.0,0.6582914572864321,0,18,-117.0,111,0.05263157894736842,0.4438202247191011,1070.488869190216,-0.10929585852537264,136,15.109501142436502,sha256:73d0ad18ce159709de8674bf75695a1c43908aa10070e3c95c8be6e3915ac086,NEW
Local+Cond,18,0.25,n/a — no frozen canonical overall WER,0.27037037037037037,0.7205882352941176,0.7205882352941176,0.10552763819095477,0,0,-1.0,1,1.0,0.9943820224719101,426.2491226196289,-0.0023460458847498157,232,1.8886876428045627,sha256:c5f6dfe2a3535f03f4c19e55cf0b08e86eae2ad4a5faaf398edd143f952b0201,NEW
Local+Cond,18,0.5,n/a — no frozen canonical overall WER,0.2814814814814815,0.7205882352941176,0.7205882352941176,0.12060301507537688,0,0,-4.0,4,1.0,0.9775280898876404,791.4572668075562,-0.00505396837928409,229,3.7773752856091254,sha256:c5f6dfe2a3535f03f4c19e55cf0b08e86eae2ad4a5faaf398edd143f952b0201,NEW
Local+Cond,18,1.0,n/a — no frozen canonical overall WER,0.42592592592592593,0.7205882352941176,0.7205882352941176,0.3165829145728643,2,2,-42.0,44,0.8947368421052632,0.7640449438202247,974.7304701805115,-0.043088834590573506,170,7.554750571218251,sha256:c5f6dfe2a3535f03f4c19e55cf0b08e86eae2ad4a5faaf398edd143f952b0201,NEW
Local+Cond,18,2.0,n/a — no frozen canonical overall WER,1.4444444444444444,0.9264705882352942,0.9264705882352942,1.6281407035175879,0,14,-170.0,164,0.2631578947368421,0.12359550561797752,1983.4950685501099,-0.0857072965269665,242,15.109501142436502,sha256:c5f6dfe2a3535f03f4c19e55cf0b08e86eae2ad4a5faaf398edd143f952b0201,NEW
Local,18,0.25,n/a — no frozen canonical overall WER,0.27037037037037037,0.7205882352941176,0.7205882352941176,0.10552763819095477,0,0,-1.0,1,1.0,0.9943820224719101,418.5135473012924,-0.0023894089126823156,229,1.8886876428045627,sha256:64d4ad07fc967916b8708ce8e76f4c3a5dc5d66eb846e1821776c49300e11d59,NEW
Local,18,0.5,n/a — no frozen canonical overall WER,0.2814814814814815,0.7205882352941176,0.7205882352941176,0.12060301507537688,0,0,-5.0,5,1.0,0.9719101123595506,780.9773082733154,-0.006402234670626525,227,3.7773752856091254,sha256:64d4ad07fc967916b8708ce8e76f4c3a5dc5d66eb846e1821776c49300e11d59,NEW
Local,18,1.0,n/a — no frozen canonical overall WER,0.3296296296296296,0.75,0.75,0.17587939698492464,0,2,-18.0,18,0.8947368421052632,0.9101123595505618,1088.3189086914062,-0.016539269745522646,189,7.554750571218251,sha256:64d4ad07fc967916b8708ce8e76f4c3a5dc5d66eb846e1821776c49300e11d59,NEW
Local,18,2.0,n/a — no frozen canonical overall WER,0.8481481481481481,0.8676470588235294,0.8676470588235294,0.8391959798994975,0,10,-156.0,153,0.47368421052631576,0.1797752808988764,485.9441566467285,-0.321024541331009,61,15.109501142436502,sha256:64d4ad07fc967916b8708ce8e76f4c3a5dc5d66eb846e1821776c49300e11d59,NEW
Raw+Cond,18,0.25,n/a — no frozen canonical overall WER,0.27037037037037037,0.7205882352941176,0.7205882352941176,0.10552763819095477,0,0,-1.0,1,1.0,0.9943820224719101,426.1872936487198,-0.0023463862365268894,232,1.8886876428045627,sha256:d637db1def8d3578cc7ef4056fdbc2099dd725c9582a22afc925ef10f88a1b67,NEW
Raw+Cond,18,0.5,n/a — no frozen canonical overall WER,0.2777777777777778,0.7205882352941176,0.7205882352941176,0.11557788944723618,0,0,-3.0,3,1.0,0.9831460674157303,794.6315221786499,-0.003775334751099311,230,3.7773752856091254,sha256:d637db1def8d3578cc7ef4056fdbc2099dd725c9582a22afc925ef10f88a1b67,NEW
Raw+Cond,18,1.0,n/a — no frozen canonical overall WER,0.4222222222222222,0.75,0.75,0.3015075376884422,0,2,-41.0,41,0.8947368421052632,0.7808988764044944,1027.1514129638672,-0.03991621827369504,179,7.554750571218251,sha256:d637db1def8d3578cc7ef4056fdbc2099dd725c9582a22afc925ef10f88a1b67,NEW
Raw+Cond,18,2.0,n/a — no frozen canonical overall WER,1.4555555555555555,0.9411764705882353,0.9411764705882353,1.6381909547738693,0,15,-173.0,167,0.21052631578947367,0.11235955056179775,1919.1916246414185,-0.09014211909783802,234,15.109501142436502,sha256:d637db1def8d3578cc7ef4056fdbc2099dd725c9582a22afc925ef10f88a1b67,NEW
Raw,18,0.25,n/a — no frozen canonical overall WER,0.27037037037037037,0.7205882352941176,0.7205882352941176,0.10552763819095477,0,0,-1.0,1,1.0,0.9943820224719101,418.48407888412476,-0.002389577167825524,229,1.8886876428045627,sha256:a79ca224683fdcd0994b832a22556baed18a0a72432350fb6706597c4ed4c1da,NEW
Raw,18,0.5,n/a — no frozen canonical overall WER,0.2851851851851852,0.7205882352941176,0.7205882352941176,0.12562814070351758,0,0,-5.0,5,1.0,0.9719101123595506,774.449990272522,-0.006456194799925745,225,3.7773752856091254,sha256:a79ca224683fdcd0994b832a22556baed18a0a72432350fb6706597c4ed4c1da,NEW
Raw,18,1.0,n/a — no frozen canonical overall WER,0.3148148148148148,0.75,0.75,0.15577889447236182,0,2,-14.0,14,0.8947368421052632,0.9325842696629213,1181.8197755813599,-0.011846137870821404,205,7.554750571218251,sha256:a79ca224683fdcd0994b832a22556baed18a0a72432350fb6706597c4ed4c1da,NEW
Raw,18,2.0,n/a — no frozen canonical overall WER,0.8296296296296296,0.8676470588235294,0.8676470588235294,0.8140703517587939,0,10,-151.0,148,0.47368421052631576,0.20786516853932585,637.1671304702759,-0.23698648718516124,79,15.109501142436502,sha256:a79ca224683fdcd0994b832a22556baed18a0a72432350fb6706597c4ed4c1da,NEW
Conditioning,19,0.25,n/a — no frozen canonical overall WER,0.2777777777777778,0.7205882352941176,0.7205882352941176,0.11557788944723618,0,0,-3.0,3,1.0,0.9831460674157303,442.4091891050339,-0.006781052640585546,232,1.9389354723602459,sha256:ca64bd4faf7f7fa84e83861d6d5bbc4a960b4ad32073c57aae908acf287d550e,NEW
Conditioning,19,0.5,n/a — no frozen canonical overall WER,0.28888888888888886,0.6911764705882353,0.6911764705882353,0.1407035175879397,2,0,-6.0,8,1.0,0.9550561797752809,837.6452271938324,-0.0071629370110546705,232,3.8778709447204918,sha256:ca64bd4faf7f7fa84e83861d6d5bbc4a960b4ad32073c57aae908acf287d550e,NEW
Conditioning,19,1.0,n/a — no frozen canonical overall WER,0.34444444444444444,0.7352941176470589,0.7352941176470589,0.20100502512562815,4,5,-18.0,20,0.7368421052631579,0.9044943820224719,1273.8621006011963,-0.01413025789173329,210,7.7557418894409835,sha256:ca64bd4faf7f7fa84e83861d6d5bbc4a960b4ad32073c57aae908acf287d550e,NEW
Conditioning,19,2.0,n/a — no frozen canonical overall WER,0.7666666666666667,0.9852941176470589,0.9852941176470589,0.6884422110552764,0,18,-129.0,123,0.05263157894736842,0.37640449438202245,1004.5583024024963,-0.12841464720512913,121,15.511483778881967,sha256:ca64bd4faf7f7fa84e83861d6d5bbc4a960b4ad32073c57aae908acf287d550e,NEW
Local+Cond,19,0.25,n/a — no frozen canonical overall WER,0.2777777777777778,0.7205882352941176,0.7205882352941176,0.11557788944723618,0,0,-3.0,3,1.0,0.9831460674157303,435.9792455434799,-0.0068810614969992,230,1.9389354723602459,sha256:72ebaa11b84547e292792dd6e44b801c1af044bb51369ddba6e0e04296bf84e2,NEW
Local+Cond,19,0.5,n/a — no frozen canonical overall WER,0.29259259259259257,0.7205882352941176,0.7205882352941176,0.135678391959799,0,0,-7.0,7,1.0,0.9606741573033708,719.778950214386,-0.009725207993252723,201,3.8778709447204918,sha256:72ebaa11b84547e292792dd6e44b801c1af044bb51369ddba6e0e04296bf84e2,NEW
Local+Cond,19,1.0,n/a — no frozen canonical overall WER,0.3296296296296296,0.7941176470588235,0.7941176470588235,0.16080402010050251,0,5,-17.0,14,0.7368421052631579,0.9325842696629213,1240.0669054985046,-0.013708937739263375,206,7.7557418894409835,sha256:72ebaa11b84547e292792dd6e44b801c1af044bb51369ddba6e0e04296bf84e2,NEW
Local+Cond,19,2.0,n/a — no frozen canonical overall WER,1.3185185185185184,0.9558823529411765,0.9558823529411765,1.4472361809045227,0,16,-175.0,169,0.15789473684210525,0.10674157303370786,1234.7013602256775,-0.1417346782285991,155,15.511483778881967,sha256:72ebaa11b84547e292792dd6e44b801c1af044bb51369ddba6e0e04296bf84e2,NEW
Local,19,0.25,n/a — no frozen canonical overall WER,0.2777777777777778,0.7205882352941176,0.7205882352941176,0.11557788944723618,0,0,-3.0,3,1.0,0.9831460674157303,430.20787596702576,-0.006973373031018013,229,1.9389354723602459,sha256:c51744d5d4ff5207caf7fdaa2b4fc5fc5a48ea0688e5f58a6a230e05825b8ae1,NEW
Local,19,0.5,n/a — no frozen canonical overall WER,0.2851851851851852,0.7205882352941176,0.7205882352941176,0.12562814070351758,0,0,-5.0,5,1.0,0.9719101123595506,795.8330504894257,-0.006282724746006808,225,3.8778709447204918,sha256:c51744d5d4ff5207caf7fdaa2b4fc5fc5a48ea0688e5f58a6a230e05825b8ae1,NEW
Local,19,1.0,n/a — no frozen canonical overall WER,0.4740740740740741,0.7941176470588235,0.8088235294117647,0.35175879396984927,0,5,-57.0,54,0.7368421052631579,0.7078651685393258,1239.6250066757202,-0.04598164742808461,208,7.7557418894409835,sha256:c51744d5d4ff5207caf7fdaa2b4fc5fc5a48ea0688e5f58a6a230e05825b8ae1,NEW
Local,19,2.0,n/a — no frozen canonical overall WER,1.6296296296296295,0.9411764705882353,0.9411764705882353,1.8743718592964824,0,15,-183.0,177,0.21052631578947367,0.056179775280898875,1814.1411514282227,-0.10087417941869033,226,15.511483778881967,sha256:c51744d5d4ff5207caf7fdaa2b4fc5fc5a48ea0688e5f58a6a230e05825b8ae1,NEW
Raw+Cond,19,0.25,n/a — no frozen canonical overall WER,0.2777777777777778,0.7205882352941176,0.7205882352941176,0.11557788944723618,0,0,-3.0,3,1.0,0.9831460674157303,435.8064501285553,-0.0068837898087902374,230,1.9389354723602459,sha256:b3c4e1d7c30d24e0e7fe9fcb0c67694a647672997a90c4028b7c2c6fb780bc72,NEW
Raw+Cond,19,0.5,n/a — no frozen canonical overall WER,0.29259259259259257,0.7205882352941176,0.7205882352941176,0.135678391959799,0,0,-7.0,7,1.0,0.9606741573033708,716.009580373764,-0.009776405500532452,200,3.8778709447204918,sha256:b3c4e1d7c30d24e0e7fe9fcb0c67694a647672997a90c4028b7c2c6fb780bc72,NEW
Raw+Cond,19,1.0,n/a — no frozen canonical overall WER,0.3296296296296296,0.7941176470588235,0.7941176470588235,0.16080402010050251,0,5,-17.0,14,0.7368421052631579,0.9325842696629213,1239.4755291938782,-0.013715478522642837,206,7.7557418894409835,sha256:b3c4e1d7c30d24e0e7fe9fcb0c67694a647672997a90c4028b7c2c6fb780bc72,NEW
Raw+Cond,19,2.0,n/a — no frozen canonical overall WER,1.3407407407407408,0.9558823529411765,0.9558823529411765,1.4773869346733668,0,16,-174.0,168,0.15789473684210525,0.11235955056179775,1264.28813123703,-0.13762685554103196,159,15.511483778881967,sha256:b3c4e1d7c30d24e0e7fe9fcb0c67694a647672997a90c4028b7c2c6fb780bc72,NEW
Raw,19,0.25,n/a — no frozen canonical overall WER,0.2777777777777778,0.7205882352941176,0.7205882352941176,0.11557788944723618,0,0,-3.0,3,1.0,0.9831460674157303,428.16241014003754,-0.007006687016309537,228,1.9389354723602459,sha256:70f968dc8402991b4e707e579b100c7e1cf4229590a4f2391eb8eec8517092ba,NEW
Raw,19,0.5,n/a — no frozen canonical overall WER,0.2851851851851852,0.7205882352941176,0.7205882352941176,0.12562814070351758,0,0,-5.0,5,1.0,0.9719101123595506,795.1848440170288,-0.006287846200314307,225,3.8778709447204918,sha256:70f968dc8402991b4e707e579b100c7e1cf4229590a4f2391eb8eec8517092ba,NEW
Raw,19,1.0,n/a — no frozen canonical overall WER,0.4777777777777778,0.7941176470588235,0.8088235294117647,0.35678391959798994,0,5,-57.0,54,0.7368421052631579,0.7078651685393258,1231.532286643982,-0.046283804832538564,207,7.7557418894409835,sha256:70f968dc8402991b4e707e579b100c7e1cf4229590a4f2391eb8eec8517092ba,NEW
Raw,19,2.0,n/a — no frozen canonical overall WER,0.9481481481481482,0.9411764705882353,0.9411764705882353,0.949748743718593,0,15,-183.0,177,0.21052631578947367,0.056179775280898875,229.5346326828003,-0.7972653096445464,28,15.511483778881967,sha256:70f968dc8402991b4e707e579b100c7e1cf4229590a4f2391eb8eec8517092ba,NEW
Conditioning,20,0.25,n/a — no frozen canonical overall WER,0.2814814814814815,0.7205882352941176,0.7205882352941176,0.12060301507537688,0,0,-4.0,4,1.0,0.9775280898876404,450.94973492622375,-0.008870168203235352,234,1.9534355811867035,sha256:98d9f278c19068db5e912b4bb9d913825fca1dca1f3d839cf33d0daa9bd8e768,NEW
Conditioning,20,0.5,n/a — no frozen canonical overall WER,0.3,0.6617647058823529,0.6617647058823529,0.1658291457286432,4,0,-9.0,13,1.0,0.9269662921348315,841.4172163009644,-0.01069623942277503,230,3.906871162373407,sha256:98d9f278c19068db5e912b4bb9d913825fca1dca1f3d839cf33d0daa9bd8e768,NEW
Conditioning,20,1.0,n/a — no frozen canonical overall WER,1.5444444444444445,0.7058823529411765,0.7205882352941176,1.8341708542713568,4,3,-13.0,17,0.8421052631578947,0.9213483146067416,2447.699368953705,-0.005311109756733315,400,7.813742324746814,sha256:98d9f278c19068db5e912b4bb9d913825fca1dca1f3d839cf33d0daa9bd8e768,NEW
Conditioning,20,2.0,n/a — no frozen canonical overall WER,0.8333333333333334,0.8823529411764706,0.8823529411764706,0.8140703517587939,4,15,-151.0,146,0.21052631578947367,0.2303370786516854,968.5846638679504,-0.15589757471174065,115,15.627484649493628,sha256:98d9f278c19068db5e912b4bb9d913825fca1dca1f3d839cf33d0daa9bd8e768,NEW
Local+Cond,20,0.25,n/a — no frozen canonical overall WER,0.2777777777777778,0.7205882352941176,0.7205882352941176,0.11557788944723618,0,0,-3.0,3,1.0,0.9831460674157303,441.38349974155426,-0.006796810487380264,230,1.9534355811867035,sha256:502e7de0d9cea68d9d795940c08ac489264e3a3e41fe90d58a55d57ef26cbc86,NEW
Local+Cond,20,0.5,n/a — no frozen canonical overall WER,0.2962962962962963,0.7205882352941176,0.7205882352941176,0.1407035175879397,0,0,-8.0,8,1.0,0.9550561797752809,724.2677299976349,-0.011045639158914513,199,3.906871162373407,sha256:502e7de0d9cea68d9d795940c08ac489264e3a3e41fe90d58a55d57ef26cbc86,NEW
Local+Cond,20,1.0,n/a — no frozen canonical overall WER,0.7925925925925926,0.75,2.1323529411764706,0.3316582914572864,0,2,-47.0,47,0.8947368421052632,0.7471910112359551,2197.752737045288,-0.021385481272651233,359,7.813742324746814,sha256:502e7de0d9cea68d9d795940c08ac489264e3a3e41fe90d58a55d57ef26cbc86,NEW
Local+Cond,20,2.0,n/a — no frozen canonical overall WER,1.6222222222222222,0.9411764705882353,0.9411764705882353,1.864321608040201,0,15,-177.0,171,0.21052631578947367,0.0898876404494382,2007.6955699920654,-0.08816077628776135,246,15.627484649493628,sha256:502e7de0d9cea68d9d795940c08ac489264e3a3e41fe90d58a55d57ef26cbc86,NEW
Local,20,0.25,n/a — no frozen canonical overall WER,0.2777777777777778,0.7205882352941176,0.7205882352941176,0.11557788944723618,0,0,-3.0,3,1.0,0.9831460674157303,433.3463259935379,-0.0069228693542557835,228,1.9534355811867035,sha256:fc2a7685a7ad095b99492b80d8ad0819fa8af7036f188de4076c37cac3ee8910,NEW
Local,20,0.5,n/a — no frozen canonical overall WER,0.28888888888888886,0.7205882352941176,0.7205882352941176,0.1306532663316583,0,0,-6.0,6,1.0,0.9662921348314607,809.9109578132629,-0.007408221783046167,226,3.906871162373407,sha256:fc2a7685a7ad095b99492b80d8ad0819fa8af7036f188de4076c37cac3ee8910,NEW
Local,20,1.0,n/a — no frozen canonical overall WER,1.4444444444444444,0.8088235294117647,1.1470588235294117,1.5477386934673367,0,6,-107.0,104,0.6842105263157895,0.43258426966292135,3301.335165500641,-0.03241112902384562,538,7.813742324746814,sha256:fc2a7685a7ad095b99492b80d8ad0819fa8af7036f188de4076c37cac3ee8910,NEW
Local,20,2.0,n/a — no frozen canonical overall WER,0.9148148148148149,0.8970588235294118,0.8970588235294118,0.9195979899497487,0,12,-176.0,170,0.3684210526315789,0.07865168539325842,570.7845988273621,-0.30834749283982077,69,15.627484649493628,sha256:fc2a7685a7ad095b99492b80d8ad0819fa8af7036f188de4076c37cac3ee8910,NEW
Raw+Cond,20,0.25,n/a — no frozen canonical overall WER,0.2777777777777778,0.7205882352941176,0.7205882352941176,0.11557788944723618,0,0,-3.0,3,1.0,0.9831460674157303,449.02847051620483,-0.006681090837182748,234,1.9534355811867035,sha256:954a430d88c6daf1d29faaa1ceffc80be3cb775ae18b8078eb4e5914f6cca953,NEW
Raw+Cond,20,0.5,n/a — no frozen canonical overall WER,0.2851851851851852,0.7205882352941176,0.7205882352941176,0.12562814070351758,0,0,-6.0,6,1.0,0.9662921348314607,832.7262516021729,-0.007205249010050957,229,3.906871162373407,sha256:954a430d88c6daf1d29faaa1ceffc80be3cb775ae18b8078eb4e5914f6cca953,NEW
Raw+Cond,20,1.0,n/a — no frozen canonical overall WER,0.44814814814814813,0.7647058823529411,0.7647058823529411,0.3316582914572864,0,3,-48.0,48,0.8421052631578947,0.7471910112359551,996.6023535728455,-0.04816364302965847,163,7.813742324746814,sha256:954a430d88c6daf1d29faaa1ceffc80be3cb775ae18b8078eb4e5914f6cca953,NEW
Raw+Cond,20,2.0,n/a — no frozen canonical overall WER,1.6222222222222222,0.9411764705882353,0.9411764705882353,1.864321608040201,0,15,-177.0,171,0.21052631578947367,0.0898876404494382,2006.3232383728027,-0.08822107854542575,246,15.627484649493628,sha256:954a430d88c6daf1d29faaa1ceffc80be3cb775ae18b8078eb4e5914f6cca953,NEW
Raw,20,0.25,n/a — no frozen canonical overall WER,0.2777777777777778,0.7205882352941176,0.7205882352941176,0.11557788944723618,0,0,-3.0,3,1.0,0.9831460674157303,433.08308458328247,-0.006927077290230891,228,1.9534355811867035,sha256:1cda6348ede027d3bd7ee0b3739bf34cd6eb090ff17d28c052631df5f4d7cab7,NEW
Raw,20,0.5,n/a — no frozen canonical overall WER,0.28888888888888886,0.7205882352941176,0.7205882352941176,0.1306532663316583,0,0,-6.0,6,1.0,0.9662921348314607,809.0139932632446,-0.00741643537684479,226,3.906871162373407,sha256:1cda6348ede027d3bd7ee0b3739bf34cd6eb090ff17d28c052631df5f4d7cab7,NEW
Raw,20,1.0,n/a — no frozen canonical overall WER,1.4444444444444444,0.8088235294117647,1.1470588235294117,1.5477386934673367,0,6,-107.0,104,0.6842105263157895,0.43258426966292135,3279.4491238594055,-0.03262743099794685,535,7.813742324746814,sha256:1cda6348ede027d3bd7ee0b3739bf34cd6eb090ff17d28c052631df5f4d7cab7,NEW
Raw,20,2.0,n/a — no frozen canonical overall WER,0.9185185185185185,0.9117647058823529,0.9117647058823529,0.9195979899497487,0,13,-177.0,171,0.3157894736842105,0.07865168539325842,617.4388175010681,-0.2866680794647217,75,15.627484649493628,sha256:1cda6348ede027d3bd7ee0b3739bf34cd6eb090ff17d28c052631df5f4d7cab7,NEW
Conditioning,21,0.25,n/a — no frozen canonical overall WER,0.28888888888888886,0.7205882352941176,0.7205882352941176,0.1306532663316583,0,0,-6.0,6,1.0,0.9662921348314607,467.03473353385925,-0.012847010231124513,231,2.040866016698742,sha256:4cb5e7db675a69501dbb03668f6da998086eb61bdf927f80854d8951de23af23,NEW
Conditioning,21,0.5,n/a — no frozen canonical overall WER,0.28888888888888886,0.6911764705882353,0.6911764705882353,0.1407035175879397,2,0,-6.0,8,1.0,0.9550561797752809,887.3090677261353,-0.006762018126757021,231,4.081732033397484,sha256:4cb5e7db675a69501dbb03668f6da998086eb61bdf927f80854d8951de23af23,NEW
Conditioning,21,1.0,n/a — no frozen canonical overall WER,1.6185185185185185,0.7205882352941176,0.7352941176470589,1.92964824120603,4,4,-32.0,36,0.7894736842105263,0.8202247191011236,2459.0520272254944,-0.013013144758919576,387,8.163464066794967,sha256:4cb5e7db675a69501dbb03668f6da998086eb61bdf927f80854d8951de23af23,NEW
Conditioning,21,2.0,n/a — no frozen canonical overall WER,1.4555555555555555,0.8823529411764706,0.8970588235294118,1.6532663316582914,2,13,-154.0,148,0.3157894736842105,0.20786516853932585,3076.3685359954834,-0.050059021927347555,350,16.326928133589934,sha256:4cb5e7db675a69501dbb03668f6da998086eb61bdf927f80854d8951de23af23,NEW
Local+Cond,21,0.25,n/a — no frozen canonical overall WER,0.2962962962962963,0.7205882352941176,0.7205882352941176,0.1407035175879397,0,0,-8.0,8,1.0,0.9550561797752809,463.1189465522766,-0.017274179904658606,230,2.040866016698742,sha256:b3bf0fe6e08b5550efae0c4ed919d34c0922db9f3d1b052b037cf1a9af791c23,NEW
Local+Cond,21,0.5,n/a — no frozen canonical overall WER,0.2962962962962963,0.7205882352941176,0.7205882352941176,0.1407035175879397,0,0,-8.0,8,1.0,0.9550561797752809,852.63161277771,-0.009382715677099442,223,4.081732033397484,sha256:b3bf0fe6e08b5550efae0c4ed919d34c0922db9f3d1b052b037cf1a9af791c23,NEW
Local+Cond,21,1.0,n/a — no frozen canonical overall WER,0.8185185185185185,0.7941176470588235,2.2058823529411766,0.3417085427135678,0,5,-53.0,50,0.7368421052631579,0.7303370786516854,2083.7581973075867,-0.025434812958855316,327,8.163464066794967,sha256:b3bf0fe6e08b5550efae0c4ed919d34c0922db9f3d1b052b037cf1a9af791c23,NEW
Local+Cond,21,2.0,n/a — no frozen canonical overall WER,2.2333333333333334,0.9411764705882353,0.9411764705882353,2.693467336683417,0,15,-180.0,174,0.21052631578947367,0.07303370786516854,3977.206995487213,-0.04525789082746742,459,16.326928133589934,sha256:b3bf0fe6e08b5550efae0c4ed919d34c0922db9f3d1b052b037cf1a9af791c23,NEW
Local,21,0.25,n/a — no frozen canonical overall WER,0.2777777777777778,0.7205882352941176,0.7205882352941176,0.11557788944723618,0,0,-3.0,3,1.0,0.9831460674157303,454.7113742828369,-0.006597591724490176,228,2.040866016698742,sha256:ad2e3c19973461279c7c1ad65c66185b8cff787a8f3be5ab8040dd26ca25ef9e,NEW
Local,21,0.5,n/a — no frozen canonical overall WER,0.29259259259259257,0.7205882352941176,0.7205882352941176,0.135678391959799,0,0,-8.0,8,1.0,0.9550561797752809,836.8010067939758,-0.009560217943152685,222,4.081732033397484,sha256:ad2e3c19973461279c7c1ad65c66185b8cff787a8f3be5ab8040dd26ca25ef9e,NEW
Local,21,1.0,n/a — no frozen canonical overall WER,1.362962962962963,0.8382352941176471,0.8382352941176471,1.5477386934673367,0,8,-148.0,144,0.5789473684210527,0.21348314606741572,2113.6348786354065,-0.07002155457216479,332,8.163464066794967,sha256:ad2e3c19973461279c7c1ad65c66185b8cff787a8f3be5ab8040dd26ca25ef9e,NEW
Local,21,2.0,n/a — no frozen canonical overall WER,0.9592592592592593,0.9558823529411765,0.9558823529411765,0.9597989949748744,0,16,-186.0,180,0.15789473684210525,0.0449438202247191,574.252489566803,-0.32389933588326664,67,16.326928133589934,sha256:ad2e3c19973461279c7c1ad65c66185b8cff787a8f3be5ab8040dd26ca25ef9e,NEW
Raw+Cond,21,0.25,n/a — no frozen canonical overall WER,0.2962962962962963,0.7205882352941176,0.7205882352941176,0.1407035175879397,0,0,-8.0,8,1.0,0.9550561797752809,463.11010122299194,-0.017274509838747662,230,2.040866016698742,sha256:794a8fcfe8630ab155c31c6ae4b77c66aad98fa12cdc6dbf6e0c208695e633f6,NEW
Raw+Cond,21,0.5,n/a — no frozen canonical overall WER,0.2962962962962963,0.7205882352941176,0.7205882352941176,0.1407035175879397,0,0,-8.0,8,1.0,0.9550561797752809,852.5851216316223,-0.009383227313057161,223,4.081732033397484,sha256:794a8fcfe8630ab155c31c6ae4b77c66aad98fa12cdc6dbf6e0c208695e633f6,NEW
Raw+Cond,21,1.0,n/a — no frozen canonical overall WER,0.8037037037037037,0.7941176470588235,2.1470588235294117,0.3417085427135678,0,5,-53.0,50,0.7368421052631579,0.7303370786516854,2045.7718877792358,-0.02590709175182456,321,8.163464066794967,sha256:794a8fcfe8630ab155c31c6ae4b77c66aad98fa12cdc6dbf6e0c208695e633f6,NEW
Raw+Cond,21,2.0,n/a — no frozen canonical overall WER,2.2333333333333334,0.9411764705882353,0.9411764705882353,2.693467336683417,0,15,-180.0,174,0.21052631578947367,0.07303370786516854,3968.414653778076,-0.04535816332313797,458,16.326928133589934,sha256:794a8fcfe8630ab155c31c6ae4b77c66aad98fa12cdc6dbf6e0c208695e633f6,NEW
Raw,21,0.25,n/a — no frozen canonical overall WER,0.2777777777777778,0.7205882352941176,0.7205882352941176,0.11557788944723618,0,0,-3.0,3,1.0,0.9831460674157303,454.50613582134247,-0.006600570957262592,228,2.040866016698742,sha256:472724373083a48b68b3bc7359d48f4e457fe69b1f0efc667628894b2c8fa769,NEW
Raw,21,0.5,n/a — no frozen canonical overall WER,0.29259259259259257,0.7205882352941176,0.7205882352941176,0.135678391959799,0,0,-8.0,8,1.0,0.9550561797752809,836.287100315094,-0.00956609278916987,222,4.081732033397484,sha256:472724373083a48b68b3bc7359d48f4e457fe69b1f0efc667628894b2c8fa769,NEW
Raw,21,1.0,n/a — no frozen canonical overall WER,1.348148148148148,0.8382352941176471,0.8382352941176471,1.5276381909547738,0,8,-150.0,146,0.5789473684210527,0.20224719101123595,2193.8346152305603,-0.06837343114136057,345,8.163464066794967,sha256:472724373083a48b68b3bc7359d48f4e457fe69b1f0efc667628894b2c8fa769,NEW
Raw,21,2.0,n/a — no frozen canonical overall WER,0.9592592592592593,0.9558823529411765,0.9558823529411765,0.9597989949748744,0,16,-186.0,180,0.15789473684210525,0.0449438202247191,557.135434627533,-0.333850601558575,65,16.326928133589934,sha256:472724373083a48b68b3bc7359d48f4e457fe69b1f0efc667628894b2c8fa769,NEW
Conditioning,22,0.25,n/a — no frozen canonical overall WER,0.28888888888888886,0.6911764705882353,0.6911764705882353,0.1407035175879397,2,0,-5.0,7,1.0,0.9606741573033708,417.29435753822327,-0.011981949694927305,203,2.0722582255103394,sha256:930bc2a2bff3ae928db4b53710f3beb8fa356a0e7ee43996d23bc0279111b17b,NEW
Conditioning,22,0.5,n/a — no frozen canonical overall WER,0.29259259259259257,0.6911764705882353,0.6911764705882353,0.1457286432160804,2,0,-6.0,8,1.0,0.9550561797752809,793.9509391784668,-0.007557142014604131,203,4.144516451020679,sha256:930bc2a2bff3ae928db4b53710f3beb8fa356a0e7ee43996d23bc0279111b17b,NEW
Conditioning,22,1.0,n/a — no frozen canonical overall WER,1.5407407407407407,0.7205882352941176,0.7352941176470589,1.8241206030150754,4,4,-11.0,15,0.7894736842105263,0.9382022471910112,2570.4231238365173,-0.00427945107480274,395,8.289032902041358,sha256:930bc2a2bff3ae928db4b53710f3beb8fa356a0e7ee43996d23bc0279111b17b,NEW
Conditioning,22,2.0,n/a — no frozen canonical overall WER,2.5814814814814815,0.8235294117647058,0.8382352941176471,3.201005025125628,5,12,-148.0,144,0.3684210526315789,0.2247191011235955,7608.614802360535,-0.019451635264027788,866,16.578065804082716,sha256:930bc2a2bff3ae928db4b53710f3beb8fa356a0e7ee43996d23bc0279111b17b,NEW
Local+Cond,22,0.25,n/a — no frozen canonical overall WER,0.3037037037037037,0.7205882352941176,0.7205882352941176,0.1507537688442211,0,0,-10.0,10,1.0,0.9438202247191011,406.99097645282745,-0.024570569321108907,199,2.0722582255103394,sha256:a91f1eda132ba53961ceb815ce2199a34bc3ee31903a66add3414e7e584789b9,NEW
Local+Cond,22,0.5,n/a — no frozen canonical overall WER,0.3148148148148148,0.7205882352941176,0.7205882352941176,0.1658291457286432,0,0,-13.0,13,1.0,0.9269662921348315,750.457691192627,-0.017322762032514327,193,4.144516451020679,sha256:a91f1eda132ba53961ceb815ce2199a34bc3ee31903a66add3414e7e584789b9,NEW
Local+Cond,22,1.0,n/a — no frozen canonical overall WER,1.2259259259259259,0.7205882352941176,0.8088235294117647,1.3718592964824121,2,2,-88.0,90,0.8947368421052632,0.5056179775280899,3335.508159637451,-0.026382786606513667,513,8.289032902041358,sha256:a91f1eda132ba53961ceb815ce2199a34bc3ee31903a66add3414e7e584789b9,NEW
Local+Cond,22,2.0,n/a — no frozen canonical overall WER,2.762962962962963,0.8529411764705882,0.8529411764705882,3.442211055276382,5,14,-177.0,173,0.2631578947368421,0.07303370786516854,5617.849253177643,-0.03150671939085637,644,16.578065804082716,sha256:a91f1eda132ba53961ceb815ce2199a34bc3ee31903a66add3414e7e584789b9,NEW
Local,22,0.25,n/a — no frozen canonical overall WER,0.2962962962962963,0.7205882352941176,0.7205882352941176,0.1407035175879397,0,0,-8.0,8,1.0,0.9550561797752809,461.02384650707245,-0.017352681559992308,228,2.0722582255103394,sha256:8eaa34fb70adec8765b0ebb5f703ddb26d53c34dd4395b05daea21eab333e5d7,NEW
Local,22,0.5,n/a — no frozen canonical overall WER,0.3333333333333333,0.7352941176470589,0.7352941176470589,0.18592964824120603,0,1,-18.0,18,0.9473684210526315,0.9044943820224719,801.723504781723,-0.02245163063405591,210,4.144516451020679,sha256:8eaa34fb70adec8765b0ebb5f703ddb26d53c34dd4395b05daea21eab333e5d7,NEW
Local,22,1.0,n/a — no frozen canonical overall WER,2.011111111111111,0.8676470588235294,3.5441176470588234,1.5025125628140703,0,10,-166.0,161,0.47368421052631576,0.12359550561797752,2744.533890247345,-0.060483858694504816,436,8.289032902041358,sha256:8eaa34fb70adec8765b0ebb5f703ddb26d53c34dd4395b05daea21eab333e5d7,NEW
Local,22,2.0,n/a — no frozen canonical overall WER,0.9444444444444444,0.9117647058823529,0.9117647058823529,0.9547738693467337,0,13,-182.0,176,0.3157894736842105,0.05056179775280899,1135.2808318138123,-0.16031275689665503,133,16.578065804082716,sha256:8eaa34fb70adec8765b0ebb5f703ddb26d53c34dd4395b05daea21eab333e5d7,NEW
Raw+Cond,22,0.25,n/a — no frozen canonical overall WER,0.3037037037037037,0.7205882352941176,0.7205882352941176,0.1507537688442211,0,0,-10.0,10,1.0,0.9438202247191011,407.03501439094543,-0.02456791098172033,199,2.0722582255103394,sha256:bc2885dfff437e3c5d08b6c515b5199e44e11bb75def514dfada09dbfc9e925f,NEW
Raw+Cond,22,0.5,n/a — no frozen canonical overall WER,0.3148148148148148,0.7205882352941176,0.7205882352941176,0.1658291457286432,0,0,-13.0,13,1.0,0.9269662921348315,750.5180518627167,-0.017321368843474447,193,4.144516451020679,sha256:bc2885dfff437e3c5d08b6c515b5199e44e11bb75def514dfada09dbfc9e925f,NEW
Raw+Cond,22,1.0,n/a — no frozen canonical overall WER,1.2259259259259259,0.7205882352941176,0.8088235294117647,1.3718592964824121,2,2,-88.0,90,0.8947368421052632,0.5056179775280899,3336.260380744934,-0.02637683812327352,513,8.289032902041358,sha256:bc2885dfff437e3c5d08b6c515b5199e44e11bb75def514dfada09dbfc9e925f,NEW
Raw+Cond,22,2.0,n/a — no frozen canonical overall WER,2.785185185185185,0.8676470588235294,0.8676470588235294,3.4673366834170856,4,14,-180.0,175,0.2631578947368421,0.06179775280898876,7161.132572650909,-0.02513568882769162,823,16.578065804082716,sha256:bc2885dfff437e3c5d08b6c515b5199e44e11bb75def514dfada09dbfc9e925f,NEW
Raw,22,0.25,n/a — no frozen canonical overall WER,0.2962962962962963,0.7205882352941176,0.7205882352941176,0.1407035175879397,0,0,-8.0,8,1.0,0.9550561797752809,448.79189896583557,-0.017825633703359253,222,2.0722582255103394,sha256:9d99e77d5040b038a2ebca337760ae0d14aa4e2da2f707a87ba7b3b3d83dcd85,NEW
Raw,22,0.5,n/a — no frozen canonical overall WER,0.3296296296296296,0.7352941176470589,0.7352941176470589,0.18090452261306533,0,1,-18.0,18,0.9473684210526315,0.9044943820224719,801.3931725025177,-0.02246088514054997,210,4.144516451020679,sha256:9d99e77d5040b038a2ebca337760ae0d14aa4e2da2f707a87ba7b3b3d83dcd85,NEW
Raw,22,1.0,n/a — no frozen canonical overall WER,1.9666666666666666,0.75,3.426470588235294,1.4824120603015076,8,10,-165.0,161,0.47368421052631576,0.12359550561797752,2839.0087962150574,-0.058118875933028676,451,8.289032902041358,sha256:9d99e77d5040b038a2ebca337760ae0d14aa4e2da2f707a87ba7b3b3d83dcd85,NEW
Raw,22,2.0,n/a — no frozen canonical overall WER,0.9481481481481482,0.9117647058823529,0.9117647058823529,0.9597989949748744,0,13,-184.0,178,0.3157894736842105,0.03932584269662921,1063.935832977295,-0.17294276054703261,125,16.578065804082716,sha256:9d99e77d5040b038a2ebca337760ae0d14aa4e2da2f707a87ba7b3b3d83dcd85,NEW
Conditioning,23,0.25,n/a — no frozen canonical overall WER,0.29259259259259257,0.6911764705882353,0.6911764705882353,0.1457286432160804,2,0,-6.0,8,1.0,0.9550561797752809,426.14178919792175,-0.014079820735941242,203,2.1325258228039017,sha256:61d1d929be0c91cef12a48542c81af83dca796ba4ae6b64ccd246a1d9e675334,NEW
Conditioning,23,0.5,n/a — no frozen canonical overall WER,0.29259259259259257,0.6911764705882353,0.6911764705882353,0.1457286432160804,2,0,-6.0,8,1.0,0.9550561797752809,919.9682919979095,-0.006521963911353625,231,4.265051645607803,sha256:61d1d929be0c91cef12a48542c81af83dca796ba4ae6b64ccd246a1d9e675334,NEW
Conditioning,23,1.0,n/a — no frozen canonical overall WER,1.6333333333333333,0.75,0.7647058823529411,1.9396984924623115,2,4,-37.0,39,0.7894736842105263,0.8033707865168539,2539.044191837311,-0.014572412768139316,387,8.530103291215607,sha256:61d1d929be0c91cef12a48542c81af83dca796ba4ae6b64ccd246a1d9e675334,NEW
Conditioning,23,2.0,n/a — no frozen canonical overall WER,2.7888888888888888,0.8382352941176471,3.235294117647059,2.663316582914573,5,13,-152.0,148,0.3157894736842105,0.20786516853932585,5912.762155532837,-0.025707105410584928,667,17.060206582431213,sha256:61d1d929be0c91cef12a48542c81af83dca796ba4ae6b64ccd246a1d9e675334,NEW
Local+Cond,23,0.25,n/a — no frozen canonical overall WER,0.3037037037037037,0.7205882352941176,0.7205882352941176,0.1507537688442211,0,0,-10.0,10,1.0,0.9438202247191011,414.8846538066864,-0.024103084817062078,198,2.1325258228039017,sha256:69dc6cab074891847310968b855ad39a3c857146892b33a87221db2d5d3c05f6,NEW
Local+Cond,23,0.5,n/a — no frozen canonical overall WER,0.3148148148148148,0.7205882352941176,0.7205882352941176,0.1658291457286432,0,0,-13.0,13,1.0,0.9269662921348315,767.5008635520935,-0.01693809169130353,192,4.265051645607803,sha256:69dc6cab074891847310968b855ad39a3c857146892b33a87221db2d5d3c05f6,NEW
Local+Cond,23,1.0,n/a — no frozen canonical overall WER,1.2444444444444445,0.7058823529411765,0.7058823529411765,1.4321608040201006,4,3,-100.0,104,0.8421052631578947,0.43258426966292135,3357.620084285736,-0.029783000306680893,508,8.530103291215607,sha256:69dc6cab074891847310968b855ad39a3c857146892b33a87221db2d5d3c05f6,NEW
Local+Cond,23,2.0,n/a — no frozen canonical overall WER,3.6148148148148147,0.6470588235294118,2.2941176470588234,4.105527638190955,15,10,-159.0,162,0.47368421052631576,0.12921348314606743,10580.772357940674,-0.0150272583721805,1213,17.060206582431213,sha256:69dc6cab074891847310968b855ad39a3c857146892b33a87221db2d5d3c05f6,NEW
Local,23,0.25,n/a — no frozen canonical overall WER,0.2851851851851852,0.7205882352941176,0.7205882352941176,0.12562814070351758,0,0,-5.0,5,1.0,0.9719101123595506,469.8939895629883,-0.010640697925611071,226,2.1325258228039017,sha256:435416d21422e66ac628dd469c48094a736b6b537d35f1583698bc558a2b5e89,NEW
Local,23,0.5,n/a — no frozen canonical overall WER,0.362962962962963,0.7352941176470589,0.7352941176470589,0.22613065326633167,0,1,-27.0,27,0.9473684210526315,0.8539325842696629,821.5400245189667,-0.03286510601331835,208,4.265051645607803,sha256:435416d21422e66ac628dd469c48094a736b6b537d35f1583698bc558a2b5e89,NEW
Local,23,1.0,n/a — no frozen canonical overall WER,2.574074074074074,0.45588235294117646,7.573529411764706,0.8894472361809045,24,6,-148.0,157,0.6842105263157895,0.1348314606741573,4369.568062782288,-0.033870624710160065,685,8.530103291215607,sha256:435416d21422e66ac628dd469c48094a736b6b537d35f1583698bc558a2b5e89,NEW
Local,23,2.0,n/a — no frozen canonical overall WER,1.5814814814814815,0.7352941176470589,3.426470588235294,0.9597989949748744,9,10,-181.0,179,0.47368421052631576,0.028089887640449437,3925.6307344436646,-0.04610724040136982,451,17.060206582431213,sha256:435416d21422e66ac628dd469c48094a736b6b537d35f1583698bc558a2b5e89,NEW
Raw+Cond,23,0.25,n/a — no frozen canonical overall WER,0.3037037037037037,0.7205882352941176,0.7205882352941176,0.1507537688442211,0,0,-10.0,10,1.0,0.9438202247191011,414.82878708839417,-0.02410633087975435,198,2.1325258228039017,sha256:0d97b1a69721fb29ff2e4ab929d45dd1baf11d1e4bbfbc5045a871c616c0a4fb,NEW
Raw+Cond,23,0.5,n/a — no frozen canonical overall WER,0.3148148148148148,0.7205882352941176,0.7205882352941176,0.1658291457286432,0,0,-13.0,13,1.0,0.9269662921348315,767.4396708011627,-0.016939442270984963,192,4.265051645607803,sha256:0d97b1a69721fb29ff2e4ab929d45dd1baf11d1e4bbfbc5045a871c616c0a4fb,NEW
Raw+Cond,23,1.0,n/a — no frozen canonical overall WER,1.2444444444444445,0.7058823529411765,0.7058823529411765,1.4321608040201006,4,3,-100.0,104,0.8421052631578947,0.43258426966292135,3357.2785239219666,-0.029786030347931987,508,8.530103291215607,sha256:0d97b1a69721fb29ff2e4ab929d45dd1baf11d1e4bbfbc5045a871c616c0a4fb,NEW
Raw+Cond,23,2.0,n/a — no frozen canonical overall WER,3.6148148148148147,0.6470588235294118,2.2941176470588234,4.105527638190955,15,10,-159.0,162,0.47368421052631576,0.12921348314606743,10580.650902748108,-0.015027430869938541,1213,17.060206582431213,sha256:0d97b1a69721fb29ff2e4ab929d45dd1baf11d1e4bbfbc5045a871c616c0a4fb,NEW
Raw,23,0.25,n/a — no frozen canonical overall WER,0.2851851851851852,0.7205882352941176,0.7205882352941176,0.12562814070351758,0,0,-5.0,5,1.0,0.9719101123595506,469.7001528739929,-0.01064508914763193,226,2.1325258228039017,sha256:1581cc2fd3ead5f5f83a99e58d8c69d6c88cf66841450a9553a9db44c38e86bb,NEW
Raw,23,0.5,n/a — no frozen canonical overall WER,0.362962962962963,0.7352941176470589,0.7352941176470589,0.22613065326633167,0,1,-27.0,27,0.9473684210526315,0.8539325842696629,813.4742856025696,-0.03319096925110562,206,4.265051645607803,sha256:1581cc2fd3ead5f5f83a99e58d8c69d6c88cf66841450a9553a9db44c38e86bb,NEW
Raw,23,1.0,n/a — no frozen canonical overall WER,2.937037037037037,0.36764705882352944,9.117647058823529,0.8542713567839196,27,3,-135.0,150,0.8421052631578947,0.17415730337078653,5525.361567974091,-0.024432790205528326,862,8.530103291215607,sha256:1581cc2fd3ead5f5f83a99e58d8c69d6c88cf66841450a9553a9db44c38e86bb,NEW
Raw,23,2.0,n/a — no frozen canonical overall WER,1.1222222222222222,0.7352941176470589,1.6029411764705883,0.9597989949748744,9,10,-181.0,179,0.47368421052631576,0.028089887640449437,2892.5663166046143,-0.06257419197650878,333,17.060206582431213,sha256:1581cc2fd3ead5f5f83a99e58d8c69d6c88cf66841450a9553a9db44c38e86bb,NEW
Conditioning,24,0.25,n/a — no frozen canonical overall WER,0.29259259259259257,0.6911764705882353,0.6911764705882353,0.1457286432160804,2,0,-6.0,8,1.0,0.9550561797752809,444.93585300445557,-0.013485089950572978,204,2.2328144385400797,sha256:7c343b6094ea9c64467ef44227c4f5b6507b8e7179ef193a67af3c33e90f2a61,NEW
Conditioning,24,0.5,n/a — no frozen canonical overall WER,0.3111111111111111,0.7352941176470589,0.7352941176470589,0.15577889447236182,2,3,-9.0,11,0.8421052631578947,0.9550561797752809,969.0925362110138,-0.009287038815909636,237,4.465628877080159,sha256:7c343b6094ea9c64467ef44227c4f5b6507b8e7179ef193a67af3c33e90f2a61,NEW
Conditioning,24,1.0,n/a — no frozen canonical overall WER,0.34444444444444444,0.5294117647058824,0.5294117647058824,0.271356783919598,20,7,-25.0,39,0.631578947368421,0.8202247191011236,1530.7260427474976,-0.01633211907411436,226,8.931257754160319,sha256:7c343b6094ea9c64467ef44227c4f5b6507b8e7179ef193a67af3c33e90f2a61,NEW
Conditioning,24,2.0,n/a — no frozen canonical overall WER,1.6555555555555554,0.8088235294117647,1.8529411764705883,1.0954773869346734,8,14,-156.0,153,0.2631578947368421,0.1853932584269663,6033.129210472107,-0.025857228406316962,684,17.862515508320637,sha256:7c343b6094ea9c64467ef44227c4f5b6507b8e7179ef193a67af3c33e90f2a61,NEW
Local+Cond,24,0.25,n/a — no frozen canonical overall WER,0.3037037037037037,0.7205882352941176,0.7205882352941176,0.1507537688442211,0,0,-10.0,10,1.0,0.9438202247191011,434.7180073261261,-0.02300341792029329,199,2.2328144385400797,sha256:b8285099cb4dc1e51bf3972006ec48fc9b61829674978bf12574cbf2da9b760b,NEW
Local+Cond,24,0.5,n/a — no frozen canonical overall WER,0.3148148148148148,0.7205882352941176,0.7205882352941176,0.1658291457286432,0,0,-13.0,13,1.0,0.9269662921348315,797.9200296401978,-0.01629235953114503,193,4.465628877080159,sha256:b8285099cb4dc1e51bf3972006ec48fc9b61829674978bf12574cbf2da9b760b,NEW
Local+Cond,24,1.0,n/a — no frozen canonical overall WER,2.1296296296296298,0.7941176470588235,0.8088235294117647,2.5979899497487438,0,5,-126.0,123,0.7368421052631579,0.3202247191011236,4689.239402770996,-0.02687002926861513,697,8.931257754160319,sha256:b8285099cb4dc1e51bf3972006ec48fc9b61829674978bf12574cbf2da9b760b,NEW
Local+Cond,24,2.0,n/a — no frozen canonical overall WER,1.0444444444444445,0.8823529411764706,1.1029411764705883,1.0251256281407035,3,14,-181.0,175,0.2631578947368421,0.06179775280898876,979.3414855003357,-0.18481806671094805,109,17.862515508320637,sha256:b8285099cb4dc1e51bf3972006ec48fc9b61829674978bf12574cbf2da9b760b,NEW
Local,24,0.25,n/a — no frozen canonical overall WER,0.2962962962962963,0.7205882352941176,0.7205882352941176,0.1407035175879397,0,0,-8.0,8,1.0,0.9550561797752809,485.2185138463974,-0.016487417053778188,222,2.2328144385400797,sha256:15418c7275c39c9b14edd9f9408c51599393730a389a1580a0525304aff5d3b0,NEW
Local,24,0.5,n/a — no frozen canonical overall WER,0.36666666666666664,0.7352941176470589,0.7352941176470589,0.23115577889447236,0,1,-28.0,28,0.9473684210526315,0.848314606741573,877.5882956981659,-0.03190562150526926,212,4.465628877080159,sha256:15418c7275c39c9b14edd9f9408c51599393730a389a1580a0525304aff5d3b0,NEW
Local,24,1.0,n/a — no frozen canonical overall WER,1.6703703703703703,0.7794117647058824,3.9411764705882355,0.9045226130653267,4,8,-164.0,165,0.5789473684210527,0.10674157303370786,2793.846854686737,-0.05870042580354272,431,8.931257754160319,sha256:15418c7275c39c9b14edd9f9408c51599393730a389a1580a0525304aff5d3b0,NEW
Local,24,2.0,n/a — no frozen canonical overall WER,0.9666666666666667,0.9558823529411765,0.9705882352941176,0.964824120603015,0,16,-188.0,182,0.15789473684210525,0.033707865168539325,1456.9439601898193,-0.12903722115400118,164,17.862515508320637,sha256:15418c7275c39c9b14edd9f9408c51599393730a389a1580a0525304aff5d3b0,NEW
Raw+Cond,24,0.25,n/a — no frozen canonical overall WER,0.3,0.7205882352941176,0.7205882352941176,0.1457286432160804,0,0,-10.0,10,1.0,0.9438202247191011,437.0392143726349,-0.022881241936961866,200,2.2328144385400797,sha256:3062ee4ebe69f58ca1ce6fe0473e7485f5049fe0cff94e9bd9aff31c53706a8e,NEW
Raw+Cond,24,0.5,n/a — no frozen canonical overall WER,0.3148148148148148,0.7205882352941176,0.7205882352941176,0.1658291457286432,0,0,-13.0,13,1.0,0.9269662921348315,798.3861417770386,-0.01628284775968775,193,4.465628877080159,sha256:3062ee4ebe69f58ca1ce6fe0473e7485f5049fe0cff94e9bd9aff31c53706a8e,NEW
Raw+Cond,24,1.0,n/a — no frozen canonical overall WER,1.9,0.8088235294117647,0.8088235294117647,2.28643216080402,0,6,-126.0,123,0.6842105263157895,0.3258426966292135,4690.812469959259,-0.026861018385818,697,8.931257754160319,sha256:3062ee4ebe69f58ca1ce6fe0473e7485f5049fe0cff94e9bd9aff31c53706a8e,NEW
Raw+Cond,24,2.0,n/a — no frozen canonical overall WER,0.9185185185185185,0.8235294117647058,0.8235294117647058,0.949748743718593,5,12,-180.0,174,0.3684210526315789,0.056179775280898875,840.7324304580688,-0.2140990325565625,90,17.862515508320637,sha256:3062ee4ebe69f58ca1ce6fe0473e7485f5049fe0cff94e9bd9aff31c53706a8e,NEW
Raw,24,0.25,n/a — no frozen canonical overall WER,0.2851851851851852,0.7205882352941176,0.7205882352941176,0.12562814070351758,0,0,-5.0,5,1.0,0.9719101123595506,487.6207798719406,-0.010253869823417092,223,2.2328144385400797,sha256:365c729f0f577ae90276fb6caf812cfb13f35ebf821fa7a77897292109768703,NEW
Raw,24,0.5,n/a — no frozen canonical overall WER,0.37407407407407406,0.7352941176470589,0.7352941176470589,0.24120603015075376,0,1,-30.0,30,0.9473684210526315,0.8370786516853933,869.5105783939362,-0.034502167938442664,210,4.465628877080159,sha256:365c729f0f577ae90276fb6caf812cfb13f35ebf821fa7a77897292109768703,NEW
Raw,24,1.0,n/a — no frozen canonical overall WER,1.385185185185185,0.8676470588235294,2.838235294117647,0.8944723618090452,0,10,-169.0,165,0.47368421052631576,0.10674157303370786,1450.3591742515564,-0.11652286068187957,224,8.931257754160319,sha256:365c729f0f577ae90276fb6caf812cfb13f35ebf821fa7a77897292109768703,NEW
Raw,24,2.0,n/a — no frozen canonical overall WER,0.9629629629629629,0.9558823529411765,0.9558823529411765,0.964824120603015,0,16,-188.0,182,0.15789473684210525,0.033707865168539325,1603.9451055526733,-0.11721099391068038,181,17.862515508320637,sha256:365c729f0f577ae90276fb6caf812cfb13f35ebf821fa7a77897292109768703,NEW
Conditioning,25,0.25,n/a — no frozen canonical overall WER,0.2962962962962963,0.6911764705882353,0.6911764705882353,0.1507537688442211,2,0,-7.0,9,1.0,0.949438202247191,475.95835876464844,-0.014707168959420156,202,2.408319895268529,sha256:301ba459e4a76f29b7bdad944663a3298d8cea8cdb35c67a20c7c2f884dd8e5a,NEW
Conditioning,25,0.5,n/a — no frozen canonical overall WER,0.3111111111111111,0.7058823529411765,0.7058823529411765,0.1658291457286432,4,3,-9.0,13,0.8421052631578947,0.9438202247191011,1056.5850386619568,-0.008518008177929023,239,4.816639790537058,sha256:301ba459e4a76f29b7bdad944663a3298d8cea8cdb35c67a20c7c2f884dd8e5a,NEW
Conditioning,25,1.0,n/a — no frozen canonical overall WER,0.4888888888888889,0.5588235294117647,0.6911764705882353,0.4120603015075377,18,7,-58.0,65,0.631578947368421,0.6573033707865169,1610.9047894477844,-0.036004610812462916,223,9.633279581074117,sha256:301ba459e4a76f29b7bdad944663a3298d8cea8cdb35c67a20c7c2f884dd8e5a,NEW
Conditioning,25,2.0,n/a — no frozen canonical overall WER,1.8703703703703705,0.7941176470588235,4.705882352941177,0.914572864321608,8,13,-171.0,168,0.3157894736842105,0.09550561797752809,7824.552102088928,-0.021854286068891785,857,19.266559162148233,sha256:301ba459e4a76f29b7bdad944663a3298d8cea8cdb35c67a20c7c2f884dd8e5a,NEW
Local+Cond,25,0.25,n/a — no frozen canonical overall WER,0.3037037037037037,0.7205882352941176,0.7205882352941176,0.1507537688442211,0,0,-10.0,10,1.0,0.9438202247191011,473.6593940258026,-0.02111221718840279,200,2.408319895268529,sha256:a75305131344fe32e39c323b49c4a61533044f46a584e6c3619bd7f3caf08b22,NEW
Local+Cond,25,0.5,n/a — no frozen canonical overall WER,0.3333333333333333,0.7205882352941176,0.7205882352941176,0.19095477386934673,0,0,-18.0,18,1.0,0.898876404494382,854.4914562702179,-0.021065160883607263,190,4.816639790537058,sha256:a75305131344fe32e39c323b49c4a61533044f46a584e6c3619bd7f3caf08b22,NEW
Local+Cond,25,1.0,n/a — no frozen canonical overall WER,2.0296296296296297,0.5441176470588235,3.3970588235294117,1.5778894472361809,17,5,-115.0,122,0.7368421052631579,0.3258426966292135,4767.623087406158,-0.02412103429563811,674,9.633279581074117,sha256:a75305131344fe32e39c323b49c4a61533044f46a584e6c3619bd7f3caf08b22,NEW
Local+Cond,25,2.0,n/a — no frozen canonical overall WER,2.7185185185185183,0.6764705882352942,7.911764705882353,0.9698492462311558,12,9,-182.0,176,0.5263157894736842,0.028089887640449437,9773.384099006653,-0.01862200422661155,1037,19.266559162148233,sha256:a75305131344fe32e39c323b49c4a61533044f46a584e6c3619bd7f3caf08b22,NEW
Local,25,0.25,n/a — no frozen canonical overall WER,0.3037037037037037,0.7205882352941176,0.7205882352941176,0.1507537688442211,0,0,-10.0,10,1.0,0.9438202247191011,461.5457179546356,-0.02166632602359639,195,2.408319895268529,sha256:76f9b815df16382b9cc699b4103c2c478686a9355218e674176463b649f85f20,NEW
Local,25,0.5,n/a — no frozen canonical overall WER,0.3851851851851852,0.7205882352941176,0.7205882352941176,0.2613065326633166,0,0,-32.0,32,1.0,0.8202247191011236,918.8782179355621,-0.034825071892436624,204,4.816639790537058,sha256:76f9b815df16382b9cc699b4103c2c478686a9355218e674176463b649f85f20,NEW
Local,25,1.0,n/a — no frozen canonical overall WER,1.8074074074074074,0.45588235294117646,3.8970588235294117,1.100502512562814,23,5,-144.0,156,0.7368421052631579,0.14606741573033707,5150.1886558532715,-0.027960140806947278,723,9.633279581074117,sha256:76f9b815df16382b9cc699b4103c2c478686a9355218e674176463b649f85f20,NEW
Local,25,2.0,n/a — no frozen canonical overall WER,1.2814814814814814,0.8382352941176471,2.2205882352941178,0.964824120603015,0,8,-182.0,176,0.5789473684210527,0.02247191011235955,2044.8814249038696,-0.0890027156506426,224,19.266559162148233,sha256:76f9b815df16382b9cc699b4103c2c478686a9355218e674176463b649f85f20,NEW
Raw+Cond,25,0.25,n/a — no frozen canonical overall WER,0.3037037037037037,0.7205882352941176,0.7205882352941176,0.1507537688442211,0,0,-10.0,10,1.0,0.9438202247191011,473.683641910553,-0.021111136453152688,200,2.408319895268529,sha256:9a2a8f0059121855dfbad151b332370d0971f4d1839cdf02fd97197f91c70a02,NEW
Raw+Cond,25,0.5,n/a — no frozen canonical overall WER,0.3333333333333333,0.7205882352941176,0.7205882352941176,0.19095477386934673,0,0,-18.0,18,1.0,0.898876404494382,850.4084951877594,-0.021166298434055306,189,4.816639790537058,sha256:9a2a8f0059121855dfbad151b332370d0971f4d1839cdf02fd97197f91c70a02,NEW
Raw+Cond,25,1.0,n/a — no frozen canonical overall WER,2.033333333333333,0.5441176470588235,3.411764705882353,1.5778894472361809,17,5,-115.0,122,0.7368421052631579,0.3258426966292135,4767.951322078705,-0.024119373758594277,674,9.633279581074117,sha256:9a2a8f0059121855dfbad151b332370d0971f4d1839cdf02fd97197f91c70a02,NEW
Raw+Cond,25,2.0,n/a — no frozen canonical overall WER,2.714814814814815,0.6764705882352942,7.897058823529412,0.9698492462311558,12,9,-182.0,176,0.5263157894736842,0.028089887640449437,9779.48453426361,-0.018610387834076623,1037,19.266559162148233,sha256:9a2a8f0059121855dfbad151b332370d0971f4d1839cdf02fd97197f91c70a02,NEW
Raw,25,0.25,n/a — no frozen canonical overall WER,0.2962962962962963,0.7205882352941176,0.7205882352941176,0.1407035175879397,0,0,-8.0,8,1.0,0.9550561797752809,525.8518340587616,-0.015213410854256022,222,2.408319895268529,sha256:a7d5592acd41cd8ba80606def806971ac84db421fdc6d929b281447ef3dc926f,NEW
Raw,25,0.5,n/a — no frozen canonical overall WER,0.3851851851851852,0.7205882352941176,0.7205882352941176,0.2613065326633166,0,0,-32.0,32,1.0,0.8202247191011236,914.4629204273224,-0.034993217641942895,203,4.816639790537058,sha256:a7d5592acd41cd8ba80606def806971ac84db421fdc6d929b281447ef3dc926f,NEW
Raw,25,1.0,n/a — no frozen canonical overall WER,1.6074074074074074,0.45588235294117646,3.838235294117647,0.8542713567839196,23,5,-143.0,155,0.7368421052631579,0.15168539325842698,3979.2221336364746,-0.03593667184126693,563,9.633279581074117,sha256:a7d5592acd41cd8ba80606def806971ac84db421fdc6d929b281447ef3dc926f,NEW
Raw,25,2.0,n/a — no frozen canonical overall WER,1.2333333333333334,0.8382352941176471,2.0294117647058822,0.964824120603015,0,8,-182.0,176,0.5789473684210527,0.02247191011235955,1870.9403533935547,-0.0972772860823084,205,19.266559162148233,sha256:a7d5592acd41cd8ba80606def806971ac84db421fdc6d929b281447ef3dc926f,NEW
Conditioning,26,0.25,n/a — no frozen canonical overall WER,0.29259259259259257,0.6911764705882353,0.6911764705882353,0.1457286432160804,2,0,-6.0,8,1.0,0.9550561797752809,515.2904872894287,-0.011643917650336743,201,2.631453800854713,sha256:8fb7260b4f1e230117f7c09ad5c6299cb22081337471a11fad6312cc10216ab8,NEW
Conditioning,26,0.5,n/a — no frozen canonical overall WER,0.2222222222222222,0.39705882352941174,0.39705882352941174,0.1507537688442211,22,0,3.0,11,1.0,0.9382022471910112,1093.667875289917,0.002743063106982766,227,5.262907601709426,sha256:8fb7260b4f1e230117f7c09ad5c6299cb22081337471a11fad6312cc10216ab8,NEW
Conditioning,26,1.0,n/a — no frozen canonical overall WER,0.5296296296296297,0.75,0.75,0.45226130653266333,2,4,-74.0,73,0.7894736842105263,0.5955056179775281,2842.222602367401,-0.02603596211583232,371,10.525815203418851,sha256:8fb7260b4f1e230117f7c09ad5c6299cb22081337471a11fad6312cc10216ab8,NEW
Conditioning,26,2.0,n/a — no frozen canonical overall WER,2.196296296296296,0.7941176470588235,5.852941176470588,0.964824120603015,8,13,-181.0,178,0.3157894736842105,0.03932584269662921,14530.727146148682,-0.012456362175101017,1419,21.051630406837702,sha256:8fb7260b4f1e230117f7c09ad5c6299cb22081337471a11fad6312cc10216ab8,NEW
Local+Cond,26,0.25,n/a — no frozen canonical overall WER,0.3037037037037037,0.7205882352941176,0.7205882352941176,0.1507537688442211,0,0,-10.0,10,1.0,0.9438202247191011,515.0810227394104,-0.019414421340580423,199,2.631453800854713,sha256:a30507b071b0866ca2146993cfcf66bd497ddce8a68ebd815ea39a69f13d0ea4,NEW
Local+Cond,26,0.5,n/a — no frozen canonical overall WER,0.36666666666666664,0.7205882352941176,0.7205882352941176,0.23618090452261306,0,0,-27.0,27,1.0,0.848314606741573,906.0724506378174,-0.02979894155372864,184,5.262907601709426,sha256:a30507b071b0866ca2146993cfcf66bd497ddce8a68ebd815ea39a69f13d0ea4,NEW
Local+Cond,26,1.0,n/a — no frozen canonical overall WER,0.6296296296296297,0.4411764705882353,0.4411764705882353,0.6884422110552764,21,2,-103.0,118,0.8947368421052632,0.34831460674157305,2899.0324506759644,-0.035529095224851176,362,10.525815203418851,sha256:a30507b071b0866ca2146993cfcf66bd497ddce8a68ebd815ea39a69f13d0ea4,NEW
Local+Cond,26,2.0,n/a — no frozen canonical overall WER,3.085185185185185,0.4117647058823529,9.352941176470589,0.9748743718592965,30,9,-171.0,177,0.5263157894736842,0.02247191011235955,11267.458005905151,-0.015176448841467238,1073,21.051630406837702,sha256:a30507b071b0866ca2146993cfcf66bd497ddce8a68ebd815ea39a69f13d0ea4,NEW
Local,26,0.25,n/a — no frozen canonical overall WER,0.3037037037037037,0.7205882352941176,0.7205882352941176,0.1507537688442211,0,0,-10.0,10,1.0,0.9438202247191011,581.202351808548,-0.017205711520062925,224,2.631453800854713,sha256:1170509e7f555c791bcd9a9a533c3313762c4d4939a357c78791f87bc6aadd3a,NEW
Local,26,0.5,n/a — no frozen canonical overall WER,0.5666666666666667,0.7352941176470589,0.7352941176470589,0.5025125628140703,0,1,-48.0,48,0.9473684210526315,0.7359550561797753,1836.3934483528137,-0.026138189527442752,371,5.262907601709426,sha256:1170509e7f555c791bcd9a9a533c3313762c4d4939a357c78791f87bc6aadd3a,NEW
Local,26,1.0,n/a — no frozen canonical overall WER,1.0,0.6617647058823529,1.2352941176470589,0.914572864321608,15,11,-156.0,159,0.42105263157894735,0.1348314606741573,4199.475742816925,-0.037147494009659,518,10.525815203418851,sha256:1170509e7f555c791bcd9a9a533c3313762c4d4939a357c78791f87bc6aadd3a,NEW
Local,26,2.0,n/a — no frozen canonical overall WER,1.9481481481481482,0.8529411764705882,4.867647058823529,0.964824120603015,0,9,-183.0,177,0.5263157894736842,0.02247191011235955,10904.264136314392,-0.016782425454144715,1015,21.051630406837702,sha256:1170509e7f555c791bcd9a9a533c3313762c4d4939a357c78791f87bc6aadd3a,NEW
Raw+Cond,26,0.25,n/a — no frozen canonical overall WER,0.3037037037037037,0.7205882352941176,0.7205882352941176,0.1507537688442211,0,0,-10.0,10,1.0,0.9438202247191011,514.8396735191345,-0.019423522534007552,199,2.631453800854713,sha256:510033712736e52e8fada751baa15808aa8497f6f84d044ca6832d14409bf240,NEW
Raw+Cond,26,0.5,n/a — no frozen canonical overall WER,0.362962962962963,0.7205882352941176,0.7205882352941176,0.23115577889447236,0,0,-27.0,27,1.0,0.848314606741573,905.5145721435547,-0.02981730038433836,184,5.262907601709426,sha256:510033712736e52e8fada751baa15808aa8497f6f84d044ca6832d14409bf240,NEW
Raw+Cond,26,1.0,n/a — no frozen canonical overall WER,0.6333333333333333,0.45588235294117646,0.45588235294117646,0.6884422110552764,20,2,-105.0,118,0.8947368421052632,0.34831460674157305,2826.352348804474,-0.037150357436649475,353,10.525815203418851,sha256:510033712736e52e8fada751baa15808aa8497f6f84d044ca6832d14409bf240,NEW
Raw+Cond,26,2.0,n/a — no frozen canonical overall WER,3.0185185185185186,0.4411764705882353,9.088235294117647,0.9748743718592965,28,9,-173.0,177,0.5263157894736842,0.02247191011235955,11206.766933441162,-0.015437101621500254,1069,21.051630406837702,sha256:510033712736e52e8fada751baa15808aa8497f6f84d044ca6832d14409bf240,NEW
Raw,26,0.25,n/a — no frozen canonical overall WER,0.3148148148148148,0.7205882352941176,0.7205882352941176,0.1658291457286432,0,0,-13.0,13,1.0,0.9269662921348315,518.6195900440216,-0.02506654250931117,200,2.631453800854713,sha256:eedba39919a5cc985f6ff530bd76c5a320749386675c24e5ef71873641d4c2be,NEW
Raw,26,0.5,n/a — no frozen canonical overall WER,0.3925925925925926,0.7205882352941176,0.7205882352941176,0.271356783919598,0,0,-35.0,35,1.0,0.8033707865168539,1021.4675602912903,-0.03426442636124353,206,5.262907601709426,sha256:eedba39919a5cc985f6ff530bd76c5a320749386675c24e5ef71873641d4c2be,NEW
Raw,26,1.0,n/a — no frozen canonical overall WER,0.9888888888888889,0.6176470588235294,1.1764705882352942,0.9195979899497487,18,11,-155.0,159,0.42105263157894735,0.1348314606741573,4229.32456445694,-0.0366488780035028,522,10.525815203418851,sha256:eedba39919a5cc985f6ff530bd76c5a320749386675c24e5ef71873641d4c2be,NEW
Raw,26,2.0,n/a — no frozen canonical overall WER,1.9481481481481482,0.7794117647058824,4.867647058823529,0.964824120603015,5,9,-181.0,177,0.5263157894736842,0.02247191011235955,9118.375138282776,-0.019850027801563662,854,21.051630406837702,sha256:eedba39919a5cc985f6ff530bd76c5a320749386675c24e5ef71873641d4c2be,NEW
Conditioning,27,0.25,n/a — no frozen canonical overall WER,0.2851851851851852,0.6911764705882353,0.6911764705882353,0.135678391959799,2,0,-4.0,6,1.0,0.9662921348314607,604.3253254890442,-0.006618951467511377,202,3.0792191309026093,sha256:370ddf5447a17f4bb4c0f4f3e9da9962728c40b63d3a99f56517f0af17cf5e49,NEW
Conditioning,27,0.5,n/a — no frozen canonical overall WER,0.2222222222222222,0.4264705882352941,0.4264705882352941,0.1407035175879397,20,0,4.0,8,1.0,0.9550561797752809,1263.2664995193481,0.003166394423917624,226,6.158438261805219,sha256:370ddf5447a17f4bb4c0f4f3e9da9962728c40b63d3a99f56517f0af17cf5e49,NEW
Conditioning,27,1.0,n/a — no frozen canonical overall WER,0.9407407407407408,0.35294117647058826,0.38235294117647056,1.1306532663316582,33,8,-122.0,133,0.5789473684210527,0.2808988764044944,6442.097409248352,-0.018937931584961033,740,12.316876523610437,sha256:370ddf5447a17f4bb4c0f4f3e9da9962728c40b63d3a99f56517f0af17cf5e49,NEW
Conditioning,27,2.0,n/a — no frozen canonical overall WER,1.525925925925926,0.7941176470588235,3.161764705882353,0.9748743718592965,8,13,-181.0,178,0.3157894736842105,0.03932584269662921,18337.65236377716,-0.00987040196909469,1598,24.633753047220875,sha256:370ddf5447a17f4bb4c0f4f3e9da9962728c40b63d3a99f56517f0af17cf5e49,NEW
Local+Cond,27,0.25,n/a — no frozen canonical overall WER,0.3074074074074074,0.7205882352941176,0.7205882352941176,0.15577889447236182,0,0,-11.0,11,1.0,0.9382022471910112,601.4235734939575,-0.01828993821458599,198,3.0792191309026093,sha256:e163b67db8dfe237d5d853fa2e192aa15221ff7a26ba248658967a9f4e92a6ff,NEW
Local+Cond,27,0.5,n/a — no frozen canonical overall WER,0.32222222222222224,0.7205882352941176,0.7205882352941176,0.17587939698492464,0,0,-17.0,17,1.0,0.9044943820224719,1258.0289006233215,-0.013513203068369041,218,6.158438261805219,sha256:e163b67db8dfe237d5d853fa2e192aa15221ff7a26ba248658967a9f4e92a6ff,NEW
Local+Cond,27,1.0,n/a — no frozen canonical overall WER,1.2777777777777777,0.8382352941176471,2.264705882352941,0.9447236180904522,0,8,-156.0,150,0.5789473684210527,0.16853932584269662,8424.936150550842,-0.018516460803065002,939,12.316876523610437,sha256:e163b67db8dfe237d5d853fa2e192aa15221ff7a26ba248658967a9f4e92a6ff,NEW
Local+Cond,27,2.0,n/a — no frozen canonical overall WER,1.2333333333333334,0.7352941176470589,2.0,0.9748743718592965,12,13,-185.0,179,0.3157894736842105,0.033707865168539325,19459.207055091858,-0.009507067758528802,1596,24.633753047220875,sha256:e163b67db8dfe237d5d853fa2e192aa15221ff7a26ba248658967a9f4e92a6ff,NEW
Local,27,0.25,n/a — no frozen canonical overall WER,0.3111111111111111,0.7205882352941176,0.7205882352941176,0.16080402010050251,0,0,-13.0,13,1.0,0.9269662921348315,714.3491871356964,-0.018198382855485137,234,3.0792191309026093,sha256:c8193a6c5d4b410fbb2895ff40cca2dbf4987a25ca3f45696ad350acd0c946bc,NEW
Local,27,0.5,n/a — no frozen canonical overall WER,0.2814814814814815,0.4411764705882353,0.4411764705882353,0.21608040201005024,19,0,-13.0,26,1.0,0.8539325842696629,1322.6247453689575,-0.009828940555904645,227,6.158438261805219,sha256:c8193a6c5d4b410fbb2895ff40cca2dbf4987a25ca3f45696ad350acd0c946bc,NEW
Local,27,1.0,n/a — no frozen canonical overall WER,0.8851851851851852,0.8823529411764706,0.9411764705882353,0.864321608040201,0,11,-162.0,156,0.42105263157894735,0.15168539325842698,4340.653366088867,-0.03732157035749888,465,12.316876523610437,sha256:c8193a6c5d4b410fbb2895ff40cca2dbf4987a25ca3f45696ad350acd0c946bc,NEW
Local,27,2.0,n/a — no frozen canonical overall WER,1.5333333333333334,0.9117647058823529,3.161764705882353,0.9849246231155779,0,13,-185.0,179,0.3157894736842105,0.033707865168539325,10319.896052360535,-0.017926537153219076,816,24.633753047220875,sha256:c8193a6c5d4b410fbb2895ff40cca2dbf4987a25ca3f45696ad350acd0c946bc,NEW
Raw+Cond,27,0.25,n/a — no frozen canonical overall WER,0.3074074074074074,0.7205882352941176,0.7205882352941176,0.15577889447236182,0,0,-11.0,11,1.0,0.9382022471910112,601.4651744365692,-0.01828867317264778,198,3.0792191309026093,sha256:ea64f75c5ffaf294e9a1182605e9a4c0336da1609d674833c2f61e6ad66f9c72,NEW
Raw+Cond,27,0.5,n/a — no frozen canonical overall WER,0.32222222222222224,0.7205882352941176,0.7205882352941176,0.17587939698492464,0,0,-17.0,17,1.0,0.9044943820224719,1257.890751361847,-0.013514687171040143,218,6.158438261805219,sha256:ea64f75c5ffaf294e9a1182605e9a4c0336da1609d674833c2f61e6ad66f9c72,NEW
Raw+Cond,27,1.0,n/a — no frozen canonical overall WER,1.2814814814814814,0.8382352941176471,2.2941176470588234,0.9396984924623115,0,8,-156.0,150,0.5789473684210527,0.16853932584269662,8403.609069347382,-0.01856345276329172,937,12.316876523610437,sha256:ea64f75c5ffaf294e9a1182605e9a4c0336da1609d674833c2f61e6ad66f9c72,NEW
Raw+Cond,27,2.0,n/a — no frozen canonical overall WER,1.2444444444444445,0.7352941176470589,2.0441176470588234,0.9748743718592965,12,13,-185.0,179,0.3157894736842105,0.033707865168539325,17310.408143043518,-0.010687211905765803,1417,24.633753047220875,sha256:ea64f75c5ffaf294e9a1182605e9a4c0336da1609d674833c2f61e6ad66f9c72,NEW
Raw,27,0.25,n/a — no frozen canonical overall WER,0.3111111111111111,0.7205882352941176,0.7205882352941176,0.16080402010050251,0,0,-13.0,13,1.0,0.9269662921348315,692.9357612133026,-0.01876075781864328,227,3.0792191309026093,sha256:637685bcdf3ac5b749031da301b32492da697fa5776b77dbcf719a2de3a30f55,NEW
Raw,27,0.5,n/a — no frozen canonical overall WER,0.2814814814814815,0.4411764705882353,0.4411764705882353,0.21608040201005024,19,0,-13.0,26,1.0,0.8539325842696629,1322.6619009971619,-0.00982866444569034,227,6.158438261805219,sha256:637685bcdf3ac5b749031da301b32492da697fa5776b77dbcf719a2de3a30f55,NEW
Raw,27,1.0,n/a — no frozen canonical overall WER,0.8777777777777778,0.8529411764705882,0.9117647058823529,0.864321608040201,0,9,-160.0,154,0.5263157894736842,0.15168539325842698,4328.406850814819,-0.03696510182952883,464,12.316876523610437,sha256:637685bcdf3ac5b749031da301b32492da697fa5776b77dbcf719a2de3a30f55,NEW
Raw,27,2.0,n/a — no frozen canonical overall WER,1.5333333333333334,0.9117647058823529,3.161764705882353,0.9849246231155779,0,13,-185.0,179,0.3157894736842105,0.033707865168539325,10372.807278633118,-0.017835094688501574,816,24.633753047220875,sha256:637685bcdf3ac5b749031da301b32492da697fa5776b77dbcf719a2de3a30f55,NEW
Conditioning,28,0.25,n/a — no frozen canonical overall WER,0.29259259259259257,0.6911764705882353,0.6911764705882353,0.1457286432160804,2,0,-7.0,9,1.0,0.949438202247191,693.3388545513153,-0.010096073448140957,199,3.56619606301625,sha256:810e7acf84986823988cfbb46f5aaa1f4db1edec4e5113d3f3a98c523630258d,NEW
Conditioning,28,0.5,n/a — no frozen canonical overall WER,0.3,0.6617647058823529,0.6617647058823529,0.1658291457286432,4,0,-9.0,13,1.0,0.9269662921348315,1499.0627732276917,-0.006003751250937772,229,7.1323921260325,sha256:810e7acf84986823988cfbb46f5aaa1f4db1edec4e5113d3f3a98c523630258d,NEW
Conditioning,28,1.0,n/a — no frozen canonical overall WER,1.0,0.23529411764705882,1.6176470588235294,0.7889447236180904,36,3,-124.0,140,0.8421052631578947,0.2303370786516854,5695.482125282288,-0.02177164237765984,558,14.264784252065,sha256:810e7acf84986823988cfbb46f5aaa1f4db1edec4e5113d3f3a98c523630258d,NEW
Conditioning,28,2.0,n/a — no frozen canonical overall WER,3.8666666666666667,0.7941176470588235,12.426470588235293,0.9849246231155779,8,13,-184.0,181,0.3157894736842105,0.02247191011235955,21256.79004764557,-0.008656057644996126,1600,28.52956850413,sha256:810e7acf84986823988cfbb46f5aaa1f4db1edec4e5113d3f3a98c523630258d,NEW
Local+Cond,28,0.25,n/a — no frozen canonical overall WER,0.3111111111111111,0.7205882352941176,0.7205882352941176,0.16080402010050251,0,0,-12.0,12,1.0,0.9325842696629213,707.119199514389,-0.016970264713843077,200,3.56619606301625,sha256:85e1cfc1dbd8ecb1574c41bd1dbb118a2f1644644c4be7fdf00db5196ba4498c,NEW
Local+Cond,28,0.5,n/a — no frozen canonical overall WER,0.37407407407407406,0.6470588235294118,0.6470588235294118,0.271356783919598,5,0,-31.0,36,1.0,0.797752808988764,1604.411642074585,-0.01932172466656714,239,7.1323921260325,sha256:85e1cfc1dbd8ecb1574c41bd1dbb118a2f1644644c4be7fdf00db5196ba4498c,NEW
Local+Cond,28,1.0,n/a — no frozen canonical overall WER,1.211111111111111,0.6029411764705882,0.6764705882352942,1.3819095477386936,15,7,-135.0,137,0.631578947368421,0.23595505617977527,5963.049345970154,-0.022639423584719015,545,14.264784252065,sha256:85e1cfc1dbd8ecb1574c41bd1dbb118a2f1644644c4be7fdf00db5196ba4498c,NEW
Local+Cond,28,2.0,n/a — no frozen canonical overall WER,2.1703703703703705,0.8676470588235294,5.720588235294118,0.9748743718592965,1,11,-182.0,177,0.42105263157894735,0.033707865168539325,17493.414982795715,-0.010403914854760601,1207,28.52956850413,sha256:85e1cfc1dbd8ecb1574c41bd1dbb118a2f1644644c4be7fdf00db5196ba4498c,NEW
Local,28,0.25,n/a — no frozen canonical overall WER,0.3037037037037037,0.7205882352941176,0.7205882352941176,0.1507537688442211,0,0,-11.0,11,1.0,0.9382022471910112,823.529454946518,-0.01335714215676034,232,3.56619606301625,sha256:edb9787b8080e013b510cf79b3d43f0d13b2295fea070d1d4c803d2c28db3fe9,NEW
Local,28,0.5,n/a — no frozen canonical overall WER,0.337037037037037,0.7205882352941176,0.7205882352941176,0.18090452261306533,0,0,-18.0,18,1.0,0.898876404494382,1587.960319519043,-0.01133529583752558,232,7.1323921260325,sha256:edb9787b8080e013b510cf79b3d43f0d13b2295fea070d1d4c803d2c28db3fe9,NEW
Local,28,1.0,n/a — no frozen canonical overall WER,0.8814814814814815,0.38235294117647056,0.5147058823529411,0.7286432160804021,25,2,-111.0,124,0.8947368421052632,0.3089887640449438,6175.367115020752,-0.017974639876875885,549,14.264784252065,sha256:edb9787b8080e013b510cf79b3d43f0d13b2295fea070d1d4c803d2c28db3fe9,NEW
Local,28,2.0,n/a — no frozen canonical overall WER,2.2,0.8676470588235294,5.882352941176471,0.9597989949748744,0,10,-179.0,173,0.47368421052631576,0.05056179775280899,12250.108785629272,-0.014612115135662037,826,28.52956850413,sha256:edb9787b8080e013b510cf79b3d43f0d13b2295fea070d1d4c803d2c28db3fe9,NEW
Raw+Cond,28,0.25,n/a — no frozen canonical overall WER,0.3111111111111111,0.7205882352941176,0.7205882352941176,0.16080402010050251,0,0,-12.0,12,1.0,0.9325842696629213,707.0461521148682,-0.016972017970971795,200,3.56619606301625,sha256:c60d24cea56e4fd3cb2c4f19384718c93c622430717d0672725a00ab321e433e,NEW
Raw+Cond,28,0.5,n/a — no frozen canonical overall WER,0.37407407407407406,0.6470588235294118,0.6470588235294118,0.271356783919598,5,0,-31.0,36,1.0,0.797752808988764,1603.3154463768005,-0.01933493503730306,239,7.1323921260325,sha256:c60d24cea56e4fd3cb2c4f19384718c93c622430717d0672725a00ab321e433e,NEW
Raw+Cond,28,1.0,n/a — no frozen canonical overall WER,1.0444444444444445,0.5294117647058824,0.5294117647058824,1.221105527638191,18,5,-150.0,159,0.7368421052631579,0.12359550561797752,6064.509195327759,-0.024734070832238747,562,14.264784252065,sha256:c60d24cea56e4fd3cb2c4f19384718c93c622430717d0672725a00ab321e433e,NEW
Raw+Cond,28,2.0,n/a — no frozen canonical overall WER,2.1592592592592594,0.8676470588235294,5.676470588235294,0.9748743718592965,1,11,-182.0,177,0.42105263157894735,0.033707865168539325,17450.541591644287,-0.01042947572969,1207,28.52956850413,sha256:c60d24cea56e4fd3cb2c4f19384718c93c622430717d0672725a00ab321e433e,NEW
Raw,28,0.25,n/a — no frozen canonical overall WER,0.3037037037037037,0.7205882352941176,0.7205882352941176,0.1507537688442211,0,0,-11.0,11,1.0,0.9382022471910112,823.214860200882,-0.013362246640343405,232,3.56619606301625,sha256:5d15e53d86e377d41b7e7a76ad3887715dffc2925545d150e2324f0cdd7baf24,NEW
Raw,28,0.5,n/a — no frozen canonical overall WER,0.337037037037037,0.7205882352941176,0.7205882352941176,0.18090452261306533,0,0,-18.0,18,1.0,0.898876404494382,1594.1043605804443,-0.01129160702718726,233,7.1323921260325,sha256:5d15e53d86e377d41b7e7a76ad3887715dffc2925545d150e2324f0cdd7baf24,NEW
Raw,28,1.0,n/a — no frozen canonical overall WER,1.6037037037037036,0.45588235294117646,4.073529411764706,0.7688442211055276,23,5,-124.0,132,0.7368421052631579,0.2640449438202247,6013.0114669799805,-0.02062194637095523,552,14.264784252065,sha256:5d15e53d86e377d41b7e7a76ad3887715dffc2925545d150e2324f0cdd7baf24,NEW
Raw,28,2.0,n/a — no frozen canonical overall WER,1.9962962962962962,0.8529411764705882,5.073529411764706,0.9597989949748744,0,9,-178.0,172,0.5263157894736842,0.05056179775280899,9756.648221969604,-0.01824397026011322,669,28.52956850413,sha256:5d15e53d86e377d41b7e7a76ad3887715dffc2925545d150e2324f0cdd7baf24,NEW
Conditioning,29,0.25,n/a — no frozen canonical overall WER,0.29259259259259257,0.6911764705882353,0.6911764705882353,0.1457286432160804,2,0,-7.0,9,1.0,0.949438202247191,763.4647731781006,-0.009168726896017564,199,3.9019178711035356,sha256:f7d2cc0130c2ee281020036c2e9fae1eb7253c941f3ebcd4225630c8623f779d,NEW
Conditioning,29,0.5,n/a — no frozen canonical overall WER,0.22592592592592592,0.38235294117647056,0.38235294117647056,0.1658291457286432,23,0,-1.0,16,1.0,0.9101123595505618,1689.8533506393433,-0.0005917673268048127,234,7.803835742207071,sha256:f7d2cc0130c2ee281020036c2e9fae1eb7253c941f3ebcd4225630c8623f779d,NEW
Conditioning,29,1.0,n/a — no frozen canonical overall WER,1.962962962962963,0.38235294117647056,5.147058823529412,0.8894472361809045,31,8,-153.0,161,0.5789473684210527,0.12359550561797752,9850.018102645874,-0.015532966376874143,890,15.607671484414142,sha256:f7d2cc0130c2ee281020036c2e9fae1eb7253c941f3ebcd4225630c8623f779d,NEW
Conditioning,29,2.0,n/a — no frozen canonical overall WER,5.2407407407407405,0.8235294117647058,17.897058823529413,0.9798994974874372,4,11,-184.0,181,0.42105263157894735,0.011235955056179775,20485.04979610443,-0.008982160250105451,1424,31.215342968828285,sha256:f7d2cc0130c2ee281020036c2e9fae1eb7253c941f3ebcd4225630c8623f779d,NEW
Local+Cond,29,0.25,n/a — no frozen canonical overall WER,0.3074074074074074,0.7205882352941176,0.7205882352941176,0.15577889447236182,0,0,-11.0,11,1.0,0.9382022471910112,771.2068536281586,-0.014263358719194822,198,3.9019178711035356,sha256:50630011285f7d77bb4b9c989e89cf5e782b94e7e9ac3bed0c34b4247be3d9ad,NEW
Local+Cond,29,0.5,n/a — no frozen canonical overall WER,0.2814814814814815,0.4264705882352941,0.4264705882352941,0.22110552763819097,20,0,-13.0,26,1.0,0.8539325842696629,1756.2003698349,-0.007402344415416635,235,7.803835742207071,sha256:50630011285f7d77bb4b9c989e89cf5e782b94e7e9ac3bed0c34b4247be3d9ad,NEW
Local+Cond,29,1.0,n/a — no frozen canonical overall WER,1.9333333333333333,0.25,2.75,0.8944723618090452,38,6,-145.0,161,0.6842105263157895,0.11797752808988764,6589.626424789429,-0.022004282284429116,557,15.607671484414142,sha256:50630011285f7d77bb4b9c989e89cf5e782b94e7e9ac3bed0c34b4247be3d9ad,NEW
Local+Cond,29,2.0,n/a — no frozen canonical overall WER,3.825925925925926,0.8088235294117647,12.279411764705882,0.9798994974874372,4,10,-179.0,176,0.47368421052631576,0.033707865168539325,16088.638048171997,-0.011125864070286429,1027,31.215342968828285,sha256:50630011285f7d77bb4b9c989e89cf5e782b94e7e9ac3bed0c34b4247be3d9ad,NEW
Local,29,0.25,n/a — no frozen canonical overall WER,0.29259259259259257,0.7205882352941176,0.7205882352941176,0.135678391959799,0,0,-8.0,8,1.0,0.9550561797752809,905.988109588623,-0.008830137962442482,232,3.9019178711035356,sha256:61b0007515e905feb47b68c0e9a42e0dceab8f43801fb8e4fb6a164576c04330,NEW
Local,29,0.5,n/a — no frozen canonical overall WER,0.3333333333333333,0.7205882352941176,0.7205882352941176,0.19095477386934673,0,0,-19.0,19,1.0,0.8932584269662921,2906.46155834198,-0.0065371585409300026,386,7.803835742207071,sha256:61b0007515e905feb47b68c0e9a42e0dceab8f43801fb8e4fb6a164576c04330,NEW
Local,29,1.0,n/a — no frozen canonical overall WER,1.8962962962962964,0.5147058823529411,3.9558823529411766,0.7638190954773869,21,7,-125.0,132,0.631578947368421,0.2696629213483146,6971.830877304077,-0.017929293208606343,561,15.607671484414142,sha256:61b0007515e905feb47b68c0e9a42e0dceab8f43801fb8e4fb6a164576c04330,NEW
Local,29,2.0,n/a — no frozen canonical overall WER,2.8555555555555556,0.8382352941176471,7.764705882352941,0.9547738693467337,3,11,-179.0,174,0.42105263157894735,0.05056179775280899,14222.84904384613,-0.012585382819446347,830,31.215342968828285,sha256:61b0007515e905feb47b68c0e9a42e0dceab8f43801fb8e4fb6a164576c04330,NEW
Raw+Cond,29,0.25,n/a — no frozen canonical overall WER,0.3074074074074074,0.7205882352941176,0.7205882352941176,0.15577889447236182,0,0,-11.0,11,1.0,0.9382022471910112,771.0225160121918,-0.014266768831723797,198,3.9019178711035356,sha256:f96e879f91cfec46e841ed8d1853da26fe67c77b03c53b2315b78a9eb4710634,NEW
Raw+Cond,29,0.5,n/a — no frozen canonical overall WER,0.3,0.36764705882352944,0.36764705882352944,0.2663316582914573,24,0,-19.0,35,1.0,0.8033707865168539,1767.1764488220215,-0.010751614538924606,238,7.803835742207071,sha256:f96e879f91cfec46e841ed8d1853da26fe67c77b03c53b2315b78a9eb4710634,NEW
Raw+Cond,29,1.0,n/a — no frozen canonical overall WER,1.3518518518518519,0.23529411764705882,2.6176470588235294,0.8944723618090452,38,5,-144.0,160,0.7368421052631579,0.11797752808988764,4715.342680931091,-0.03053860763552518,396,15.607671484414142,sha256:f96e879f91cfec46e841ed8d1853da26fe67c77b03c53b2315b78a9eb4710634,NEW
Raw+Cond,29,2.0,n/a — no frozen canonical overall WER,3.825925925925926,0.8088235294117647,12.279411764705882,0.9798994974874372,4,10,-179.0,176,0.47368421052631576,0.033707865168539325,16035.013556480408,-0.011163071323233072,1027,31.215342968828285,sha256:f96e879f91cfec46e841ed8d1853da26fe67c77b03c53b2315b78a9eb4710634,NEW
Raw,29,0.25,n/a — no frozen canonical overall WER,0.2962962962962963,0.7205882352941176,0.7205882352941176,0.1407035175879397,0,0,-9.0,9,1.0,0.949438202247191,902.1409130096436,-0.00997626852990736,231,3.9019178711035356,sha256:7c091a07a84018f6f2a38fd35093865579df8c0f9b88e332620172fc621a61cb,NEW
Raw,29,0.5,n/a — no frozen canonical overall WER,0.35185185185185186,0.7205882352941176,0.7205882352941176,0.21608040201005024,0,0,-25.0,25,1.0,0.8595505617977528,1709.03320646286,-0.014628153452759309,226,7.803835742207071,sha256:7c091a07a84018f6f2a38fd35093865579df8c0f9b88e332620172fc621a61cb,NEW
Raw,29,1.0,n/a — no frozen canonical overall WER,1.9,0.5147058823529411,3.9558823529411766,0.7638190954773869,21,7,-125.0,132,0.631578947368421,0.2696629213483146,6649.283211708069,-0.018799018784445787,539,15.607671484414142,sha256:7c091a07a84018f6f2a38fd35093865579df8c0f9b88e332620172fc621a61cb,NEW
Raw,29,2.0,n/a — no frozen canonical overall WER,2.6333333333333333,0.8382352941176471,6.882352941176471,0.9547738693467337,3,11,-179.0,174,0.42105263157894735,0.05056179775280899,14071.86738204956,-0.012720415502802212,830,31.215342968828285,sha256:7c091a07a84018f6f2a38fd35093865579df8c0f9b88e332620172fc621a61cb,NEW
Conditioning,30,0.25,n/a — no frozen canonical overall WER,0.2851851851851852,0.6617647058823529,0.6617647058823529,0.1457286432160804,4,0,-5.0,9,1.0,0.949438202247191,798.3203659057617,-0.0062631497498214,196,4.135483018824805,sha256:b9900a71bbe1c8c8376ad7530a2b73a637c4ebaabb391c4bb89dd029194d3872,NEW
Conditioning,30,0.5,n/a — no frozen canonical overall WER,0.8444444444444444,0.19117647058823528,2.1176470588235294,0.4120603015075377,37,1,-46.0,63,0.9473684210526315,0.651685393258427,2967.101655960083,-0.015503344790226104,399,8.27096603764961,sha256:b9900a71bbe1c8c8376ad7530a2b73a637c4ebaabb391c4bb89dd029194d3872,NEW
Conditioning,30,1.0,n/a — no frozen canonical overall WER,1.9814814814814814,0.3382352941176471,5.014705882352941,0.9597989949748744,31,5,-162.0,171,0.7368421052631579,0.05056179775280899,6333.152988433838,-0.025579675762745457,532,16.54193207529922,sha256:b9900a71bbe1c8c8376ad7530a2b73a637c4ebaabb391c4bb89dd029194d3872,NEW
Conditioning,30,2.0,n/a — no frozen canonical overall WER,5.948148148148148,0.8823529411764706,20.691176470588236,0.9849246231155779,4,15,-186.0,183,0.21052631578947367,0.02247191011235955,25014.567456245422,-0.0074356672497073745,1599,33.08386415059844,sha256:b9900a71bbe1c8c8376ad7530a2b73a637c4ebaabb391c4bb89dd029194d3872,NEW
Local+Cond,30,0.25,n/a — no frozen canonical overall WER,0.3,0.6911764705882353,0.6911764705882353,0.15577889447236182,2,0,-9.0,11,1.0,0.9382022471910112,820.2692158222198,-0.010972007514604334,199,4.135483018824805,sha256:d334a444c92844c976a4780667382f0d9eb4bdeaf5bbe9b6a789e2aa7ec6fe78,NEW
Local+Cond,30,0.5,n/a — no frozen canonical overall WER,0.3888888888888889,0.4117647058823529,0.4117647058823529,0.37185929648241206,23,2,-41.0,56,0.8947368421052632,0.6966292134831461,1874.9686255455017,-0.02186703256864978,237,8.27096603764961,sha256:d334a444c92844c976a4780667382f0d9eb4bdeaf5bbe9b6a789e2aa7ec6fe78,NEW
Local+Cond,30,1.0,n/a — no frozen canonical overall WER,1.8111111111111111,0.20588235294117646,4.323529411764706,0.964824120603015,37,2,-155.0,172,0.8947368421052632,0.0449438202247191,7060.837162971497,-0.02195207118114157,555,16.54193207529922,sha256:d334a444c92844c976a4780667382f0d9eb4bdeaf5bbe9b6a789e2aa7ec6fe78,NEW
Local+Cond,30,2.0,n/a — no frozen canonical overall WER,4.507407407407407,0.8235294117647058,14.985294117647058,0.9798994974874372,4,11,-182.0,179,0.42105263157894735,0.02247191011235955,20478.158138275146,-0.008887518045865118,1211,33.08386415059844,sha256:d334a444c92844c976a4780667382f0d9eb4bdeaf5bbe9b6a789e2aa7ec6fe78,NEW
Local,30,0.25,n/a — no frozen canonical overall WER,0.2962962962962963,0.7205882352941176,0.7205882352941176,0.1407035175879397,0,0,-9.0,9,1.0,0.949438202247191,961.9883990287781,-0.00935562217703081,233,4.135483018824805,sha256:86d04a6e68c038e8199df1e93743fb5d3d536d751eafa32d264ae988eb9463bc,NEW
Local,30,0.5,n/a — no frozen canonical overall WER,0.2962962962962963,0.6764705882352942,0.6764705882352942,0.15577889447236182,3,0,-9.0,12,1.0,0.9325842696629213,1941.6778197288513,-0.004635166508343191,241,8.27096603764961,sha256:86d04a6e68c038e8199df1e93743fb5d3d536d751eafa32d264ae988eb9463bc,NEW
Local,30,1.0,n/a — no frozen canonical overall WER,1.8666666666666667,0.7352941176470589,3.0294117647058822,0.7688442211055276,4,5,-131.0,130,0.7368421052631579,0.2808988764044944,7042.387725830078,-0.018601645507179056,540,16.54193207529922,sha256:86d04a6e68c038e8199df1e93743fb5d3d536d751eafa32d264ae988eb9463bc,NEW
Local,30,2.0,n/a — no frozen canonical overall WER,4.5851851851851855,0.8676470588235294,13.514705882352942,0.9748743718592965,3,13,-188.0,183,0.3157894736842105,0.011235955056179775,32902.36336708069,-0.005713875258824016,1797,33.08386415059844,sha256:86d04a6e68c038e8199df1e93743fb5d3d536d751eafa32d264ae988eb9463bc,NEW
Raw+Cond,30,0.25,n/a — no frozen canonical overall WER,0.3,0.6911764705882353,0.6911764705882353,0.15577889447236182,2,0,-9.0,11,1.0,0.9382022471910112,819.9944033622742,-0.010975684666988872,199,4.135483018824805,sha256:0a66b12067668362732c49580a0a6cb0300e8cfeaac1de739ef329f6a397085c,NEW
Raw+Cond,30,0.5,n/a — no frozen canonical overall WER,0.8,0.20588235294117646,1.9558823529411764,0.4020100502512563,37,2,-38.0,56,0.8947368421052632,0.6966292134831461,3148.379967689514,-0.012069699461303226,406,8.27096603764961,sha256:0a66b12067668362732c49580a0a6cb0300e8cfeaac1de739ef329f6a397085c,NEW
Raw+Cond,30,1.0,n/a — no frozen canonical overall WER,1.8111111111111111,0.20588235294117646,4.323529411764706,0.964824120603015,37,2,-155.0,172,0.8947368421052632,0.0449438202247191,6999.477784156799,-0.02214450917336146,553,16.54193207529922,sha256:0a66b12067668362732c49580a0a6cb0300e8cfeaac1de739ef329f6a397085c,NEW
Raw+Cond,30,2.0,n/a — no frozen canonical overall WER,4.507407407407407,0.8235294117647058,14.985294117647058,0.9798994974874372,4,11,-182.0,179,0.42105263157894735,0.02247191011235955,20358.76107120514,-0.00893964025430878,1211,33.08386415059844,sha256:0a66b12067668362732c49580a0a6cb0300e8cfeaac1de739ef329f6a397085c,NEW
Raw,30,0.25,n/a — no frozen canonical overall WER,0.3037037037037037,0.7205882352941176,0.7205882352941176,0.1507537688442211,0,0,-11.0,11,1.0,0.9382022471910112,837.8202996253967,-0.013129307089978939,203,4.135483018824805,sha256:6551adcd7a7ee076e04905caec03382f689691e0b688dc095c95b939f0bbd791,NEW
Raw,30,0.5,n/a — no frozen canonical overall WER,0.34444444444444444,0.6470588235294118,0.6470588235294118,0.23115577889447236,5,0,-22.0,27,1.0,0.848314606741573,1915.963876247406,-0.011482471184732904,238,8.27096603764961,sha256:6551adcd7a7ee076e04905caec03382f689691e0b688dc095c95b939f0bbd791,NEW
Raw,30,1.0,n/a — no frozen canonical overall WER,2.4814814814814814,0.6029411764705882,6.647058823529412,0.8140703517587939,13,5,-142.0,142,0.7368421052631579,0.21348314606741572,9074.838381767273,-0.01564766159200141,686,16.54193207529922,sha256:6551adcd7a7ee076e04905caec03382f689691e0b688dc095c95b939f0bbd791,NEW
Raw,30,2.0,n/a — no frozen canonical overall WER,4.2407407407407405,0.8676470588235294,13.514705882352942,0.9748743718592965,3,13,-186.0,181,0.3157894736842105,0.02247191011235955,25746.676568984985,-0.007224233368591723,1415,33.08386415059844,sha256:6551adcd7a7ee076e04905caec03382f689691e0b688dc095c95b939f0bbd791,NEW
Conditioning,31,0.25,n/a — no frozen canonical overall WER,0.2851851851851852,0.6470588235294118,0.6470588235294118,0.1507537688442211,5,0,-5.0,10,1.0,0.9438202247191011,1081.3608388900757,-0.004623803470756415,242,4.506565073978239,sha256:f6952647a4611f26860873235b8e79f2b270d7c6a85c00ab40157d74ab566adb,NEW
Conditioning,31,0.5,n/a — no frozen canonical overall WER,1.6185185185185185,0.17647058823529413,4.235294117647059,0.7336683417085427,38,1,-107.0,125,0.9473684210526315,0.30337078651685395,4771.512362480164,-0.02242475589948654,594,9.013130147956478,sha256:f6952647a4611f26860873235b8e79f2b270d7c6a85c00ab40157d74ab566adb,NEW
Conditioning,31,1.0,n/a — no frozen canonical overall WER,4.277777777777778,0.8235294117647058,14.073529411764707,0.9798994974874372,4,11,-182.0,179,0.42105263157894735,0.02247191011235955,15682.007174491882,-0.011605657233471903,1227,18.026260295912955,sha256:f6952647a4611f26860873235b8e79f2b270d7c6a85c00ab40157d74ab566adb,NEW
Conditioning,31,2.0,n/a — no frozen canonical overall WER,6.655555555555556,0.9264705882352942,23.5,0.9849246231155779,4,18,-189.0,186,0.05263157894736842,0.02247191011235955,30559.75581264496,-0.006184604391432864,1793,36.05252059182591,sha256:f6952647a4611f26860873235b8e79f2b270d7c6a85c00ab40157d74ab566adb,NEW
Local+Cond,31,0.25,n/a — no frozen canonical overall WER,0.29259259259259257,0.6911764705882353,0.6911764705882353,0.1457286432160804,2,0,-7.0,9,1.0,0.949438202247191,1031.3871593475342,-0.006786976099671698,229,4.506565073978239,sha256:532b87648507c922927ef7a74727abc547f8ddd26c61144be87c9be7e90e636a,NEW
Local+Cond,31,0.5,n/a — no frozen canonical overall WER,0.8074074074074075,0.4264705882352941,2.0588235294117645,0.34673366834170855,20,0,-35.0,48,1.0,0.7303370786516854,3623.5647010803223,-0.009658996840753298,420,9.013130147956478,sha256:532b87648507c922927ef7a74727abc547f8ddd26c61144be87c9be7e90e636a,NEW
Local+Cond,31,1.0,n/a — no frozen canonical overall WER,3.27037037037037,0.6911764705882353,10.102941176470589,0.9698492462311558,6,4,-169.0,171,0.7894736842105263,0.0449438202247191,12705.296600341797,-0.013301539138838647,904,18.026260295912955,sha256:532b87648507c922927ef7a74727abc547f8ddd26c61144be87c9be7e90e636a,NEW
Local+Cond,31,2.0,n/a — no frozen canonical overall WER,6.644444444444445,0.8970588235294118,23.455882352941178,0.9849246231155779,4,16,-187.0,184,0.15789473684210525,0.02247191011235955,33824.85763168335,-0.005528478553737925,1793,36.05252059182591,sha256:532b87648507c922927ef7a74727abc547f8ddd26c61144be87c9be7e90e636a,NEW
Local,31,0.25,n/a — no frozen canonical overall WER,0.3074074074074074,0.7205882352941176,0.7205882352941176,0.15577889447236182,0,0,-11.0,11,1.0,0.9382022471910112,1042.4943866729736,-0.010551615568027663,231,4.506565073978239,sha256:92ad6a505cfb0253c07e8a41b622980dc7eee935608673ac51bb4c8ef5c9db2b,NEW
Local,31,0.5,n/a — no frozen canonical overall WER,0.3148148148148148,0.7205882352941176,0.7205882352941176,0.1658291457286432,0,0,-14.0,14,1.0,0.9213483146067416,2048.716637611389,-0.0068335463006356425,231,9.013130147956478,sha256:92ad6a505cfb0253c07e8a41b622980dc7eee935608673ac51bb4c8ef5c9db2b,NEW
Local,31,1.0,n/a — no frozen canonical overall WER,1.7222222222222223,0.6764705882352942,1.1470588235294117,1.6080402010050252,4,1,-86.0,89,0.9473684210526315,0.5056179775280899,10280.344000816345,-0.008365478819888798,687,18.026260295912955,sha256:92ad6a505cfb0253c07e8a41b622980dc7eee935608673ac51bb4c8ef5c9db2b,NEW
Local,31,2.0,n/a — no frozen canonical overall WER,0.9481481481481482,0.9411764705882353,0.9411764705882353,0.949748743718593,0,15,-184.0,178,0.21052631578947367,0.05056179775280899,40407.69868850708,-0.004553587706600426,1990,36.05252059182591,sha256:92ad6a505cfb0253c07e8a41b622980dc7eee935608673ac51bb4c8ef5c9db2b,NEW
Raw+Cond,31,0.25,n/a — no frozen canonical overall WER,0.29259259259259257,0.6911764705882353,0.6911764705882353,0.1457286432160804,2,0,-7.0,9,1.0,0.949438202247191,1031.1277470588684,-0.006788683574820299,229,4.506565073978239,sha256:1be59c9840fe114492d38516330ef9bc87ab6734b1065cee0394a25b8280c735,NEW
Raw+Cond,31,0.5,n/a — no frozen canonical overall WER,0.8925925925925926,0.36764705882352944,2.2205882352941178,0.4371859296482412,24,0,-50.0,66,1.0,0.6292134831460674,3739.1017122268677,-0.013372195743298433,436,9.013130147956478,sha256:1be59c9840fe114492d38516330ef9bc87ab6734b1065cee0394a25b8280c735,NEW
Raw+Cond,31,1.0,n/a — no frozen canonical overall WER,3.9518518518518517,0.7058823529411765,12.808823529411764,0.9698492462311558,6,5,-172.0,174,0.7368421052631579,0.033707865168539325,15284.120255470276,-0.011253509991092892,1092,18.026260295912955,sha256:1be59c9840fe114492d38516330ef9bc87ab6734b1065cee0394a25b8280c735,NEW
Raw+Cond,31,2.0,n/a — no frozen canonical overall WER,6.651851851851852,0.9117647058823529,23.485294117647058,0.9849246231155779,4,17,-188.0,185,0.10526315789473684,0.02247191011235955,33475.27454948425,-0.005616085380333243,1793,36.05252059182591,sha256:1be59c9840fe114492d38516330ef9bc87ab6734b1065cee0394a25b8280c735,NEW
Raw,31,0.25,n/a — no frozen canonical overall WER,0.3037037037037037,0.7205882352941176,0.7205882352941176,0.1507537688442211,0,0,-10.0,10,1.0,0.9438202247191011,910.9800925254822,-0.010977188285506116,202,4.506565073978239,sha256:43fe614ef871389b3619456aab10959f0c92234a53506c626d3148c487ec0b74,NEW
Raw,31,0.5,n/a — no frozen canonical overall WER,0.3111111111111111,0.7058823529411765,0.7058823529411765,0.1658291457286432,1,0,-13.0,14,1.0,0.9213483146067416,2136.925313949585,-0.006083506950447731,240,9.013130147956478,sha256:43fe614ef871389b3619456aab10959f0c92234a53506c626d3148c487ec0b74,NEW
Raw,31,1.0,n/a — no frozen canonical overall WER,0.8407407407407408,0.6617647058823529,0.6764705882352942,0.5728643216080402,5,1,-90.0,95,0.9473684210526315,0.47191011235955055,7964.163837432861,-0.011300621363034422,534,18.026260295912955,sha256:43fe614ef871389b3619456aab10959f0c92234a53506c626d3148c487ec0b74,NEW
Raw,31,2.0,n/a — no frozen canonical overall WER,0.9592592592592593,0.9411764705882353,0.9411764705882353,0.964824120603015,0,15,-187.0,181,0.21052631578947367,0.033707865168539325,36404.69278907776,-0.005136700399683204,1792,36.05252059182591,sha256:43fe614ef871389b3619456aab10959f0c92234a53506c626d3148c487ec0b74,NEW
