model,side,layer,direction,comparator,cosine,angle_deg,raw_l2,unit_l2_identity,a5_norm,comparator_norm,direction_hash
whisper,encoder,0,neg_shared,Raw,0.4155454627822557,65.44632843196099,1.081160983960487,1.081160983960487,1.0,1.0,sha256:b33fd3a15fdc227d61f4ced86cab16f1d5118ac098a583b105838c3456c2fc0b
whisper,encoder,0,pos_unique,Raw,0.07432498897047161,85.73756122944229,1.3606432418063137,1.3606432418063137,1.0,1.0,sha256:a80c587771c8d86f5b22030c010e3f587776a6ec592de49878ddec9520886238
whisper,encoder,0,unique_minus_shared,Raw,0.34639071795819654,69.73328650368315,1.1433365921255672,1.1433365921255672,1.0,1.0,sha256:635423bff00f532b4bc50029db395f7790b8d6deafc5991f195be794238488b5
whisper,encoder,1,neg_shared,Raw,0.6011334728186317,53.04888013850376,0.8931590306699699,0.8931590306699699,1.0,1.0,sha256:5d25ee178d76a5bf415f55508f5356ce1c7f3538385f6f43ec2fd183bae543f0
whisper,encoder,1,pos_unique,Raw,0.1364944031901309,82.15495713348953,1.3141579769161247,1.3141579769161247,1.0,1.0,sha256:2d418e8930495895b292b6372b5c9ab930c4282dcd740cf545f65ae0f57444a8
whisper,encoder,1,unique_minus_shared,Raw,0.5215816730384317,58.561593081919675,0.9781802721273994,0.9781802721273994,1.0,1.0,sha256:86ec589f0acb7c7069fbbb693c051b571f1d58400f7d6b5673bd6338822348bf
whisper,encoder,2,neg_shared,Raw,0.0061736316223218336,89.64627471678335,1.4098413891659602,1.4098413891659602,1.0,1.0,sha256:af24b7789d91af78172574b053f11e774343df7ee7eed53c99f2b66fdf9f22f3
whisper,encoder,2,pos_unique,Raw,0.5917620611256814,53.71785064153979,0.9035905469836336,0.9035905469836336,1.0,1.0,sha256:878970d561ea3442bbe20673d6d101158179edcbff376fcf59cf0835a8a8caab
whisper,encoder,2,unique_minus_shared,Raw,0.4228043839053463,64.98823299833651,1.0744260013161668,1.0744260013161668,1.0,1.0,sha256:1175548b929cfc3e32afaf91a2ef77a60479b18442378f298e1dfb4c31f070e0
whisper,encoder,3,neg_shared,Raw,0.021451547336991082,88.77082258973849,1.398962796510673,1.398962796510673,1.0,1.0,sha256:88194d493f59419c205cc3514c3dd1aff8cf919edcae5b575e38d0fe98eb4b9b
whisper,encoder,3,pos_unique,Raw,0.6169945198500184,51.9030109662647,0.8752205212566166,0.8752205212566166,1.0,1.0,sha256:924e53d7ac210db2239f7183fb174c6da9a2a8476dc27e27e31f48629bb8ff70
whisper,encoder,3,unique_minus_shared,Raw,0.4514495442767522,63.16327669647249,1.0474258468856,1.0474258468856,1.0,1.0,sha256:d62253c5862a002a87a7b82106172a25c10cd4a23562c2ba01f6259e4d5e69f6
whisper,encoder,4,neg_shared,Raw,-0.024613507650970506,91.4103925403191,1.4315121426970234,1.4315121426970234,1.0,1.0,sha256:afbc8621b07c1b85a9ac211a1fbf6eda3001a1f5939bda5203e27591ef196c84
whisper,encoder,4,pos_unique,Raw,0.6204957725217572,51.64765254558541,0.8712109118960888,0.8712109118960888,1.0,1.0,sha256:31da88a193b87fab69660f511c390aa247972421288e50cebcc40b9982cb2856
whisper,encoder,4,unique_minus_shared,Raw,0.4213523908810417,65.0800009425657,1.0757765637244925,1.0757765637244925,1.0,1.0,sha256:c8b308048cac2415aa5f4e2b984f59beab1c169eb934f143c96bb30926ed5964
whisper,encoder,5,neg_shared,Raw,0.02927545289417571,88.32240041589438,1.39335893167522,1.39335893167522,1.0,1.0,sha256:d6a489490ea7b23bc4ded0c264991ef8a39654b326d54f6925a9d38b0fc72730
whisper,encoder,5,pos_unique,Raw,0.6325869415258539,50.758758675663444,0.8572199925995952,0.8572199925995952,1.0,1.0,sha256:7c85ada9c5eba5bb457f3b82fa15b36058802413443e109bfa691260a0bcd877
whisper,encoder,5,unique_minus_shared,Raw,0.4680073872822449,62.09497071408293,1.031496598014407,1.031496598014407,1.0,1.0,sha256:bf8be4c061bd6ea8b0550944d35d80fa29a23d69c5b30909161a91997634cadb
whisper,encoder,6,neg_shared,Raw,0.06532024033889906,86.25475936087086,1.3672452181341384,1.3672452181341384,1.0,1.0000000000000002,sha256:5f11435e2d21a941b8995f082cd1d963efe8ba561a4c0cbf2d02bd1dce4f4e0a
whisper,encoder,6,pos_unique,Raw,0.6305544612529325,50.90895846195769,0.8595877373145766,0.8595877373145766,1.0,1.0000000000000002,sha256:fc65455615cbd5d05632b2be53ea06e6f562e945d57ed57e9959b824459c213d
whisper,encoder,6,unique_minus_shared,Raw,0.49205774937955754,60.52407856910901,1.0079109899447583,1.0079109899447583,0.9999999403953552,1.0000000000000002,sha256:e7bfb6cf6c4593e0eb864a9c1cf85173f63ddb2c617e5fcc3a8a6cc1d2f4fbae
whisper,encoder,7,neg_shared,Raw,0.04857245596879632,87.21590779592765,1.3794401294373857,1.3794401294373857,1.0,1.0000000000000002,sha256:c8d086a5b748a95de4faf4b7effebbb1a8d5b930cdc53fb210823661e44dc2bc
whisper,encoder,7,pos_unique,Raw,0.6514903216520478,49.345939795372736,0.8348768520802718,0.8348768520802718,1.0,1.0000000000000002,sha256:aaecf810f6bfe4f8002d2572410b322eda07e7380b716df85ae910bbbd5381e9
whisper,encoder,7,unique_minus_shared,Raw,0.495019168913295,60.32898563496117,1.004968511734214,1.004968511734214,0.9999999403953552,1.0000000000000002,sha256:c3642df3aada47d84fb17016db8c1a87704367bb33a912db4216334a94d73dae
whisper,encoder,8,neg_shared,Raw,0.05621689948504917,86.7773099338203,1.373887257440404,1.373887257440404,1.0,1.0,sha256:b455d9e5ed85c53752c823764833454cac52ef0841c67c604e8f9368444ab1f1
whisper,encoder,8,pos_unique,Raw,0.6509516108210345,49.386612269043226,0.8355218600649212,0.8355218600649212,1.0,1.0,sha256:bc7ab4138215305aaf691817443581f4725f626600c09a537433546c1355d9f7
whisper,encoder,8,unique_minus_shared,Raw,0.5000436483523232,59.99711220623756,0.9999563485266266,0.9999563485266266,1.0,1.0,sha256:79592c585c77f423d85a2a17e7ff8f005db3e8c417d878871b59864da605b570
whisper,encoder,9,neg_shared,Raw,0.046840258098342816,87.31526856752963,1.380695294517541,1.380695294517541,1.0,1.0,sha256:f83544f608c78622d7dcb47246bad774bdf9550db331505a4b6641aa1d7c8428
whisper,encoder,9,pos_unique,Raw,0.6544148194640695,49.12470665076626,0.8313665634418124,0.8313665634418124,1.0,1.0,sha256:f1358cd4819cdfcd70c982ed5acc546216352e1c8c802c9060d241a3d5c0e349
whisper,encoder,9,unique_minus_shared,Raw,0.4958622174343885,60.27337798660838,1.0041292550503151,1.0041292550503151,1.0,1.0,sha256:a4765d2f107e0c04c2925ede5cc40f4801ba74dcdc82ec693fb12dc1bc9cfdd7
whisper,encoder,10,neg_shared,Raw,0.022352493049267477,88.71918981553804,1.3983186346962742,1.3983186346962742,0.9999999403953552,1.0000000000000002,sha256:fb03649d6a8379ded5ac1666db6635c13872e3c0f2f5917298d3181b596fdaaa
whisper,encoder,10,pos_unique,Raw,0.6068843676042387,52.63543819902485,0.8866968286436692,0.8866968286436692,1.0,1.0000000000000002,sha256:e9a1ff734288e6bb6a6516cfde5fcf6c1310cefc081d0bb06d5997c61cc33ae3
whisper,encoder,10,unique_minus_shared,Raw,0.44493764944057834,63.580650335353525,1.0536245567170648,1.0536245567170648,1.0,1.0000000000000002,sha256:894da0aae7bc6e6d2189e7720f006852adcc023a480b5ed789906ef6aa36dcc2
whisper,encoder,11,neg_shared,Raw,0.10066046521818872,84.22279574134613,1.3411484081620815,1.3411484081620815,1.0,1.0,sha256:1e45f2fe984a3899f7637491ce853b72a8fe29e241b8b15e5a6bdb54546394af
whisper,encoder,11,pos_unique,Raw,0.6077639898840939,52.57200010953101,0.8857042507325945,0.8857042507325945,1.0,1.0,sha256:e4a9dc57f0d91bde3155101f1798007fec5c44366e4aecf049cc2649e2c214d7
whisper,encoder,11,unique_minus_shared,Raw,0.5009317364215817,59.9383376456667,0.9990678324565133,0.9990678324565133,1.0,1.0,sha256:c8bccbaf995a46e2c94b7f2ef3c2c9fabe9985e27fd11362cecd9ab9194c5f04
whisper,encoder,12,neg_shared,Raw,0.09092004814203068,84.78346101560709,1.3483915927149053,1.3483915927149053,1.0,1.0000000000000002,sha256:50f615e2aec8a66c969c2e1e5c93219d795f2fc348a77a6428f611bebfb846d8
whisper,encoder,12,pos_unique,Raw,0.6246979919736028,51.339975700596725,0.8663740617715386,0.8663740617715386,1.0,1.0000000000000002,sha256:7bf85b4792b320266aeaf325741caed55bbdbe31ae36e1a97ae2f46632405ce6
whisper,encoder,12,unique_minus_shared,Raw,0.5060183679800837,59.60102274238322,0.993963413073474,0.993963413073474,1.0,1.0000000000000002,sha256:bc1727b1def573e1657f103f93c111294ab9a46a11611f160f254d59611615e0
whisper,encoder,13,neg_shared,Raw,0.07096971228124033,85.93031382698622,1.3631069574034973,1.3631069574034973,1.0,1.0,sha256:b4dd42dc4676e6417a4a071f77af4257a656e7b645cd94cf219539d9dd46456b
whisper,encoder,13,pos_unique,Raw,0.6345005902511867,50.61704598569708,0.8549846889085985,0.8549846889085985,1.0,1.0,sha256:c0d4ac23773c238c0eae3f5a266639136913cac960b314fc08ae5414b48b14b8
whisper,encoder,13,unique_minus_shared,Raw,0.49884283403693974,60.076527999463124,1.001156501066827,1.001156501066827,1.0,1.0,sha256:567f95f0958ccce2323c4885adda92ac610e35cd593a47a85adea699c45e631b
whisper,encoder,14,neg_shared,Raw,0.0633095618991506,86.37020177494469,1.3687150432202229,1.3687150432202229,1.0,1.0000000000000002,sha256:376678cf55f49abcdcbcb85b7c0f03e67c27b4409d30b0028598fbb7880e7e21
whisper,encoder,14,pos_unique,Raw,0.6575272306265512,48.88844310140355,0.8276143668512729,0.8276143668512729,1.0,1.0000000000000002,sha256:93f4100114aea64e68580e9f09293ee54ed6f8acf5a9d64bb37634c9550a207b
whisper,encoder,14,unique_minus_shared,Raw,0.509708583135081,59.35557943804378,0.9902438238472455,0.9902438238472455,1.0,1.0000000000000002,sha256:bcf6f3f197d34d8ff5eec01f6571f965502495ac5c93c3fee6e5900b71dd9b93
whisper,encoder,15,neg_shared,Raw,0.040926778048247694,87.65441322764208,1.3849716433895147,1.3849716433895147,1.0,1.0,sha256:9cfe07a522f4002b36eebd097aa1179fed074edba1f889d52559a007fd4185f8
whisper,encoder,15,pos_unique,Raw,0.6265632469799681,51.20298217141399,0.8642184358812607,0.8642184358812607,1.0,1.0,sha256:e2093ccaf7aa7785257beeb42d08ee3f7453c5309b7db4ff5f1ee70f3a52afd9
whisper,encoder,15,unique_minus_shared,Raw,0.47198671969571954,61.836663724292194,1.0276315304146248,1.0276315304146248,1.0,1.0,sha256:2b261fcfa5a41abd1e06bdc696ca84a806fc7458d5ab7a4555e54b3a00c7679f
whisper,encoder,16,neg_shared,Raw,0.06625200211668741,86.20125744282596,1.3665635713996638,1.3665635713996638,1.0,1.0,sha256:770c4b589dc55014489e66376c2ebabc66c05c9d75e3c5de5251a58149a8d7bb
whisper,encoder,16,pos_unique,Raw,0.5849597002535971,54.1998569294822,0.9110875916411014,0.9110875916411014,1.0,1.0,sha256:8a89d4aaeb4bdcf7f17869f55ec76b3b6035f151875eadb9fef6c95dc90edbf6
whisper,encoder,16,unique_minus_shared,Raw,0.4604762124246368,62.582159111048135,1.0387721426382488,1.0387721426382488,1.0,1.0,sha256:21881bc935f345474e4f12ee48f44d657dbe969709e5f3590de92bb8f5573e08
whisper,encoder,17,neg_shared,Raw,0.09400721850522073,84.6058180992733,1.3461001249675533,1.3461001249675533,1.0,1.0,sha256:3040de15ec98fcd30ad9ac8956895aef307ebf97e3a4180b98a0ef9dda2efeed
whisper,encoder,17,pos_unique,Raw,0.578097505281441,54.683157749577234,0.9185885862115865,0.9185885862115865,1.0,1.0,sha256:d09c558600ca4ff8a6bf6f03fc53c29e164d3a465217d77bff5bc6df1939cb9f
whisper,encoder,17,unique_minus_shared,Raw,0.4752498060780299,61.62438387870156,1.024451259604885,1.024451259604885,1.0,1.0,sha256:0bc9e39e9db6e3fe6ae42738db9588cfea6e50293f1f71556b75b48e988eb44e
whisper,encoder,18,neg_shared,Raw,0.14098766678599178,81.89499771267849,1.3107344017299618,1.3107344017299618,1.0,1.0000000000000002,sha256:2dd66e6c9fa96b172c3c6f05e25a89a45271dc8e528e69626594a2d79bb33587
whisper,encoder,18,pos_unique,Raw,0.5395935886532052,57.344023049552874,0.9595899239239597,0.9595899239239597,1.0,1.0000000000000002,sha256:f124788c1e961eec11e783db025b2d34f77e316b9520c51c7ed8e4cc36241d24
whisper,encoder,18,unique_minus_shared,Raw,0.4812436212753827,61.23334357994145,1.0185836984558878,1.0185836984558878,1.0,1.0000000000000002,sha256:d5b4a4da5eb7ec548183e3f69ac86225dd95097cc9ecf0543aba8fc1750ddf16
whisper,encoder,19,neg_shared,Raw,0.09654040028696183,84.46001418742772,1.344216946512676,1.344216946512676,1.0,0.9999999999999999,sha256:13902bb3c79296f0f8cef904e917ba4f01bcd1ea2343a5e81a780bbbaa030327
whisper,encoder,19,pos_unique,Raw,0.5479146624824156,56.77593260255364,0.9508788953090933,0.9508788953090933,1.0,0.9999999999999999,sha256:fb2e94594f831b451f9b5ade66d56882275e452dde3186f41996fd14cc109e23
whisper,encoder,19,unique_minus_shared,Raw,0.45569854393178805,62.890111214833,1.0433613538214916,1.0433613538214916,1.0,0.9999999999999999,sha256:7be4771c03baf3b6bb9d9b38edee39013c2448a0182cff8788d180f7ea64a771
whisper,encoder,20,neg_shared,Raw,0.04458206241560216,87.44478906514657,1.3823298711967351,1.3823298711967351,1.0,1.0,sha256:56ef545343d31c1c47c694d4c2f0496073481db0f1da1e91331e8aa474efb674
whisper,encoder,20,pos_unique,Raw,0.46967661612979755,61.98669296246855,1.029877064211519,1.029877064211519,1.0,1.0,sha256:8da67d43b15d1ed889d0c2ffa70f7dbc71b6220a8807b23a20658e6669ea2dd3
whisper,encoder,20,unique_minus_shared,Raw,0.36363579953506864,68.67634843236661,1.1281526496154934,1.1281526496154934,1.0,1.0,sha256:7ec053b950d88703c19c6b12685611efc0f4c900ca3c138dc3f6cf36ed5177e4
whisper,encoder,21,neg_shared,Raw,0.9627548111711782,15.686641400695656,0.272929219551825,0.272929219551825,1.0,1.0,sha256:d74d2a409f36476efeeed1f625ab0dc6a2dc73a8b821d34e135f1081005cb1a5
whisper,encoder,21,pos_unique,Raw,0.10805161511366124,83.79698813142377,1.3356259831008648,1.3356259831008648,1.0,1.0,sha256:5b451740b5414ea5056ecd66c013e8ca6a18e682417e70f60e9441faa611fe47
whisper,encoder,21,unique_minus_shared,Raw,0.7571745039267135,40.784262410782986,0.6968866542716782,0.6968866542716782,1.0,1.0,sha256:1065162486be8f6cd743cd0231a50af3b1e55fac4583fb61e40bb987417fb94a
whisper,encoder,22,neg_shared,Raw,0.9448876197565561,19.110729384363008,0.332001083843509,0.332001083843509,1.0,1.0,sha256:2306f80c3722a529d0ff40ab97252f4975e666ada8c0d3c7efaca8b6f7ac095d
whisper,encoder,22,pos_unique,Raw,0.10711826808331869,83.8507771763074,1.3363246106296776,1.3363246106296776,1.0,1.0,sha256:f54dc5a5636e2a9afa2d8d5381274db89a31177738048f91a6510f1ba02b5673
whisper,encoder,22,unique_minus_shared,Raw,0.7438805180995316,41.936966180260335,0.7157087218212493,0.7157087218212493,1.0,1.0,sha256:d44f5ddf0cd3688eb5aa8e4387501ae70efc44abfbe59aa117d04dabf62d1220
whisper,encoder,23,neg_shared,Raw,0.9328604902712134,21.114803676014517,0.3664411036727221,0.3664411036727221,0.9999999403953552,1.0,sha256:e3c0558ff0fc3f8bc60c09a5dd2dc218a47903945f931568eefd3c35203a69bd
whisper,encoder,23,pos_unique,Raw,0.07557450493508182,85.66576729955568,1.359724602098694,1.359724602098694,1.0,1.0,sha256:95fb79443c690e85cf498b5d5ff7cf8606d6e2157cdb1ebeb770d40d8f2fd171
whisper,encoder,23,unique_minus_shared,Raw,0.713071232219798,44.51464817067539,0.7575338959662158,0.7575338959662158,0.9999999403953552,1.0,sha256:141effec8a455a2fef9d022be607e2fa75ac06f9ed680ffda46a329f486669b7
whisper,encoder,24,neg_shared,Raw,0.9269821752638323,22.030826165227076,0.38214611538468174,0.38214611538468174,1.0,1.0,sha256:6f5f0826b2b854e4e22aebad66bbc30ac0c90e57f7b2e810d070275b6f17d6b5
whisper,encoder,24,pos_unique,Raw,0.10362003057000946,84.05233355719825,1.3389398571306117,1.3389398571306117,1.0,1.0,sha256:69c246959027af42dc8b30ec8130a63c0d4b53d6add069ddd2942cd3bad8235d
whisper,encoder,24,unique_minus_shared,Raw,0.7287458537125765,43.218642665349876,0.7365516850862326,0.7365516850862326,0.9999999403953552,1.0,sha256:db64dd05a55b1a738bd087128c2601d0d551f7623d0a03f40875adfbcd7adfba
whisper,encoder,25,neg_shared,Raw,0.9194038499278807,23.160916110853204,0.4014876190915794,0.4014876190915794,1.0,1.0,sha256:84644dcb47b969cc045112f2d55e42c4e4fe8314947b554c1cb6cc5211e3b3a4
whisper,encoder,25,pos_unique,Raw,0.09784905693973908,84.38467698612251,1.3432430478583144,1.3432430478583144,1.0,1.0,sha256:24780d84a0534120e435921e45b8793a3d4ec3c959a6244613293c07d92b1917
whisper,encoder,25,unique_minus_shared,Raw,0.7193064227716308,44.00275293040218,0.749257731959738,0.749257731959738,1.0,1.0,sha256:d7b3b343ee13697aeb9774d3dfc7a2534f99519f520586f66a74511f73d90bac
whisper,encoder,26,neg_shared,Raw,0.9190549701542975,23.211686278586306,0.40235575538125967,0.40235575538125967,0.9999999403953552,0.9999999999999998,sha256:43e647332bebcd960d25a70f61f7c7ed18545f032c39b4f3bea1d732962a6f6e
whisper,encoder,26,pos_unique,Raw,0.03455956267259602,88.0194885418239,1.3895613970719116,1.3895613970719116,1.0,0.9999999999999998,sha256:a22b527b4bde78b7eab7d37612c22e1f9a8cb1e2d8c57ea238aed05306a1154c
whisper,encoder,26,unique_minus_shared,Raw,0.674307281937005,47.59962025241118,0.8070845375690052,0.8070845375690052,1.0,0.9999999999999998,sha256:829c00eba6971abacd5a6291e2385d1b3414defe55d17e7e6ea52767fe9d9a4e
whisper,encoder,27,neg_shared,Raw,0.919240335755497,23.184724326312725,0.4018946657921727,0.4018946657921727,1.0,1.0,sha256:61392e949d71f93edeffcc709f2effe02fe752b39dee4c268e73ee2b35cf85be
whisper,encoder,27,pos_unique,Raw,0.09854764451895417,84.3444564740963,1.3427228703141152,1.3427228703141152,1.0,1.0,sha256:970a0f5692f63b5a33e8818d4c0650a2d4d7c6a2558983d676aef7dadfeb2cf4
whisper,encoder,27,unique_minus_shared,Raw,0.7196847932637969,43.97153748423582,0.7487525810873333,0.7487525810873333,1.0,1.0,sha256:721e52972b42e65894f2d54fa780f995e7c2ad2db256f4c3dda994f9e5885430
whisper,encoder,28,neg_shared,Raw,0.8800984004658993,28.345764310435655,0.4896970381925067,0.4896970381925067,1.0,0.9999999999999999,sha256:1485a3dfa0e4406852b10396025a0839a44f2b425050ba2b8c1e41895c38a8cc
whisper,encoder,28,pos_unique,Raw,0.20280134396018415,78.29917799413425,1.2626944640440365,1.2626944640440365,1.0,0.9999999999999999,sha256:8467ae5006b8044fac2703cf476037855d9b863863922949cad610a82ff5bda0
whisper,encoder,28,unique_minus_shared,Raw,0.7657257680809136,40.02839716325267,0.6845060138894461,0.6845060138894461,1.0,0.9999999999999999,sha256:63f4a2752d7b2eb4a48dbcc40724596f79995778617c591de15e0aad22da8bbc
whisper,encoder,29,neg_shared,Raw,0.8594127561426483,30.74928900866426,0.5302589152994432,0.5302589152994432,0.9999999403953552,1.0,sha256:a2e047b5d3338502d614457ebb66cdd221ccd58c210c2b0a90806abdd71753ad
whisper,encoder,29,pos_unique,Raw,0.17940558241528026,79.66486141454845,1.2810889260626532,1.2810889260626532,1.0,1.0,sha256:2d6b14ebbc44951f160585e3b0a96ab6db294ba3fb4f82b252d3992fa8e38f4a
whisper,encoder,29,unique_minus_shared,Raw,0.7345555214748832,42.73032841514894,0.7286213315340441,0.7286213315340441,0.9999999403953552,1.0,sha256:fa480f5e915aae04b10e6837a7fb5e0c881a4d9123ba84808bffb5bc8335a018
whisper,encoder,30,neg_shared,Raw,0.8092099312063676,35.981188768212284,0.6177217852663514,0.6177217852663514,1.0,0.9999999999999998,sha256:d7bc78657c255ffb4b76109dd2b87b228046fdf38b240f4903064821b4fe17b1
whisper,encoder,30,pos_unique,Raw,0.0579003127224102,86.68070005474992,1.372661422015119,1.372661422015119,1.0,0.9999999999999998,sha256:95dd84ae2ead1da3f4ad81fd8601975160e99163375a64596fffda7bf3604780
whisper,encoder,30,unique_minus_shared,Raw,0.6131395112765999,52.183142091421196,0.8796141036816918,0.8796141036816918,1.0,0.9999999999999998,sha256:6708bb5445e11f1ea1bf2160acad5760d2790e0ce86a87a8dafa2dbcab3db844
whisper,encoder,31,neg_shared,Raw,0.7690045533633303,39.735417420605614,0.6796991009800718,0.6796991009800718,1.0,1.0,sha256:eb4f0d7ad39b052f9b96a9649800988e81ca2e83a29e11dacb648ae895ab92a2
whisper,encoder,31,pos_unique,Raw,0.06688229981879007,86.16506376456542,1.3661022658435595,1.3661022658435595,1.0,1.0,sha256:9db12fab122cce7ce632eb2b94928422e47779e6bb1bb4be0aa514bee49ee8d4
whisper,encoder,31,unique_minus_shared,Raw,0.5910612850840167,53.767643569716945,0.9043657760720647,0.9043657760720647,1.0,1.0,sha256:a6a7d475224b071837faa0663be423226fa1a8803117faa9d142e84972d737b9
whisper,decoder,0,neg_shared,Raw,-0.16293186867413123,99.37711353200761,1.5250782638882092,1.5250782638882092,0.9999999403953552,1.0,sha256:c9011cf6c8ace94336dbbff748f5ecd7170094d87341cf8676ff4f648d373972
whisper,decoder,0,neg_shared,Conditioning,0.4402305039512646,63.88141088148181,1.0580827177664514,1.0580827177664514,0.9999999403953552,1.0,sha256:c9011cf6c8ace94336dbbff748f5ecd7170094d87341cf8676ff4f648d373972
whisper,decoder,0,pos_unique,Raw,0.03458208827873442,88.01819714773083,1.3895451851687342,1.3895451851687342,1.0,1.0,sha256:833eb0fb7efa6069e2df050b47c3ba9e75fa00a56ad2662eff6b5927e6c7e8ae
whisper,decoder,0,pos_unique,Conditioning,0.0278581731473736,88.40363772473256,1.3943757212058496,1.3943757212058496,1.0,1.0,sha256:833eb0fb7efa6069e2df050b47c3ba9e75fa00a56ad2662eff6b5927e6c7e8ae
whisper,decoder,0,unique_minus_shared,Raw,-0.09075699439745073,95.20715790819125,1.476994919666476,1.476994919666476,1.0,1.0,sha256:b243e73b15e85beb932719a1cfa0e888aebba5e67f5d9f700a056409048aabf4
whisper,decoder,0,unique_minus_shared,Conditioning,0.33098866320567766,70.67120569749787,1.1567293017445022,1.1567293017445022,1.0,1.0,sha256:b243e73b15e85beb932719a1cfa0e888aebba5e67f5d9f700a056409048aabf4
whisper,decoder,1,neg_shared,Raw,-0.25135408622475963,104.55765450155141,1.5819949996584857,1.5819949996584857,1.0,1.0,sha256:a2ac2105b02523d217c6e2f0c2a47424bd6af14afe4f5b2bc56c0a2ffc1bbe24
whisper,decoder,1,neg_shared,Conditioning,0.27857698317787505,73.82470703185821,1.2011852647028194,1.2011852647028194,1.0,1.0,sha256:a2ac2105b02523d217c6e2f0c2a47424bd6af14afe4f5b2bc56c0a2ffc1bbe24
whisper,decoder,1,pos_unique,Raw,-0.039626801456757225,92.27104310727543,1.4419617195893157,1.4419617195893157,1.0,1.0,sha256:c43c33bf523e7ca0ab1111e1eb33d3e3a7e810bc48ac271d4a125b2953d7623e
whisper,decoder,1,pos_unique,Conditioning,-0.07555480842343423,94.33310093763738,1.4666661565244934,1.4666661565244934,1.0,1.0,sha256:c43c33bf523e7ca0ab1111e1eb33d3e3a7e810bc48ac271d4a125b2953d7623e
whisper,decoder,1,unique_minus_shared,Raw,-0.2057545577659429,101.87367370180246,1.5529034460739626,1.5529034460739626,1.0,1.0,sha256:7aedb9ddab37c3d2338a5ed2d1bccf66a2d8e9880b55dac0855269773b833913
whisper,decoder,1,unique_minus_shared,Conditioning,0.1435583554827612,81.7461943469903,1.3087716708161818,1.3087716708161818,1.0,1.0,sha256:7aedb9ddab37c3d2338a5ed2d1bccf66a2d8e9880b55dac0855269773b833913
whisper,decoder,2,neg_shared,Raw,-0.29119583406455773,106.92956242897738,1.6069821484455848,1.6069821484455848,0.9999999403953552,1.0,sha256:1700cdebd52245d9aa48e1daa3ae18382f6dd0836289cb6f01fa97758a7329f7
whisper,decoder,2,neg_shared,Conditioning,0.048400363070257794,87.22577960351214,1.3795648848952984,1.3795648848952984,0.9999999403953552,1.0,sha256:1700cdebd52245d9aa48e1daa3ae18382f6dd0836289cb6f01fa97758a7329f7
whisper,decoder,2,pos_unique,Raw,-0.0405764830591056,92.32549966157548,1.4426201757124648,1.4426201757124648,1.0,1.0,sha256:0a600602f6d28f6ba2540827e76f93f0aea8e39d962f78212b02b9b1faeda30a
whisper,decoder,2,pos_unique,Conditioning,0.00395549230187415,89.77336639422165,1.411413837487327,1.411413837487327,1.0,1.0,sha256:0a600602f6d28f6ba2540827e76f93f0aea8e39d962f78212b02b9b1faeda30a
whisper,decoder,2,unique_minus_shared,Raw,-0.23459845567862944,103.56795430038521,1.5713678386737062,1.5713678386737062,0.9999999403953552,1.0,sha256:67f17c1327afc9fe1daa4675c6bb53be2adbe44ea6211b5fbf2c0b5cc6f35938
whisper,decoder,2,unique_minus_shared,Conditioning,0.03702117882564739,87.87835787000277,1.3877887619479794,1.3877887619479794,0.9999999403953552,1.0,sha256:67f17c1327afc9fe1daa4675c6bb53be2adbe44ea6211b5fbf2c0b5cc6f35938
whisper,decoder,3,neg_shared,Raw,-0.27797288349265603,106.1392572468067,1.5987325498574598,1.5987325498574598,1.0,1.0,sha256:2562bcb8e0dda5b29762352679442234bcb31db347be3eb12a11fe34c3806cc4
whisper,decoder,3,neg_shared,Conditioning,0.006560489057340493,89.62410896904704,1.4095669621815565,1.4095669621815565,1.0,1.0,sha256:2562bcb8e0dda5b29762352679442234bcb31db347be3eb12a11fe34c3806cc4
whisper,decoder,3,pos_unique,Raw,-0.30265432012447235,107.61709770653648,1.614096849004539,1.614096849004539,1.0,1.0,sha256:d86e0b3826aab9b3c695a785bf31f7286c27b0e028ba33ff6cb1d2fc9e04c712
whisper,decoder,3,pos_unique,Conditioning,-0.06458504267684827,93.70302777612926,1.4591675993768274,1.4591675993768274,1.0,1.0,sha256:d86e0b3826aab9b3c695a785bf31f7286c27b0e028ba33ff6cb1d2fc9e04c712
whisper,decoder,3,unique_minus_shared,Raw,-0.41056543270256834,114.24035934828763,1.6796222399368874,1.6796222399368874,1.0,1.0,sha256:c13906ccc03b459f32fbc2d99c718b8c07c71406816887c78d27708d47157e21
whisper,decoder,3,unique_minus_shared,Conditioning,-0.0410295559496236,92.35148046278812,1.4429342034149437,1.4429342034149437,1.0,1.0,sha256:c13906ccc03b459f32fbc2d99c718b8c07c71406816887c78d27708d47157e21
whisper,decoder,4,neg_shared,Raw,-0.3515349059306998,110.5812255881683,1.6441015212176389,1.6441015212176389,1.0,1.0,sha256:1c42dec48bfca6bb0a73c445e2f45e1dcad7bd669bbf49a35687ece8aa5a5208
whisper,decoder,4,neg_shared,Conditioning,0.012294249180917058,89.29557366338653,1.405493330417089,1.405493330417089,1.0,1.0,sha256:1c42dec48bfca6bb0a73c445e2f45e1dcad7bd669bbf49a35687ece8aa5a5208
whisper,decoder,4,pos_unique,Raw,-0.22060838404604535,102.74476881885379,1.5624393579725273,1.5624393579725273,0.9999999403953552,1.0,sha256:3b3484694f07f904d56a2cc39be63bf9edbe4c3dc12803e96694b256bb956d3e
whisper,decoder,4,pos_unique,Conditioning,-0.12408088896521739,97.1276813872969,1.499387131026181,1.499387131026181,0.9999999403953552,1.0,sha256:3b3484694f07f904d56a2cc39be63bf9edbe4c3dc12803e96694b256bb956d3e
whisper,decoder,4,unique_minus_shared,Raw,-0.4045663916103228,113.86395786442047,1.676046773076508,1.676046773076508,1.0,1.0,sha256:d801165bf228e690788a59cfa2acb68c62c1995af9d8a20aee9bb49f0c062d0a
whisper,decoder,4,unique_minus_shared,Conditioning,-0.07904508498681284,94.53367931202669,1.4690439654051053,1.4690439654051053,1.0,1.0,sha256:d801165bf228e690788a59cfa2acb68c62c1995af9d8a20aee9bb49f0c062d0a
whisper,decoder,5,neg_shared,Raw,-0.2959706152575364,107.21574883238861,1.609950692482339,1.609950692482339,1.0,1.0,sha256:e944d7211936f35b19f4f18ccd4cf3d90bd412322c5b222a1a831ab90072f62a
whisper,decoder,5,neg_shared,Conditioning,0.050056124852271074,87.13079626851047,1.3783641579803023,1.3783641579803023,1.0,1.0,sha256:e944d7211936f35b19f4f18ccd4cf3d90bd412322c5b222a1a831ab90072f62a
whisper,decoder,5,pos_unique,Raw,-0.2613022181699254,105.14734519524875,1.58827089460818,1.58827089460818,1.0,1.0,sha256:da395e5fd7594bdd48ad33febdf1067c8e2c78c8b687b1da1da66c6b15c093f9
whisper,decoder,5,pos_unique,Conditioning,-0.12840949579258942,97.37769282040982,1.502271277068425,1.502271277068425,1.0,1.0,sha256:da395e5fd7594bdd48ad33febdf1067c8e2c78c8b687b1da1da66c6b15c093f9
whisper,decoder,5,unique_minus_shared,Raw,-0.3940513981565932,113.20682532007272,1.6697612999996179,1.6697612999996179,1.0,1.0,sha256:969b4be40d995a8763200a0df3d098acb2fc434584c6ec472f7fdabf95e18c57
whisper,decoder,5,unique_minus_shared,Conditioning,-0.05540419976720324,93.17605311159045,1.452862141497821,1.452862141497821,1.0,1.0,sha256:969b4be40d995a8763200a0df3d098acb2fc434584c6ec472f7fdabf95e18c57
whisper,decoder,6,neg_shared,Raw,0.19700624791422233,78.63805309828481,1.2672756224891295,1.2672756224891295,1.0,1.0,sha256:ba2ccff0b8e14455a0f6fb060c9e9d5e9c8aa91677f310355ed2a6004f4c9daf
whisper,decoder,6,neg_shared,Conditioning,0.05493003258924178,86.85115610270576,1.3748236010503936,1.3748236010503936,1.0,1.0,sha256:ba2ccff0b8e14455a0f6fb060c9e9d5e9c8aa91677f310355ed2a6004f4c9daf
whisper,decoder,6,pos_unique,Raw,0.38441186371315406,67.39276710132273,1.1095838294573896,1.1095838294573896,1.0,1.0,sha256:702c35af3d5db7d5ad7c67cc087999414ef9ef804377c4ba6fc4d32bb2a60d5c
whisper,decoder,6,pos_unique,Conditioning,-0.0252929086034197,91.4493314730383,1.4319866686622724,1.4319866686622724,1.0,1.0,sha256:702c35af3d5db7d5ad7c67cc087999414ef9ef804377c4ba6fc4d32bb2a60d5c
whisper,decoder,6,unique_minus_shared,Raw,0.4111246891519113,65.72449438325717,1.0852421949722515,1.0852421949722515,1.0,1.0,sha256:17aff1e50ec31e0687645f06c53f3713436254ab509f50d356219950a5e294ab
whisper,decoder,6,unique_minus_shared,Conditioning,0.020956610771689164,88.79918674350954,1.3993165397824163,1.3993165397824163,1.0,1.0,sha256:17aff1e50ec31e0687645f06c53f3713436254ab509f50d356219950a5e294ab
whisper,decoder,7,neg_shared,Raw,0.31718211064652113,71.50740380455306,1.168604218626899,1.168604218626899,0.9999999403953552,1.0,sha256:bbc3c83c427cc62245e5becc3d02d1011d137a2c54fdd005ee2a32e151bee348
whisper,decoder,7,neg_shared,Conditioning,0.0978677129722308,84.38360291905217,1.3432291647358063,1.3432291647358063,0.9999999403953552,1.0,sha256:bbc3c83c427cc62245e5becc3d02d1011d137a2c54fdd005ee2a32e151bee348
whisper,decoder,7,pos_unique,Raw,0.3831493069577804,67.47110506686492,1.1107211091765732,1.1107211091765732,1.0,1.0,sha256:60389684180cb7a39074b8235b3440df57dccca38d61af7676f1604cd5d36a89
whisper,decoder,7,pos_unique,Conditioning,-0.05068966185556117,92.9055488694374,1.4496135071104712,1.4496135071104712,1.0,1.0,sha256:60389684180cb7a39074b8235b3440df57dccca38d61af7676f1604cd5d36a89
whisper,decoder,7,unique_minus_shared,Raw,0.4952090814094528,60.31646165414817,1.0047794971891189,1.0047794971891189,1.0,1.0,sha256:e54ab1a3bdf64cb434efd5bca86b08a7d1e3ecd04665049262f3b601d1162af1
whisper,decoder,7,unique_minus_shared,Conditioning,0.033359916223850816,88.08826289331458,1.390424456179775,1.390424456179775,1.0,1.0,sha256:e54ab1a3bdf64cb434efd5bca86b08a7d1e3ecd04665049262f3b601d1162af1
whisper,decoder,8,neg_shared,Raw,0.47485044380278946,61.650387113028806,1.0248410161599566,1.0248410161599566,1.0,1.0,sha256:fd10cb3df7468b3491b1e8a69dd3312a93252aeca5870624a093138ba40ae63c
whisper,decoder,8,neg_shared,Conditioning,0.1382927192435307,82.0509347055462,1.3127888472722071,1.3127888472722071,1.0,1.0000000000000002,sha256:fd10cb3df7468b3491b1e8a69dd3312a93252aeca5870624a093138ba40ae63c
whisper,decoder,8,pos_unique,Raw,0.26144329078678175,74.8442808430428,1.2153655616575423,1.2153655616575423,0.9999999403953552,1.0,sha256:d5dfdb1609460f235886ab5f25f1803a00de15ee4018caba9f575163eb32ef6b
whisper,decoder,8,pos_unique,Conditioning,-0.07849334510023318,94.50196841510898,1.4686683355045067,1.4686683355045067,0.9999999403953552,1.0000000000000002,sha256:d5dfdb1609460f235886ab5f25f1803a00de15ee4018caba9f575163eb32ef6b
whisper,decoder,8,unique_minus_shared,Raw,0.5206382801792621,58.6249241863396,0.9791442374773125,0.9791442374773125,1.0,1.0,sha256:352c20e9c3c739dea91c85f305427dbc138818c20a213a079f2c5b5a1c422780
whisper,decoder,8,unique_minus_shared,Conditioning,0.042284545179092324,87.57655147572066,1.3839909348638695,1.3839909348638695,1.0,1.0000000000000002,sha256:352c20e9c3c739dea91c85f305427dbc138818c20a213a079f2c5b5a1c422780
whisper,decoder,9,neg_shared,Raw,0.4631287186878625,62.410816986768964,1.0362155011658916,1.0362155011658916,1.0,1.0000000000000002,sha256:aed3adade67115b75fcf9b5d476107c5320a54a8927bfc48bd9f7637d1c197c3
whisper,decoder,9,neg_shared,Conditioning,0.11765273768476237,83.24334531914425,1.3284180542520039,1.3284180542520039,1.0,1.0,sha256:aed3adade67115b75fcf9b5d476107c5320a54a8927bfc48bd9f7637d1c197c3
whisper,decoder,9,pos_unique,Raw,0.2649565915338921,74.63562652357541,1.21247138132028,1.21247138132028,0.9999999403953552,1.0000000000000002,sha256:8277418a8c6ebbd33422ac913dad460fc4d1879ac62bf5e15cca0458e0d1fa8e
whisper,decoder,9,pos_unique,Conditioning,-0.10432013883048773,95.98799827357269,1.4861494767446009,1.4861494767446009,0.9999999403953552,1.0,sha256:8277418a8c6ebbd33422ac913dad460fc4d1879ac62bf5e15cca0458e0d1fa8e
whisper,decoder,9,unique_minus_shared,Raw,0.514834046521765,59.01363692923997,0.9850542648389524,0.9850542648389524,1.0,1.0000000000000002,sha256:525796b13450cfdfb576e9307591d11af62df8eec93efbbb303e8bff64d8b957
whisper,decoder,9,unique_minus_shared,Conditioning,0.009427574368344101,89.45983177583047,1.4075314735323863,1.4075314735323863,1.0,1.0,sha256:525796b13450cfdfb576e9307591d11af62df8eec93efbbb303e8bff64d8b957
whisper,decoder,10,neg_shared,Raw,0.4187639865924514,65.24342263520458,1.0781799610439846,1.0781799610439846,1.0,1.0,sha256:af4d30c69928c331f3731ceb492bf11423ccf6ea39048f537e65ab2daa678f6c
whisper,decoder,10,neg_shared,Conditioning,0.1001914731983346,84.24980354199735,1.3414980638021965,1.3414980638021965,1.0,1.0,sha256:af4d30c69928c331f3731ceb492bf11423ccf6ea39048f537e65ab2daa678f6c
whisper,decoder,10,pos_unique,Raw,0.31445929740332523,71.67182483418674,1.1709318537701803,1.1709318537701803,1.0,1.0,sha256:2f4e08b53edc37614d6fa2fcf14f1c477ebe67fa4d76f7df11ab26501a1f91fb
whisper,decoder,10,pos_unique,Conditioning,0.005367184892124809,89.69248148137189,1.4104132838271455,1.4104132838271455,1.0,1.0,sha256:2f4e08b53edc37614d6fa2fcf14f1c477ebe67fa4d76f7df11ab26501a1f91fb
whisper,decoder,10,unique_minus_shared,Raw,0.5184671584722593,58.770512425177174,0.981359100657823,0.981359100657823,1.0,1.0,sha256:d21ec6a6909fca786920bceb12c6313cfd4fe9c2747186681b60292944b3ad54
whisper,decoder,10,unique_minus_shared,Conditioning,0.07464124346279738,85.71939070899059,1.3604107888659422,1.3604107888659422,1.0,1.0,sha256:d21ec6a6909fca786920bceb12c6313cfd4fe9c2747186681b60292944b3ad54
whisper,decoder,11,neg_shared,Raw,0.3717923486270638,68.17380139559634,1.1208993283861328,1.1208993283861328,1.0,1.0,sha256:d97f0330344afb504c224466c6a0dff2b27e4e28dda1b8ef55c16f169e88c84d
whisper,decoder,11,neg_shared,Conditioning,0.0936643190156509,84.6255518644116,1.346354843122462,1.346354843122462,1.0,1.0,sha256:d97f0330344afb504c224466c6a0dff2b27e4e28dda1b8ef55c16f169e88c84d
whisper,decoder,11,pos_unique,Raw,0.3108385104325786,71.89022972011388,1.1740200078233878,1.1740200078233878,1.0,1.0,sha256:3ec5dc2f1f05605272273b77758321eec235f5280cef62e3136bccd2ca4b8606
whisper,decoder,11,pos_unique,Conditioning,-0.043145325127610004,92.47281263854778,1.4443997541851095,1.4443997541851095,1.0,1.0,sha256:3ec5dc2f1f05605272273b77758321eec235f5280cef62e3136bccd2ca4b8606
whisper,decoder,11,unique_minus_shared,Raw,0.4826929094706741,61.138571623306404,1.0171598616784168,1.0171598616784168,1.0,1.0,sha256:6c2f5b2e1f660107a8b1451a9535ae2b025df98ee98b26c8e0acb475ff37a5d6
whisper,decoder,11,unique_minus_shared,Conditioning,0.035722323542285134,87.95282607465144,1.3887243628835904,1.3887243628835904,1.0,1.0,sha256:6c2f5b2e1f660107a8b1451a9535ae2b025df98ee98b26c8e0acb475ff37a5d6
whisper,decoder,12,neg_shared,Raw,0.35610570283023696,69.13877442632185,1.1348077349034944,1.1348077349034944,1.0,1.0,sha256:53bf92e4a78e0c36e44192843b3b7d665d0ab544b2930a956944cf41e7d0adf3
whisper,decoder,12,neg_shared,Conditioning,0.10570575991216138,83.93217007901289,1.337381202586963,1.337381202586963,1.0,1.0,sha256:53bf92e4a78e0c36e44192843b3b7d665d0ab544b2930a956944cf41e7d0adf3
whisper,decoder,12,pos_unique,Raw,0.3081174211470382,72.05418588524053,1.1763354771600243,1.1763354771600243,1.0,1.0,sha256:4fedb51c9552558628c3a53e999402c32fd8aa8890844443bde2c3fc78bc4525
whisper,decoder,12,pos_unique,Conditioning,-0.06484443132814448,93.71792086998245,1.4593453531551974,1.4593453531551974,1.0,1.0,sha256:4fedb51c9552558628c3a53e999402c32fd8aa8890844443bde2c3fc78bc4525
whisper,decoder,12,unique_minus_shared,Raw,0.4696766750330474,61.98668913967701,1.0298770061268916,1.0298770061268916,1.0,1.0,sha256:3e0db6e26e04351ef881b7c31c9f960da35f34f88e406368f659282e38e30dd2
whisper,decoder,12,unique_minus_shared,Conditioning,0.028893323567009077,88.34430407983544,1.3936331478122088,1.3936331478122088,1.0,1.0,sha256:3e0db6e26e04351ef881b7c31c9f960da35f34f88e406368f659282e38e30dd2
whisper,decoder,13,neg_shared,Raw,-0.04366365862669365,92.50253897542618,1.4447585675641395,1.4447585675641395,1.0,1.0,sha256:f5e0af30accf23268fadc1545cf553cbc98b160ec0c9918fef8aea33e338fea4
whisper,decoder,13,neg_shared,Conditioning,-0.22745573388790255,103.14732629698698,1.5668157099902982,1.5668157099902982,1.0,1.0,sha256:f5e0af30accf23268fadc1545cf553cbc98b160ec0c9918fef8aea33e338fea4
whisper,decoder,13,pos_unique,Raw,0.3815124512844236,67.57260112052543,1.1121938223525987,1.1121938223525987,1.0,1.0,sha256:5bc31ac44256be6a6925a9a9caf831bcc75d3b0e0928d7d8864ed15ca2cb09c2
whisper,decoder,13,pos_unique,Conditioning,-0.04647800870317612,92.66395344093804,1.4467052285985846,1.4467052285985846,1.0,1.0,sha256:5bc31ac44256be6a6925a9a9caf831bcc75d3b0e0928d7d8864ed15ca2cb09c2
whisper,decoder,13,unique_minus_shared,Raw,0.2388951717961227,76.17865831011908,1.233778607647969,1.233778607647969,1.0,1.0,sha256:a49adc511f5e3d446f87ef363c57b3f739b3ae7fbf03390b3221d888cf580418
whisper,decoder,13,unique_minus_shared,Conditioning,-0.19370040743019357,101.16881500791628,1.5451216169423019,1.5451216169423019,1.0,1.0,sha256:a49adc511f5e3d446f87ef363c57b3f739b3ae7fbf03390b3221d888cf580418
whisper,decoder,14,neg_shared,Raw,0.12495295950322093,82.82196073879477,1.3229112113799288,1.3229112113799288,1.0,1.0,sha256:47e60dfc5cce0e2ab77d60023d50bba1e6c214000fd9cf40e334109976214674
whisper,decoder,14,neg_shared,Conditioning,0.17012006493999698,80.20520004309488,1.2883166778091317,1.2883166778091317,1.0,1.0,sha256:47e60dfc5cce0e2ab77d60023d50bba1e6c214000fd9cf40e334109976214674
whisper,decoder,14,pos_unique,Raw,0.38125524591850957,67.58854282834055,1.1124250580666928,1.1124250580666928,1.0,1.0,sha256:65ba2b12700b6289216e992d53b48699292accbe407f36d5f87500281e6a0dae
whisper,decoder,14,pos_unique,Conditioning,-0.17676590976082374,100.1814395500161,1.5341224922324006,1.5341224922324006,1.0,1.0,sha256:65ba2b12700b6289216e992d53b48699292accbe407f36d5f87500281e6a0dae
whisper,decoder,14,unique_minus_shared,Raw,0.3579432544970522,69.0260621471764,1.1331873177034821,1.1331873177034821,1.0,1.0,sha256:1238718e62cf6f8ab6d89ec4c8e8a6deac47e41f7de654f841cbda98c5b3b1fb
whisper,decoder,14,unique_minus_shared,Conditioning,-0.004699321732275394,90.26925229285078,1.4175325920283695,1.4175325920283695,1.0,1.0,sha256:1238718e62cf6f8ab6d89ec4c8e8a6deac47e41f7de654f841cbda98c5b3b1fb
whisper,decoder,15,neg_shared,Raw,0.31316012865389087,71.75022188500368,1.1720408448770459,1.1720408448770459,1.0,1.0,sha256:11fe9bfd1acdf9de021835066d3aab2d897749cfef3a2167bf8c725d5f4849cd
whisper,decoder,15,neg_shared,Conditioning,0.1322865322730623,82.39825768086442,1.3173560395055532,1.3173560395055532,1.0,1.0,sha256:11fe9bfd1acdf9de021835066d3aab2d897749cfef3a2167bf8c725d5f4849cd
whisper,decoder,15,pos_unique,Raw,0.33965527942843293,70.14412677164412,1.149212547034684,1.149212547034684,0.9999999403953552,1.0,sha256:4bbeb6078780ad457449fd612b967d2dfe3a9431d33e46d613fb9e255c67c008
whisper,decoder,15,pos_unique,Conditioning,-0.1446832636456897,98.31893812322808,1.5130652684773835,1.5130652684773835,0.9999999403953552,1.0,sha256:4bbeb6078780ad457449fd612b967d2dfe3a9431d33e46d613fb9e255c67c008
whisper,decoder,15,unique_minus_shared,Raw,0.4616101870219773,62.50894117115574,1.0376799240321706,1.0376799240321706,1.0,1.0,sha256:a2fc9af9ddddb95f36d222faaf41453db235bd15c52a27e92b14870ae26f6a5e
whisper,decoder,15,unique_minus_shared,Conditioning,-0.008765807053610802,90.50225018043614,1.4203983993551204,1.4203983993551204,1.0,1.0,sha256:a2fc9af9ddddb95f36d222faaf41453db235bd15c52a27e92b14870ae26f6a5e
whisper,decoder,16,neg_shared,Raw,0.25223095655926486,75.3904319363741,1.2229219478622035,1.2229219478622035,1.0,1.0,sha256:720b9a68240c223daba74d23997adc94a89d6bb4d492260aaa0106a39544a9fc
whisper,decoder,16,neg_shared,Conditioning,0.21154691498265574,77.78697916924608,1.255749247945745,1.255749247945745,1.0,1.0,sha256:720b9a68240c223daba74d23997adc94a89d6bb4d492260aaa0106a39544a9fc
whisper,decoder,16,pos_unique,Raw,0.31816440881616415,71.44804762620582,1.1677633223236967,1.1677633223236967,1.0,1.0,sha256:f82f7790b6df3ee2a9b8cacda1a98c91a35cdb7e894008e58dde15314f9f7bff
whisper,decoder,16,pos_unique,Conditioning,-0.1208264243175839,96.93980026136371,1.4972150290562722,1.4972150290562722,1.0,1.0,sha256:f82f7790b6df3ee2a9b8cacda1a98c91a35cdb7e894008e58dde15314f9f7bff
whisper,decoder,16,unique_minus_shared,Raw,0.4033304313342876,66.21345438686166,1.0924006318549642,1.0924006318549642,1.0,1.0,sha256:02870677061940b1ace3856620fea876aa6c919866f4f891fd5425255879af27
whisper,decoder,16,unique_minus_shared,Conditioning,0.0641490722048075,86.32200339949071,1.3681015527862268,1.3681015527862268,1.0,1.0,sha256:02870677061940b1ace3856620fea876aa6c919866f4f891fd5425255879af27
whisper,decoder,17,neg_shared,Raw,0.21172472888591584,77.7765550623827,1.2556076372093248,1.2556076372093248,1.0,1.0,sha256:0b8f7879b5db08ba555a3c75d44b40b817d859fe4fec358040dcd3c9151bc032
whisper,decoder,17,neg_shared,Conditioning,0.17816332756172326,79.73720292719024,1.2820582441007775,1.2820582441007775,1.0,1.0,sha256:0b8f7879b5db08ba555a3c75d44b40b817d859fe4fec358040dcd3c9151bc032
whisper,decoder,17,pos_unique,Raw,0.34324835828080974,69.92509433571935,1.1460817087603519,1.1460817087603519,1.0,1.0,sha256:b50e95836fad66d26b8e8579930a819baa9524c96ef7999dd251def26b0fd05c
whisper,decoder,17,pos_unique,Conditioning,-0.12917926681039052,97.42216787053536,1.5027835949788144,1.5027835949788144,1.0,1.0,sha256:b50e95836fad66d26b8e8579930a819baa9524c96ef7999dd251def26b0fd05c
whisper,decoder,17,unique_minus_shared,Raw,0.3924252336295214,66.89451106886904,1.1023382107597632,1.1023382107597632,1.0,1.0,sha256:39fd87c954f2bd9cdfefddf6f3d83091f76ddda7d227d9904a7fdfe63303bb6b
whisper,decoder,17,unique_minus_shared,Conditioning,0.03463696271458275,88.0150511894439,1.3895056936662455,1.3895056936662455,1.0,1.0,sha256:39fd87c954f2bd9cdfefddf6f3d83091f76ddda7d227d9904a7fdfe63303bb6b
whisper,decoder,18,neg_shared,Raw,0.34611783579227673,69.74995244352013,1.1435752401957735,1.1435752401957735,1.0,1.0,sha256:adf030c8d6e7a850bfdd40c5a0d59956b613f04cad5181705ebb8ea9e700dd9e
whisper,decoder,18,neg_shared,Conditioning,0.10115870081033214,84.1941024825521,1.3407768643412332,1.3407768643412332,1.0,1.0,sha256:adf030c8d6e7a850bfdd40c5a0d59956b613f04cad5181705ebb8ea9e700dd9e
whisper,decoder,18,pos_unique,Raw,0.49787623560734673,60.140407934167946,1.0021215142802098,1.0021215142802098,1.0,1.0,sha256:e77c03013db9e87d39cdbab023ebae7b39f0c5a4166c3e38a42125cf93378479
whisper,decoder,18,pos_unique,Conditioning,-0.06266370546448216,93.59271975241961,1.4578502706131788,1.4578502706131788,1.0,1.0,sha256:e77c03013db9e87d39cdbab023ebae7b39f0c5a4166c3e38a42125cf93378479
whisper,decoder,18,unique_minus_shared,Raw,0.5967939311197519,53.35937668770462,0.8980045334803871,0.8980045334803871,1.0,1.0,sha256:ee137a27ede67744e2bb0817ea7d427ddaf66884f82537dcf782a23be85248d9
whisper,decoder,18,unique_minus_shared,Conditioning,0.027220073603518004,88.44021200778622,1.3948332721812293,1.3948332721812293,1.0,1.0,sha256:ee137a27ede67744e2bb0817ea7d427ddaf66884f82537dcf782a23be85248d9
whisper,decoder,19,neg_shared,Raw,0.3172655749364166,71.502361206285,1.1685327779910815,1.1685327779910815,1.0,1.0,sha256:5989f68c88acb03f142be9852655c4282c64a5668342f7f8c1cb80962b4954f9
whisper,decoder,19,neg_shared,Conditioning,0.09488921529431728,84.55505648822992,1.3454447489673267,1.3454447489673267,1.0,1.0,sha256:5989f68c88acb03f142be9852655c4282c64a5668342f7f8c1cb80962b4954f9
whisper,decoder,19,pos_unique,Raw,0.41036537834382514,65.77221063745519,1.0859416393029377,1.0859416393029377,1.0,1.0,sha256:0b5b5c22490dc7ceb0dc93711d9a003a7d9d5e67774e412c333c50bfebd3a03f
whisper,decoder,19,pos_unique,Conditioning,-0.13612642309717432,97.82376051437119,1.5073993654151345,1.5073993654151345,1.0,1.0,sha256:0b5b5c22490dc7ceb0dc93711d9a003a7d9d5e67774e412c333c50bfebd3a03f
whisper,decoder,19,unique_minus_shared,Raw,0.5145128120918271,59.03510377256619,0.9853803519925552,0.9853803519925552,0.9999999403953552,1.0,sha256:313e235e11adc9b5f37f2fa0e830a252556a1a58bb0046766393583f52e6db41
whisper,decoder,19,unique_minus_shared,Conditioning,-0.02915911048995659,91.67093080835527,1.4346840134488832,1.4346840134488832,0.9999999403953552,1.0,sha256:313e235e11adc9b5f37f2fa0e830a252556a1a58bb0046766393583f52e6db41
whisper,decoder,20,neg_shared,Raw,0.2552564636217187,75.21121764840237,1.2204454410055239,1.2204454410055239,1.0,1.0,sha256:eeb6c4483ed6dfb41b3627536e126a59b65089486d56bc3e7221c5f90a1629d2
whisper,decoder,20,neg_shared,Conditioning,0.0822075784829609,85.2845312463127,1.3548375713526264,1.3548375713526264,1.0,1.0,sha256:eeb6c4483ed6dfb41b3627536e126a59b65089486d56bc3e7221c5f90a1629d2
whisper,decoder,20,pos_unique,Raw,0.3362569323381767,70.35101051603166,1.1521658461536337,1.1521658461536337,1.0,1.0,sha256:12be148bf1d2a4eaa20903ed65b1b709f9d93bd84b60849e85a17e1ab23d8675
whisper,decoder,20,pos_unique,Conditioning,-0.15545381812555542,98.94311715632229,1.5201669770029815,1.5201669770029815,1.0,1.0,sha256:12be148bf1d2a4eaa20903ed65b1b709f9d93bd84b60849e85a17e1ab23d8675
whisper,decoder,20,unique_minus_shared,Raw,0.4182631341391799,65.27501963920838,1.078644397026994,1.078644397026994,1.0,1.0,sha256:63ab8746bd0c0617291ebeeed318b90655a54b2ea0198a93993e8f9ae5148a5d
whisper,decoder,20,unique_minus_shared,Conditioning,-0.051792912594781824,92.96884363396302,1.4503743753616345,1.4503743753616345,1.0,1.0,sha256:63ab8746bd0c0617291ebeeed318b90655a54b2ea0198a93993e8f9ae5148a5d
whisper,decoder,21,neg_shared,Raw,0.25230599524227965,75.38598883454793,1.2228605866346305,1.2228605866346305,1.0,1.0,sha256:8e13d7fafb1c4b3f582d0f3f778c31fb9d0d0d0e6237ee0c37e7407ec1dc2cd2
whisper,decoder,21,neg_shared,Conditioning,0.10343976022794917,84.06271808990864,1.3390744879852852,1.3390744879852852,1.0,1.0,sha256:8e13d7fafb1c4b3f582d0f3f778c31fb9d0d0d0e6237ee0c37e7407ec1dc2cd2
whisper,decoder,21,pos_unique,Raw,0.2894766565207566,73.17337318894792,1.1920766264685312,1.1920766264685312,1.0,1.0,sha256:e250150e109756047b3d7f2cc48369321d653925e40d55fc30a68161f98ec036
whisper,decoder,21,pos_unique,Conditioning,-0.15466905268022818,98.89760290447072,1.519650651226973,1.519650651226973,1.0,1.0,sha256:e250150e109756047b3d7f2cc48369321d653925e40d55fc30a68161f98ec036
whisper,decoder,21,unique_minus_shared,Raw,0.38309818885474434,67.47427585932428,1.1107671342105243,1.1107671342105243,1.0,1.0,sha256:1b6e0ee7af2f4a100b127578a60df3fb314adf972c5782bfd04f9b9bb80de2a8
whisper,decoder,21,unique_minus_shared,Conditioning,-0.03622458137358388,92.07596981787322,1.4396003497147802,1.4396003497147802,1.0,1.0,sha256:1b6e0ee7af2f4a100b127578a60df3fb314adf972c5782bfd04f9b9bb80de2a8
whisper,decoder,22,neg_shared,Raw,-0.07987931692697794,94.58162890513117,1.4696117281152694,1.4696117281152694,1.0,1.0,sha256:1f086645a414d6192717090a92a8631d591fac3582c0759072d67e7976710b68
whisper,decoder,22,neg_shared,Conditioning,-0.04959923534021387,92.84299333273482,1.448861093493928,1.448861093493928,1.0,1.0,sha256:1f086645a414d6192717090a92a8631d591fac3582c0759072d67e7976710b68
whisper,decoder,22,pos_unique,Raw,0.28512798771123415,73.4335008232514,1.195719041807925,1.195719041807925,1.0,1.0,sha256:b4f6df649b4fedccdf195da582a6066d4f848d6c45cc39d759b6c52229b1d687
whisper,decoder,22,pos_unique,Conditioning,-0.1553149112718326,98.93506052471307,1.5200755984187748,1.5200755984187748,1.0,1.0,sha256:b4f6df649b4fedccdf195da582a6066d4f848d6c45cc39d759b6c52229b1d687
whisper,decoder,22,unique_minus_shared,Raw,0.14513272602511257,81.65503486754854,1.307568182994311,1.307568182994311,1.0,1.0,sha256:a17021d79cb13f9333879e41c4f4213ac612cc1ab40e145dba4d5db7aaef1cdb
whisper,decoder,22,unique_minus_shared,Conditioning,-0.14489618267903462,98.33126740569654,1.5132059907981261,1.5132059907981261,1.0,1.0,sha256:a17021d79cb13f9333879e41c4f4213ac612cc1ab40e145dba4d5db7aaef1cdb
whisper,decoder,23,neg_shared,Raw,0.23255681756109736,76.55235083423796,1.238905308984516,1.238905308984516,1.0,1.0,sha256:cf12f5a76273ce751914c06d1585822dfc2d594b683eef0bd750a4d2af9fcf4e
whisper,decoder,23,neg_shared,Conditioning,0.0953180977873853,84.5303714432205,1.3451259436117655,1.3451259436117655,1.0,1.0,sha256:cf12f5a76273ce751914c06d1585822dfc2d594b683eef0bd750a4d2af9fcf4e
whisper,decoder,23,pos_unique,Raw,0.2649365373711413,74.63681812666826,1.21248790603098,1.21248790603098,1.0,1.0,sha256:800512e313b0919278e77da267866125517d357c6be801ab6ad21b44bfedbce2
whisper,decoder,23,pos_unique,Conditioning,-0.12292467590278933,97.06092417655746,1.4986158109466388,1.4986158109466388,1.0,1.0,sha256:800512e313b0919278e77da267866125517d357c6be801ab6ad21b44bfedbce2
whisper,decoder,23,unique_minus_shared,Raw,0.35178092674137873,69.40371670015527,1.1386123790235738,1.1386123790235738,1.0,1.0,sha256:902ee661de12b74da335df8dd1fce5a2e4c46fc8272f77eb6f85f2b8f18eccd6
whisper,decoder,23,unique_minus_shared,Conditioning,-0.019520798917287127,91.11853043651992,1.4279501395297578,1.4279501395297578,1.0,1.0,sha256:902ee661de12b74da335df8dd1fce5a2e4c46fc8272f77eb6f85f2b8f18eccd6
whisper,decoder,24,neg_shared,Raw,-0.1771331904223133,100.2028205761907,1.5343618790529379,1.5343618790529379,1.0,1.0,sha256:5b2b9a6df61b89b143e3f8e286da71baea9e2888b7eb66f0c743970b0469813d
whisper,decoder,24,neg_shared,Conditioning,-0.0380252759303168,92.17921320284508,1.440850633100763,1.440850633100763,1.0,1.0000000000000002,sha256:5b2b9a6df61b89b143e3f8e286da71baea9e2888b7eb66f0c743970b0469813d
whisper,decoder,24,pos_unique,Raw,0.3262001640866265,70.96169757406373,1.160861607273233,1.160861607273233,1.0,1.0,sha256:b40b29af2de4a0e7a1e762cfabd395c0fb63ba82bda6bed966567efc1de0df92
whisper,decoder,24,pos_unique,Conditioning,-0.04112468396330853,92.35693550065474,1.443000127283731,1.443000127283731,1.0,1.0000000000000002,sha256:b40b29af2de4a0e7a1e762cfabd395c0fb63ba82bda6bed966567efc1de0df92
whisper,decoder,24,unique_minus_shared,Raw,0.10540627386575789,83.94942576690632,1.3376051235421926,1.3376051235421926,0.9999999403953552,1.0,sha256:3c6d65384d8843a5cb8fd21d5a73288ee0319fc9d525996d2d835f9e6c58d99c
whisper,decoder,24,unique_minus_shared,Conditioning,-0.05596747727846678,93.20837669132241,1.4532497891200684,1.4532497891200684,0.9999999403953552,1.0000000000000002,sha256:3c6d65384d8843a5cb8fd21d5a73288ee0319fc9d525996d2d835f9e6c58d99c
whisper,decoder,25,neg_shared,Raw,0.14181759732056473,81.84696355515304,1.310101076854994,1.310101076854994,0.9999999403953552,1.0,sha256:c7bdd2d9465905891b102d212f043734d967d713a4cac7700a30c40d92e9745a
whisper,decoder,25,neg_shared,Conditioning,-0.04754108685247122,92.724930749147,1.4474398700289322,1.4474398700289322,0.9999999403953552,1.0,sha256:c7bdd2d9465905891b102d212f043734d967d713a4cac7700a30c40d92e9745a
whisper,decoder,25,pos_unique,Raw,0.23578146039519737,76.36230834433786,1.236299754423282,1.236299754423282,1.0,1.0,sha256:7bfd191c7bb92d40ceb4ba2eb7302cbad1bf511e27fd22b271729b0e5f60dbca
whisper,decoder,25,pos_unique,Conditioning,-0.027456741336707648,91.5733531246639,1.4334969432303921,1.4334969432303921,1.0,1.0,sha256:7bfd191c7bb92d40ceb4ba2eb7302cbad1bf511e27fd22b271729b0e5f60dbca
whisper,decoder,25,unique_minus_shared,Raw,0.2670028477689251,74.51400362643436,1.210782517060434,1.210782517060434,1.0,1.0,sha256:161e0290d05fb3cab3623f70aa5fe703939f128e2a46f492a3943df83d4f7f1b
whisper,decoder,25,unique_minus_shared,Conditioning,-0.05303147173969339,93.03990552220272,1.451228080846163,1.451228080846163,1.0,1.0,sha256:161e0290d05fb3cab3623f70aa5fe703939f128e2a46f492a3943df83d4f7f1b
whisper,decoder,26,neg_shared,Raw,0.2276994247872077,76.83833499454553,1.2428198344252919,1.2428198344252919,1.0,1.0,sha256:386514c280ac2d58e342f7f4772b88bb9aa8941dc169d22ba61609b854d01fdc
whisper,decoder,26,neg_shared,Conditioning,-0.030790211782229498,91.76442805091264,1.435820467182365,1.435820467182365,1.0,1.0,sha256:386514c280ac2d58e342f7f4772b88bb9aa8941dc169d22ba61609b854d01fdc
whisper,decoder,26,pos_unique,Raw,0.20643532150174912,78.0864656806791,1.2598132331542797,1.2598132331542797,0.9999999403953552,1.0,sha256:961df4948801e77c5f1b9a2a37f1b0346727a60fd8bc72aa9db06f6266303523
whisper,decoder,26,pos_unique,Conditioning,0.015589574155251243,89.10674701207589,1.40314676865004,1.40314676865004,0.9999999403953552,1.0,sha256:961df4948801e77c5f1b9a2a37f1b0346727a60fd8bc72aa9db06f6266303523
whisper,decoder,26,unique_minus_shared,Raw,0.30697961356004455,72.1226980848144,1.1773023289559643,1.1773023289559643,1.0,1.0,sha256:2c0a4e1cb622e35b5af88e43874103255e0ed161442c3022f17fc66e79785d2b
whisper,decoder,26,unique_minus_shared,Conditioning,-0.010748475099112403,90.61585411801077,1.4217935683788459,1.4217935683788459,1.0,1.0,sha256:2c0a4e1cb622e35b5af88e43874103255e0ed161442c3022f17fc66e79785d2b
whisper,decoder,27,neg_shared,Raw,0.20950767042574542,77.90649795732871,1.257372123177592,1.257372123177592,1.0,1.0,sha256:c8c46922459a29e16cdf4d1d7e1c9dce7faed3feaea7be21c8e2c6c474613adc
whisper,decoder,27,neg_shared,Conditioning,-0.06637905406523474,93.80603815739613,1.4603965574891247,1.4603965574891247,1.0,1.0,sha256:c8c46922459a29e16cdf4d1d7e1c9dce7faed3feaea7be21c8e2c6c474613adc
whisper,decoder,27,pos_unique,Raw,0.15243039978233264,81.2322018525395,1.3019751154734247,1.3019751154734247,1.0,1.0,sha256:43acaa898ffe9e60702baa6390ee1ce7bd556ff8e80d283ef814ebc39d9deb48
whisper,decoder,27,pos_unique,Conditioning,0.0297208973722745,88.29686721590342,1.3930391976294687,1.3930391976294687,1.0,1.0,sha256:43acaa898ffe9e60702baa6390ee1ce7bd556ff8e80d283ef814ebc39d9deb48
whisper,decoder,27,unique_minus_shared,Raw,0.25592886331465087,75.1713683717562,1.219894368140233,1.219894368140233,1.0,1.0,sha256:1bab1e4a44b553de93fc1528f79b2ff01e766bf7e2e52931273d095652a7ed6f
whisper,decoder,27,unique_minus_shared,Conditioning,-0.025921231436070478,91.48534352900012,1.4324253763884878,1.4324253763884878,1.0,1.0,sha256:1bab1e4a44b553de93fc1528f79b2ff01e766bf7e2e52931273d095652a7ed6f
whisper,decoder,28,neg_shared,Raw,0.011607982228113458,89.33489667251011,1.4059815197451886,1.4059815197451886,1.0,1.0,sha256:703c1850ea60034954e6c0ab7a6fd3981d7d2befd2107943ff146426c5e20cd7
whisper,decoder,28,neg_shared,Conditioning,0.06444829899278515,86.30482341679354,1.3678828167411299,1.3678828167411299,1.0,1.0,sha256:703c1850ea60034954e6c0ab7a6fd3981d7d2befd2107943ff146426c5e20cd7
whisper,decoder,28,pos_unique,Raw,0.10294621382985132,84.09114799302603,1.3394430072931547,1.3394430072931547,1.0,1.0,sha256:8648ba65421dad13f71ba84263221f9542245e176aaf327400573b67b7702677
whisper,decoder,28,pos_unique,Conditioning,-7.8165029508203e-05,90.0044785263009,1.414268831412631,1.414268831412631,1.0,1.0,sha256:8648ba65421dad13f71ba84263221f9542245e176aaf327400573b67b7702677
whisper,decoder,28,unique_minus_shared,Raw,0.08100204910070868,85.35383413769908,1.3557270737024953,1.3557270737024953,1.0,1.0,sha256:d8648ef868455e0e6d3d02304acfaa3eb21d832061f6f8787ac5961abc6bcfd2
whisper,decoder,28,unique_minus_shared,Conditioning,0.04551655882197361,87.39119194943021,1.3816536754655278,1.3816536754655278,1.0,1.0,sha256:d8648ef868455e0e6d3d02304acfaa3eb21d832061f6f8787ac5961abc6bcfd2
whisper,decoder,29,neg_shared,Raw,0.12611653690949529,82.75476105860966,1.3220313626437696,1.3220313626437696,1.0,1.0,sha256:34580a7f0f05d85d9051301ab9b888b5b60a248532ba9946bc7da7bb346ed319
whisper,decoder,29,neg_shared,Conditioning,-0.10747003202583873,96.16949443459993,1.4882674698065568,1.4882674698065568,1.0,1.0,sha256:34580a7f0f05d85d9051301ab9b888b5b60a248532ba9946bc7da7bb346ed319
whisper,decoder,29,pos_unique,Raw,0.04400220709106191,87.47804496505361,1.382749284742104,1.382749284742104,1.0,1.0,sha256:25525f4f46e388ba3311f2e14bab1f9878f7c05bb804e175ed6cbee1d305d450
whisper,decoder,29,pos_unique,Conditioning,-0.02639982198583398,91.51277413587084,1.432759450364433,1.432759450364433,1.0,1.0,sha256:25525f4f46e388ba3311f2e14bab1f9878f7c05bb804e175ed6cbee1d305d450
whisper,decoder,29,unique_minus_shared,Raw,0.12029211844408375,83.09103814182264,1.3264297048119185,1.3264297048119185,1.0,1.0,sha256:935ea1972d66582c2f847b638b758c3b924b2dbd7d0ec6ea8988bb59a5cdd54a
whisper,decoder,29,unique_minus_shared,Conditioning,-0.09466028236833329,95.4317673118255,1.47963528054459,1.47963528054459,1.0,1.0,sha256:935ea1972d66582c2f847b638b758c3b924b2dbd7d0ec6ea8988bb59a5cdd54a
whisper,decoder,30,neg_shared,Raw,-0.01367245066101689,90.78339812730991,1.4238486223910336,1.4238486223910336,1.0,1.0,sha256:dc715b69141676007b18a10bc8de3a2850d7bb9d2d347feb82cf240a3de98bbc
whisper,decoder,30,neg_shared,Conditioning,-0.18306962505918328,100.5486080951524,1.5382260068927378,1.5382260068927378,1.0,1.0,sha256:dc715b69141676007b18a10bc8de3a2850d7bb9d2d347feb82cf240a3de98bbc
whisper,decoder,30,pos_unique,Raw,0.010803994150436392,89.38096468994851,1.4065532378726326,1.4065532378726326,1.0,1.0,sha256:1cd2a9e4946a77e4fba70d8a76f6fc08d22743a201aaa6cd2036145608bfac55
whisper,decoder,30,pos_unique,Conditioning,-0.05598640734063283,93.20946300726678,1.4532628165449377,1.4532628165449377,1.0,1.0,sha256:1cd2a9e4946a77e4fba70d8a76f6fc08d22743a201aaa6cd2036145608bfac55
whisper,decoder,30,unique_minus_shared,Raw,-0.002028304570104618,90.11621337111819,1.4156470621894477,1.4156470621894477,1.0,1.0,sha256:c5df984f4675b10f55e60eb24ce5683a28bd30e582efe9a3a75069910a8b5e49
whisper,decoder,30,unique_minus_shared,Conditioning,-0.16903814194219052,99.73189931551899,1.5290769370537853,1.5290769370537853,1.0,1.0,sha256:c5df984f4675b10f55e60eb24ce5683a28bd30e582efe9a3a75069910a8b5e49
whisper,decoder,31,neg_shared,Raw,-0.013612665252465676,90.77997235690698,1.4238066334419808,1.4238066334419808,1.0,1.0,sha256:369980c00593e116c16a748255679ae343f47279cb763f0e15ccecfa290ca466
whisper,decoder,31,neg_shared,Conditioning,-0.28897420999042345,106.79655343960832,1.6055990841144943,1.6055990841144943,1.0,1.0,sha256:369980c00593e116c16a748255679ae343f47279cb763f0e15ccecfa290ca466
whisper,decoder,31,pos_unique,Raw,0.08441561553399324,85.15757867107446,1.353206846642102,1.353206846642102,1.0,1.0,sha256:21bf0e918ab7bb5a41e531b7d90c01a90ad27bc244126608994d399b630d8ee5
whisper,decoder,31,pos_unique,Conditioning,0.11503209707122508,83.39452363856067,1.330389344036022,1.330389344036022,1.0,1.0,sha256:21bf0e918ab7bb5a41e531b7d90c01a90ad27bc244126608994d399b630d8ee5
whisper,decoder,31,unique_minus_shared,Raw,0.05006524606647358,87.13027300535369,1.3783575394745629,1.3783575394745629,1.0,1.0,sha256:dad68be7c6384d21e031cb7741e4c9e9baa1ef4dcfd0264f0861e90385a8f090
whisper,decoder,31,unique_minus_shared,Conditioning,-0.1229956478854738,97.0650216649805,1.4986631691378374,1.4986631691378374,1.0,1.0,sha256:dad68be7c6384d21e031cb7741e4c9e9baa1ef4dcfd0264f0861e90385a8f090
qwen3_asr_1p7b,encoder,0,neg_shared,Raw,0.018508404330929765,88.9394859919763,1.401065021754365,1.401065021754365,0.9999999403953552,1.0,sha256:868be81efdb4a2c4e248bf30fa2157fb49307a0b1621dedfae6be7ab3466fb55
qwen3_asr_1p7b,encoder,0,pos_unique,Raw,-0.00020954218286202766,90.01200588279582,1.4143617221264664,1.4143617221264664,1.0,1.0,sha256:513219872959b1361ae0b88d0ee023d8650609298805d57a90c57b338ea5bf7a
qwen3_asr_1p7b,encoder,0,unique_minus_shared,Raw,0.012939248408188678,89.25861498753214,1.4050343446733815,1.4050343446733815,1.0,1.0,sha256:cd1684e46075471f12e7a53de4006ffde2400156f9b84447406b4c4e6ad04af2
qwen3_asr_1p7b,encoder,1,neg_shared,Raw,0.02059053305665342,88.82016597886381,1.399578124828807,1.399578124828807,0.9999999403953552,1.0,sha256:ea8acfb31b113688e2c4aa5769d49cb338b13dd651454249929fc01940921f03
qwen3_asr_1p7b,encoder,1,pos_unique,Raw,0.029653428040068142,88.30073462849059,1.3930876314594414,1.3930876314594414,0.9999999403953552,1.0,sha256:a8bb814ab659d69371103d451f726cf9fbc8eb0c427edabb5b4833caa1868282
qwen3_asr_1p7b,encoder,1,unique_minus_shared,Raw,0.035527842175260414,87.96397611395676,1.3888643990281255,1.3888643990281255,1.0,1.0,sha256:5766b0c7c9c36dfcb37182040e3cc346d9c784d16bd3f76f0c7bccfb110f249c
qwen3_asr_1p7b,encoder,2,neg_shared,Raw,0.025569624619198688,88.53480873759966,1.3960160312135244,1.3960160312135244,1.0,0.9999999999999999,sha256:8404de8da57709323fbf34258d006f520dfae1f9df9375c07da560bef057a83c
qwen3_asr_1p7b,encoder,2,pos_unique,Raw,0.08492062661293975,85.12853939331332,1.3528335974355008,1.3528335974355008,1.0,0.9999999999999999,sha256:44b2fa4855c7934c7bf6b8a6049c01a080aa90fb6b186bb5719527114b0eeceb
qwen3_asr_1p7b,encoder,2,unique_minus_shared,Raw,0.07812840502701954,85.51900552219624,1.35784505094295,1.35784505094295,1.0,0.9999999999999999,sha256:2c51d35e08464105d193d65056db3646fdc0f9be967251b511ae5b8f804e6453
qwen3_asr_1p7b,encoder,3,neg_shared,Raw,0.05584834537238734,86.79845975679174,1.3741554909258233,1.3741554909258233,0.9999999403953552,1.0,sha256:b706a3b0a691a0fb565ec488c498776bb496b296f8340c349c8e806a3b915231
qwen3_asr_1p7b,encoder,3,pos_unique,Raw,0.15791440814651023,80.91413831028535,1.2977562106170097,1.2977562106170097,1.0,1.0,sha256:8e0680260a284062fcd8fc4df3898d22fcc4f36f96008d98e09b9596c0901f22
qwen3_asr_1p7b,encoder,3,unique_minus_shared,Raw,0.15115309223239887,81.30624415508586,1.3029557970939492,1.3029557970939492,1.0,1.0,sha256:340b7880058e16b61c77c667f84bd6737655a6058a4c8c39b578eece685145e0
qwen3_asr_1p7b,encoder,4,neg_shared,Raw,-0.05142478933274561,92.94772357948126,1.4501205336749468,1.4501205336749468,0.9999999403953552,1.0,sha256:f3d25cc0346f2e34f34f859eb5c2bb21fbb136dee71115f0e4410156c3f42ad1
qwen3_asr_1p7b,encoder,4,pos_unique,Raw,0.13443891114626583,82.2738238997835,1.3157211637169242,1.3157211637169242,1.0,1.0,sha256:44767fcb04093bb55f27336a218ecdfa3e72f34ab002ed9698a4d78dd690eb17
qwen3_asr_1p7b,encoder,4,unique_minus_shared,Raw,0.05869984937853568,86.634811926606,1.3720788226317342,1.3720788226317342,1.0,1.0,sha256:da6bd427b30a64af4d51b35a460b340df4357392521a7572b201122d1241f290
qwen3_asr_1p7b,encoder,5,neg_shared,Raw,-0.0053771222796733945,90.30808789721024,1.418010656194951,1.418010656194951,1.0,0.9999999999999999,sha256:e78bda24738bac80fdc1465944df1dbfa680667f9c6017de7198eeb997247114
qwen3_asr_1p7b,encoder,5,pos_unique,Raw,0.030467757526015146,88.25405588938212,1.3925029614425954,1.3925029614425954,0.9999999403953552,0.9999999999999999,sha256:389b66eafce6f48508687c07fa55fbee99ce33ec85df08a38a35aaf4e55dd2e1
qwen3_asr_1p7b,encoder,5,unique_minus_shared,Raw,0.01774175913927008,88.98341874387509,1.4016121029564188,1.4016121029564188,1.0,0.9999999999999999,sha256:55bdf6df78548a27c90fa2cb7557de753c9ed6ab46f9b486b8ab504f74f58fdb
qwen3_asr_1p7b,encoder,6,neg_shared,Raw,0.05984447008166035,86.56911448223892,1.3712443467052098,1.3712443467052098,1.0,1.0,sha256:9e5754ccd7677db1f198ccc087041ca15e2c9116d3e29ace0249b9b3f67ff332
qwen3_asr_1p7b,encoder,6,pos_unique,Raw,-0.026153339067054505,91.49864682686311,1.4325874045324902,1.4325874045324902,1.0,1.0,sha256:84b92c1ef43b871cfb9c0450ea48855b8cf9a4e25bd9932a5ecd8fad55a8747e
qwen3_asr_1p7b,encoder,6,unique_minus_shared,Raw,0.02382322934198418,88.6349003573633,1.3972664519925806,1.3972664519925806,1.0,1.0,sha256:5896cb03cdfaa98848f06ed3adec07bfb4c7341651b6cfd3c38eeef03b806a8d
qwen3_asr_1p7b,encoder,7,neg_shared,Raw,0.105101251155608,83.966999898266,1.3378331311819724,1.3378331311819724,1.0,1.0,sha256:ad840d0af48b6333433fc75a146ecf0fc40a4627f488d8e6e047b0ada3afb61b
qwen3_asr_1p7b,encoder,7,pos_unique,Raw,0.08450135507573754,85.15264854183668,1.3531434893111667,1.3531434893111667,0.9999999403953552,1.0,sha256:96c0a1e77bb5c6644d5668381b2d8183390b2cae8d4dc3fa4b3f2b0cbe2f426f
qwen3_asr_1p7b,encoder,7,unique_minus_shared,Raw,0.1340692804573843,82.29519565817697,1.3160020674123252,1.3160020674123252,1.0,1.0,sha256:760af1e4d46eae34e65ce39a86df2c8b42c22d35d3bfeb98ac12f93ac13cf9c6
qwen3_asr_1p7b,encoder,8,neg_shared,Raw,0.0829997398580715,85.23898809689176,1.3542527624631457,1.3542527624631457,1.0,1.0,sha256:b3d0e638e33a24ab682a979f15bb75bea08c91e1feff661b9d76fe2dd005db09
qwen3_asr_1p7b,encoder,8,pos_unique,Raw,-0.005119732766656229,90.29334036126356,1.4178291368250564,1.4178291368250564,1.0,1.0,sha256:e7edf43e2e1a7ae650a6756de93401990b7a3a54acbe5a5eedd4b2a3d9bb1740
qwen3_asr_1p7b,encoder,8,unique_minus_shared,Raw,0.05506948293718231,86.8431540741824,1.3747221682167514,1.3747221682167514,1.0,1.0,sha256:f372a8cfa639643b24869c871e12a5eee731195963e6272613990088007beab9
qwen3_asr_1p7b,encoder,9,neg_shared,Raw,0.12263739896560749,82.95566106708017,1.3246604109226983,1.3246604109226983,1.0,1.0,sha256:119a945bc79e40a72974beece9f8353701aa9c866df40c63a44ba1d6ca5f61b9
qwen3_asr_1p7b,encoder,9,pos_unique,Raw,0.014171272879562213,89.18801869443874,1.4041572028837088,1.4041572028837088,1.0,1.0,sha256:3a1fb08b61352f6ed9c30402731591dad777f7979c7c92c282dcaddc31f1fe45
qwen3_asr_1p7b,encoder,9,unique_minus_shared,Raw,0.09673834246892885,84.44861960301148,1.3440696793329427,1.3440696793329427,1.0,1.0,sha256:12cda4c222ac5812819f1ab3139cabb79848cd74f343bb55964d24839109d3b0
qwen3_asr_1p7b,encoder,10,neg_shared,Raw,0.15413007345612587,81.13365313789308,1.300669008715467,1.300669008715467,1.0,1.0,sha256:6d14b8f32b0d9b922bed5c5c4d3b17024660ee74834d68b42e9d7f978206425e
qwen3_asr_1p7b,encoder,10,pos_unique,Raw,0.1203936961828998,83.0851755590886,1.3263531246750269,1.3263531246750269,1.0,1.0,sha256:915fbe1f5f62add5df6648c4b541498a5029e6a7799924a8a521e1ed3a791a16
qwen3_asr_1p7b,encoder,10,unique_minus_shared,Raw,0.19411762360552964,78.80681776414751,1.2695529684570679,1.2695529684570679,1.0,1.0,sha256:a151c2a0b2f2a97548f11b017f4b6ba67781669bafcd6d5015a5ee37eace6545
qwen3_asr_1p7b,encoder,11,neg_shared,Raw,0.1488477959758173,81.43983943959839,1.304723881279861,1.304723881279861,1.0,1.0,sha256:3a58165b03c3225b9617d1b04c295eb68f3e5dc3600780e258a1ca1e32b5f5a0
qwen3_asr_1p7b,encoder,11,pos_unique,Raw,0.17951454862210212,79.65851507968186,1.2810038657375087,1.2810038657375087,1.0,1.0,sha256:c10380fc085ec959c11a880474843c9fd6b46c8056d44139db5a44b366b431bd
qwen3_asr_1p7b,encoder,11,unique_minus_shared,Raw,0.2321872390346844,76.57412206860266,1.239203581784171,1.239203581784171,1.0,1.0,sha256:2cab0f4e00d1b2206dfc3a25831d0244d5e5808c53ac98129f780557360f12c4
qwen3_asr_1p7b,encoder,12,neg_shared,Raw,0.10598303970259398,83.91619337133564,1.3371738535660458,1.3371738535660458,1.0,0.9999999999999999,sha256:33547fad5b724d4d4337e6e6c8ae136b38a79a3be6dd7e909e92b6dd8ae6ee41
qwen3_asr_1p7b,encoder,12,pos_unique,Raw,0.06441451675189755,86.30676302686088,1.367907512597308,1.367907512597308,1.0,0.9999999999999999,sha256:34b7e5dfeeb704c69a5695b053951129b17902b5655b838a03f5db9ec81fbbd8
qwen3_asr_1p7b,encoder,12,unique_minus_shared,Raw,0.1204892629563475,83.07965983419473,1.326281071118899,1.326281071118899,1.0,0.9999999999999999,sha256:a182f97f973e0d4d405250cbb1164fa7e7e05185ae8c1dd4a91e9e80ba5cd600
qwen3_asr_1p7b,encoder,13,neg_shared,Raw,0.08981622605467081,84.84696519770624,1.3492099742534156,1.3492099742534156,1.0,1.0,sha256:75d8f68cb89cea3671b14f9898b9ed71b0cc3938b9def7d1bd10a0e70364fd80
qwen3_asr_1p7b,encoder,13,pos_unique,Raw,0.06376784469315563,86.3438909404647,1.3683801825038917,1.3683801825038917,1.0,1.0,sha256:234c5f31f269627fdb4c392c408d058acf7307133bbfe648ac61941981fa2a10
qwen3_asr_1p7b,encoder,13,unique_minus_shared,Raw,0.10860033795044678,83.76536252516115,1.335215084648734,1.335215084648734,1.0,1.0,sha256:00addbb02a42893f19e0460707a889e73afb32eafc632976b04532c805fda17e
qwen3_asr_1p7b,encoder,14,neg_shared,Raw,0.13064745513896284,82.49299213734191,1.3185996701792506,1.3185996701792506,1.0,1.0,sha256:1a8c8b6551cbb5c54f12ccf73951b246e75ce7bb96de581a7366633708e636ba
qwen3_asr_1p7b,encoder,14,pos_unique,Raw,-0.001336821180025989,90.07659423439267,1.4151585224156058,1.4151585224156058,1.0,1.0,sha256:452240a9a32866f57ffccbef29658d52556565032e11b63d12336b56e41b0364
qwen3_asr_1p7b,encoder,14,unique_minus_shared,Raw,0.09143642912166498,84.75375080929547,1.3480085898914211,1.3480085898914211,0.9999999403953552,1.0,sha256:f1f9f5d6981667800f42f079cf6a44f00c766316b6d95ab8df1169062a2cbb46
qwen3_asr_1p7b,encoder,15,neg_shared,Raw,0.11044722117703341,83.65890345620284,1.3338311617233878,1.3338311617233878,1.0,1.0,sha256:7fecd0706dfb642b7bf29f7c2422bed78e495385ce843a156e02daa39fe5ebff
qwen3_asr_1p7b,encoder,15,pos_unique,Raw,0.015815725502956582,89.09378789650965,1.4029855793020798,1.4029855793020798,1.0,1.0,sha256:ba8b77fe1f2ea3904e41755a1e428d80b770edcc6f81560f908fa923b05711ae
qwen3_asr_1p7b,encoder,15,unique_minus_shared,Raw,0.08928138453914013,84.87773297115147,1.3496063262410918,1.3496063262410918,1.0,1.0,sha256:2ff1119d8ba00792cca6431c8d044b817cba7bcdd54342fdc2ca222169a53c5a
qwen3_asr_1p7b,encoder,16,neg_shared,Raw,0.11672181756745777,83.2970531709902,1.3291186381260696,1.3291186381260696,1.0,1.0,sha256:136ef74c64ea0998fadfce07a4b9966a2c479a4ccc06aadcf13a57ac41220650
qwen3_asr_1p7b,encoder,16,pos_unique,Raw,0.046754612312602715,87.32018109174936,1.380757320300533,1.380757320300533,1.0,1.0,sha256:b33a3e79b6a03b2624c79a531114bdc1ccc5494a425a500813f746200fc76773
qwen3_asr_1p7b,encoder,16,unique_minus_shared,Raw,0.11559529521928397,83.36203805393815,1.3299659472596965,1.3299659472596965,1.0,1.0,sha256:1c60c0a2fc34db67235d6256d86f2e91c7611ecf50e931266a56bf555ca3f723
qwen3_asr_1p7b,encoder,17,neg_shared,Raw,0.10300130853385592,84.08797442857477,1.3394018758377575,1.3394018758377575,0.9999999403953552,1.0,sha256:80e514809c2ebf38edc47605137c1fe4f097a9a9c3103845382e69c2122eb77b
qwen3_asr_1p7b,encoder,17,pos_unique,Raw,0.2175607398682311,77.43419621048935,1.2509510448668555,1.2509510448668555,1.0,1.0,sha256:6218161bb2aa8788425b9f0a5950ee9606737a386f1ac20811fa0875d9637745
qwen3_asr_1p7b,encoder,17,unique_minus_shared,Raw,0.22667160772605857,76.8988057983419,1.2436465753415185,1.2436465753415185,0.9999999403953552,1.0,sha256:10cc2526bc0d54109b4d36d726fb91c11c688ed15d0ed1751fd46499078ec38d
qwen3_asr_1p7b,encoder,18,neg_shared,Raw,0.19847101188322977,78.55243780330531,1.2661192539217097,1.2661192539217097,1.0,1.0,sha256:be0e5ad28bb0f72614ceb3af1cd71bcaa6f01e2791fd9b33a413b416c5634167
qwen3_asr_1p7b,encoder,18,pos_unique,Raw,0.05920961403887827,86.60555367256775,1.371707249365373,1.371707249365373,0.9999999403953552,1.0,sha256:43621185ab52f6e7e77c98aae5bdbe2764de0cfd4dcd261c385350e0801e49b8
qwen3_asr_1p7b,encoder,18,unique_minus_shared,Raw,0.18220771752692494,79.50162040876313,1.2788997522306065,1.2788997522306065,1.0,1.0,sha256:0133b3c9e097d5c7da6ed5b9c1b3c0d02f3222cd1d990cc9bdaa364fef04eca4
qwen3_asr_1p7b,encoder,19,neg_shared,Raw,0.2998706286517169,72.55016705093396,1.1833252834488435,1.1833252834488435,1.0,1.0000000000000002,sha256:150ada9840534eca432ff2bc0f38dff2cc302661000273e536d0ca1769f5b046
qwen3_asr_1p7b,encoder,19,pos_unique,Raw,0.08569067681640553,85.08425734991027,1.3522642684271053,1.3522642684271053,1.0,1.0000000000000002,sha256:bbf30c5ff73a0a071b6960963bc318156a723d6ffc855f76da87e45fd491e477
qwen3_asr_1p7b,encoder,19,unique_minus_shared,Raw,0.2726330181063163,74.17899297004524,1.2061235276583973,1.2061235276583973,1.0,1.0000000000000002,sha256:ecb9a1f2f792820660bcd9bdf3fca0348faa080a73fdcd0a60f451362a97b80a
qwen3_asr_1p7b,encoder,20,neg_shared,Raw,0.27551908948205295,74.00704911302805,1.2037283018138885,1.2037283018138885,1.0,1.0,sha256:4ff8190b7768329795c6cfccc49027e8c5d77187fda272eee7296383a18a355d
qwen3_asr_1p7b,encoder,20,pos_unique,Raw,0.12137896279842261,83.02830688330964,1.3256100788591643,1.3256100788591643,1.0,1.0,sha256:08443131ff196c20e488f65eac2508a045edbc0d5140943056874adf27e487ff
qwen3_asr_1p7b,encoder,20,unique_minus_shared,Raw,0.2806493045976339,73.70103895199014,1.1994587906240193,1.1994587906240193,1.0,1.0,sha256:f48d490d6adf3125096f5a704b27899e5acfe97c4755e3542cc174578856c8f4
qwen3_asr_1p7b,encoder,21,neg_shared,Raw,0.1622825038761633,80.66059418737187,1.2943859511130489,1.2943859511130489,1.0,1.0,sha256:47b209fbb58609493341345b2abac980c1b616865fabd443ba35ed868d11b599
qwen3_asr_1p7b,encoder,21,pos_unique,Raw,-0.003864176686393722,90.22140156641512,1.416943309914152,1.416943309914152,0.9999999403953552,1.0,sha256:3b600feaada620cd64e089090c70aa327d8dbd45cdeb70baad50f595342ac317
qwen3_asr_1p7b,encoder,21,unique_minus_shared,Raw,0.11201867337308746,83.56830363814159,1.3326524932977584,1.3326524932977584,1.0,1.0,sha256:42dda64aa6f225f58a8ec1f693ed2ee2f8b462581057ffc12ed0fcb64b07dcdb
qwen3_asr_1p7b,encoder,22,neg_shared,Raw,0.12521200256612225,82.80700117732238,1.3227153819727024,1.3227153819727024,1.0,1.0,sha256:1f273307b482acaa998022f53822ee22e4235541e5780b5cf2fe4c7bac24916c
qwen3_asr_1p7b,encoder,22,pos_unique,Raw,0.021931981689835175,88.74328925029246,1.3986193312072646,1.3986193312072646,1.0,1.0,sha256:c74df3221cf2cc4b6267369c29975dc4f32b37162220dbebac7f1d1b0026cad7
qwen3_asr_1p7b,encoder,22,unique_minus_shared,Raw,0.1040465137852972,84.027765069111,1.3386212965457935,1.3386212965457935,1.0,1.0,sha256:6625bb03ef32fb12940cfcf2bf2a0a06ac19ef908cc3e2529a77be7057d49a0c
qwen3_asr_1p7b,encoder,23,neg_shared,Raw,0.07022725599181714,85.9729598495966,1.3636515318349762,1.3636515318349762,1.0,1.0,sha256:44c02841f13f7ec66fbf5eb10ffe73e31784e47ef6a9fe1cc564aed25c00eec5
qwen3_asr_1p7b,encoder,23,pos_unique,Raw,0.07944323108185367,85.44343663200952,1.356876393178026,1.356876393178026,1.0,1.0,sha256:445a9559a87bf36af26eba831666b91ad6cc932c9da84b0071280d7b4ee27277
qwen3_asr_1p7b,encoder,23,unique_minus_shared,Raw,0.10583301624988338,83.92483769831482,1.337286044451705,1.337286044451705,1.0,1.0,sha256:97597814e49f6d1d78c8734222fa447040f670f52deb347ba83679f49f636d77
qwen3_asr_1p7b,decoder,0,neg_shared,Raw,-0.4796117622877329,118.66004866919643,1.7202393831134415,1.7202393831134415,1.0,1.0,sha256:177d616d9f36dc1c4c7a9fa60155cdffbaf77dc5971bfd7e9134e3edd9caa55c
qwen3_asr_1p7b,decoder,0,neg_shared,Conditioning,-0.02156252874744975,91.23553764783108,1.429379259725685,1.429379259725685,1.0,0.9999999999999999,sha256:177d616d9f36dc1c4c7a9fa60155cdffbaf77dc5971bfd7e9134e3edd9caa55c
qwen3_asr_1p7b,decoder,0,pos_unique,Raw,-0.08077302938303767,94.63300086039831,1.4702197240418724,1.4702197240418724,0.9999999403953552,1.0,sha256:3dcff81f51bcbf3fbdf2cbfd6c10b08b1fbb7c182121e1457fec1d76f400e43c
qwen3_asr_1p7b,decoder,0,pos_unique,Conditioning,0.05764038593760591,86.69561767648281,1.372850764948848,1.372850764948848,0.9999999403953552,0.9999999999999999,sha256:3dcff81f51bcbf3fbdf2cbfd6c10b08b1fbb7c182121e1457fec1d76f400e43c
qwen3_asr_1p7b,decoder,0,unique_minus_shared,Raw,-0.39625188230083663,113.34407365261153,1.6710786235396462,1.6710786235396462,1.0,1.0,sha256:db815c489d73e29782e412660bf2c641acd2df52af1788d0df835251cbc3a974
qwen3_asr_1p7b,decoder,0,unique_minus_shared,Conditioning,0.025510897199008606,88.5381746689046,1.3960580958726139,1.3960580958726139,1.0,0.9999999999999999,sha256:db815c489d73e29782e412660bf2c641acd2df52af1788d0df835251cbc3a974
qwen3_asr_1p7b,decoder,1,neg_shared,Raw,-0.31347433110352396,108.26873510169953,1.620786405216031,1.620786405216031,0.9999999403953552,1.0,sha256:a483a6bec17577392f8dfdc6b2c5e2d104e52b6cebf070df34d9c9869235a137
qwen3_asr_1p7b,decoder,1,neg_shared,Conditioning,0.10772603535709456,83.81575200282649,1.3358697124431198,1.3358697124431198,0.9999999403953552,1.0,sha256:a483a6bec17577392f8dfdc6b2c5e2d104e52b6cebf070df34d9c9869235a137
qwen3_asr_1p7b,decoder,1,pos_unique,Raw,-0.05641722401704045,93.23418606130794,1.453559236226017,1.453559236226017,1.0,1.0,sha256:cd7609c5b9b79bb1d23692ef3f4ed7480ea08b11a53e37ed5695381a9d7ad33a
qwen3_asr_1p7b,decoder,1,pos_unique,Conditioning,0.020030602494589718,88.85225425650766,1.399978142756058,1.399978142756058,1.0,1.0,sha256:cd7609c5b9b79bb1d23692ef3f4ed7480ea08b11a53e37ed5695381a9d7ad33a
qwen3_asr_1p7b,decoder,1,unique_minus_shared,Raw,-0.2615528369978271,105.1622219641932,1.5884286749346814,1.5884286749346814,0.9999999403953552,1.0,sha256:1cbf5668299e6b4f6462edc316ab8ef6f06eed4e93c8d1bb76f20faa4d61c80a
qwen3_asr_1p7b,decoder,1,unique_minus_shared,Conditioning,0.09033758659499955,84.81697150882513,1.3488235059182876,1.3488235059182876,0.9999999403953552,1.0,sha256:1cbf5668299e6b4f6462edc316ab8ef6f06eed4e93c8d1bb76f20faa4d61c80a
qwen3_asr_1p7b,decoder,2,neg_shared,Raw,-0.2221501613853161,102.83535377735745,1.5634258139327915,1.5634258139327915,1.0,1.0000000000000002,sha256:bc0b9796f57ac808ba3f2ce3cede468a779165117185ba7a9dedb7e1bb678a06
qwen3_asr_1p7b,decoder,2,neg_shared,Conditioning,5.7225437961432035e-06,89.9996721223924,1.414209499265645,1.414209499265645,1.0,1.0,sha256:bc0b9796f57ac808ba3f2ce3cede468a779165117185ba7a9dedb7e1bb678a06
qwen3_asr_1p7b,decoder,2,pos_unique,Raw,-0.09486641900920292,95.44363146208991,1.4797745911035558,1.4797745911035558,1.0,1.0000000000000002,sha256:eb3351dd5f468a782b2046b38880015be3fa5af3227cd6e3af3fb8a20e8d6d24
qwen3_asr_1p7b,decoder,2,pos_unique,Conditioning,0.0040524154611185515,89.767813061743,1.4113451638543468,1.4113451638543468,1.0,1.0,sha256:eb3351dd5f468a782b2046b38880015be3fa5af3227cd6e3af3fb8a20e8d6d24
qwen3_asr_1p7b,decoder,2,unique_minus_shared,Raw,-0.2241645768910201,102.9537571530329,1.564713763576957,1.564713763576957,1.0,1.0000000000000002,sha256:feeeae923f87a3abc56cde251edb4b252b5739ae693dcf8418db80f939a0c28b
qwen3_asr_1p7b,decoder,2,unique_minus_shared,Conditioning,0.002869536470223262,89.83558744546141,1.412183038846126,1.412183038846126,1.0,1.0,sha256:feeeae923f87a3abc56cde251edb4b252b5739ae693dcf8418db80f939a0c28b
qwen3_asr_1p7b,decoder,3,neg_shared,Raw,-0.2624295008279452,105.21426909604538,1.588980484434849,1.588980484434849,0.9999999403953552,1.0,sha256:15b81c203452a8fa151e819e04276b3243648f79f1a26326c2878d23844051c3
qwen3_asr_1p7b,decoder,3,neg_shared,Conditioning,0.31310229974534304,71.75371068983647,1.1720902044539778,1.1720902044539778,0.9999999403953552,1.0,sha256:15b81c203452a8fa151e819e04276b3243648f79f1a26326c2878d23844051c3
qwen3_asr_1p7b,decoder,3,pos_unique,Raw,-0.2340171957532291,103.53369691791984,1.5709978972377867,1.5709978972377867,1.0,1.0,sha256:c53209a9348dd9242d42674cba8dbf3073f9b6e6326e2e6c64a64c4ae4037188
qwen3_asr_1p7b,decoder,3,pos_unique,Conditioning,-0.046655952363565074,92.67415993399558,1.446828222819219,1.446828222819219,1.0,1.0,sha256:c53209a9348dd9242d42674cba8dbf3073f9b6e6326e2e6c64a64c4ae4037188
qwen3_asr_1p7b,decoder,3,unique_minus_shared,Raw,-0.3510408138806771,110.55098915520817,1.6438009721031641,1.6438009721031641,1.0,1.0,sha256:250665c68f703b80c250f3e19c855d3e9f176199fb4da7aeb693c94c61e65de0
qwen3_asr_1p7b,decoder,3,unique_minus_shared,Conditioning,0.1884060036106552,79.14022501082381,1.274043955640716,1.274043955640716,1.0,1.0,sha256:250665c68f703b80c250f3e19c855d3e9f176199fb4da7aeb693c94c61e65de0
qwen3_asr_1p7b,decoder,4,neg_shared,Raw,-0.21702660765438067,102.53445113581907,1.5601452513767566,1.5601452513767566,1.0,1.0000000000000002,sha256:579ef30d92d4679e77b85b5d6350c59e9488c2e029d50a29586b75f85dbe6d3b
qwen3_asr_1p7b,decoder,4,neg_shared,Conditioning,0.3389180776135361,70.18902877700889,1.149853831953266,1.149853831953266,1.0,0.9999999999999999,sha256:579ef30d92d4679e77b85b5d6350c59e9488c2e029d50a29586b75f85dbe6d3b
qwen3_asr_1p7b,decoder,4,pos_unique,Raw,-0.3003531670325056,107.4788163823463,1.6126705603479308,1.6126705603479308,1.0,1.0000000000000002,sha256:099b3405bdc62a81227bda3d03751bbc0d0f8772e4cc96bcfb4002eddb28d761
qwen3_asr_1p7b,decoder,4,pos_unique,Conditioning,-0.11854847039318679,96.80833808576054,1.4956927969788016,1.4956927969788016,1.0,0.9999999999999999,sha256:099b3405bdc62a81227bda3d03751bbc0d0f8772e4cc96bcfb4002eddb28d761
qwen3_asr_1p7b,decoder,4,unique_minus_shared,Raw,-0.365842747513282,111.45945602632464,1.652781140013425,1.652781140013425,1.0,1.0000000000000002,sha256:f4802be6e96fdc006ea78d239c109d2e141b729999f6ee56b78e243a0b18ad7d
qwen3_asr_1p7b,decoder,4,unique_minus_shared,Conditioning,0.15582484224170423,81.03536247934481,1.2993653517291062,1.2993653517291062,1.0,0.9999999999999999,sha256:f4802be6e96fdc006ea78d239c109d2e141b729999f6ee56b78e243a0b18ad7d
qwen3_asr_1p7b,decoder,5,neg_shared,Raw,-0.2538225066114986,104.70382434339014,1.58355455821184,1.58355455821184,1.0,1.0000000000000002,sha256:d496b58206ef7e2845ae6b0dc49cc25add676a4b053231b91262f62ccb4fffb5
qwen3_asr_1p7b,decoder,5,neg_shared,Conditioning,0.1574562302784125,80.94072255313938,1.2981092269349574,1.2981092269349574,1.0,0.9999999999999999,sha256:d496b58206ef7e2845ae6b0dc49cc25add676a4b053231b91262f62ccb4fffb5
qwen3_asr_1p7b,decoder,5,pos_unique,Raw,-0.1594381981222845,99.17428874602933,1.5227857337789832,1.5227857337789832,1.0,1.0000000000000002,sha256:ceb5a19c2d445c2443af56173a11e0baf949b8478cdb37d5553f05c6b92478f7
qwen3_asr_1p7b,decoder,5,pos_unique,Conditioning,-0.021045034389651482,91.205880674187,1.4290171669841933,1.4290171669841933,1.0,0.9999999999999999,sha256:ceb5a19c2d445c2443af56173a11e0baf949b8478cdb37d5553f05c6b92478f7
qwen3_asr_1p7b,decoder,5,unique_minus_shared,Raw,-0.29221946026679063,106.9908786895723,1.6076190068417329,1.6076190068417329,0.9999999403953552,1.0000000000000002,sha256:e8f903166f15416e92d2ee7fbc1da7bff6ba12953ae4f6c75ae6e6eb91e200b6
qwen3_asr_1p7b,decoder,5,unique_minus_shared,Conditioning,0.09645728345172261,84.46479876043406,1.3442787769118618,1.3442787769118618,0.9999999403953552,0.9999999999999999,sha256:e8f903166f15416e92d2ee7fbc1da7bff6ba12953ae4f6c75ae6e6eb91e200b6
qwen3_asr_1p7b,decoder,6,neg_shared,Raw,-0.09202605740805533,95.28017544332319,1.4778538872247438,1.4778538872247438,1.0,1.0,sha256:b0debc41c44b8915655155df83c5a4d2d00f8e198e3f3c88c6c2d7470069133c
qwen3_asr_1p7b,decoder,6,neg_shared,Conditioning,0.020384701333152358,88.8319617437827,1.3997251853499209,1.3997251853499209,1.0,1.0,sha256:b0debc41c44b8915655155df83c5a4d2d00f8e198e3f3c88c6c2d7470069133c
qwen3_asr_1p7b,decoder,6,pos_unique,Raw,0.2892481756353685,73.18704924641763,1.1922682862734038,1.1922682862734038,1.0,1.0,sha256:dbc1d609be9f85869310cc00af76edae2b8aa7f07b5f78cefd9aec722ca205dc
qwen3_asr_1p7b,decoder,6,pos_unique,Conditioning,-0.10978749304231364,96.30306562379374,1.4898238163651039,1.4898238163651039,1.0,1.0,sha256:dbc1d609be9f85869310cc00af76edae2b8aa7f07b5f78cefd9aec722ca205dc
qwen3_asr_1p7b,decoder,6,unique_minus_shared,Raw,0.1394570965742918,81.98356800672099,1.3119016013010603,1.3119016013010603,1.0,1.0,sha256:f8f45cee9c1c9500ffd94927674dd64b02bec4735f77870d8132a8f16af2cd34
qwen3_asr_1p7b,decoder,6,unique_minus_shared,Conditioning,-0.06321731664537752,93.6245023529713,1.4582299674384782,1.4582299674384782,1.0,1.0,sha256:f8f45cee9c1c9500ffd94927674dd64b02bec4735f77870d8132a8f16af2cd34
qwen3_asr_1p7b,decoder,7,neg_shared,Raw,-0.3418634039852073,109.99044343868427,1.6382084188098445,1.6382084188098445,1.0,1.0,sha256:e66edf65d66c788eaf0d990f8cd0d0bc0fb266c4123ca40a32832fee17f4f763
qwen3_asr_1p7b,decoder,7,neg_shared,Conditioning,0.04620925995162942,87.35146129057883,1.381152234761171,1.381152234761171,1.0,1.0,sha256:e66edf65d66c788eaf0d990f8cd0d0bc0fb266c4123ca40a32832fee17f4f763
qwen3_asr_1p7b,decoder,7,pos_unique,Raw,-0.017215410611527916,90.98641909894835,1.4263347537811928,1.4263347537811928,1.0,1.0,sha256:c16d21069e8e4673f98d966eeea6c473ef813596c4ff9c44b00f8e9d6475b870
qwen3_asr_1p7b,decoder,7,pos_unique,Conditioning,-0.039120508023624614,92.24201211817271,1.4416105662307868,1.4416105662307868,1.0,1.0,sha256:c16d21069e8e4673f98d966eeea6c473ef813596c4ff9c44b00f8e9d6475b870
qwen3_asr_1p7b,decoder,7,unique_minus_shared,Raw,-0.2539070607534258,104.7088330246774,1.583607944347339,1.583607944347339,1.0,1.0,sha256:f102fe44fd0f6b5a5d17c37b745ebdb310f2d75443d8dea3eef5f2e16ddbbaf2
qwen3_asr_1p7b,decoder,7,unique_minus_shared,Conditioning,0.005012505536320096,89.71280338532839,1.4106647329612065,1.4106647329612065,1.0,1.0,sha256:f102fe44fd0f6b5a5d17c37b745ebdb310f2d75443d8dea3eef5f2e16ddbbaf2
qwen3_asr_1p7b,decoder,8,neg_shared,Raw,0.20176552036738363,78.3597791233444,1.2635145220402209,1.2635145220402209,1.0,1.0,sha256:e1bf87f544682494c5c95cbd19c62371b7d0c7c164f7645bf81c925651ce89d6
qwen3_asr_1p7b,decoder,8,neg_shared,Conditioning,-0.03689691953277773,92.11451772941972,1.4400672995408412,1.4400672995408412,1.0,1.0000000000000002,sha256:e1bf87f544682494c5c95cbd19c62371b7d0c7c164f7645bf81c925651ce89d6
qwen3_asr_1p7b,decoder,8,pos_unique,Raw,0.3381401875252993,70.2363953116394,1.1505301528216432,1.1505301528216432,0.9999999403953552,1.0,sha256:749a2e750d361ea8f1f1b2e44facd62836113d819de130ba6fdc6c60520163cf
qwen3_asr_1p7b,decoder,8,pos_unique,Conditioning,-0.067743832889201,93.88441065860466,1.4613307719320936,1.4613307719320936,0.9999999403953552,1.0000000000000002,sha256:749a2e750d361ea8f1f1b2e44facd62836113d819de130ba6fdc6c60520163cf
qwen3_asr_1p7b,decoder,8,unique_minus_shared,Raw,0.38177097741712024,67.55657570595062,1.1119613549026472,1.1119613549026472,1.0,1.0,sha256:6828d14e9562fcf74dc75a8351b669d1f5e219adf1d084c6959002a951fea21e
qwen3_asr_1p7b,decoder,8,unique_minus_shared,Conditioning,-0.07399218596146566,94.2433179126137,1.4656003485105014,1.4656003485105014,1.0,1.0000000000000002,sha256:6828d14e9562fcf74dc75a8351b669d1f5e219adf1d084c6959002a951fea21e
qwen3_asr_1p7b,decoder,9,neg_shared,Raw,0.23231330060835176,76.56669622052685,1.2391018610091968,1.2391018610091968,0.9999999403953552,1.0,sha256:ec14813d6e2d5877fa9e165c3665495ae068f361e895f87bb5b244cc9194c34e
qwen3_asr_1p7b,decoder,9,neg_shared,Conditioning,0.041398525426652594,87.62736116587628,1.3846309795613554,1.3846309795613554,0.9999999403953552,1.0,sha256:ec14813d6e2d5877fa9e165c3665495ae068f361e895f87bb5b244cc9194c34e
qwen3_asr_1p7b,decoder,9,pos_unique,Raw,0.4249317681620296,64.85365536329968,1.0724441717382611,1.0724441717382611,1.0,1.0,sha256:ab97461e7d08ff160f8c36a183eefa0302eac0a28997cf6c89934551158e37f7
qwen3_asr_1p7b,decoder,9,pos_unique,Conditioning,-0.08236899531609453,94.72474872938496,1.4713048727070857,1.4713048727070857,1.0,1.0,sha256:ab97461e7d08ff160f8c36a183eefa0302eac0a28997cf6c89934551158e37f7
qwen3_asr_1p7b,decoder,9,unique_minus_shared,Raw,0.46474246036690303,62.306444198475035,1.0346570133858326,1.0346570133858326,0.9999999403953552,1.0,sha256:2411d0a7c50c65863dd06a49bd5ebbc948c6a99ddd7a8579b820baf318f39ae5
qwen3_asr_1p7b,decoder,9,unique_minus_shared,Conditioning,-0.028970498929986932,91.66011959456475,1.4345525417659335,1.4345525417659335,0.9999999403953552,1.0,sha256:2411d0a7c50c65863dd06a49bd5ebbc948c6a99ddd7a8579b820baf318f39ae5
qwen3_asr_1p7b,decoder,10,neg_shared,Raw,0.25058726189313124,75.48773396973222,1.2242652770624356,1.2242652770624356,1.0,1.0000000000000002,sha256:8644a5aaa6930c5320d9bd18784c30c0d75e4758eb920af2844d02968e395ad2
qwen3_asr_1p7b,decoder,10,neg_shared,Conditioning,0.06714230795964436,86.15013283290523,1.3659119212041952,1.3659119212041952,1.0,1.0,sha256:8644a5aaa6930c5320d9bd18784c30c0d75e4758eb920af2844d02968e395ad2
qwen3_asr_1p7b,decoder,10,pos_unique,Raw,0.3404897097537263,70.09328736540392,1.1484862227582708,1.1484862227582708,1.0,1.0000000000000002,sha256:5c91152a34d311b69321d5223da13dc1d37ebdf7390b535f3f0668267a1daf43
qwen3_asr_1p7b,decoder,10,pos_unique,Conditioning,-0.07684108648122219,94.40701413390774,1.4675429112415956,1.4675429112415956,1.0,1.0,sha256:5c91152a34d311b69321d5223da13dc1d37ebdf7390b535f3f0668267a1daf43
qwen3_asr_1p7b,decoder,10,unique_minus_shared,Raw,0.4179545570412628,65.2944826787723,1.078930456727299,1.078930456727299,0.9999999403953552,1.0000000000000002,sha256:d539b2b0bb18c7cfd32d60b6be9f827706ff6e9eee6a20075849d7423ad0dc09
qwen3_asr_1p7b,decoder,10,unique_minus_shared,Conditioning,-0.006858072078239207,90.3929416659349,1.419054663517643,1.419054663517643,0.9999999403953552,1.0,sha256:d539b2b0bb18c7cfd32d60b6be9f827706ff6e9eee6a20075849d7423ad0dc09
qwen3_asr_1p7b,decoder,11,neg_shared,Raw,0.10702530526561438,83.85613435024186,1.3363941730969071,1.3363941730969071,1.0,1.0,sha256:3e4bcf99936f779b14d9b7e8e47f38af2ae4bdd27eb87354bbebdf25385ddab2
qwen3_asr_1p7b,decoder,11,neg_shared,Conditioning,0.059255826555029034,86.60290123328119,1.3716735556642246,1.3716735556642246,1.0,1.0,sha256:3e4bcf99936f779b14d9b7e8e47f38af2ae4bdd27eb87354bbebdf25385ddab2
qwen3_asr_1p7b,decoder,11,pos_unique,Raw,0.35194994662507606,69.39337097090646,1.1384639143849358,1.1384639143849358,1.0,1.0,sha256:e034dfbca15ac1829eb83aaba01ecf84607d4206a2fbd064a850aa9aa442c9d1
qwen3_asr_1p7b,decoder,11,pos_unique,Conditioning,-0.01678663785817139,90.9618486785122,1.4260340996354768,1.4260340996354768,1.0,1.0,sha256:e034dfbca15ac1829eb83aaba01ecf84607d4206a2fbd064a850aa9aa442c9d1
qwen3_asr_1p7b,decoder,11,unique_minus_shared,Raw,0.3245445192186133,71.06201788556484,1.162286956065032,1.162286956065032,1.0,1.0,sha256:60830ee2020b3e6b9b4e03017b31160e5c1e80181f0edd4c1174ce34553a5891
qwen3_asr_1p7b,decoder,11,unique_minus_shared,Conditioning,0.03003025291381805,88.27913453351368,1.3928171096193886,1.3928171096193886,1.0,1.0,sha256:60830ee2020b3e6b9b4e03017b31160e5c1e80181f0edd4c1174ce34553a5891
qwen3_asr_1p7b,decoder,12,neg_shared,Raw,0.2655049111725518,74.60304314720189,1.2120190493914884,1.2120190493914884,1.0,1.0,sha256:ae98ee09975123553d76b2e5472abab53f5fbbad20471eb036857b3e9257b83f
qwen3_asr_1p7b,decoder,12,neg_shared,Conditioning,0.007529971315760524,89.56856034654848,1.4088790067998846,1.4088790067998846,1.0,1.0,sha256:ae98ee09975123553d76b2e5472abab53f5fbbad20471eb036857b3e9257b83f
qwen3_asr_1p7b,decoder,12,pos_unique,Raw,0.3626870449680245,68.73469135942449,1.1289932979401227,1.1289932979401227,1.0,1.0,sha256:175c4e63461673c3e0b987fa719272778a7848a24425b51613e8ef772e347748
qwen3_asr_1p7b,decoder,12,pos_unique,Conditioning,-0.09934956797968139,95.70171695097704,1.4828010968060168,1.4828010968060168,1.0,1.0,sha256:175c4e63461673c3e0b987fa719272778a7848a24425b51613e8ef772e347748
qwen3_asr_1p7b,decoder,12,unique_minus_shared,Raw,0.4441988158988927,63.62790937255353,1.0543255644741456,1.0543255644741456,0.9999999403953552,1.0,sha256:6c5a13f17f0164e995d3d951f8bf84e250e82b32e4334eb4d622388e812698b6
qwen3_asr_1p7b,decoder,12,unique_minus_shared,Conditioning,-0.06492626448631822,93.72261946580247,1.4594014170137386,1.4594014170137386,0.9999999403953552,1.0,sha256:6c5a13f17f0164e995d3d951f8bf84e250e82b32e4334eb4d622388e812698b6
qwen3_asr_1p7b,decoder,13,neg_shared,Raw,0.3181800401572794,71.44710292286682,1.1677499384069356,1.1677499384069356,1.0,1.0,sha256:ba6abf2abaf6dbc9f8135da2ac2705da71c9e7720d9c867866c5d78013c1727c
qwen3_asr_1p7b,decoder,13,neg_shared,Conditioning,0.013840831343774757,89.20695345720391,1.4043925150314678,1.4043925150314678,1.0,1.0,sha256:ba6abf2abaf6dbc9f8135da2ac2705da71c9e7720d9c867866c5d78013c1727c
qwen3_asr_1p7b,decoder,13,pos_unique,Raw,0.3293661168208679,70.76969411158754,1.1581311411124942,1.1581311411124942,1.0,1.0,sha256:eb75309fa08ad364d5a3a61c08ded0461a33c06b6cb70709bb8c24bf6a3fa2b3
qwen3_asr_1p7b,decoder,13,pos_unique,Conditioning,-0.12440946072159931,97.14665417198701,1.49960624668593,1.49960624668593,1.0,1.0,sha256:eb75309fa08ad364d5a3a61c08ded0461a33c06b6cb70709bb8c24bf6a3fa2b3
qwen3_asr_1p7b,decoder,13,unique_minus_shared,Raw,0.45788429040510586,62.74933132671911,1.0412643501782373,1.0412643501782373,1.0,1.0,sha256:ee03cec3ceaa3b3a4e3c71bbfd32c103d4f12037067c7b09e4de522a054c4e55
qwen3_asr_1p7b,decoder,13,unique_minus_shared,Conditioning,-0.07818383011652912,94.48417984512942,1.4684575880819224,1.4684575880819224,1.0,1.0,sha256:ee03cec3ceaa3b3a4e3c71bbfd32c103d4f12037067c7b09e4de522a054c4e55
qwen3_asr_1p7b,decoder,14,neg_shared,Raw,0.08162593143371726,85.31796954816204,1.3552668186493666,1.3552668186493666,1.0,1.0000000000000002,sha256:e16032563b6c66c1d5bbde70d7dc004b944d006589d98a503fc4e16631728d97
qwen3_asr_1p7b,decoder,14,neg_shared,Conditioning,0.03410510399258533,88.04554246590303,1.3898884144470876,1.3898884144470876,1.0,1.0,sha256:e16032563b6c66c1d5bbde70d7dc004b944d006589d98a503fc4e16631728d97
qwen3_asr_1p7b,decoder,14,pos_unique,Raw,0.30708771025334186,72.11619026400864,1.177210513761416,1.177210513761416,1.0,1.0000000000000002,sha256:d9d7e53b3ec1843f710ae61c9c373821ffd729423fc265d3ac4226c37f60b60e
qwen3_asr_1p7b,decoder,14,pos_unique,Conditioning,-0.1633514218074595,99.40147858295988,1.5253533550728564,1.5253533550728564,1.0,1.0,sha256:d9d7e53b3ec1843f710ae61c9c373821ffd729423fc265d3ac4226c37f60b60e
qwen3_asr_1p7b,decoder,14,unique_minus_shared,Raw,0.2748620551782399,74.04620627650309,1.2042740111026755,1.2042740111026755,1.0,1.0000000000000002,sha256:975891eed5b3e13f4a1f1dbf644ee916c035f9510a2df061306dbca383fbcbb0
qwen3_asr_1p7b,decoder,14,unique_minus_shared,Conditioning,-0.09139094765150077,95.24363233766283,1.4774240757063655,1.4774240757063655,1.0,1.0,sha256:975891eed5b3e13f4a1f1dbf644ee916c035f9510a2df061306dbca383fbcbb0
qwen3_asr_1p7b,decoder,15,neg_shared,Raw,-0.24596191946468854,104.2386872956698,1.5785828582872832,1.5785828582872832,1.0,0.9999999999999999,sha256:992e61a87fcc11ea49129d0eeb9bfb99a615a6a10095b17fc598d7ff67e264e3
qwen3_asr_1p7b,decoder,15,neg_shared,Conditioning,0.10210249165661965,84.13974580053312,1.3400727660227383,1.3400727660227383,1.0,1.0,sha256:992e61a87fcc11ea49129d0eeb9bfb99a615a6a10095b17fc598d7ff67e264e3
qwen3_asr_1p7b,decoder,15,pos_unique,Raw,-0.2133942698065523,102.32133967769224,1.5578153093870328,1.5578153093870328,1.0,0.9999999999999999,sha256:ce7c16068f9b638b6f419cfa458411d7532e52ad329f21dfd396c718911a5f75
qwen3_asr_1p7b,decoder,15,pos_unique,Conditioning,-0.10941329809504591,96.28149589058816,1.4895726215051095,1.4895726215051095,1.0,1.0,sha256:ce7c16068f9b638b6f419cfa458411d7532e52ad329f21dfd396c718911a5f75
qwen3_asr_1p7b,decoder,15,unique_minus_shared,Raw,-0.3248138707918686,108.95429879188666,1.62776770769595,1.62776770769595,1.0,0.9999999999999999,sha256:8c64a54771809b98b944135584057a0ae1da2d0e9d7046f36ee7fc8e6eecdeae
qwen3_asr_1p7b,decoder,15,unique_minus_shared,Conditioning,-0.00516952103819435,90.2961930568439,1.4178642426940526,1.4178642426940526,1.0,1.0,sha256:8c64a54771809b98b944135584057a0ae1da2d0e9d7046f36ee7fc8e6eecdeae
qwen3_asr_1p7b,decoder,16,neg_shared,Raw,0.07753340619818007,85.55320017134909,1.3582831777191462,1.3582831777191462,1.0,1.0,sha256:d6f53e3fb4ed47873883bcc6e15e5b0a34f84c91d43e5aa940a3eb342e233125
qwen3_asr_1p7b,decoder,16,neg_shared,Conditioning,-0.0023032673453092234,90.13196761465896,1.4158412827579934,1.4158412827579934,1.0,1.0,sha256:d6f53e3fb4ed47873883bcc6e15e5b0a34f84c91d43e5aa940a3eb342e233125
qwen3_asr_1p7b,decoder,16,pos_unique,Raw,0.11545707680822301,83.3700107673716,1.330069880561406,1.330069880561406,1.0,1.0,sha256:80d129fa84955eeb19e850df4125b0dce32ca9de541b494294edef2e24112dc6
qwen3_asr_1p7b,decoder,16,pos_unique,Conditioning,0.036154092254920736,87.9280715584265,1.3884134313248477,1.3884134313248477,1.0,1.0,sha256:80d129fa84955eeb19e850df4125b0dce32ca9de541b494294edef2e24112dc6
qwen3_asr_1p7b,decoder,16,unique_minus_shared,Raw,0.1364648763135859,82.15666487847932,1.3141804478432901,1.3141804478432901,1.0,1.0,sha256:f41df4e99fbe044e27a43971ca636387d0ac6c6267714edbf3f1b6e3eb941013
qwen3_asr_1p7b,decoder,16,unique_minus_shared,Conditioning,0.023936146831203705,88.62842881636709,1.3971856385099135,1.3971856385099135,1.0,1.0,sha256:f41df4e99fbe044e27a43971ca636387d0ac6c6267714edbf3f1b6e3eb941013
qwen3_asr_1p7b,decoder,17,neg_shared,Raw,-0.034968319275540116,92.00394565129903,1.4387274372659988,1.4387274372659988,0.9999999403953552,1.0000000000000002,sha256:0e5cf398e945b72f8bc2bb70f5d4573866d27ff637ebb22f51fd922c8d6e01dd
qwen3_asr_1p7b,decoder,17,neg_shared,Conditioning,-0.06483406118689862,93.71732545173063,1.4593382469477159,1.4593382469477159,0.9999999403953552,1.0000000000000002,sha256:0e5cf398e945b72f8bc2bb70f5d4573866d27ff637ebb22f51fd922c8d6e01dd
qwen3_asr_1p7b,decoder,17,pos_unique,Raw,0.17208422148038757,80.09097774017438,1.2867911782055534,1.2867911782055534,0.9999999403953552,1.0000000000000002,sha256:a6c2f262ac1e417cb18d7bab9aae0d01bee1dd65330bb43e9f760ed3aebcf746
qwen3_asr_1p7b,decoder,17,pos_unique,Conditioning,0.05440548635990946,86.88125539864406,1.3752050728964733,1.3752050728964733,0.9999999403953552,1.0000000000000002,sha256:a6c2f262ac1e417cb18d7bab9aae0d01bee1dd65330bb43e9f760ed3aebcf746
qwen3_asr_1p7b,decoder,17,unique_minus_shared,Raw,0.0969555849502601,84.43611373916615,1.343908045690112,1.343908045690112,1.0,1.0000000000000002,sha256:04abea8ea690f69af23db5793df86b1615d850f93c1133071986c499df43fed1
qwen3_asr_1p7b,decoder,17,unique_minus_shared,Conditioning,-0.007374115683920932,90.42250953556338,1.4194182739907846,1.4194182739907846,1.0,1.0000000000000002,sha256:04abea8ea690f69af23db5793df86b1615d850f93c1133071986c499df43fed1
qwen3_asr_1p7b,decoder,18,neg_shared,Raw,-0.10739047145441438,96.16490941440293,1.48821400998463,1.48821400998463,1.0,1.0,sha256:e94585dd21ee39fa68eee068e596929967dd7cbb2f757ff84a22da6b019b8f2b
qwen3_asr_1p7b,decoder,18,neg_shared,Conditioning,-0.10453197229843059,96.00020216014542,1.4862920107443776,1.4862920107443776,1.0,1.0,sha256:e94585dd21ee39fa68eee068e596929967dd7cbb2f757ff84a22da6b019b8f2b
qwen3_asr_1p7b,decoder,18,pos_unique,Raw,0.051686608363855704,87.03725531874383,1.377180741512381,1.377180741512381,1.0,1.0,sha256:a33d6bfb048aada86a180430fe406c4aba13e5972f6255766767c31979b87690
qwen3_asr_1p7b,decoder,18,pos_unique,Conditioning,-0.13167530142784845,97.56641231300883,1.5044436228639475,1.5044436228639475,1.0,1.0,sha256:a33d6bfb048aada86a180430fe406c4aba13e5972f6255766767c31979b87690
qwen3_asr_1p7b,decoder,18,unique_minus_shared,Raw,-0.039388578564408354,92.2573832762395,1.4417965068023562,1.4417965068023562,1.0,1.0,sha256:efce3786183ea64585c400e8b9d32f6ca006e7aaa66660d097475ed0522a7f23
qwen3_asr_1p7b,decoder,18,unique_minus_shared,Conditioning,-0.16702376223481744,99.61481915965993,1.527758990930276,1.527758990930276,1.0,1.0,sha256:efce3786183ea64585c400e8b9d32f6ca006e7aaa66660d097475ed0522a7f23
qwen3_asr_1p7b,decoder,19,neg_shared,Raw,0.06905312196335617,86.04039650235005,1.3645122806886263,1.3645122806886263,1.0,1.0,sha256:d518f85d68810aff92c2245eb3be05671312aad35b4e89e7cf05a1735ea67c68
qwen3_asr_1p7b,decoder,19,neg_shared,Conditioning,0.08710209502818493,85.00308552200956,1.3512201219714053,1.3512201219714053,1.0,1.0,sha256:d518f85d68810aff92c2245eb3be05671312aad35b4e89e7cf05a1735ea67c68
qwen3_asr_1p7b,decoder,19,pos_unique,Raw,0.09359970760912605,84.62927016025945,1.3464028310787226,1.3464028310787226,1.0,1.0,sha256:a9ced70f7f3fd68f114bc631bfdea5aaa3c5e22c899afa2b813701a7e133877a
qwen3_asr_1p7b,decoder,19,pos_unique,Conditioning,0.10275408130155464,84.1022150662395,1.3395864422096628,1.3395864422096628,1.0,1.0,sha256:a9ced70f7f3fd68f114bc631bfdea5aaa3c5e22c899afa2b813701a7e133877a
qwen3_asr_1p7b,decoder,19,unique_minus_shared,Raw,0.11501292082103065,83.39562969780549,1.33040376180941,1.33040376180941,1.0,1.0,sha256:0c69ecb920da90812fec2b25abdc4ab70d77e665d1f14dbe395f8e718147c6a0
qwen3_asr_1p7b,decoder,19,unique_minus_shared,Conditioning,0.1342485920948495,82.2848281339106,1.3158658088456405,1.3158658088456405,1.0,1.0,sha256:0c69ecb920da90812fec2b25abdc4ab70d77e665d1f14dbe395f8e718147c6a0
qwen3_asr_1p7b,decoder,20,neg_shared,Raw,0.006761644015605743,89.61258338319402,1.4094242575757379,1.4094242575757379,1.0,1.0,sha256:c85639472eee8975858fd7052dadef323d46e59f13ff869ff54ff6562849bd02
qwen3_asr_1p7b,decoder,20,neg_shared,Conditioning,0.06067786419303815,86.52127757892342,1.3706364570841,1.3706364570841,1.0,1.0,sha256:c85639472eee8975858fd7052dadef323d46e59f13ff869ff54ff6562849bd02
qwen3_asr_1p7b,decoder,20,pos_unique,Raw,0.238082309037555,76.22661571546068,1.2344372736612073,1.2344372736612073,1.0,1.0,sha256:0fe96715cb87afc69635e7872315702bf2886b8c2da4ab973e93abd024f8733f
qwen3_asr_1p7b,decoder,20,pos_unique,Conditioning,0.17611767347309917,79.8562936474034,1.2836528556167457,1.2836528556167457,1.0,1.0,sha256:0fe96715cb87afc69635e7872315702bf2886b8c2da4ab973e93abd024f8733f
qwen3_asr_1p7b,decoder,20,unique_minus_shared,Raw,0.17313082087643616,80.03009824921986,1.2859775876482544,1.2859775876482544,1.0,1.0,sha256:8e82e0e1477d861181ca2b92b59ef530c0231da7b1b42a22ff01c520c76f6c09
qwen3_asr_1p7b,decoder,20,unique_minus_shared,Conditioning,0.16743972999411463,80.36100722090524,1.2903954966204225,1.2903954966204225,1.0,1.0,sha256:8e82e0e1477d861181ca2b92b59ef530c0231da7b1b42a22ff01c520c76f6c09
qwen3_asr_1p7b,decoder,21,neg_shared,Raw,-0.0323093687541297,91.85151269457424,1.4368781321914392,1.4368781321914392,1.0,1.0,sha256:2bc6ef508eea0c60fd7a569178e6fd71eb39aa9766681050a71574659d2d2477
qwen3_asr_1p7b,decoder,21,neg_shared,Conditioning,0.07447180036608339,85.72912617917572,1.3605353462992178,1.3605353462992178,1.0,1.0,sha256:2bc6ef508eea0c60fd7a569178e6fd71eb39aa9766681050a71574659d2d2477
qwen3_asr_1p7b,decoder,21,pos_unique,Raw,0.1551463830350766,81.07471391526592,1.2998873935718525,1.2998873935718525,1.0,1.0,sha256:9e75f358ad3aa2aa640c5fab293a40e5612131f61c31a62126c613a512d6ef28
qwen3_asr_1p7b,decoder,21,pos_unique,Conditioning,0.20164865444768618,78.36661556427731,1.263607016893229,1.263607016893229,1.0,1.0,sha256:9e75f358ad3aa2aa640c5fab293a40e5612131f61c31a62126c613a512d6ef28
qwen3_asr_1p7b,decoder,21,unique_minus_shared,Raw,0.0868588857091304,85.0170734034236,1.3514000965091968,1.3514000965091968,1.0,1.0,sha256:593908bcc38ca9578bdd352d14b310d0ce96da83d16d2275269e6062b82e1ef4
qwen3_asr_1p7b,decoder,21,unique_minus_shared,Conditioning,0.19524664465811653,78.74086775685902,1.2686633528825109,1.2686633528825109,1.0,1.0,sha256:593908bcc38ca9578bdd352d14b310d0ce96da83d16d2275269e6062b82e1ef4
qwen3_asr_1p7b,decoder,22,neg_shared,Raw,0.004750929945118041,89.7277907413548,1.4108501524560313,1.4108501524560313,0.9999999403953552,1.0000000000000002,sha256:02b33c6976a34364ae5bddce34cc3b4e293a631dda87b80fa9a1cb036f29e9ff
qwen3_asr_1p7b,decoder,22,neg_shared,Conditioning,0.045113543762880244,87.41430675634491,1.3819453425737505,1.3819453425737505,0.9999999403953552,1.0000000000000002,sha256:02b33c6976a34364ae5bddce34cc3b4e293a631dda87b80fa9a1cb036f29e9ff
qwen3_asr_1p7b,decoder,22,pos_unique,Raw,0.12758764873177228,82.66978609382564,1.3209181305204072,1.3209181305204072,1.0,1.0000000000000002,sha256:60fb4039d11a894542a4f6b40603ca4fa2845fc1b343d13b35f72772fa4dcc37
qwen3_asr_1p7b,decoder,22,pos_unique,Conditioning,0.2601086195606007,74.92349265924697,1.2164632201097862,1.2164632201097862,1.0,1.0000000000000002,sha256:60fb4039d11a894542a4f6b40603ca4fa2845fc1b343d13b35f72772fa4dcc37
qwen3_asr_1p7b,decoder,22,unique_minus_shared,Raw,0.09357750990728805,84.6305476016383,1.346419315745569,1.346419315745569,0.9999999403953552,1.0000000000000002,sha256:9f0ef91a79a7d71f1795e0fb373f7c83e6a2ad7c6be3b90a830cdb2a51c4db74
qwen3_asr_1p7b,decoder,22,unique_minus_shared,Conditioning,0.21582467195724958,77.53608651737432,1.2523380790688434,1.2523380790688434,0.9999999403953552,1.0000000000000002,sha256:9f0ef91a79a7d71f1795e0fb373f7c83e6a2ad7c6be3b90a830cdb2a51c4db74
qwen3_asr_1p7b,decoder,23,neg_shared,Raw,0.05521638515521455,86.83472437104162,1.3746153079171584,1.3746153079171584,1.0,1.0,sha256:6ca86b555cc0d3014775a2d589f2e6dcc5f3e219fa8df2bc3aeec62fe5208948
qwen3_asr_1p7b,decoder,23,neg_shared,Conditioning,-0.01158213390932171,90.66362222834877,1.4223797955852917,1.4223797955852917,1.0,1.0,sha256:6ca86b555cc0d3014775a2d589f2e6dcc5f3e219fa8df2bc3aeec62fe5208948
qwen3_asr_1p7b,decoder,23,pos_unique,Raw,0.13628859170117802,82.16686049998148,1.3143145786999355,1.3143145786999355,1.0,1.0,sha256:5e0fd673ef2e2c2c8f33239ddc5a28cf124d38bcb9016743e804d7a53a7c8a76
qwen3_asr_1p7b,decoder,23,pos_unique,Conditioning,0.27634076735272745,73.95806891586307,1.2030454939361561,1.2030454939361561,1.0,1.0,sha256:5e0fd673ef2e2c2c8f33239ddc5a28cf124d38bcb9016743e804d7a53a7c8a76
qwen3_asr_1p7b,decoder,23,unique_minus_shared,Raw,0.13541446632717624,82.21741285681733,1.314979495164189,1.314979495164189,1.0,1.0,sha256:65ca90e5ae923a5360d58ec72e78a3521a011364b403c437790a029d111dfbf6
qwen3_asr_1p7b,decoder,23,unique_minus_shared,Conditioning,0.1872126237954057,79.20983939479778,1.274980297010823,1.274980297010823,1.0,1.0,sha256:65ca90e5ae923a5360d58ec72e78a3521a011364b403c437790a029d111dfbf6
qwen3_asr_1p7b,decoder,24,neg_shared,Raw,-0.2012576505844066,101.61051265052384,1.5500049266003921,1.5500049266003921,0.9999999403953552,1.0,sha256:1ce972d21c818cf6a447a859309355bb794cfee4aa0146585ffa6a668fa32841
qwen3_asr_1p7b,decoder,24,neg_shared,Conditioning,-0.326614096420956,109.06339324422322,1.628873275984026,1.628873275984026,0.9999999403953552,1.0000000000000002,sha256:1ce972d21c818cf6a447a859309355bb794cfee4aa0146585ffa6a668fa32841
qwen3_asr_1p7b,decoder,24,pos_unique,Raw,-0.005525411022013843,90.31658434254587,1.4181152275292812,1.4181152275292812,0.9999999403953552,1.0,sha256:2ce8de6a4926ca043faca8a33898cab71c3bad0ade58f4161fa8ba8cbb0975b5
qwen3_asr_1p7b,decoder,24,pos_unique,Conditioning,0.043280987645474396,87.51940720409704,1.3832707641794593,1.3832707641794593,0.9999999403953552,1.0000000000000002,sha256:2ce8de6a4926ca043faca8a33898cab71c3bad0ade58f4161fa8ba8cbb0975b5
qwen3_asr_1p7b,decoder,24,unique_minus_shared,Raw,-0.1462176976957762,98.40779972338602,1.5140790601703362,1.5140790601703362,1.0,1.0,sha256:1422c684578bf64bec91d0e4f6e569416b2715c8551c0dd7ac0b2ee77561e0fc
qwen3_asr_1p7b,decoder,24,unique_minus_shared,Conditioning,-0.20034675044660327,101.55723678174749,1.5494171503981562,1.5494171503981562,1.0,1.0000000000000002,sha256:1422c684578bf64bec91d0e4f6e569416b2715c8551c0dd7ac0b2ee77561e0fc
qwen3_asr_1p7b,decoder,25,neg_shared,Raw,-0.18962929697869849,100.9311511908443,1.5424845454479494,1.5424845454479494,0.9999999403953552,1.0000000000000002,sha256:46c0cc85d4f4085494a748af8fe80258f625f86ef738ef6d2c2a13de8f466023
qwen3_asr_1p7b,decoder,25,neg_shared,Conditioning,-0.3213831394225894,108.74659193159599,1.6256587102240332,1.6256587102240332,0.9999999403953552,1.0000000000000002,sha256:46c0cc85d4f4085494a748af8fe80258f625f86ef738ef6d2c2a13de8f466023
qwen3_asr_1p7b,decoder,25,pos_unique,Raw,-0.03417433692774093,91.95842660277532,1.4381754701896126,1.4381754701896126,0.9999999403953552,1.0000000000000002,sha256:6e6ad2402cd6e13534046bac3aa8beb3417b834bef94e7806912e16f91d10fc0
qwen3_asr_1p7b,decoder,25,pos_unique,Conditioning,0.023133450592065168,88.67443266656443,1.3977600347867731,1.3977600347867731,0.9999999403953552,1.0000000000000002,sha256:6e6ad2402cd6e13534046bac3aa8beb3417b834bef94e7806912e16f91d10fc0
qwen3_asr_1p7b,decoder,25,unique_minus_shared,Raw,-0.15825305968785852,99.10551208361038,1.5220072659782273,1.5220072659782273,1.0,1.0000000000000002,sha256:6bd87ffb9373549562063add234fb7001615bb17c98091e1c772469dc46f3798
qwen3_asr_1p7b,decoder,25,unique_minus_shared,Conditioning,-0.21089436837045822,102.17476965572565,1.556209733633522,1.556209733633522,1.0,1.0000000000000002,sha256:6bd87ffb9373549562063add234fb7001615bb17c98091e1c772469dc46f3798
qwen3_asr_1p7b,decoder,26,neg_shared,Raw,-0.19900928634409437,101.47903078035391,1.548553695559741,1.548553695559741,0.9999999403953552,1.0,sha256:2337928c0266b538849e71988390a0054136bde5b66eeae0e004caa4ab5bf194
qwen3_asr_1p7b,decoder,26,neg_shared,Conditioning,-0.3205553333114316,108.69651240646279,1.6251494169697098,1.6251494169697098,0.9999999403953552,1.0,sha256:2337928c0266b538849e71988390a0054136bde5b66eeae0e004caa4ab5bf194
qwen3_asr_1p7b,decoder,26,pos_unique,Raw,0.022749785538479207,88.69642084216277,1.3980344787730676,1.3980344787730676,1.0,1.0,sha256:baede0334691182e001af8536267c44c5786910fdf397089fb1d42b681a2f173
qwen3_asr_1p7b,decoder,26,pos_unique,Conditioning,0.0947377501555612,84.56377407368012,1.3455573100407574,1.3455573100407574,1.0,1.0,sha256:baede0334691182e001af8536267c44c5786910fdf397089fb1d42b681a2f173
qwen3_asr_1p7b,decoder,26,unique_minus_shared,Raw,-0.12463428179464406,97.15963651399099,1.4997561690547947,1.4997561690547947,1.0,1.0,sha256:ba64ac9089f3002f47fa7a106650d57885e2f0ea3ba9d6eff99fadd699a5fcdf
qwen3_asr_1p7b,decoder,26,unique_minus_shared,Conditioning,-0.15967713082100327,99.18815624320429,1.5229426334142178,1.5229426334142178,1.0,1.0,sha256:ba64ac9089f3002f47fa7a106650d57885e2f0ea3ba9d6eff99fadd699a5fcdf
qwen3_asr_1p7b,decoder,27,neg_shared,Raw,-0.19888470338772052,101.47174710388904,1.5484732507248435,1.5484732507248435,1.0,1.0,sha256:1910557b168b123471ade92c5c07e02d991d78c0efa5319fbe2b77803f776101
qwen3_asr_1p7b,decoder,27,neg_shared,Conditioning,-0.26149975435235645,105.15907088353788,1.588395262565221,1.588395262565221,1.0,1.0,sha256:1910557b168b123471ade92c5c07e02d991d78c0efa5319fbe2b77803f776101
qwen3_asr_1p7b,decoder,27,pos_unique,Raw,0.18595425362396725,79.28322745929577,1.2759668891042253,1.2759668891042253,0.9999999403953552,1.0,sha256:284938da98fa688f9e987180ecd4cb5adad5395d278645a9f57298782d606e7a
qwen3_asr_1p7b,decoder,27,pos_unique,Conditioning,0.10451212514759758,84.00094126084163,1.3382734209922855,1.3382734209922855,0.9999999403953552,1.0,sha256:284938da98fa688f9e987180ecd4cb5adad5395d278645a9f57298782d606e7a
qwen3_asr_1p7b,decoder,27,unique_minus_shared,Raw,-0.009143214059220466,90.52387487613129,1.420664082797106,1.420664082797106,1.0,1.0,sha256:5998c732b92fb2e96a0b60aae72899c952685f2c1a9657706d86052258883042
qwen3_asr_1p7b,decoder,27,unique_minus_shared,Conditioning,-0.11100702105131759,96.37336916370619,1.4906421603235085,1.4906421603235085,1.0,1.0,sha256:5998c732b92fb2e96a0b60aae72899c952685f2c1a9657706d86052258883042
