model,direction,side,dataset,layer,normalized_depth,scope,rho,mer,pier,mer_gain,pier_gain,matrix_retention,embedded_retention,poi_corrections,poi_corruptions,poi_net_utility,total_intervention_energy,edited_positions_or_frames,mean_intervention_norm,mean_perturbation_norm,original_hidden_norm,relative_perturbation,edited_fraction,path
whisper,Conditioning,decoder,cs_dialogue,0,0.0,global,0.5,0.27677775797540544,0.4488536155202822,-0.014317115190399798,0.021164021164021163,0.9506610213427806,0.9708818635607321,83,35,48,15507.088350176811,13908,1.1149761540247922,,,,,results/basis_a4/whisper/conditioning/cs_dialogue/L00/conditioning_decoder_L0_global_rho0.5.json
whisper,Conditioning,decoder,cs_dialogue,0,0.0,oracle_local,0.5,0.2537872037070041,0.4660493827160494,0.008673439078001555,0.003968253968253954,0.9839281085284715,0.9758735440931781,38,29,9,2006.1132797598839,1804,1.1120361861196695,,,,,results/basis_a4/whisper/conditioning/cs_dialogue/L00/conditioning_decoder_L0_oracle_local_rho0.5.json
whisper,Conditioning,decoder,cs_dialogue,1,0.03225806451612903,global,0.5,0.2730945167231034,0.4810405643738977,-0.010633873938097782,-0.011022927689594342,0.9860019009764106,0.9550748752079867,29,54,-25,24273.829433321953,13773,1.7624213630524905,,,,,results/basis_a4/whisper/conditioning/cs_dialogue/L01/conditioning_decoder_L1_global_rho0.5.json
whisper,Conditioning,decoder,cs_dialogue,1,0.03225806451612903,oracle_local,0.5,0.26976771817263706,0.4876543209876543,-0.007307075387631423,-0.01763668430335097,0.9936922146375183,0.9450915141430949,26,66,-40,3204.929928779602,1822,1.7590175240283217,,,,,results/basis_a4/whisper/conditioning/cs_dialogue/L01/conditioning_decoder_L1_oracle_local_rho0.5.json
whisper,Conditioning,decoder,cs_dialogue,2,0.06451612903225806,global,0.5,0.252420840016634,0.4739858906525573,0.01003980276837163,-0.003968253968253954,0.986952389181716,0.9584026622296173,41,50,-9,27303.349781632423,13836,1.9733557228702243,,,,,results/basis_a4/whisper/conditioning/cs_dialogue/L02/conditioning_decoder_L2_global_rho0.5.json
whisper,Conditioning,decoder,cs_dialogue,2,0.06451612903225806,oracle_local,0.5,0.2650745559318006,0.48148148148148145,-0.0026139131467949883,-0.011463844797178102,0.9912727901149226,0.9667221297836939,14,40,-26,3596.6828503608704,1826,1.9697058326182204,,,,,results/basis_a4/whisper/conditioning/cs_dialogue/L02/conditioning_decoder_L2_oracle_local_rho0.5.json
whisper,Conditioning,decoder,cs_dialogue,3,0.0967741935483871,global,0.5,0.24921285570011287,0.4792768959435626,0.01324778708489277,-0.009259259259259245,0.9880756934243498,0.9467554076539102,43,64,-21,30188.972261428833,13883,2.174528002696019,,,,,results/basis_a4/whisper/conditioning/cs_dialogue/L03/conditioning_decoder_L3_global_rho0.5.json
whisper,Conditioning,decoder,cs_dialogue,3,0.0967741935483871,oracle_local,0.5,0.26703499079189685,0.4898589065255732,-0.004574348006891216,-0.019841269841269826,0.9907543420029379,0.9500831946755408,15,60,-45,3992.9759707450867,1826,2.1867338284474735,,,,,results/basis_a4/whisper/conditioning/cs_dialogue/L03/conditioning_decoder_L3_oracle_local_rho0.5.json
whisper,Conditioning,decoder,cs_dialogue,4,0.12903225806451613,global,0.5,0.2612725004455534,0.49514991181657847,0.0011881423394522472,-0.025132275132275117,0.9883349174803422,0.910981697171381,50,107,-57,31759.378614664078,14017,2.2657757447859086,,,,,results/basis_a4/whisper/conditioning/cs_dialogue/L04/conditioning_decoder_L4_global_rho0.5.json
whisper,Conditioning,decoder,cs_dialogue,4,0.12903225806451613,oracle_local,0.5,0.2729757024891582,0.5008818342151675,-0.010515059704152563,-0.030864197530864168,0.9919640542642357,0.9226289517470881,23,93,-70,4174.449857473373,1833,2.27738671984363,,,,,results/basis_a4/whisper/conditioning/cs_dialogue/L04/conditioning_decoder_L4_oracle_local_rho0.5.json
whisper,Conditioning,decoder,cs_dialogue,5,0.16129032258064516,global,0.5,0.26430226341115665,0.5035273368606702,-0.0018416206261510082,-0.03350970017636684,0.986261125032403,0.8935108153078203,52,128,-76,32978.64095759392,13993,2.356795609061239,,,,,results/basis_a4/whisper/conditioning/cs_dialogue/L05/conditioning_decoder_L5_global_rho0.5.json
whisper,Conditioning,decoder,cs_dialogue,5,0.16129032258064516,oracle_local,0.5,0.27356977365888435,0.5008818342151675,-0.011109130873878714,-0.030864197530864168,0.994124254730839,0.9267886855241264,18,88,-70,4318.550022363663,1821,2.3715266459987165,,,,,results/basis_a4/whisper/conditioning/cs_dialogue/L05/conditioning_decoder_L5_oracle_local_rho0.5.json
whisper,Conditioning,decoder,cs_dialogue,6,0.1935483870967742,global,0.5,0.2767183508584328,0.5185185185185185,-0.014257708073427189,-0.04850088183421514,0.9851378207897693,0.8718801996672213,44,154,-110,34032.74277925491,13767,2.4720522103039815,,,,,results/basis_a4/whisper/conditioning/cs_dialogue/L06/conditioning_decoder_L6_global_rho0.5.json
whisper,Conditioning,decoder,cs_dialogue,6,0.1935483870967742,oracle_local,0.5,0.2758272441038436,0.5013227513227513,-0.01336660131883799,-0.03130511463844793,0.992136870301564,0.9193011647254575,26,97,-71,4521.993942975998,1818,2.4873454031771165,,,,,results/basis_a4/whisper/conditioning/cs_dialogue/L06/conditioning_decoder_L6_oracle_local_rho0.5.json
whisper,Conditioning,decoder,cs_dialogue,7,0.22580645161290322,global,0.5,0.2769559793263233,0.5401234567901234,-0.014495336541317683,-0.07010582010582006,0.9834096604164867,0.826955074875208,49,208,-159,37283.52828001976,13888,2.6845858496558006,,,,,results/basis_a4/whisper/conditioning/cs_dialogue/L07/conditioning_decoder_L7_global_rho0.5.json
whisper,Conditioning,decoder,cs_dialogue,7,0.22580645161290322,oracle_local,0.5,0.278381750133666,0.5132275132275133,-0.015921107348660368,-0.0432098765432099,0.9927417264322129,0.8985024958402662,24,122,-98,4951.63321352005,1829,2.707289892575205,,,,,results/basis_a4/whisper/conditioning/cs_dialogue/L07/conditioning_decoder_L7_oracle_local_rho0.5.json
whisper,Conditioning,decoder,cs_dialogue,8,0.25806451612903225,global,0.5,0.27392621636072,0.548941798941799,-0.011465573575714372,-0.0789241622574956,0.9859154929577465,0.8094841930116472,50,229,-179,39199.74875664711,13674,2.8667360506543154,,,,,results/basis_a4/whisper/conditioning/cs_dialogue/L08/conditioning_decoder_L8_global_rho0.5.json
whisper,Conditioning,decoder,cs_dialogue,8,0.25806451612903225,oracle_local,0.5,0.2785005643676112,0.5141093474426808,-0.016039921582605587,-0.04409171075837742,0.9910135660589303,0.8926788685524126,29,129,-100,5272.4346787929535,1826,2.8874231537748924,,,,,results/basis_a4/whisper/conditioning/cs_dialogue/L08/conditioning_decoder_L8_oracle_local_rho0.5.json
whisper,Conditioning,decoder,cs_dialogue,9,0.2903225806451613,global,0.5,0.27184696726667856,0.533068783068783,-0.009386324481672925,-0.06305114638447967,0.987557245312365,0.829450915141431,62,205,-143,40179.091352939606,13919,2.886636349805274,,,,,results/basis_a4/whisper/conditioning/cs_dialogue/L09/conditioning_decoder_L9_global_rho0.5.json
whisper,Conditioning,decoder,cs_dialogue,9,0.2903225806451613,oracle_local,0.5,0.27778767896393985,0.5119047619047619,-0.015327036178934217,-0.04188712522045851,0.9917048302082433,0.8943427620632279,32,127,-95,5273.360841751099,1822,2.8942704949237643,,,,,results/basis_a4/whisper/conditioning/cs_dialogue/L09/conditioning_decoder_L9_oracle_local_rho0.5.json
whisper,Conditioning,decoder,cs_dialogue,10,0.3225806451612903,global,0.5,0.283609576427256,0.5590828924162258,-0.021148933642250345,-0.08906525573192242,0.9801261557072496,0.7820299500831946,60,262,-202,40993.74536013603,13842,2.9615478514763787,,,,,results/basis_a4/whisper/conditioning/cs_dialogue/L10/conditioning_decoder_L10_global_rho0.5.json
whisper,Conditioning,decoder,cs_dialogue,10,0.3225806451612903,oracle_local,0.5,0.28046099922770745,0.5242504409171076,-0.018000356442701815,-0.054232804232804244,0.9899766698349607,0.8743760399334443,28,151,-123,5427.527184009552,1827,2.970731901483061,,,,,results/basis_a4/whisper/conditioning/cs_dialogue/L10/conditioning_decoder_L10_oracle_local_rho0.5.json
whisper,Conditioning,decoder,cs_dialogue,11,0.3548387096774194,global,0.5,0.27808471454880296,0.5476190476190477,-0.01562407176379732,-0.07760141093474432,0.9832368443791584,0.8053244592346089,58,234,-176,42070.849814891815,13878,3.0314778653186205,,,,,results/basis_a4/whisper/conditioning/cs_dialogue/L11/conditioning_decoder_L11_global_rho0.5.json
whisper,Conditioning,decoder,cs_dialogue,11,0.3548387096774194,oracle_local,0.5,0.27594605833778885,0.5074955908289241,-0.013485415552783209,-0.037477954144620795,0.9853106368270975,0.9051580698835274,29,114,-85,5512.260809659958,1814,3.038732530132281,,,,,results/basis_a4/whisper/conditioning/cs_dialogue/L11/conditioning_decoder_L11_oracle_local_rho0.5.json
whisper,Conditioning,decoder,cs_dialogue,12,0.3870967741935484,global,0.5,0.28075803481257056,0.5736331569664903,-0.018297392027564918,-0.10361552028218696,0.9844465566404562,0.757071547420965,57,292,-235,43987.333359241486,13946,3.1541182675492245,,,,,results/basis_a4/whisper/conditioning/cs_dialogue/L12/conditioning_decoder_L12_global_rho0.5.json
whisper,Conditioning,decoder,cs_dialogue,12,0.3870967741935484,oracle_local,0.5,0.2841442404800095,0.5110229276895943,-0.021683597695003887,-0.04100529100529099,0.9812494599498833,0.8943427620632279,34,127,-93,5725.785229682922,1810,3.1634172539684653,,,,,results/basis_a4/whisper/conditioning/cs_dialogue/L12/conditioning_decoder_L12_oracle_local_rho0.5.json
whisper,Conditioning,decoder,cs_dialogue,13,0.41935483870967744,global,0.5,0.27416384482861045,0.5224867724867724,-0.01170320204360481,-0.05246913580246909,0.9799533396699214,0.848585690515807,63,182,-119,46281.38677787781,14110,3.280041585958739,,,,,results/basis_a4/whisper/conditioning/cs_dialogue/L13/conditioning_decoder_L13_global_rho0.5.json
whisper,Conditioning,decoder,cs_dialogue,13,0.41935483870967744,oracle_local,0.5,0.280995663280461,0.49867724867724866,-0.018535020495455357,-0.02865961199294531,0.991445606152251,0.9209650582362728,30,95,-65,5996.080874443054,1817,3.299989474101846,,,,,results/basis_a4/whisper/conditioning/cs_dialogue/L13/conditioning_decoder_L13_oracle_local_rho0.5.json
whisper,Conditioning,decoder,cs_dialogue,14,0.45161290322580644,global,0.5,0.28568882552129743,0.5238095238095238,-0.02322818273629179,-0.05379188712522048,0.9736455543074397,0.8643926788685524,41,163,-122,46427.99881982803,13633,3.4055599515754444,,,,,results/basis_a4/whisper/conditioning/cs_dialogue/L14/conditioning_decoder_L14_global_rho0.5.json
whisper,Conditioning,decoder,cs_dialogue,14,0.45161290322580644,oracle_local,0.5,0.26156953603041644,0.4929453262786596,0.0008911067545891993,-0.02292768959435626,0.9768426509980126,0.9351081530782029,26,78,-52,6132.427589893341,1792,3.422113610431552,,,,,results/basis_a4/whisper/conditioning/cs_dialogue/L14/conditioning_decoder_L14_oracle_local_rho0.5.json
whisper,Conditioning,decoder,cs_dialogue,15,0.4838709677419355,global,0.5,0.2672132121428147,0.5154320987654321,-0.0047525693578090444,-0.045414462081128704,0.9747688585500734,0.8718801996672213,51,154,-103,45029.24715971947,13455,3.346655307299849,,,,,results/basis_a4/whisper/conditioning/cs_dialogue/L15/conditioning_decoder_L15_global_rho0.5.json
whisper,Conditioning,decoder,cs_dialogue,15,0.4838709677419355,oracle_local,0.5,0.2658468484524446,0.49074074074074076,-0.0033862056674389684,-0.020723104056437402,0.9834960684351508,0.9392678868552413,26,73,-47,6031.7883813381195,1798,3.354721012980044,,,,,results/basis_a4/whisper/conditioning/cs_dialogue/L15/conditioning_decoder_L15_oracle_local_rho0.5.json
whisper,Conditioning,decoder,cs_dialogue,16,0.5161290322580645,global,0.5,0.2683419473652944,0.5079365079365079,-0.005881304580288738,-0.037918871252204556,0.9728678821394625,0.8910149750415973,45,131,-86,46877.92778801918,13422,3.4926186699462956,,,,,results/basis_a4/whisper/conditioning/cs_dialogue/L16/conditioning_decoder_L16_global_rho0.5.json
whisper,Conditioning,decoder,cs_dialogue,16,0.5161290322580645,oracle_local,0.5,0.2694112754708014,0.4929453262786596,-0.006950632685795766,-0.02292768959435626,0.9872116132377085,0.9417637271214643,18,70,-52,6325.634336709976,1811,3.4928958236940786,,,,,results/basis_a4/whisper/conditioning/cs_dialogue/L16/conditioning_decoder_L16_oracle_local_rho0.5.json
whisper,Conditioning,decoder,cs_dialogue,17,0.5483870967741935,global,0.5,0.27006475375750016,0.48059964726631393,-0.007604110972494527,-0.010582010582010581,0.9696707854488896,0.937603993344426,51,75,-24,47366.63479423523,13359,3.545672190600736,,,,,results/basis_a4/whisper/conditioning/cs_dialogue/L17/conditioning_decoder_L17_global_rho0.5.json
whisper,Conditioning,decoder,cs_dialogue,17,0.5483870967741935,oracle_local,0.5,0.2555694172161825,0.4673721340388007,0.006891225568823156,0.002645502645502673,0.9901494858722889,0.9742096505823628,37,31,6,6476.10902428627,1821,3.5563476245394123,,,,,results/basis_a4/whisper/conditioning/cs_dialogue/L17/conditioning_decoder_L17_oracle_local_rho0.5.json
whisper,Conditioning,decoder,cs_dialogue,18,0.5806451612903226,global,0.5,0.2801639636428444,0.48853615520282184,-0.017703320857838767,-0.01851851851851849,0.96068435150782,0.9292845257903494,43,85,-42,46999.799510240555,13517,3.477088075034442,,,,,results/basis_a4/whisper/conditioning/cs_dialogue/L18/conditioning_decoder_L18_global_rho0.5.json
whisper,Conditioning,decoder,cs_dialogue,18,0.5806451612903226,oracle_local,0.5,0.26691617655795163,0.4783950617283951,-0.0044555337729459965,-0.008377425044091724,0.9931737665255336,0.9625623960066556,26,45,-19,6381.900635957718,1818,3.5103963894156864,,,,,results/basis_a4/whisper/conditioning/cs_dialogue/L18/conditioning_decoder_L18_oracle_local_rho0.5.json
whisper,Conditioning,decoder,cs_dialogue,19,0.6129032258064516,global,0.5,0.28871858848690074,0.5233686067019401,-0.026257945701895102,-0.05335097001763672,0.9538581180333535,0.8685524126455907,37,158,-121,48720.52474617958,13489,3.6118707647846082,,,,,results/basis_a4/whisper/conditioning/cs_dialogue/L19/conditioning_decoder_L19_global_rho0.5.json
whisper,Conditioning,decoder,cs_dialogue,19,0.6129032258064516,oracle_local,0.5,0.26370819224143055,0.48544973544973546,-0.0012475494564249123,-0.015432098765432112,0.9891125896483194,0.9517470881863561,23,58,-35,6585.061252593994,1814,3.6301329948147707,,,,,results/basis_a4/whisper/conditioning/cs_dialogue/L19/conditioning_decoder_L19_oracle_local_rho0.5.json
whisper,Conditioning,decoder,cs_dialogue,20,0.6451612903225806,global,0.5,0.272084595734569,0.5035273368606702,-0.009623952949563364,-0.03350970017636684,0.9526484057720557,0.9093178036605657,33,109,-76,49929.56438922882,13650,3.6578435449984483,,,,,results/basis_a4/whisper/conditioning/cs_dialogue/L20/conditioning_decoder_L20_global_rho0.5.json
whisper,Conditioning,decoder,cs_dialogue,20,0.6451612903225806,oracle_local,0.5,0.26780728331254083,0.4775132275132275,-0.005346640527535196,-0.007495590828924148,0.9904951179469454,0.9692179700499168,20,37,-17,6670.001620292664,1818,3.668867777938759,,,,,results/basis_a4/whisper/conditioning/cs_dialogue/L20/conditioning_decoder_L20_oracle_local_rho0.5.json
whisper,Conditioning,decoder,cs_dialogue,21,0.6774193548387096,global,0.5,0.2902631735281887,0.533068783068783,-0.027802530743183063,-0.06305114638447967,0.9400328350470923,0.8494176372712147,38,181,-143,53127.09830856323,13836,3.8397729335475015,,,,,results/basis_a4/whisper/conditioning/cs_dialogue/L21/conditioning_decoder_L21_global_rho0.5.json
whisper,Conditioning,decoder,cs_dialogue,21,0.6774193548387096,oracle_local,0.5,0.2610348719776629,0.47707231040564374,0.001425770807342741,-0.007054673721340388,0.9880756934243498,0.9692179700499168,21,37,-16,6989.079616308212,1817,3.846494010076066,,,,,results/basis_a4/whisper/conditioning/cs_dialogue/L21/conditioning_decoder_L21_oracle_local_rho0.5.json
whisper,Conditioning,decoder,cs_dialogue,22,0.7096774193548387,global,0.5,0.2972732133309571,0.5537918871252204,-0.03481257054595144,-0.08377425044091708,0.9397736109911,0.8061564059900166,43,233,-190,53447.02676010132,13695,3.9026671602848717,,,,,results/basis_a4/whisper/conditioning/cs_dialogue/L22/conditioning_decoder_L22_global_rho0.5.json
whisper,Conditioning,decoder,cs_dialogue,22,0.7096774193548387,oracle_local,0.5,0.27897582130339216,0.5052910052910053,-0.01651517851838652,-0.035273368606701994,0.9804717877819061,0.913477537437604,24,104,-80,7027.960011720657,1797,3.9109404628384294,,,,,results/basis_a4/whisper/conditioning/cs_dialogue/L22/conditioning_decoder_L22_oracle_local_rho0.5.json
whisper,Conditioning,decoder,cs_dialogue,23,0.7419354838709677,global,0.5,0.2948969286520525,0.5595238095238095,-0.03243628586704689,-0.08950617283950618,0.9405512831590772,0.8086522462562395,27,230,-203,53848.456291913986,13508,3.9864122217881244,,,,,results/basis_a4/whisper/conditioning/cs_dialogue/L23/conditioning_decoder_L23_global_rho0.5.json
whisper,Conditioning,decoder,cs_dialogue,23,0.7419354838709677,oracle_local,0.5,0.26982712528960967,0.5048500881834215,-0.007366482504604033,-0.03483245149911812,0.9877300613496932,0.9242928452579035,12,91,-79,7219.995547056198,1812,3.9845450038941492,,,,,results/basis_a4/whisper/conditioning/cs_dialogue/L23/conditioning_decoder_L23_oracle_local_rho0.5.json
whisper,Conditioning,decoder,cs_dialogue,24,0.7741935483870968,global,0.5,0.2907384304639696,0.5458553791887125,-0.02827778767896394,-0.07583774250440917,0.9518707336040785,0.8244592346089851,39,211,-172,56626.55299401283,13819,4.097731600985081,,,,,results/basis_a4/whisper/conditioning/cs_dialogue/L24/conditioning_decoder_L24_global_rho0.5.json
whisper,Conditioning,decoder,cs_dialogue,24,0.7741935483870968,oracle_local,0.5,0.26109427909463556,0.49603174603174605,0.001366363690370076,-0.026014109347442693,0.9891989976669835,0.9284525790349417,27,86,-59,7491.066858768463,1814,4.129584817402681,,,,,results/basis_a4/whisper/conditioning/cs_dialogue/L24/conditioning_decoder_L24_oracle_local_rho0.5.json
whisper,Conditioning,decoder,cs_dialogue,25,0.8064516129032258,global,0.5,0.28153032733321454,0.5515873015873016,-0.0190696845482089,-0.08156966490299827,0.9370949624125119,0.8178036605657238,34,219,-185,59958.38101863861,13538,4.428895037571178,,,,,results/basis_a4/whisper/conditioning/cs_dialogue/L25/conditioning_decoder_L25_global_rho0.5.json
whisper,Conditioning,decoder,cs_dialogue,25,0.8064516129032258,oracle_local,0.5,0.2712528960969524,0.5026455026455027,-0.008792253311946774,-0.03262786596119932,0.9744232264754169,0.9176372712146422,25,99,-74,8007.560304641724,1801,4.446174516736104,,,,,results/basis_a4/whisper/conditioning/cs_dialogue/L25/conditioning_decoder_L25_oracle_local_rho0.5.json
whisper,Conditioning,decoder,cs_dialogue,26,0.8387096774193549,global,0.5,0.29145131586764095,0.5004409171075838,-0.02899067308263531,-0.030423280423280408,0.9152337336904864,0.8801996672212978,75,144,-69,63297.20824146271,13146,4.8149405325926296,,,,,results/basis_a4/whisper/conditioning/cs_dialogue/L26/conditioning_decoder_L26_global_rho0.5.json
whisper,Conditioning,decoder,cs_dialogue,26,0.8387096774193549,oracle_local,0.5,0.2601437652230737,0.4708994708994709,0.0023168775619319404,-0.0008818342151675207,0.980385379763242,0.961730449251248,44,46,-2,8617.138436794281,1789,4.816734732696635,,,,,results/basis_a4/whisper/conditioning/cs_dialogue/L26/conditioning_decoder_L26_oracle_local_rho0.5.json
whisper,Conditioning,decoder,cs_dialogue,27,0.8709677419354839,global,0.5,0.2805204063446801,0.4792768959435626,-0.01805976355967448,-0.009259259259259245,0.9461678043722458,0.9151414309484193,81,102,-21,74565.95166349411,13336,5.59132810914023,,,,,results/basis_a4/whisper/conditioning/cs_dialogue/L27/conditioning_decoder_L27_global_rho0.5.json
whisper,Conditioning,decoder,cs_dialogue,27,0.8709677419354839,oracle_local,0.5,0.2591338442345393,0.4678130511463845,0.003326798550466359,0.0022045855379188573,0.9891125896483194,0.961730449251248,51,46,5,10057.525389194489,1795,5.603078211250412,,,,,results/basis_a4/whisper/conditioning/cs_dialogue/L27/conditioning_decoder_L27_oracle_local_rho0.5.json
whisper,Conditioning,decoder,cs_dialogue,28,0.9032258064516129,global,0.5,0.3113527000534664,0.4149029982363316,-0.04889205726846074,0.055114638447971764,0.9072841959733863,0.9517470881863561,183,58,125,87602.12349319458,13437,6.5194703797867515,,,,,results/basis_a4/whisper/conditioning/cs_dialogue/L28/conditioning_decoder_L28_global_rho0.5.json
whisper,Conditioning,decoder,cs_dialogue,28,0.9032258064516129,oracle_local,0.5,0.25931206558545716,0.4523809523809524,0.0031485771995484746,0.01763668430335097,0.9846193726777845,0.9683860232945092,78,38,40,11812.995591163635,1810,6.526516901195379,,,,,results/basis_a4/whisper/conditioning/cs_dialogue/L28/conditioning_decoder_L28_oracle_local_rho0.5.json
whisper,Conditioning,decoder,cs_dialogue,29,0.9354838709677419,global,0.5,0.3813342838472049,0.3412698412698413,-0.11887364106219928,0.12874779541446207,0.8196664650479565,0.9334442595673876,372,80,292,101047.8894944191,14099,7.167025285085403,,,,,results/basis_a4/whisper/conditioning/cs_dialogue/L29/conditioning_decoder_L29_global_rho0.5.json
whisper,Conditioning,decoder,cs_dialogue,29,0.9354838709677419,oracle_local,0.5,0.2386383888789877,0.37257495590828926,0.023822253906017943,0.09744268077601409,0.9840145165471356,0.9866888519134775,237,16,221,13079.804208755493,1818,7.1946117759931205,,,,,results/basis_a4/whisper/conditioning/cs_dialogue/L29/conditioning_decoder_L29_oracle_local_rho0.5.json
whisper,Conditioning,decoder,cs_dialogue,30,0.967741935483871,global,0.5,0.6980930315451791,0.3412698412698413,-0.43563238876017346,0.12874779541446207,0.547135574181284,0.8527454242928453,469,177,292,120234.1875166893,15975,7.526396714659737,,,,,results/basis_a4/whisper/conditioning/cs_dialogue/L30/conditioning_decoder_L30_global_rho0.5.json
whisper,Conditioning,decoder,cs_dialogue,30,0.967741935483871,oracle_local,0.5,0.2542030535258124,0.3350970017636684,0.008257589259193232,0.13492063492063494,0.9630173680117515,0.9825291181364393,327,21,306,13853.618741989136,1812,7.645484956947647,,,,,results/basis_a4/whisper/conditioning/cs_dialogue/L30/conditioning_decoder_L30_oracle_local_rho0.5.json
whisper,Conditioning,decoder,cs_dialogue,31,1.0,global,0.5,1.1233885819521179,0.4144620811287478,-0.8609279391671123,0.05555555555555558,0.26829689795212996,0.7229617304492513,459,333,126,168708.63350772858,20822,8.10242212600752,,,,,results/basis_a4/whisper/conditioning/cs_dialogue/L31/conditioning_decoder_L31_global_rho0.5.json
whisper,Conditioning,decoder,cs_dialogue,31,1.0,oracle_local,0.5,0.28883740272084596,0.31084656084656087,-0.02637675993584032,0.15917107583774248,0.9248250237622051,0.9717138103161398,395,34,361,15147.168175697327,1804,8.39643468719364,,,,,results/basis_a4/whisper/conditioning/cs_dialogue/L31/conditioning_decoder_L31_oracle_local_rho0.5.json
whisper,Conditioning,decoder,seame_dev_man,0,0.0,global,0.5,0.37905759162303665,0.6363636363636364,-0.014659685863874339,0.0505050505050505,0.9523809523809523,0.967741935483871,6,1,5,1018.1245925426483,909,1.1200490567025834,,,,,results/basis_a4/whisper/conditioning/seame_dev_man/L00/conditioning_decoder_L0_global_rho0.5.json
whisper,Conditioning,decoder,seame_dev_man,0,0.0,oracle_local,0.5,0.6921465968586388,0.6767676767676768,-0.32774869109947646,0.010101010101010055,0.9554531490015361,0.9354838709677419,3,2,1,77.23610997200012,69,1.1193639126376829,,,,,results/basis_a4/whisper/conditioning/seame_dev_man/L00/conditioning_decoder_L0_oracle_local_rho0.5.json
whisper,Conditioning,decoder,seame_dev_man,1,0.03225806451612903,global,0.5,0.3507853403141361,0.6565656565656566,0.013612565445026203,0.030303030303030276,0.9938556067588326,1.0,3,0,3,1625.7139283418655,922,1.7632472107829344,,,,,results/basis_a4/whisper/conditioning/seame_dev_man/L01/conditioning_decoder_L1_global_rho0.5.json
whisper,Conditioning,decoder,seame_dev_man,1,0.03225806451612903,oracle_local,0.5,0.3612565445026178,0.6666666666666666,0.003141361256544517,0.02020202020202022,0.9984639016897081,0.967741935483871,3,1,2,119.56921553611755,68,1.758370816707611,,,,,results/basis_a4/whisper/conditioning/seame_dev_man/L01/conditioning_decoder_L1_oracle_local_rho0.5.json
whisper,Conditioning,decoder,seame_dev_man,2,0.06451612903225806,global,0.5,0.34450261780104713,0.6666666666666666,0.019895287958115182,0.02020202020202022,0.9984639016897081,0.967741935483871,3,1,2,1838.1998888254166,926,1.9850970721656767,,,,,results/basis_a4/whisper/conditioning/seame_dev_man/L02/conditioning_decoder_L2_global_rho0.5.json
whisper,Conditioning,decoder,seame_dev_man,2,0.06451612903225806,oracle_local,0.5,0.362303664921466,0.6565656565656566,0.002094240837696326,0.030303030303030276,0.9984639016897081,1.0,3,0,3,134.64868712425232,68,1.98012775182724,,,,,results/basis_a4/whisper/conditioning/seame_dev_man/L02/conditioning_decoder_L2_oracle_local_rho0.5.json
whisper,Conditioning,decoder,seame_dev_man,3,0.0967741935483871,global,0.5,0.3424083769633508,0.6666666666666666,0.021989528795811508,0.02020202020202022,0.9984639016897081,0.967741935483871,3,1,2,2015.1916794776917,925,2.1785855994353422,,,,,results/basis_a4/whisper/conditioning/seame_dev_man/L03/conditioning_decoder_L3_global_rho0.5.json
whisper,Conditioning,decoder,seame_dev_man,3,0.0967741935483871,oracle_local,0.5,0.3612565445026178,0.6565656565656566,0.003141361256544517,0.030303030303030276,0.9984639016897081,1.0,3,0,3,148.3280589580536,68,2.1812949846772587,,,,,results/basis_a4/whisper/conditioning/seame_dev_man/L03/conditioning_decoder_L3_oracle_local_rho0.5.json
whisper,Conditioning,decoder,seame_dev_man,4,0.12903225806451613,global,0.5,0.34450261780104713,0.6565656565656566,0.019895287958115182,0.030303030303030276,0.9953917050691244,0.967741935483871,4,1,3,2097.884455680847,927,2.2630900277031794,,,,,results/basis_a4/whisper/conditioning/seame_dev_man/L04/conditioning_decoder_L4_global_rho0.5.json
whisper,Conditioning,decoder,seame_dev_man,4,0.12903225806451613,oracle_local,0.5,0.36020942408376966,0.6565656565656566,0.004188481675392652,0.030303030303030276,0.9969278033794163,1.0,3,0,3,156.41267228126526,69,2.2668503229168877,,,,,results/basis_a4/whisper/conditioning/seame_dev_man/L04/conditioning_decoder_L4_oracle_local_rho0.5.json
whisper,Conditioning,decoder,seame_dev_man,5,0.16129032258064516,global,0.5,0.3424083769633508,0.6666666666666666,0.021989528795811508,0.02020202020202022,0.9953917050691244,0.967741935483871,3,1,2,2175.3505659103394,925,2.351730341524691,,,,,results/basis_a4/whisper/conditioning/seame_dev_man/L05/conditioning_decoder_L5_global_rho0.5.json
whisper,Conditioning,decoder,seame_dev_man,5,0.16129032258064516,oracle_local,0.5,0.35602094240837695,0.6565656565656566,0.00837696335078536,0.030303030303030276,0.9984639016897081,1.0,3,0,3,162.3787362575531,69,2.3533150182254072,,,,,results/basis_a4/whisper/conditioning/seame_dev_man/L05/conditioning_decoder_L5_oracle_local_rho0.5.json
whisper,Conditioning,decoder,seame_dev_man,6,0.1935483870967742,global,0.5,0.3549738219895288,0.6868686868686869,0.009424083769633496,0.0,0.9953917050691244,0.9032258064516129,3,3,0,2281.2468798160553,923,2.4715567495298543,,,,,results/basis_a4/whisper/conditioning/seame_dev_man/L06/conditioning_decoder_L6_global_rho0.5.json
whisper,Conditioning,decoder,seame_dev_man,6,0.1935483870967742,oracle_local,0.5,0.35916230366492147,0.6565656565656566,0.005235602094240843,0.030303030303030276,0.9984639016897081,1.0,3,0,3,171.38833904266357,69,2.4838889716328056,,,,,results/basis_a4/whisper/conditioning/seame_dev_man/L06/conditioning_decoder_L6_oracle_local_rho0.5.json
whisper,Conditioning,decoder,seame_dev_man,7,0.22580645161290322,global,0.5,0.3549738219895288,0.7272727272727273,0.009424083769633496,-0.04040404040404044,0.9907834101382489,0.8387096774193549,1,5,-4,2474.721910238266,924,2.678270465625829,,,,,results/basis_a4/whisper/conditioning/seame_dev_man/L07/conditioning_decoder_L7_global_rho0.5.json
whisper,Conditioning,decoder,seame_dev_man,7,0.22580645161290322,oracle_local,0.5,0.35602094240837695,0.6565656565656566,0.00837696335078536,0.030303030303030276,0.9984639016897081,1.0,3,0,3,185.3522834777832,69,2.686264977938887,,,,,results/basis_a4/whisper/conditioning/seame_dev_man/L07/conditioning_decoder_L7_oracle_local_rho0.5.json
whisper,Conditioning,decoder,seame_dev_man,8,0.25806451612903225,global,0.5,0.362303664921466,0.696969696969697,0.002094240837696326,-0.010101010101010166,0.9923195084485407,0.9032258064516129,2,3,-1,2640.9669573307037,922,2.8643893246536916,,,,,results/basis_a4/whisper/conditioning/seame_dev_man/L08/conditioning_decoder_L8_global_rho0.5.json
whisper,Conditioning,decoder,seame_dev_man,8,0.25806451612903225,oracle_local,0.5,0.3581151832460733,0.6565656565656566,0.006282722513089034,0.030303030303030276,0.9984639016897081,1.0,3,0,3,198.40220189094543,69,2.875394230303557,,,,,results/basis_a4/whisper/conditioning/seame_dev_man/L08/conditioning_decoder_L8_oracle_local_rho0.5.json
whisper,Conditioning,decoder,seame_dev_man,9,0.2903225806451613,global,0.5,0.3633507853403141,0.7070707070707071,0.0010471204188481908,-0.02020202020202022,0.989247311827957,0.9032258064516129,1,3,-2,2661.81480884552,921,2.89013551449025,,,,,results/basis_a4/whisper/conditioning/seame_dev_man/L09/conditioning_decoder_L9_global_rho0.5.json
whisper,Conditioning,decoder,seame_dev_man,9,0.2903225806451613,oracle_local,0.5,0.362303664921466,0.6565656565656566,0.002094240837696326,0.030303030303030276,0.9984639016897081,1.0,3,0,3,196.8630073070526,68,2.8950442251037147,,,,,results/basis_a4/whisper/conditioning/seame_dev_man/L09/conditioning_decoder_L9_oracle_local_rho0.5.json
whisper,Conditioning,decoder,seame_dev_man,10,0.3225806451612903,global,0.5,0.35916230366492147,0.7171717171717171,0.005235602094240843,-0.030303030303030276,0.9907834101382489,0.8709677419354839,1,4,-3,2736.7929422855377,923,2.965106112985415,,,,,results/basis_a4/whisper/conditioning/seame_dev_man/L10/conditioning_decoder_L10_global_rho0.5.json
whisper,Conditioning,decoder,seame_dev_man,10,0.3225806451612903,oracle_local,0.5,0.3633507853403141,0.6565656565656566,0.0010471204188481908,0.030303030303030276,0.9969278033794163,1.0,3,0,3,202.20330905914307,68,2.9735780743991627,,,,,results/basis_a4/whisper/conditioning/seame_dev_man/L10/conditioning_decoder_L10_oracle_local_rho0.5.json
whisper,Conditioning,decoder,seame_dev_man,11,0.3548387096774194,global,0.5,0.3612565445026178,0.7171717171717171,0.003141361256544517,-0.030303030303030276,0.9907834101382489,0.8709677419354839,1,4,-3,2800.934939622879,922,3.0378903900465066,,,,,results/basis_a4/whisper/conditioning/seame_dev_man/L11/conditioning_decoder_L11_global_rho0.5.json
whisper,Conditioning,decoder,seame_dev_man,11,0.3548387096774194,oracle_local,0.5,0.3612565445026178,0.6565656565656566,0.003141361256544517,0.030303030303030276,0.9969278033794163,1.0,3,0,3,209.76711225509644,69,3.040103076160818,,,,,results/basis_a4/whisper/conditioning/seame_dev_man/L11/conditioning_decoder_L11_oracle_local_rho0.5.json
whisper,Conditioning,decoder,seame_dev_man,12,0.3870967741935484,global,0.5,0.3612565445026178,0.7070707070707071,0.003141361256544517,-0.02020202020202022,0.9877112135176651,0.9032258064516129,1,3,-2,2912.0190913677216,922,3.158372116450891,,,,,results/basis_a4/whisper/conditioning/seame_dev_man/L12/conditioning_decoder_L12_global_rho0.5.json
whisper,Conditioning,decoder,seame_dev_man,12,0.3870967741935484,oracle_local,0.5,0.3581151832460733,0.6565656565656566,0.006282722513089034,0.030303030303030276,0.9984639016897081,1.0,3,0,3,218.25116229057312,69,3.163060323051784,,,,,results/basis_a4/whisper/conditioning/seame_dev_man/L12/conditioning_decoder_L12_oracle_local_rho0.5.json
whisper,Conditioning,decoder,seame_dev_man,13,0.41935483870967744,global,0.5,0.3539267015706806,0.6666666666666666,0.010471204188481686,0.02020202020202022,0.989247311827957,0.967741935483871,3,1,2,2998.968023300171,918,3.266849698584064,,,,,results/basis_a4/whisper/conditioning/seame_dev_man/L13/conditioning_decoder_L13_global_rho0.5.json
whisper,Conditioning,decoder,seame_dev_man,13,0.41935483870967744,oracle_local,0.5,0.36020942408376966,0.6565656565656566,0.004188481675392652,0.030303030303030276,0.9969278033794163,1.0,3,0,3,226.13381338119507,69,3.2773016432057256,,,,,results/basis_a4/whisper/conditioning/seame_dev_man/L13/conditioning_decoder_L13_oracle_local_rho0.5.json
whisper,Conditioning,decoder,seame_dev_man,14,0.45161290322580644,global,0.5,0.3539267015706806,0.696969696969697,0.010471204188481686,-0.010101010101010166,0.9923195084485407,0.9354838709677419,1,2,-1,3078.894634962082,911,3.379686756270123,,,,,results/basis_a4/whisper/conditioning/seame_dev_man/L14/conditioning_decoder_L14_global_rho0.5.json
whisper,Conditioning,decoder,seame_dev_man,14,0.45161290322580644,oracle_local,0.5,0.35706806282722514,0.6565656565656566,0.007329842931937169,0.030303030303030276,1.0,1.0,3,0,3,230.267427444458,68,3.386285697712618,,,,,results/basis_a4/whisper/conditioning/seame_dev_man/L14/conditioning_decoder_L14_oracle_local_rho0.5.json
whisper,Conditioning,decoder,seame_dev_man,15,0.4838709677419355,global,0.5,0.3507853403141361,0.6868686868686869,0.013612565445026203,0.0,0.9938556067588326,0.967741935483871,1,1,0,3070.415287733078,922,3.3301684248731864,,,,,results/basis_a4/whisper/conditioning/seame_dev_man/L15/conditioning_decoder_L15_global_rho0.5.json
whisper,Conditioning,decoder,seame_dev_man,15,0.4838709677419355,oracle_local,0.5,0.35602094240837695,0.6565656565656566,0.00837696335078536,0.030303030303030276,1.0,1.0,3,0,3,226.3745527267456,68,3.3290375400992,,,,,results/basis_a4/whisper/conditioning/seame_dev_man/L15/conditioning_decoder_L15_oracle_local_rho0.5.json
whisper,Conditioning,decoder,seame_dev_man,16,0.5161290322580645,global,0.5,0.35602094240837695,0.6767676767676768,0.00837696335078536,0.010101010101010055,0.9907834101382489,1.0,1,0,1,3225.0022490024567,924,3.490262174245083,,,,,results/basis_a4/whisper/conditioning/seame_dev_man/L16/conditioning_decoder_L16_global_rho0.5.json
whisper,Conditioning,decoder,seame_dev_man,16,0.5161290322580645,oracle_local,0.5,0.35706806282722514,0.6565656565656566,0.007329842931937169,0.030303030303030276,1.0,1.0,3,0,3,237.04951572418213,68,3.486022290061502,,,,,results/basis_a4/whisper/conditioning/seame_dev_man/L16/conditioning_decoder_L16_oracle_local_rho0.5.json
whisper,Conditioning,decoder,seame_dev_man,17,0.5483870967741935,global,0.5,0.36963350785340315,0.6767676767676768,-0.005235602094240843,0.010101010101010055,0.9846390168970814,1.0,1,0,1,3267.44283246994,923,3.540024737237205,,,,,results/basis_a4/whisper/conditioning/seame_dev_man/L17/conditioning_decoder_L17_global_rho0.5.json
whisper,Conditioning,decoder,seame_dev_man,17,0.5483870967741935,oracle_local,0.5,0.3581151832460733,0.6666666666666666,0.006282722513089034,0.02020202020202022,1.0,0.967741935483871,3,1,2,240.1824882030487,68,3.5320954147507164,,,,,results/basis_a4/whisper/conditioning/seame_dev_man/L17/conditioning_decoder_L17_oracle_local_rho0.5.json
whisper,Conditioning,decoder,seame_dev_man,18,0.5806451612903226,global,0.5,0.36020942408376966,0.7171717171717171,0.004188481675392652,-0.030303030303030276,0.9923195084485407,0.9032258064516129,0,3,-3,3197.673220396042,920,3.4757317613000454,,,,,results/basis_a4/whisper/conditioning/seame_dev_man/L18/conditioning_decoder_L18_global_rho0.5.json
whisper,Conditioning,decoder,seame_dev_man,18,0.5806451612903226,oracle_local,0.5,0.35706806282722514,0.696969696969697,0.007329842931937169,-0.010101010101010166,1.0,0.967741935483871,0,1,-1,239.49778079986572,69,3.4709823304328364,,,,,results/basis_a4/whisper/conditioning/seame_dev_man/L18/conditioning_decoder_L18_oracle_local_rho0.5.json
whisper,Conditioning,decoder,seame_dev_man,19,0.6129032258064516,global,0.5,0.3539267015706806,0.6868686868686869,0.010471204188481686,0.0,0.9923195084485407,0.8709677419354839,4,4,0,3375.857246160507,938,3.5989949319408394,,,,,results/basis_a4/whisper/conditioning/seame_dev_man/L19/conditioning_decoder_L19_global_rho0.5.json
whisper,Conditioning,decoder,seame_dev_man,19,0.6129032258064516,oracle_local,0.5,0.3612565445026178,0.6868686868686869,0.003141361256544517,0.0,1.0,1.0,0,0,0,244.9823338985443,68,3.602681380860946,,,,,results/basis_a4/whisper/conditioning/seame_dev_man/L19/conditioning_decoder_L19_oracle_local_rho0.5.json
whisper,Conditioning,decoder,seame_dev_man,20,0.6451612903225806,global,0.5,0.4513089005235602,0.6868686868686869,-0.0869109947643979,0.0,0.9416282642089093,0.8709677419354839,4,4,0,3988.2623434066772,1091,3.655602514579906,,,,,results/basis_a4/whisper/conditioning/seame_dev_man/L20/conditioning_decoder_L20_global_rho0.5.json
whisper,Conditioning,decoder,seame_dev_man,20,0.6451612903225806,oracle_local,0.5,0.3612565445026178,0.6868686868686869,0.003141361256544517,0.0,1.0,1.0,0,0,0,248.739830493927,68,3.6579386837342205,,,,,results/basis_a4/whisper/conditioning/seame_dev_man/L20/conditioning_decoder_L20_oracle_local_rho0.5.json
whisper,Conditioning,decoder,seame_dev_man,21,0.6774193548387096,global,0.5,0.40104712041884816,0.7373737373737373,-0.03664921465968585,-0.0505050505050505,0.9508448540706606,0.8387096774193549,0,5,-5,3566.3082835674286,931,3.830621142392512,,,,,results/basis_a4/whisper/conditioning/seame_dev_man/L21/conditioning_decoder_L21_global_rho0.5.json
whisper,Conditioning,decoder,seame_dev_man,21,0.6774193548387096,oracle_local,0.5,0.35916230366492147,0.6666666666666666,0.005235602094240843,0.02020202020202022,1.0,0.967741935483871,3,1,2,264.9176113605499,69,3.839385671892028,,,,,results/basis_a4/whisper/conditioning/seame_dev_man/L21/conditioning_decoder_L21_oracle_local_rho0.5.json
whisper,Conditioning,decoder,seame_dev_man,22,0.7096774193548387,global,0.5,0.47958115183246075,0.7575757575757576,-0.11518324607329844,-0.07070707070707072,0.9447004608294931,0.7419354838709677,1,8,-7,4235.1903030872345,1086,3.8998069089201053,,,,,results/basis_a4/whisper/conditioning/seame_dev_man/L22/conditioning_decoder_L22_global_rho0.5.json
whisper,Conditioning,decoder,seame_dev_man,22,0.7096774193548387,oracle_local,0.5,0.3643979057591623,0.696969696969697,0.0,-0.010101010101010166,0.9984639016897081,0.967741935483871,0,1,-1,269.84347128868103,69,3.9107749462127686,,,,,results/basis_a4/whisper/conditioning/seame_dev_man/L22/conditioning_decoder_L22_oracle_local_rho0.5.json
whisper,Conditioning,decoder,seame_dev_man,23,0.7419354838709677,global,0.5,0.4827225130890052,0.7676767676767676,-0.1183246073298429,-0.08080808080808077,0.9324116743471582,0.7419354838709677,0,8,-8,4283.43163228035,1075,3.984587564911953,,,,,results/basis_a4/whisper/conditioning/seame_dev_man/L23/conditioning_decoder_L23_global_rho0.5.json
whisper,Conditioning,decoder,seame_dev_man,23,0.7419354838709677,oracle_local,0.5,0.36020942408376966,0.6666666666666666,0.004188481675392652,0.02020202020202022,0.9984639016897081,0.967741935483871,3,1,2,280.19068241119385,70,4.0027240344456265,,,,,results/basis_a4/whisper/conditioning/seame_dev_man/L23/conditioning_decoder_L23_oracle_local_rho0.5.json
whisper,Conditioning,decoder,seame_dev_man,24,0.7741935483870968,global,0.5,0.4607329842931937,0.7777777777777778,-0.0963350785340314,-0.09090909090909094,0.9400921658986175,0.7096774193548387,0,9,-9,4346.336569070816,1062,4.0925956394263805,,,,,results/basis_a4/whisper/conditioning/seame_dev_man/L24/conditioning_decoder_L24_global_rho0.5.json
whisper,Conditioning,decoder,seame_dev_man,24,0.7741935483870968,oracle_local,0.5,0.3633507853403141,0.6767676767676768,0.0010471204188481908,0.010101010101010055,0.9969278033794163,0.9354838709677419,3,2,1,287.7507469654083,70,4.11072495664869,,,,,results/basis_a4/whisper/conditioning/seame_dev_man/L24/conditioning_decoder_L24_oracle_local_rho0.5.json
whisper,Conditioning,decoder,seame_dev_man,25,0.8064516129032258,global,0.5,0.38848167539267014,0.7676767676767676,-0.024083769633507834,-0.08080808080808077,0.956989247311828,0.7096774193548387,1,9,-8,4101.413214683533,924,4.438758890350144,,,,,results/basis_a4/whisper/conditioning/seame_dev_man/L25/conditioning_decoder_L25_global_rho0.5.json
whisper,Conditioning,decoder,seame_dev_man,25,0.8064516129032258,oracle_local,0.5,0.37277486910994767,0.7373737373737373,-0.00837696335078536,-0.0505050505050505,0.9953917050691244,0.8387096774193549,0,5,-5,302.06585931777954,68,4.442144989967346,,,,,results/basis_a4/whisper/conditioning/seame_dev_man/L25/conditioning_decoder_L25_oracle_local_rho0.5.json
whisper,Conditioning,decoder,seame_dev_man,26,0.8387096774193549,global,0.5,0.39895287958115183,0.7070707070707071,-0.03455497382198952,-0.02020202020202022,0.9278033794162827,0.8709677419354839,2,4,-2,4436.236395359039,921,4.81676047270254,,,,,results/basis_a4/whisper/conditioning/seame_dev_man/L26/conditioning_decoder_L26_global_rho0.5.json
whisper,Conditioning,decoder,seame_dev_man,26,0.8387096774193549,oracle_local,0.5,0.36649214659685864,0.7070707070707071,-0.002094240837696326,-0.02020202020202022,0.9984639016897081,0.9354838709677419,0,2,-2,327.87352085113525,68,4.821669424281401,,,,,results/basis_a4/whisper/conditioning/seame_dev_man/L26/conditioning_decoder_L26_oracle_local_rho0.5.json
whisper,Conditioning,decoder,seame_dev_man,27,0.8709677419354839,global,0.5,0.37591623036649213,0.696969696969697,-0.011518324607329822,-0.010101010101010166,0.9554531490015361,0.9032258064516129,2,3,-1,5110.179236412048,916,5.578798293026254,,,,,results/basis_a4/whisper/conditioning/seame_dev_man/L27/conditioning_decoder_L27_global_rho0.5.json
whisper,Conditioning,decoder,seame_dev_man,27,0.8709677419354839,oracle_local,0.5,0.36858638743455496,0.7171717171717171,-0.004188481675392652,-0.030303030303030276,0.9984639016897081,0.9032258064516129,0,3,-3,378.88928842544556,68,5.5719013003742,,,,,results/basis_a4/whisper/conditioning/seame_dev_man/L27/conditioning_decoder_L27_oracle_local_rho0.5.json
whisper,Conditioning,decoder,seame_dev_man,28,0.9032258064516129,global,0.5,0.41256544502617803,0.6161616161616161,-0.048167539267015724,0.07070707070707072,0.8894009216589862,0.967741935483871,8,1,7,6043.984688282013,930,6.498908266969907,,,,,results/basis_a4/whisper/conditioning/seame_dev_man/L28/conditioning_decoder_L28_global_rho0.5.json
whisper,Conditioning,decoder,seame_dev_man,28,0.9032258064516129,oracle_local,0.5,0.35706806282722514,0.6363636363636364,0.007329842931937169,0.0505050505050505,0.9938556067588326,0.967741935483871,6,1,5,442.2695074081421,68,6.503963344237384,,,,,results/basis_a4/whisper/conditioning/seame_dev_man/L28/conditioning_decoder_L28_oracle_local_rho0.5.json
whisper,Conditioning,decoder,seame_dev_man,29,0.9354838709677419,global,0.5,0.44293193717277485,0.5656565656565656,-0.07853403141361254,0.12121212121212122,0.837173579109063,0.9354838709677419,14,2,12,6708.933707237244,933,7.1907113689573885,,,,,results/basis_a4/whisper/conditioning/seame_dev_man/L29/conditioning_decoder_L29_global_rho0.5.json
whisper,Conditioning,decoder,seame_dev_man,29,0.9354838709677419,oracle_local,0.5,0.35287958115183243,0.6060606060606061,0.011518324607329877,0.08080808080808077,0.989247311827957,0.9354838709677419,10,2,8,489.9645538330078,68,7.2053610857795265,,,,,results/basis_a4/whisper/conditioning/seame_dev_man/L29/conditioning_decoder_L29_oracle_local_rho0.5.json
whisper,Conditioning,decoder,seame_dev_man,30,0.967741935483871,global,0.5,1.382198952879581,0.6363636363636364,-1.0178010471204186,0.0505050505050505,0.6712749615975423,0.7096774193548387,14,9,5,13876.158004283905,1872,7.412477566390975,,,,,results/basis_a4/whisper/conditioning/seame_dev_man/L30/conditioning_decoder_L30_global_rho0.5.json
whisper,Conditioning,decoder,seame_dev_man,30,0.967741935483871,oracle_local,0.5,0.3947643979057592,0.6262626262626263,-0.03036649214659687,0.06060606060606055,0.9831029185867896,0.967741935483871,7,1,6,531.5020184516907,69,7.702927803647691,,,,,results/basis_a4/whisper/conditioning/seame_dev_man/L30/conditioning_decoder_L30_oracle_local_rho0.5.json
whisper,Conditioning,decoder,seame_dev_man,31,1.0,global,0.5,2.6,0.696969696969697,-2.235602094240838,-0.010101010101010166,0.4362519201228879,0.5483870967741935,13,14,-1,25003.67332458496,3116,8.024285405835995,,,,,results/basis_a4/whisper/conditioning/seame_dev_man/L31/conditioning_decoder_L31_global_rho0.5.json
whisper,Conditioning,decoder,seame_dev_man,31,1.0,oracle_local,0.5,0.562303664921466,0.6565656565656566,-0.19790575916230368,0.030303030303030276,0.9231950844854071,0.9354838709677419,5,2,3,594.3605790138245,70,8.490865414483206,,,,,results/basis_a4/whisper/conditioning/seame_dev_man/L31/conditioning_decoder_L31_oracle_local_rho0.5.json
whisper,Conditioning,decoder,seame_dev_sge,0,0.0,global,0.5,0.3141542002301496,0.7954545454545454,-0.011507479861910253,0.03409090909090917,0.9566666666666667,0.9333333333333333,4,1,3,796.1972531080246,709,1.1229862526206271,,,,,results/basis_a4/whisper/conditioning/seame_dev_sge/L00/conditioning_decoder_L0_global_rho0.5.json
whisper,Conditioning,decoder,seame_dev_sge,0,0.0,oracle_local,0.5,0.30724971231300346,0.8295454545454546,-0.004602991944764101,0.0,0.9933333333333333,1.0,0,0,0,42.54496729373932,38,1.1196044024668241,,,,,results/basis_a4/whisper/conditioning/seame_dev_sge/L00/conditioning_decoder_L0_oracle_local_rho0.5.json
whisper,Conditioning,decoder,seame_dev_sge,1,0.03225806451612903,global,0.5,0.30609896432681244,0.8295454545454546,-0.0034522439585730758,0.0,0.985,0.9333333333333333,1,1,0,1266.09949696064,717,1.765829144993919,,,,,results/basis_a4/whisper/conditioning/seame_dev_sge/L01/conditioning_decoder_L1_global_rho0.5.json
whisper,Conditioning,decoder,seame_dev_sge,1,0.03225806451612903,oracle_local,0.5,0.3095512082853855,0.8409090909090909,-0.0069044879171461515,-0.011363636363636354,0.9933333333333333,0.9333333333333333,0,1,-1,67.00855875015259,38,1.7633831250040155,,,,,results/basis_a4/whisper/conditioning/seame_dev_sge/L01/conditioning_decoder_L1_oracle_local_rho0.5.json
whisper,Conditioning,decoder,seame_dev_sge,2,0.06451612903225806,global,0.5,0.31185270425776757,0.8409090909090909,-0.009205983889528202,-0.011363636363636354,0.99,0.9333333333333333,0,1,-1,1415.375218987465,711,1.990682445833284,,,,,results/basis_a4/whisper/conditioning/seame_dev_sge/L02/conditioning_decoder_L2_global_rho0.5.json
whisper,Conditioning,decoder,seame_dev_sge,2,0.06451612903225806,oracle_local,0.5,0.3084004602991945,0.8409090909090909,-0.005753739930955126,-0.011363636363636354,0.9933333333333333,0.9333333333333333,0,1,-1,75.76032161712646,38,1.993692674134907,,,,,results/basis_a4/whisper/conditioning/seame_dev_sge/L02/conditioning_decoder_L2_oracle_local_rho0.5.json
whisper,Conditioning,decoder,seame_dev_sge,3,0.0967741935483871,global,0.5,0.3130034522439586,0.8522727272727273,-0.010356731875719227,-0.022727272727272707,0.9883333333333333,0.8666666666666667,0,2,-2,1541.5700852870941,707,2.1804385930510524,,,,,results/basis_a4/whisper/conditioning/seame_dev_sge/L03/conditioning_decoder_L3_global_rho0.5.json
whisper,Conditioning,decoder,seame_dev_sge,3,0.0967741935483871,oracle_local,0.5,0.3049482163406214,0.8409090909090909,-0.0023014959723820505,-0.011363636363636354,0.9983333333333333,0.9333333333333333,0,1,-1,83.3107807636261,38,2.192388967463845,,,,,results/basis_a4/whisper/conditioning/seame_dev_sge/L03/conditioning_decoder_L3_oracle_local_rho0.5.json
whisper,Conditioning,decoder,seame_dev_sge,4,0.12903225806451613,global,0.5,0.31185270425776757,0.8409090909090909,-0.009205983889528202,-0.011363636363636354,0.9883333333333333,0.8666666666666667,1,2,-1,1596.9821672439575,705,2.2652229322609325,,,,,results/basis_a4/whisper/conditioning/seame_dev_sge/L04/conditioning_decoder_L4_global_rho0.5.json
whisper,Conditioning,decoder,seame_dev_sge,4,0.12903225806451613,oracle_local,0.5,0.3049482163406214,0.8409090909090909,-0.0023014959723820505,-0.011363636363636354,0.9983333333333333,0.9333333333333333,0,1,-1,86.59609842300415,38,2.2788446953422143,,,,,results/basis_a4/whisper/conditioning/seame_dev_sge/L04/conditioning_decoder_L4_oracle_local_rho0.5.json
whisper,Conditioning,decoder,seame_dev_sge,5,0.16129032258064516,global,0.5,0.3141542002301496,0.8522727272727273,-0.011507479861910253,-0.022727272727272707,0.9883333333333333,0.8666666666666667,0,2,-2,1670.241413116455,709,2.3557706814054375,,,,,results/basis_a4/whisper/conditioning/seame_dev_sge/L05/conditioning_decoder_L5_global_rho0.5.json
whisper,Conditioning,decoder,seame_dev_sge,5,0.16129032258064516,oracle_local,0.5,0.3037974683544304,0.8409090909090909,-0.0011507479861910253,-0.011363636363636354,1.0,0.9333333333333333,0,1,-1,90.1401355266571,38,2.3721088296488713,,,,,results/basis_a4/whisper/conditioning/seame_dev_sge/L05/conditioning_decoder_L5_oracle_local_rho0.5.json
whisper,Conditioning,decoder,seame_dev_sge,6,0.1935483870967742,global,0.5,0.3141542002301496,0.8409090909090909,-0.011507479861910253,-0.011363636363636354,0.985,0.8666666666666667,1,2,-1,1751.8112621307373,708,2.4743096922750527,,,,,results/basis_a4/whisper/conditioning/seame_dev_sge/L06/conditioning_decoder_L6_global_rho0.5.json
whisper,Conditioning,decoder,seame_dev_sge,6,0.1935483870967742,oracle_local,0.5,0.3084004602991945,0.8409090909090909,-0.005753739930955126,-0.011363636363636354,0.9933333333333333,0.9333333333333333,0,1,-1,94.81612610816956,38,2.495161213372883,,,,,results/basis_a4/whisper/conditioning/seame_dev_sge/L06/conditioning_decoder_L6_oracle_local_rho0.5.json
whisper,Conditioning,decoder,seame_dev_sge,7,0.22580645161290322,global,0.5,0.3130034522439586,0.8522727272727273,-0.010356731875719227,-0.022727272727272707,0.9883333333333333,0.8666666666666667,0,2,-2,1883.1534197330475,702,2.682554728964455,,,,,results/basis_a4/whisper/conditioning/seame_dev_sge/L07/conditioning_decoder_L7_global_rho0.5.json
whisper,Conditioning,decoder,seame_dev_sge,7,0.22580645161290322,oracle_local,0.5,0.3037974683544304,0.8409090909090909,-0.0011507479861910253,-0.011363636363636354,1.0,0.9333333333333333,0,1,-1,102.89558744430542,38,2.7077786169554057,,,,,results/basis_a4/whisper/conditioning/seame_dev_sge/L07/conditioning_decoder_L7_oracle_local_rho0.5.json
whisper,Conditioning,decoder,seame_dev_sge,8,0.25806451612903225,global,0.5,0.3141542002301496,0.8409090909090909,-0.011507479861910253,-0.011363636363636354,0.9833333333333333,0.8666666666666667,1,2,-1,2023.0452218055725,706,2.865503147033389,,,,,results/basis_a4/whisper/conditioning/seame_dev_sge/L08/conditioning_decoder_L8_global_rho0.5.json
whisper,Conditioning,decoder,seame_dev_sge,8,0.25806451612903225,oracle_local,0.5,0.3049482163406214,0.8409090909090909,-0.0023014959723820505,-0.011363636363636354,1.0,0.9333333333333333,0,1,-1,109.95546507835388,38,2.893564870482997,,,,,results/basis_a4/whisper/conditioning/seame_dev_sge/L08/conditioning_decoder_L8_oracle_local_rho0.5.json
whisper,Conditioning,decoder,seame_dev_sge,9,0.2903225806451613,global,0.5,0.3084004602991945,0.8295454545454546,-0.005753739930955126,0.0,0.99,0.8666666666666667,2,2,0,2046.023360967636,707,2.893951005611932,,,,,results/basis_a4/whisper/conditioning/seame_dev_sge/L09/conditioning_decoder_L9_global_rho0.5.json
whisper,Conditioning,decoder,seame_dev_sge,9,0.2903225806451613,oracle_local,0.5,0.3084004602991945,0.8409090909090909,-0.005753739930955126,-0.011363636363636354,0.995,0.9333333333333333,0,1,-1,110.72259879112244,38,2.91375259976638,,,,,results/basis_a4/whisper/conditioning/seame_dev_sge/L09/conditioning_decoder_L9_oracle_local_rho0.5.json
whisper,Conditioning,decoder,seame_dev_sge,10,0.3225806451612903,global,0.5,0.31530494821634064,0.8522727272727273,-0.012658227848101278,-0.022727272727272707,0.985,0.8666666666666667,0,2,-2,2090.2248361110687,705,2.9648579235618,,,,,results/basis_a4/whisper/conditioning/seame_dev_sge/L10/conditioning_decoder_L10_global_rho0.5.json
whisper,Conditioning,decoder,seame_dev_sge,10,0.3225806451612903,oracle_local,0.5,0.30609896432681244,0.8409090909090909,-0.0034522439585730758,-0.011363636363636354,0.9983333333333333,0.9333333333333333,0,1,-1,113.52190899848938,38,2.9874186578549837,,,,,results/basis_a4/whisper/conditioning/seame_dev_sge/L10/conditioning_decoder_L10_oracle_local_rho0.5.json
whisper,Conditioning,decoder,seame_dev_sge,11,0.3548387096774194,global,0.5,0.31645569620253167,0.8522727272727273,-0.013808975834292303,-0.022727272727272707,0.985,0.8666666666666667,0,2,-2,2149.1003918647766,707,3.0397459573759216,,,,,results/basis_a4/whisper/conditioning/seame_dev_sge/L11/conditioning_decoder_L11_global_rho0.5.json
whisper,Conditioning,decoder,seame_dev_sge,11,0.3548387096774194,oracle_local,0.5,0.30724971231300346,0.8409090909090909,-0.004602991944764101,-0.011363636363636354,0.9983333333333333,0.9333333333333333,0,1,-1,116.19384980201721,38,3.057732889526769,,,,,results/basis_a4/whisper/conditioning/seame_dev_sge/L11/conditioning_decoder_L11_oracle_local_rho0.5.json
whisper,Conditioning,decoder,seame_dev_sge,12,0.3870967741935484,global,0.5,0.3176064441887227,0.8409090909090909,-0.014959723820483328,-0.011363636363636354,0.98,0.8,2,3,-1,2233.4742488861084,707,3.1590866320878477,,,,,results/basis_a4/whisper/conditioning/seame_dev_sge/L12/conditioning_decoder_L12_global_rho0.5.json
whisper,Conditioning,decoder,seame_dev_sge,12,0.3870967741935484,oracle_local,0.5,0.30609896432681244,0.8409090909090909,-0.0034522439585730758,-0.011363636363636354,1.0,0.9333333333333333,0,1,-1,120.49604034423828,38,3.1709484301115336,,,,,results/basis_a4/whisper/conditioning/seame_dev_sge/L12/conditioning_decoder_L12_oracle_local_rho0.5.json
whisper,Conditioning,decoder,seame_dev_sge,13,0.41935483870967744,global,0.5,0.3141542002301496,0.8295454545454546,-0.011507479861910253,0.0,0.98,0.8,3,3,0,2331.0171790122986,712,3.2739005323206443,,,,,results/basis_a4/whisper/conditioning/seame_dev_sge/L13/conditioning_decoder_L13_global_rho0.5.json
whisper,Conditioning,decoder,seame_dev_sge,13,0.41935483870967744,oracle_local,0.5,0.30609896432681244,0.8409090909090909,-0.0034522439585730758,-0.011363636363636354,1.0,0.9333333333333333,0,1,-1,124.98496699333191,38,3.2890780787718925,,,,,results/basis_a4/whisper/conditioning/seame_dev_sge/L13/conditioning_decoder_L13_oracle_local_rho0.5.json
whisper,Conditioning,decoder,seame_dev_sge,14,0.45161290322580644,global,0.5,0.3049482163406214,0.8636363636363636,-0.0023014959723820505,-0.03409090909090906,0.9816666666666667,0.8,0,3,-3,2433.1703596115112,718,3.388816656840545,,,,,results/basis_a4/whisper/conditioning/seame_dev_sge/L14/conditioning_decoder_L14_global_rho0.5.json
whisper,Conditioning,decoder,seame_dev_sge,14,0.45161290322580644,oracle_local,0.5,0.3049482163406214,0.8409090909090909,-0.0023014959723820505,-0.011363636363636354,1.0,0.9333333333333333,0,1,-1,128.92835640907288,38,3.3928514844492863,,,,,results/basis_a4/whisper/conditioning/seame_dev_sge/L14/conditioning_decoder_L14_oracle_local_rho0.5.json
whisper,Conditioning,decoder,seame_dev_sge,15,0.4838709677419355,global,0.5,0.3084004602991945,0.8409090909090909,-0.005753739930955126,-0.011363636363636354,0.9783333333333334,0.8,2,3,-1,2399.580892562866,719,3.337386498696615,,,,,results/basis_a4/whisper/conditioning/seame_dev_sge/L15/conditioning_decoder_L15_global_rho0.5.json
whisper,Conditioning,decoder,seame_dev_sge,15,0.4838709677419355,oracle_local,0.5,0.3095512082853855,0.8409090909090909,-0.0069044879171461515,-0.011363636363636354,0.995,0.9333333333333333,0,1,-1,126.90419960021973,38,3.3395842000057825,,,,,results/basis_a4/whisper/conditioning/seame_dev_sge/L15/conditioning_decoder_L15_oracle_local_rho0.5.json
whisper,Conditioning,decoder,seame_dev_sge,16,0.5161290322580645,global,0.5,0.3176064441887227,0.8522727272727273,-0.014959723820483328,-0.022727272727272707,0.98,0.8,1,3,-2,2474.321272611618,708,3.4948040573610424,,,,,results/basis_a4/whisper/conditioning/seame_dev_sge/L16/conditioning_decoder_L16_global_rho0.5.json
whisper,Conditioning,decoder,seame_dev_sge,16,0.5161290322580645,oracle_local,0.5,0.31070195627157654,0.8409090909090909,-0.008055235903337177,-0.011363636363636354,0.995,0.9333333333333333,0,1,-1,132.82390761375427,38,3.495365989835639,,,,,results/basis_a4/whisper/conditioning/seame_dev_sge/L16/conditioning_decoder_L16_oracle_local_rho0.5.json
whisper,Conditioning,decoder,seame_dev_sge,17,0.5483870967741935,global,0.5,0.31070195627157654,0.8409090909090909,-0.008055235903337177,-0.011363636363636354,0.9766666666666667,0.8666666666666667,1,2,-1,2555.767740249634,720,3.5496774170133802,,,,,results/basis_a4/whisper/conditioning/seame_dev_sge/L17/conditioning_decoder_L17_global_rho0.5.json
whisper,Conditioning,decoder,seame_dev_sge,17,0.5483870967741935,oracle_local,0.5,0.30724971231300346,0.8295454545454546,-0.004602991944764101,0.0,0.995,1.0,0,0,0,134.95195937156677,38,3.551367351883336,,,,,results/basis_a4/whisper/conditioning/seame_dev_sge/L17/conditioning_decoder_L17_oracle_local_rho0.5.json
whisper,Conditioning,decoder,seame_dev_sge,18,0.5806451612903226,global,0.5,0.31185270425776757,0.8181818181818182,-0.009205983889528202,0.011363636363636354,0.9666666666666667,0.9333333333333333,2,1,1,2487.20050239563,714,3.483474092991078,,,,,results/basis_a4/whisper/conditioning/seame_dev_sge/L18/conditioning_decoder_L18_global_rho0.5.json
whisper,Conditioning,decoder,seame_dev_sge,18,0.5806451612903226,oracle_local,0.5,0.3084004602991945,0.8295454545454546,-0.005753739930955126,0.0,0.9933333333333333,1.0,0,0,0,132.30853486061096,38,3.4818035489634465,,,,,results/basis_a4/whisper/conditioning/seame_dev_sge/L18/conditioning_decoder_L18_oracle_local_rho0.5.json
whisper,Conditioning,decoder,seame_dev_sge,19,0.6129032258064516,global,0.5,0.3049482163406214,0.8181818181818182,-0.0023014959723820505,0.011363636363636354,0.9816666666666667,0.9333333333333333,2,1,1,2621.6319711208344,726,3.6110633211030776,,,,,results/basis_a4/whisper/conditioning/seame_dev_sge/L19/conditioning_decoder_L19_global_rho0.5.json
whisper,Conditioning,decoder,seame_dev_sge,19,0.6129032258064516,oracle_local,0.5,0.30724971231300346,0.8295454545454546,-0.004602991944764101,0.0,0.995,1.0,0,0,0,137.17749691009521,38,3.609934129213032,,,,,results/basis_a4/whisper/conditioning/seame_dev_sge/L19/conditioning_decoder_L19_oracle_local_rho0.5.json
whisper,Conditioning,decoder,seame_dev_sge,20,0.6451612903225806,global,0.5,0.3141542002301496,0.8522727272727273,-0.011507479861910253,-0.022727272727272707,0.98,0.8,1,3,-2,2650.8687901496887,723,3.6664851869290302,,,,,results/basis_a4/whisper/conditioning/seame_dev_sge/L20/conditioning_decoder_L20_global_rho0.5.json
whisper,Conditioning,decoder,seame_dev_sge,20,0.6451612903225806,oracle_local,0.5,0.30724971231300346,0.8295454545454546,-0.004602991944764101,0.0,0.995,1.0,0,0,0,139.37933826446533,38,3.6678773227490877,,,,,results/basis_a4/whisper/conditioning/seame_dev_sge/L20/conditioning_decoder_L20_oracle_local_rho0.5.json
whisper,Conditioning,decoder,seame_dev_sge,21,0.6774193548387096,global,0.5,0.3475258918296893,0.8636363636363636,-0.04487917146144993,-0.03409090909090906,0.925,0.8,0,3,-3,2736.7850267887115,709,3.8600635074593956,,,,,results/basis_a4/whisper/conditioning/seame_dev_sge/L21/conditioning_decoder_L21_global_rho0.5.json
whisper,Conditioning,decoder,seame_dev_sge,21,0.6774193548387096,oracle_local,0.5,0.3037974683544304,0.8295454545454546,-0.0011507479861910253,0.0,0.9933333333333333,1.0,0,0,0,147.05165719985962,38,3.8697804526278845,,,,,results/basis_a4/whisper/conditioning/seame_dev_sge/L21/conditioning_decoder_L21_oracle_local_rho0.5.json
whisper,Conditioning,decoder,seame_dev_sge,22,0.7096774193548387,global,0.5,0.3245109321058688,0.875,-0.021864211737629424,-0.045454545454545414,0.965,0.7333333333333333,0,4,-4,2860.7698290348053,729,3.9242384486074147,,,,,results/basis_a4/whisper/conditioning/seame_dev_sge/L22/conditioning_decoder_L22_global_rho0.5.json
whisper,Conditioning,decoder,seame_dev_sge,22,0.7096774193548387,oracle_local,0.5,0.3037974683544304,0.8295454545454546,-0.0011507479861910253,0.0,0.9916666666666667,1.0,0,0,0,149.26815843582153,38,3.9281094325216195,,,,,results/basis_a4/whisper/conditioning/seame_dev_sge/L22/conditioning_decoder_L22_oracle_local_rho0.5.json
whisper,Conditioning,decoder,seame_dev_sge,23,0.7419354838709677,global,0.5,0.34062140391254314,0.8636363636363636,-0.03797468354430378,-0.03409090909090906,0.9316666666666666,0.8,0,3,-3,2860.4457483291626,713,4.011845369325614,,,,,results/basis_a4/whisper/conditioning/seame_dev_sge/L23/conditioning_decoder_L23_global_rho0.5.json
whisper,Conditioning,decoder,seame_dev_sge,23,0.7419354838709677,oracle_local,0.5,0.3037974683544304,0.8295454545454546,-0.0011507479861910253,0.0,0.9933333333333333,1.0,0,0,0,152.5653338432312,38,4.014877206400821,,,,,results/basis_a4/whisper/conditioning/seame_dev_sge/L23/conditioning_decoder_L23_oracle_local_rho0.5.json
whisper,Conditioning,decoder,seame_dev_sge,24,0.7741935483870968,global,0.5,0.33141542002301494,0.8636363636363636,-0.028768699654775576,-0.03409090909090906,0.96,0.8,0,3,-3,2910.7221355438232,706,4.12283588603941,,,,,results/basis_a4/whisper/conditioning/seame_dev_sge/L24/conditioning_decoder_L24_global_rho0.5.json
whisper,Conditioning,decoder,seame_dev_sge,24,0.7741935483870968,oracle_local,0.5,0.30149597238204834,0.8295454545454546,0.0011507479861910253,0.0,0.9933333333333333,1.0,0,0,0,156.89117240905762,38,4.128715063396253,,,,,results/basis_a4/whisper/conditioning/seame_dev_sge/L24/conditioning_decoder_L24_oracle_local_rho0.5.json
whisper,Conditioning,decoder,seame_dev_sge,25,0.8064516129032258,global,0.5,0.34177215189873417,0.8522727272727273,-0.0391254315304948,-0.022727272727272707,0.9433333333333334,0.7333333333333333,2,4,-2,3166.5262064933777,710,4.459896065483631,,,,,results/basis_a4/whisper/conditioning/seame_dev_sge/L25/conditioning_decoder_L25_global_rho0.5.json
whisper,Conditioning,decoder,seame_dev_sge,25,0.8064516129032258,oracle_local,0.5,0.30149597238204834,0.8295454545454546,0.0011507479861910253,0.0,1.0,1.0,0,0,0,169.5165662765503,38,4.460962270435534,,,,,results/basis_a4/whisper/conditioning/seame_dev_sge/L25/conditioning_decoder_L25_oracle_local_rho0.5.json
whisper,Conditioning,decoder,seame_dev_sge,26,0.8387096774193549,global,0.5,0.35558112773302647,0.8068181818181818,-0.052934407364787106,0.022727272727272818,0.92,0.9333333333333333,3,1,2,3383.5183358192444,699,4.840512640657002,,,,,results/basis_a4/whisper/conditioning/seame_dev_sge/L26/conditioning_decoder_L26_global_rho0.5.json
whisper,Conditioning,decoder,seame_dev_sge,26,0.8387096774193549,oracle_local,0.5,0.3037974683544304,0.8295454545454546,-0.0011507479861910253,0.0,0.9983333333333333,1.0,0,0,0,183.89993572235107,38,4.83947199269345,,,,,results/basis_a4/whisper/conditioning/seame_dev_sge/L26/conditioning_decoder_L26_oracle_local_rho0.5.json
whisper,Conditioning,decoder,seame_dev_sge,27,0.8709677419354839,global,0.5,0.3291139240506329,0.8068181818181818,-0.026467203682393525,0.022727272727272818,0.9583333333333334,0.9333333333333333,3,1,2,4915.899196624756,885,5.554688357768086,,,,,results/basis_a4/whisper/conditioning/seame_dev_sge/L27/conditioning_decoder_L27_global_rho0.5.json
whisper,Conditioning,decoder,seame_dev_sge,27,0.8709677419354839,oracle_local,0.5,0.30724971231300346,0.8295454545454546,-0.004602991944764101,0.0,0.9933333333333333,1.0,0,0,0,212.42130708694458,38,5.590034397024858,,,,,results/basis_a4/whisper/conditioning/seame_dev_sge/L27/conditioning_decoder_L27_oracle_local_rho0.5.json
whisper,Conditioning,decoder,seame_dev_sge,28,0.9032258064516129,global,0.5,0.3659378596087457,0.7159090909090909,-0.06329113924050633,0.11363636363636365,0.9016666666666666,1.0,10,0,10,4654.145864486694,712,6.536721719784683,,,,,results/basis_a4/whisper/conditioning/seame_dev_sge/L28/conditioning_decoder_L28_global_rho0.5.json
whisper,Conditioning,decoder,seame_dev_sge,28,0.9032258064516129,oracle_local,0.5,0.3095512082853855,0.8181818181818182,-0.0069044879171461515,0.011363636363636354,0.99,1.0,1,0,1,248.1893286705017,38,6.531298122907939,,,,,results/basis_a4/whisper/conditioning/seame_dev_sge/L28/conditioning_decoder_L28_oracle_local_rho0.5.json
whisper,Conditioning,decoder,seame_dev_sge,29,0.9354838709677419,global,0.5,0.3521288837744534,0.7045454545454546,-0.04948216340621403,0.125,0.9083333333333333,1.0,11,0,11,5327.156466007233,735,7.247831926540453,,,,,results/basis_a4/whisper/conditioning/seame_dev_sge/L29/conditioning_decoder_L29_global_rho0.5.json
whisper,Conditioning,decoder,seame_dev_sge,29,0.9354838709677419,oracle_local,0.5,0.30609896432681244,0.8181818181818182,-0.0034522439585730758,0.011363636363636354,0.9933333333333333,1.0,1,0,1,274.6576132774353,38,7.22783192835356,,,,,results/basis_a4/whisper/conditioning/seame_dev_sge/L29/conditioning_decoder_L29_oracle_local_rho0.5.json
whisper,Conditioning,decoder,seame_dev_sge,30,0.967741935483871,global,0.5,0.8354430379746836,0.7386363636363636,-0.5327963176064442,0.09090909090909094,0.7316666666666667,0.8,11,3,8,9486.291494369507,1263,7.5109196313297755,,,,,results/basis_a4/whisper/conditioning/seame_dev_sge/L30/conditioning_decoder_L30_global_rho0.5.json
whisper,Conditioning,decoder,seame_dev_sge,30,0.967741935483871,oracle_local,0.5,0.3176064441887227,0.8295454545454546,-0.014959723820483328,0.0,0.9983333333333333,1.0,0,0,0,293.8631319999695,38,7.73324031578867,,,,,results/basis_a4/whisper/conditioning/seame_dev_sge/L30/conditioning_decoder_L30_oracle_local_rho0.5.json
whisper,Conditioning,decoder,seame_dev_sge,31,1.0,global,0.5,2.378596087456847,0.7840909090909091,-2.0759493670886076,0.045454545454545525,0.48333333333333334,0.5333333333333333,11,7,4,20340.423321723938,2525,8.055613196722351,,,,,results/basis_a4/whisper/conditioning/seame_dev_sge/L31/conditioning_decoder_L31_global_rho0.5.json
whisper,Conditioning,decoder,seame_dev_sge,31,1.0,oracle_local,0.5,0.34062140391254314,0.7954545454545454,-0.03797468354430378,0.03409090909090917,0.96,1.0,3,0,3,343.42308235168457,40,8.585577058792115,,,,,results/basis_a4/whisper/conditioning/seame_dev_sge/L31/conditioning_decoder_L31_oracle_local_rho0.5.json
whisper,Raw,decoder,cs_dialogue,0,0.0,global,0.5,0.24303451553496108,0.49382716049382713,0.019426127250044556,-0.02380952380952378,0.986261125032403,0.930116472545757,30,84,-54,13773.429879665375,13482,1.021616220120559,,,,,results/basis_a4/whisper/raw/decoder/cs_dialogue/L00/Raw_decoder_L0_global_rho0.5.json
whisper,Raw,decoder,cs_dialogue,0,0.0,oracle_local,0.5,0.2512326976771817,0.48721340388007056,0.011227945107823933,-0.01719576719576721,0.9940378467121749,0.9517470881863561,19,58,-39,1879.2753353714943,1820,1.032568865588733,,,,,results/basis_a4/whisper/raw/decoder/cs_dialogue/L00/Raw_decoder_L0_oracle_local_rho0.5.json
whisper,Raw,decoder,cs_dialogue,1,0.03225806451612903,global,0.5,0.25188617596388047,0.49206349206349204,0.010574466821125172,-0.022045855379188684,0.9843601486217921,0.9367720465890182,26,76,-50,21530.85658276081,13343,1.6136443515521854,,,,,results/basis_a4/whisper/raw/decoder/cs_dialogue/L01/Raw_decoder_L1_global_rho0.5.json
whisper,Raw,decoder,cs_dialogue,1,0.03225806451612903,oracle_local,0.5,0.2596685082872928,0.4876543209876543,0.002792134497712817,-0.01763668430335097,0.9953339669921368,0.956738768718802,12,52,-40,2953.953526377678,1821,1.6221600913661054,,,,,results/basis_a4/whisper/raw/decoder/cs_dialogue/L01/Raw_decoder_L1_oracle_local_rho0.5.json
whisper,Raw,decoder,cs_dialogue,2,0.06451612903225806,global,0.5,0.24600487138359176,0.49514991181657847,0.016455771401413882,-0.025132275132275117,0.9828912123045018,0.9251247920133111,33,90,-57,25222.936789631844,13431,1.8779641716649427,,,,,results/basis_a4/whisper/raw/decoder/cs_dialogue/L02/Raw_decoder_L2_global_rho0.5.json
whisper,Raw,decoder,cs_dialogue,2,0.06451612903225806,oracle_local,0.5,0.26620329115428026,0.49250440917107585,-0.003742648369274626,-0.0224867724867725,0.9948155188801521,0.9475873544093179,12,63,-51,3452.8708300590515,1823,1.894059698331899,,,,,results/basis_a4/whisper/raw/decoder/cs_dialogue/L02/Raw_decoder_L2_oracle_local_rho0.5.json
whisper,Raw,decoder,cs_dialogue,3,0.0967741935483871,global,0.5,0.2547971246955385,0.49559082892416223,0.007663518089467136,-0.025573192239858877,0.9831504363604943,0.9234608985024958,34,92,-58,28377.59208714962,13634,2.0813841929844226,,,,,results/basis_a4/whisper/raw/decoder/cs_dialogue/L03/Raw_decoder_L3_global_rho0.5.json
whisper,Raw,decoder,cs_dialogue,3,0.0967741935483871,oracle_local,0.5,0.26151012891344383,0.48677248677248675,0.0009505138715618089,-0.016754850088183393,0.9960252311414499,0.9542429284525791,17,55,-38,3822.0910184383392,1814,2.1069961512890516,,,,,results/basis_a4/whisper/raw/decoder/cs_dialogue/L03/Raw_decoder_L3_oracle_local_rho0.5.json
whisper,Raw,decoder,cs_dialogue,4,0.12903225806451613,global,0.5,0.24053941662211134,0.4916225749559083,0.021921226162894297,-0.021604938271604923,0.9901494858722889,0.93261231281198,32,81,-49,29112.061584234238,13524,2.1526221224663,,,,,results/basis_a4/whisper/raw/decoder/cs_dialogue/L04/Raw_decoder_L4_global_rho0.5.json
whisper,Raw,decoder,cs_dialogue,4,0.12903225806451613,oracle_local,0.5,0.2559852670349908,0.4828042328042328,0.0064753757500148335,-0.012786596119929439,0.9946427028428239,0.961730449251248,17,46,-29,3970.177817106247,1819,2.1826156223783655,,,,,results/basis_a4/whisper/raw/decoder/cs_dialogue/L04/Raw_decoder_L4_oracle_local_rho0.5.json
whisper,Raw,decoder,cs_dialogue,5,0.16129032258064516,global,0.5,0.24107408067486485,0.49074074074074076,0.021386562110140783,-0.020723104056437402,0.9891989976669835,0.9292845257903494,38,85,-47,30312.5648188591,13538,2.239072597049719,,,,,results/basis_a4/whisper/raw/decoder/cs_dialogue/L05/Raw_decoder_L5_global_rho0.5.json
whisper,Raw,decoder,cs_dialogue,5,0.16129032258064516,oracle_local,0.5,0.2573516307253609,0.48544973544973546,0.0051090120596447575,-0.015432098765432112,0.994124254730839,0.9550748752079867,19,54,-35,4116.754262089729,1814,2.26943454359963,,,,,results/basis_a4/whisper/raw/decoder/cs_dialogue/L05/Raw_decoder_L5_oracle_local_rho0.5.json
whisper,Raw,decoder,cs_dialogue,6,0.1935483870967742,global,0.5,0.2873522247965306,0.49426807760141095,-0.02489158201152497,-0.024250440917107596,0.9733863302514474,0.9159733777038269,46,101,-55,34158.73251223564,14386,2.3744426881854332,,,,,results/basis_a4/whisper/raw/decoder/cs_dialogue/L06/Raw_decoder_L6_global_rho0.5.json
whisper,Raw,decoder,cs_dialogue,6,0.1935483870967742,oracle_local,0.5,0.2818273629180776,0.47442680776014107,-0.019366720133071946,-0.0044091710758377145,0.9929145424695411,0.9625623960066556,35,45,-10,4342.383135318756,1825,2.379388019352743,,,,,results/basis_a4/whisper/raw/decoder/cs_dialogue/L06/Raw_decoder_L6_oracle_local_rho0.5.json
whisper,Raw,decoder,cs_dialogue,7,0.22580645161290322,global,0.5,0.2569357809065526,0.4876543209876543,0.0055248618784530246,-0.01763668430335097,0.9853106368270975,0.9392678868552413,33,73,-40,35266.493049263954,13801,2.555357803729002,,,,,results/basis_a4/whisper/raw/decoder/cs_dialogue/L07/Raw_decoder_L7_global_rho0.5.json
whisper,Raw,decoder,cs_dialogue,7,0.22580645161290322,oracle_local,0.5,0.27054001069328104,0.47971781305114636,-0.008079367908275403,-0.009700176366843005,0.9944698868054955,0.9650582362728786,20,42,-22,4680.4802569150925,1814,2.580198598078882,,,,,results/basis_a4/whisper/raw/decoder/cs_dialogue/L07/Raw_decoder_L7_oracle_local_rho0.5.json
whisper,Raw,decoder,cs_dialogue,8,0.25806451612903225,global,0.5,0.24018297392027566,0.48368606701940037,0.022277668864729983,-0.013668430335097015,0.9840145165471356,0.9392678868552413,42,73,-31,37363.34467339516,13492,2.7692962254221136,,,,,results/basis_a4/whisper/raw/decoder/cs_dialogue/L08/Raw_decoder_L8_global_rho0.5.json
whisper,Raw,decoder,cs_dialogue,8,0.25806451612903225,oracle_local,0.5,0.2653715915166637,0.4880952380952381,-0.0029109487316580362,-0.01807760141093473,0.9879892854056856,0.9484193011647255,21,62,-41,5031.206649780273,1805,2.7873721051414257,,,,,results/basis_a4/whisper/raw/decoder/cs_dialogue/L08/Raw_decoder_L8_oracle_local_rho0.5.json
whisper,Raw,decoder,cs_dialogue,9,0.2903225806451613,global,0.5,0.2373314323055902,0.47883597883597884,0.025129210479415437,-0.008818342151675485,0.98954462974164,0.9367720465890182,56,76,-20,37434.62262511253,13500,2.772935009267595,,,,,results/basis_a4/whisper/raw/decoder/cs_dialogue/L09/Raw_decoder_L9_global_rho0.5.json
whisper,Raw,decoder,cs_dialogue,9,0.2903225806451613,oracle_local,0.5,0.261331907562526,0.49074074074074076,0.0011287352224796376,-0.020723104056437402,0.9872116132377085,0.9484193011647255,15,62,-47,5038.8562178611755,1805,2.7916100929978813,,,,,results/basis_a4/whisper/raw/decoder/cs_dialogue/L09/Raw_decoder_L9_oracle_local_rho0.5.json
whisper,Raw,decoder,cs_dialogue,10,0.3225806451612903,global,0.5,0.24594546426661915,0.4783950617283951,0.016515178518386492,-0.008377425044091724,0.9847921887151128,0.9242928452579035,72,91,-19,38769.07204246521,13404,2.892350943186005,,,,,results/basis_a4/whisper/raw/decoder/cs_dialogue/L10/Raw_decoder_L10_global_rho0.5.json
whisper,Raw,decoder,cs_dialogue,10,0.3225806451612903,oracle_local,0.5,0.25616348838590863,0.48500881834215165,0.006297154399097005,-0.014991181657848296,0.9880756934243498,0.9509151414309485,25,59,-34,5269.403928756714,1817,2.9000571979948893,,,,,results/basis_a4/whisper/raw/decoder/cs_dialogue/L10/Raw_decoder_L10_oracle_local_rho0.5.json
whisper,Raw,decoder,cs_dialogue,11,0.3548387096774194,global,0.5,0.25277728271846966,0.49206349206349204,0.009683360066535973,-0.022045855379188684,0.982286356173853,0.9143094841930116,53,103,-50,39210.34666967392,13342,2.9388657374961715,,,,,results/basis_a4/whisper/raw/decoder/cs_dialogue/L11/Raw_decoder_L11_global_rho0.5.json
whisper,Raw,decoder,cs_dialogue,11,0.3548387096774194,oracle_local,0.5,0.25990613675518326,0.49559082892416223,0.0025545060298223787,-0.025573192239858877,0.9879028773870215,0.9317803660565723,24,82,-58,5336.354919910431,1813,2.9433838499230176,,,,,results/basis_a4/whisper/raw/decoder/cs_dialogue/L11/Raw_decoder_L11_oracle_local_rho0.5.json
whisper,Raw,decoder,cs_dialogue,12,0.3870967741935484,global,0.5,0.24570783579872868,0.45105820105820105,0.016752806986276958,0.018959435626102306,0.9879028773870215,0.9584026622296173,93,50,43,41899.87122821808,13718,3.054371718050596,,,,,results/basis_a4/whisper/raw/decoder/cs_dialogue/L12/Raw_decoder_L12_global_rho0.5.json
whisper,Raw,decoder,cs_dialogue,12,0.3870967741935484,oracle_local,0.5,0.2648369274639102,0.4691358024691358,-0.00237628467890455,0.0008818342151675762,0.9879028773870215,0.9750415973377704,32,30,2,5556.256487369537,1820,3.052888179873372,,,,,results/basis_a4/whisper/raw/decoder/cs_dialogue/L12/Raw_decoder_L12_oracle_local_rho0.5.json
whisper,Raw,decoder,cs_dialogue,13,0.41935483870967744,global,0.5,0.24796530624368798,0.4497354497354497,0.014495336541317655,0.020282186948853642,0.9824591722111812,0.9642262895174709,89,43,46,43458.82171201706,13598,3.1959715922942387,,,,,results/basis_a4/whisper/raw/decoder/cs_dialogue/L13/Raw_decoder_L13_global_rho0.5.json
whisper,Raw,decoder,cs_dialogue,13,0.41935483870967744,oracle_local,0.5,0.25717340937444305,0.45105820105820105,0.005287233410562586,0.018959435626102306,0.9876436533310291,0.9816971713810316,65,22,43,5702.054725408554,1808,3.153791330425085,,,,,results/basis_a4/whisper/raw/decoder/cs_dialogue/L13/Raw_decoder_L13_oracle_local_rho0.5.json
whisper,Raw,decoder,cs_dialogue,14,0.45161290322580644,global,0.5,0.23982653121843997,0.4281305114638448,0.022634111566565668,0.041887125220458565,0.9879892854056856,0.9825291181364393,116,21,95,44686.71101856232,13693,3.263471191014556,,,,,results/basis_a4/whisper/raw/decoder/cs_dialogue/L14/Raw_decoder_L14_global_rho0.5.json
whisper,Raw,decoder,cs_dialogue,14,0.45161290322580644,oracle_local,0.5,0.25444068199370284,0.45458553791887124,0.008019960791302794,0.015432098765432112,0.9930873585068695,0.980865224625624,58,23,35,5884.716356277466,1826,3.222736230162906,,,,,results/basis_a4/whisper/raw/decoder/cs_dialogue/L14/Raw_decoder_L14_oracle_local_rho0.5.json
whisper,Raw,decoder,cs_dialogue,15,0.4838709677419355,global,0.5,0.23216301312897286,0.4351851851851852,0.030297629656032776,0.03483245149911818,0.9870387972003802,0.9733777038269551,111,32,79,43493.05788683891,13437,3.236813119508738,,,,,results/basis_a4/whisper/raw/decoder/cs_dialogue/L15/Raw_decoder_L15_global_rho0.5.json
whisper,Raw,decoder,cs_dialogue,15,0.4838709677419355,oracle_local,0.5,0.24749004930790708,0.4607583774250441,0.01497059347709856,0.009259259259259245,0.9887669575736628,0.978369384359401,47,26,21,5796.110135316849,1810,3.202270792992734,,,,,results/basis_a4/whisper/raw/decoder/cs_dialogue/L15/Raw_decoder_L15_oracle_local_rho0.5.json
whisper,Raw,decoder,cs_dialogue,16,0.5161290322580645,global,0.5,0.22847977187667082,0.43077601410934746,0.03398087090833482,0.03924162257495589,0.9887669575736628,0.9858569051580699,106,17,89,46276.753303050995,13554,3.4142506494799316,,,,,results/basis_a4/whisper/raw/decoder/cs_dialogue/L16/Raw_decoder_L16_global_rho0.5.json
whisper,Raw,decoder,cs_dialogue,16,0.5161290322580645,oracle_local,0.5,0.25093566209231866,0.4656084656084656,0.011524980692686981,0.00440917107583777,0.9871252052190443,0.9858569051580699,27,17,10,6089.553619384766,1812,3.360680805399981,,,,,results/basis_a4/whisper/raw/decoder/cs_dialogue/L16/Raw_decoder_L16_oracle_local_rho0.5.json
whisper,Raw,decoder,cs_dialogue,17,0.5483870967741935,global,0.5,0.24012356680330305,0.44929453262786595,0.022337075981702592,0.020723104056437402,0.9790892594832801,0.9417637271214643,117,70,47,47781.05200386047,13753,3.474227586989055,,,,,results/basis_a4/whisper/raw/decoder/cs_dialogue/L17/Raw_decoder_L17_global_rho0.5.json
whisper,Raw,decoder,cs_dialogue,17,0.5483870967741935,oracle_local,0.5,0.24855937741341413,0.4660493827160494,0.013901265371591504,0.003968253968253954,0.9925689103948846,0.961730449251248,55,46,9,6211.26825428009,1832,3.390430269803543,,,,,results/basis_a4/whisper/raw/decoder/cs_dialogue/L17/Raw_decoder_L17_oracle_local_rho0.5.json
whisper,Raw,decoder,cs_dialogue,18,0.5806451612903226,global,0.5,0.23608388284916532,0.4506172839506173,0.02637675993584032,0.019400352733686066,0.9837552924911431,0.9550748752079867,98,54,44,46738.686205387115,13539,3.4521520204880063,,,,,results/basis_a4/whisper/raw/decoder/cs_dialogue/L18/Raw_decoder_L18_global_rho0.5.json
whisper,Raw,decoder,cs_dialogue,18,0.5806451612903226,oracle_local,0.5,0.24552961444781085,0.468694885361552,0.016931028337194787,0.0013227513227513366,0.9940378467121749,0.9733777038269551,35,32,3,6125.461187839508,1827,3.352742850486868,,,,,results/basis_a4/whisper/raw/decoder/cs_dialogue/L18/Raw_decoder_L18_oracle_local_rho0.5.json
whisper,Raw,decoder,cs_dialogue,19,0.6129032258064516,global,0.5,0.24683657102120835,0.46119929453262787,0.015624071763797293,0.008818342151675485,0.9739911863820963,0.9492512479201332,81,61,20,47523.848385334015,13394,3.548144571101539,,,,,results/basis_a4/whisper/raw/decoder/cs_dialogue/L19/Raw_decoder_L19_global_rho0.5.json
whisper,Raw,decoder,cs_dialogue,19,0.6129032258064516,oracle_local,0.5,0.24618309273450958,0.468694885361552,0.016277550050496054,0.0013227513227513366,0.9930009504882054,0.9708818635607321,38,35,3,6261.662513017654,1815,3.4499517978058702,,,,,results/basis_a4/whisper/raw/decoder/cs_dialogue/L19/Raw_decoder_L19_oracle_local_rho0.5.json
whisper,Raw,decoder,cs_dialogue,20,0.6451612903225806,global,0.5,0.2524802471336066,0.4506172839506173,0.009980395651399021,0.019400352733686066,0.967337768944958,0.961730449251248,90,46,44,47623.272213220596,13243,3.5961090548380725,,,,,results/basis_a4/whisper/raw/decoder/cs_dialogue/L20/Raw_decoder_L20_global_rho0.5.json
whisper,Raw,decoder,cs_dialogue,20,0.6451612903225806,oracle_local,0.5,0.24552961444781085,0.4607583774250441,0.016931028337194787,0.009259259259259245,0.9931737665255336,0.9692179700499168,58,37,21,6347.32923412323,1814,3.4990789603766426,,,,,results/basis_a4/whisper/raw/decoder/cs_dialogue/L20/Raw_decoder_L20_oracle_local_rho0.5.json
whisper,Raw,decoder,cs_dialogue,21,0.6774193548387096,global,0.5,0.2575892591932514,0.4497354497354497,0.004871383591754264,0.020282186948853642,0.9453901322042686,0.9409317803660566,117,71,46,48861.94014215469,12914,3.7836410207646503,,,,,results/basis_a4/whisper/raw/decoder/cs_dialogue/L21/Raw_decoder_L21_global_rho0.5.json
whisper,Raw,decoder,cs_dialogue,21,0.6774193548387096,oracle_local,0.5,0.2575892591932514,0.4638447971781305,0.004871383591754264,0.006172839506172867,0.9890261816296553,0.9650582362728786,56,42,14,6700.198716163635,1818,3.685477841674167,,,,,results/basis_a4/whisper/raw/decoder/cs_dialogue/L21/Raw_decoder_L21_oracle_local_rho0.5.json
whisper,Raw,decoder,cs_dialogue,22,0.7096774193548387,global,0.5,0.31319432067961744,0.43209876543209874,-0.050733677894611806,0.03791887125220461,0.9036550591894927,0.9425956738768719,155,69,86,49895.03261470795,13007,3.8360138859620165,,,,,results/basis_a4/whisper/raw/decoder/cs_dialogue/L22/Raw_decoder_L22_global_rho0.5.json
whisper,Raw,decoder,cs_dialogue,22,0.7096774193548387,oracle_local,0.5,0.25188617596388047,0.4642857142857143,0.010574466821125172,0.005731922398589051,0.9833232523978225,0.9625623960066556,58,45,13,6737.15004491806,1809,3.724239936383671,,,,,results/basis_a4/whisper/raw/decoder/cs_dialogue/L22/Raw_decoder_L22_oracle_local_rho0.5.json
whisper,Raw,decoder,cs_dialogue,23,0.7419354838709677,global,0.5,0.28800570308322937,0.4157848324514991,-0.025545060298223732,0.054232804232804244,0.9226648232956018,0.9575707154742097,174,51,123,51893.88735604286,13116,3.9565330402594436,,,,,results/basis_a4/whisper/raw/decoder/cs_dialogue/L23/Raw_decoder_L23_global_rho0.5.json
whisper,Raw,decoder,cs_dialogue,23,0.7419354838709677,oracle_local,0.5,0.2530743183033327,0.45634920634920634,0.009386324481672925,0.013668430335097015,0.981681500043204,0.9683860232945092,69,38,31,6863.347436666489,1791,3.8321314554251753,,,,,results/basis_a4/whisper/raw/decoder/cs_dialogue/L23/Raw_decoder_L23_oracle_local_rho0.5.json
whisper,Raw,decoder,cs_dialogue,24,0.7741935483870968,global,0.5,0.30481791718647894,0.4497354497354497,-0.0423572744014733,0.020282186948853642,0.8881016158299491,0.9193011647254575,143,97,46,52714.37694597244,12687,4.1549914830907575,,,,,results/basis_a4/whisper/raw/decoder/cs_dialogue/L24/Raw_decoder_L24_global_rho0.5.json
whisper,Raw,decoder,cs_dialogue,24,0.7741935483870968,oracle_local,0.5,0.255034753163429,0.4731040564373898,0.007425889621576642,-0.0030864197530864335,0.9783115873153029,0.9417637271214643,63,70,-7,7197.939855337143,1809,3.978960671828161,,,,,results/basis_a4/whisper/raw/decoder/cs_dialogue/L24/Raw_decoder_L24_oracle_local_rho0.5.json
whisper,Raw,decoder,cs_dialogue,25,0.8064516129032258,global,0.5,0.3307194201865383,0.4400352733686067,-0.06825877740153269,0.029982363315696647,0.8412684697139895,0.9267886855241264,156,88,68,55519.26236367226,12302,4.513027342194135,,,,,results/basis_a4/whisper/raw/decoder/cs_dialogue/L25/Raw_decoder_L25_global_rho0.5.json
whisper,Raw,decoder,cs_dialogue,25,0.8064516129032258,oracle_local,0.5,0.261331907562526,0.4541446208112875,0.0011287352224796376,0.015873015873015872,0.9750280826060659,0.9575707154742097,87,51,36,7822.755096197128,1797,4.353230437505358,,,,,results/basis_a4/whisper/raw/decoder/cs_dialogue/L25/Raw_decoder_L25_oracle_local_rho0.5.json
whisper,Raw,decoder,cs_dialogue,26,0.8387096774193549,global,0.5,0.3630962989366126,0.4312169312169312,-0.10063565615160697,0.03880070546737213,0.8136179037414673,0.9151414309484193,190,102,88,68524.5644774437,13823,4.9572860071940745,,,,,results/basis_a4/whisper/raw/decoder/cs_dialogue/L26/Raw_decoder_L26_global_rho0.5.json
whisper,Raw,decoder,cs_dialogue,26,0.8387096774193549,oracle_local,0.5,0.25455949622764806,0.4620811287477954,0.007901146557357575,0.007936507936507964,0.9798669316512573,0.9500831946755408,78,60,18,8628.052689313889,1798,4.798694487938759,,,,,results/basis_a4/whisper/raw/decoder/cs_dialogue/L26/Raw_decoder_L26_oracle_local_rho0.5.json
whisper,Raw,decoder,cs_dialogue,27,0.8709677419354839,global,0.5,0.3987999762371532,0.4210758377425044,-0.13633933345214755,0.04894179894179895,0.7705003024280653,0.9034941763727121,227,116,111,86894.63762521744,14907,5.829116363132584,,,,,results/basis_a4/whisper/raw/decoder/cs_dialogue/L27/Raw_decoder_L27_global_rho0.5.json
whisper,Raw,decoder,cs_dialogue,27,0.8709677419354839,oracle_local,0.5,0.25164854749599,0.44312169312169314,0.01081209528901561,0.026895943562610214,0.982286356173853,0.9484193011647255,123,62,61,10275.423062324524,1809,5.680167530306536,,,,,results/basis_a4/whisper/raw/decoder/cs_dialogue/L27/Raw_decoder_L27_oracle_local_rho0.5.json
whisper,Raw,decoder,cs_dialogue,28,0.9032258064516129,global,0.5,0.36434384839303746,0.41798941798941797,-0.10188320560803182,0.052028218694885386,0.8270975546530718,0.93261231281198,199,81,118,95180.02101421356,13949,6.823429709241778,,,,,results/basis_a4/whisper/raw/decoder/cs_dialogue/L28/Raw_decoder_L28_global_rho0.5.json
whisper,Raw,decoder,cs_dialogue,28,0.9032258064516129,oracle_local,0.5,0.2585397730648132,0.45634920634920634,0.003920869720192455,0.013668430335097015,0.9783115873153029,0.9642262895174709,74,43,31,12082.7230052948,1812,6.66816942897064,,,,,results/basis_a4/whisper/raw/decoder/cs_dialogue/L28/Raw_decoder_L28_oracle_local_rho0.5.json
whisper,Raw,decoder,cs_dialogue,29,0.9354838709677419,global,0.5,0.3792550347531634,0.40652557319223986,-0.11679439196815777,0.06349206349206349,0.807569342434978,0.9276206322795341,231,87,144,108746.52691698074,14404,7.549744995624878,,,,,results/basis_a4/whisper/raw/decoder/cs_dialogue/L29/Raw_decoder_L29_global_rho0.5.json
whisper,Raw,decoder,cs_dialogue,29,0.9354838709677419,oracle_local,0.5,0.25806451612903225,0.44488536155202824,0.004396126655973387,0.025132275132275117,0.9791756675019442,0.978369384359401,83,26,57,13468.904732704163,1820,7.400497105881408,,,,,results/basis_a4/whisper/raw/decoder/cs_dialogue/L29/Raw_decoder_L29_oracle_local_rho0.5.json
whisper,Raw,decoder,cs_dialogue,30,0.967741935483871,global,0.5,0.334462068555813,0.40343915343915343,-0.07200142577080737,0.06657848324514992,0.843601486217921,0.9575707154742097,202,51,151,106932.35697841644,13287,8.047893202259084,,,,,results/basis_a4/whisper/raw/decoder/cs_dialogue/L30/Raw_decoder_L30_global_rho0.5.json
whisper,Raw,decoder,cs_dialogue,30,0.967741935483871,oracle_local,0.5,0.2662626982712529,0.44841269841269843,-0.0038020554862472355,0.021604938271604923,0.9772746910913332,0.980865224625624,72,23,49,14149.018505096436,1797,7.873688650582324,,,,,results/basis_a4/whisper/raw/decoder/cs_dialogue/L30/Raw_decoder_L30_oracle_local_rho0.5.json
whisper,Raw,decoder,cs_dialogue,31,1.0,global,0.5,0.3122438068080556,0.421957671957672,-0.04978316402304994,0.04805996472663138,0.8807569342434978,0.9584026622296173,159,50,109,115406.72562360764,12976,8.893859866184313,,,,,results/basis_a4/whisper/raw/decoder/cs_dialogue/L31/Raw_decoder_L31_global_rho0.5.json
whisper,Raw,decoder,cs_dialogue,31,1.0,oracle_local,0.5,0.25545060298223726,0.45282186948853614,0.007010039802768375,0.01719576719576721,0.9796941156139289,0.9825291181364393,60,21,39,15808.538031578064,1813,8.719546625249897,,,,,results/basis_a4/whisper/raw/decoder/cs_dialogue/L31/Raw_decoder_L31_oracle_local_rho0.5.json
whisper,Raw,decoder,seame_dev_man,0,0.0,global,0.5,0.3612565445026178,0.6565656565656566,0.003141361256544517,0.030303030303030276,0.9953917050691244,0.967741935483871,4,1,3,957.4529383778572,933,1.0262089371681213,,,,,results/basis_a4/whisper/raw/decoder/seame_dev_man/L00/Raw_decoder_L0_global_rho0.5.json
whisper,Raw,decoder,seame_dev_man,0,0.0,oracle_local,0.5,0.362303664921466,0.6565656565656566,0.002094240837696326,0.030303030303030276,0.9984639016897081,1.0,3,0,3,71.20184922218323,69,1.0319108582925105,,,,,results/basis_a4/whisper/raw/decoder/seame_dev_man/L00/Raw_decoder_L0_oracle_local_rho0.5.json
whisper,Raw,decoder,seame_dev_man,1,0.03225806451612903,global,0.5,0.36544502617801045,0.6767676767676768,-0.0010471204188481353,0.010101010101010055,0.9861751152073732,1.0,1,0,1,1512.488299369812,931,1.6245846394949646,,,,,results/basis_a4/whisper/raw/decoder/seame_dev_man/L01/Raw_decoder_L1_global_rho0.5.json
whisper,Raw,decoder,seame_dev_man,1,0.03225806451612903,oracle_local,0.5,0.3633507853403141,0.6868686868686869,0.0010471204188481908,0.0,0.9969278033794163,1.0,0,0,0,112.31330692768097,69,1.62772908590842,,,,,results/basis_a4/whisper/raw/decoder/seame_dev_man/L01/Raw_decoder_L1_oracle_local_rho0.5.json
whisper,Raw,decoder,seame_dev_man,2,0.06451612903225806,global,0.5,0.362303664921466,0.6767676767676768,0.002094240837696326,0.010101010101010055,0.9769585253456221,1.0,1,0,1,1744.4988079071045,923,1.8900312111669604,,,,,results/basis_a4/whisper/raw/decoder/seame_dev_man/L02/Raw_decoder_L2_global_rho0.5.json
whisper,Raw,decoder,seame_dev_man,2,0.06451612903225806,oracle_local,0.5,0.362303664921466,0.6868686868686869,0.002094240837696326,0.0,0.9969278033794163,1.0,0,0,0,130.91828572750092,69,1.8973664598188538,,,,,results/basis_a4/whisper/raw/decoder/seame_dev_man/L02/Raw_decoder_L2_oracle_local_rho0.5.json
whisper,Raw,decoder,seame_dev_man,3,0.0967741935483871,global,0.5,0.36858638743455496,0.6767676767676768,-0.004188481675392652,0.010101010101010055,0.9754224270353302,1.0,1,0,1,1919.8259762525558,917,2.093594303437902,,,,,results/basis_a4/whisper/raw/decoder/seame_dev_man/L03/Raw_decoder_L3_global_rho0.5.json
whisper,Raw,decoder,seame_dev_man,3,0.0967741935483871,oracle_local,0.5,0.3612565445026178,0.6767676767676768,0.003141361256544517,0.010101010101010055,0.9984639016897081,1.0,1,0,1,145.68361628055573,69,2.1113567576892134,,,,,results/basis_a4/whisper/raw/decoder/seame_dev_man/L03/Raw_decoder_L3_oracle_local_rho0.5.json
whisper,Raw,decoder,seame_dev_man,4,0.12903225806451613,global,0.5,0.3633507853403141,0.6868686868686869,0.0010471204188481908,0.0,0.9861751152073732,1.0,0,0,0,2004.1491907835007,927,2.161973237091155,,,,,results/basis_a4/whisper/raw/decoder/seame_dev_man/L04/Raw_decoder_L4_global_rho0.5.json
whisper,Raw,decoder,seame_dev_man,4,0.12903225806451613,oracle_local,0.5,0.3612565445026178,0.6767676767676768,0.003141361256544517,0.010101010101010055,0.9984639016897081,1.0,1,0,1,150.14725136756897,69,2.1760471212691157,,,,,results/basis_a4/whisper/raw/decoder/seame_dev_man/L04/Raw_decoder_L4_oracle_local_rho0.5.json
whisper,Raw,decoder,seame_dev_man,5,0.16129032258064516,global,0.5,0.3612565445026178,0.6868686868686869,0.003141361256544517,0.0,0.9846390168970814,1.0,0,0,0,2091.567009449005,931,2.2465811057454403,,,,,results/basis_a4/whisper/raw/decoder/seame_dev_man/L05/Raw_decoder_L5_global_rho0.5.json
whisper,Raw,decoder,seame_dev_man,5,0.16129032258064516,oracle_local,0.5,0.35916230366492147,0.6767676767676768,0.005235602094240843,0.010101010101010055,1.0,1.0,1,0,1,155.45694172382355,69,2.2529991554177324,,,,,results/basis_a4/whisper/raw/decoder/seame_dev_man/L05/Raw_decoder_L5_oracle_local_rho0.5.json
whisper,Raw,decoder,seame_dev_man,6,0.1935483870967742,global,0.5,0.3581151832460733,0.6767676767676768,0.006282722513089034,0.010101010101010055,0.9861751152073732,1.0,1,0,1,2206.311846613884,929,2.3749320200364736,,,,,results/basis_a4/whisper/raw/decoder/seame_dev_man/L06/Raw_decoder_L6_global_rho0.5.json
whisper,Raw,decoder,seame_dev_man,6,0.1935483870967742,oracle_local,0.5,0.3612565445026178,0.6868686868686869,0.003141361256544517,0.0,0.9984639016897081,1.0,0,0,0,164.46008253097534,69,2.383479456970657,,,,,results/basis_a4/whisper/raw/decoder/seame_dev_man/L06/Raw_decoder_L6_oracle_local_rho0.5.json
whisper,Raw,decoder,seame_dev_man,7,0.22580645161290322,global,0.5,0.36020942408376966,0.6767676767676768,0.004188481675392652,0.010101010101010055,0.9923195084485407,1.0,1,0,1,2380.968787550926,931,2.5574315655756457,,,,,results/basis_a4/whisper/raw/decoder/seame_dev_man/L07/Raw_decoder_L7_global_rho0.5.json
whisper,Raw,decoder,seame_dev_man,7,0.22580645161290322,oracle_local,0.5,0.3633507853403141,0.6868686868686869,0.0010471204188481908,0.0,1.0,1.0,0,0,0,176.68461108207703,69,2.5606465374214062,,,,,results/basis_a4/whisper/raw/decoder/seame_dev_man/L07/Raw_decoder_L7_oracle_local_rho0.5.json
whisper,Raw,decoder,seame_dev_man,8,0.25806451612903225,global,0.5,0.35916230366492147,0.696969696969697,0.005235602094240843,-0.010101010101010166,0.9938556067588326,0.967741935483871,0,1,-1,2571.10395693779,927,2.7735749265779828,,,,,results/basis_a4/whisper/raw/decoder/seame_dev_man/L08/Raw_decoder_L8_global_rho0.5.json
whisper,Raw,decoder,seame_dev_man,8,0.25806451612903225,oracle_local,0.5,0.3612565445026178,0.6868686868686869,0.003141361256544517,0.0,1.0,1.0,0,0,0,192.38066983222961,69,2.788125649742458,,,,,results/basis_a4/whisper/raw/decoder/seame_dev_man/L08/Raw_decoder_L8_oracle_local_rho0.5.json
whisper,Raw,decoder,seame_dev_man,9,0.2903225806451613,global,0.5,0.3633507853403141,0.696969696969697,0.0010471204188481908,-0.010101010101010166,0.9938556067588326,0.967741935483871,0,1,-1,2579.049024105072,928,2.779147655285638,,,,,results/basis_a4/whisper/raw/decoder/seame_dev_man/L09/Raw_decoder_L9_global_rho0.5.json
whisper,Raw,decoder,seame_dev_man,9,0.2903225806451613,oracle_local,0.5,0.3633507853403141,0.6868686868686869,0.0010471204188481908,0.0,1.0,1.0,0,0,0,192.780259847641,69,2.7939168093861015,,,,,results/basis_a4/whisper/raw/decoder/seame_dev_man/L09/Raw_decoder_L9_oracle_local_rho0.5.json
whisper,Raw,decoder,seame_dev_man,10,0.3225806451612903,global,0.5,0.3612565445026178,0.6868686868686869,0.003141361256544517,0.0,0.9815668202764977,0.9032258064516129,3,3,0,2668.603790998459,921,2.8975068306172194,,,,,results/basis_a4/whisper/raw/decoder/seame_dev_man/L10/Raw_decoder_L10_global_rho0.5.json
whisper,Raw,decoder,seame_dev_man,10,0.3225806451612903,oracle_local,0.5,0.362303664921466,0.6868686868686869,0.002094240837696326,0.0,1.0,1.0,0,0,0,200.1806161403656,69,2.901168349860371,,,,,results/basis_a4/whisper/raw/decoder/seame_dev_man/L10/Raw_decoder_L10_oracle_local_rho0.5.json
whisper,Raw,decoder,seame_dev_man,11,0.3548387096774194,global,0.5,0.36020942408376966,0.6666666666666666,0.004188481675392652,0.02020202020202022,0.978494623655914,0.9354838709677419,4,2,2,2696.571492910385,916,2.9438553416052238,,,,,results/basis_a4/whisper/raw/decoder/seame_dev_man/L11/Raw_decoder_L11_global_rho0.5.json
whisper,Raw,decoder,seame_dev_man,11,0.3548387096774194,oracle_local,0.5,0.362303664921466,0.6868686868686869,0.002094240837696326,0.0,1.0,1.0,0,0,0,203.0612108707428,69,2.9429160995759824,,,,,results/basis_a4/whisper/raw/decoder/seame_dev_man/L11/Raw_decoder_L11_oracle_local_rho0.5.json
whisper,Raw,decoder,seame_dev_man,12,0.3870967741935484,global,0.5,0.362303664921466,0.6868686868686869,0.002094240837696326,0.0,0.9815668202764977,1.0,0,0,0,2801.176787376404,917,3.054718415895751,,,,,results/basis_a4/whisper/raw/decoder/seame_dev_man/L12/Raw_decoder_L12_global_rho0.5.json
whisper,Raw,decoder,seame_dev_man,12,0.3870967741935484,oracle_local,0.5,0.362303664921466,0.6868686868686869,0.002094240837696326,0.0,1.0,1.0,0,0,0,210.06781339645386,69,3.0444610637167226,,,,,results/basis_a4/whisper/raw/decoder/seame_dev_man/L12/Raw_decoder_L12_oracle_local_rho0.5.json
whisper,Raw,decoder,seame_dev_man,13,0.41935483870967744,global,0.5,0.34973821989528797,0.6666666666666666,0.014659685863874339,0.02020202020202022,0.978494623655914,0.967741935483871,3,1,2,2896.0145683288574,903,3.2071036194118023,,,,,results/basis_a4/whisper/raw/decoder/seame_dev_man/L13/Raw_decoder_L13_global_rho0.5.json
whisper,Raw,decoder,seame_dev_man,13,0.41935483870967744,oracle_local,0.5,0.362303664921466,0.6868686868686869,0.002094240837696326,0.0,1.0,1.0,0,0,0,220.15597438812256,69,3.190666295480037,,,,,results/basis_a4/whisper/raw/decoder/seame_dev_man/L13/Raw_decoder_L13_oracle_local_rho0.5.json
whisper,Raw,decoder,seame_dev_man,14,0.45161290322580644,global,0.5,0.34973821989528797,0.6565656565656566,0.014659685863874339,0.030303030303030276,0.9738863287250384,0.967741935483871,4,1,3,2958.081367969513,902,3.279469365819859,,,,,results/basis_a4/whisper/raw/decoder/seame_dev_man/L14/Raw_decoder_L14_global_rho0.5.json
whisper,Raw,decoder,seame_dev_man,14,0.45161290322580644,oracle_local,0.5,0.3612565445026178,0.6868686868686869,0.003141361256544517,0.0,0.9984639016897081,1.0,0,0,0,225.05743789672852,69,3.261701998503312,,,,,results/basis_a4/whisper/raw/decoder/seame_dev_man/L14/Raw_decoder_L14_oracle_local_rho0.5.json
whisper,Raw,decoder,seame_dev_man,15,0.4838709677419355,global,0.5,0.35287958115183243,0.6464646464646465,0.011518324607329877,0.04040404040404033,0.9723502304147466,1.0,4,0,4,2934.002604007721,904,3.2455781017784524,,,,,results/basis_a4/whisper/raw/decoder/seame_dev_man/L15/Raw_decoder_L15_global_rho0.5.json
whisper,Raw,decoder,seame_dev_man,15,0.4838709677419355,oracle_local,0.5,0.36020942408376966,0.6868686868686869,0.004188481675392652,0.0,1.0,1.0,0,0,0,222.57781291007996,69,3.2257654044939126,,,,,results/basis_a4/whisper/raw/decoder/seame_dev_man/L15/Raw_decoder_L15_oracle_local_rho0.5.json
whisper,Raw,decoder,seame_dev_man,16,0.5161290322580645,global,0.5,0.34764397905759165,0.6464646464646465,0.016753926701570665,0.04040404040404033,0.9846390168970814,1.0,4,0,4,3112.4372107982635,912,3.4127600995594993,,,,,results/basis_a4/whisper/raw/decoder/seame_dev_man/L16/Raw_decoder_L16_global_rho0.5.json
whisper,Raw,decoder,seame_dev_man,16,0.5161290322580645,oracle_local,0.5,0.35916230366492147,0.6464646464646465,0.005235602094240843,0.04040404040404033,0.9953917050691244,1.0,4,0,4,232.7371551990509,69,3.3730022492616074,,,,,results/basis_a4/whisper/raw/decoder/seame_dev_man/L16/Raw_decoder_L16_oracle_local_rho0.5.json
whisper,Raw,decoder,seame_dev_man,17,0.5483870967741935,global,0.5,0.35916230366492147,0.6565656565656566,0.005235602094240843,0.030303030303030276,0.9692780337941628,0.967741935483871,4,1,3,3123.6444578170776,901,3.466863993137711,,,,,results/basis_a4/whisper/raw/decoder/seame_dev_man/L17/Raw_decoder_L17_global_rho0.5.json
whisper,Raw,decoder,seame_dev_man,17,0.5483870967741935,oracle_local,0.5,0.35602094240837695,0.696969696969697,0.00837696335078536,-0.010101010101010166,0.9984639016897081,0.9032258064516129,2,3,-1,235.89442038536072,69,3.4187597157298653,,,,,results/basis_a4/whisper/raw/decoder/seame_dev_man/L17/Raw_decoder_L17_oracle_local_rho0.5.json
whisper,Raw,decoder,seame_dev_man,18,0.5806451612903226,global,0.5,0.34973821989528797,0.6565656565656566,0.014659685863874339,0.030303030303030276,0.989247311827957,0.967741935483871,4,1,3,3148.2607893943787,914,3.44448664047525,,,,,results/basis_a4/whisper/raw/decoder/seame_dev_man/L18/Raw_decoder_L18_global_rho0.5.json
whisper,Raw,decoder,seame_dev_man,18,0.5806451612903226,oracle_local,0.5,0.36020942408376966,0.6767676767676768,0.004188481675392652,0.010101010101010055,0.9984639016897081,1.0,1,0,1,234.2257354259491,69,3.3945758757383926,,,,,results/basis_a4/whisper/raw/decoder/seame_dev_man/L18/Raw_decoder_L18_oracle_local_rho0.5.json
whisper,Raw,decoder,seame_dev_man,19,0.6129032258064516,global,0.5,0.36858638743455496,0.6262626262626263,-0.004188481675392652,0.06060606060606055,0.9554531490015361,1.0,6,0,6,3205.074637413025,906,3.537609975069564,,,,,results/basis_a4/whisper/raw/decoder/seame_dev_man/L19/Raw_decoder_L19_global_rho0.5.json
whisper,Raw,decoder,seame_dev_man,19,0.6129032258064516,oracle_local,0.5,0.35706806282722514,0.6767676767676768,0.007329842931937169,0.010101010101010055,1.0,1.0,1,0,1,240.10925030708313,69,3.4798442073490308,,,,,results/basis_a4/whisper/raw/decoder/seame_dev_man/L19/Raw_decoder_L19_oracle_local_rho0.5.json
whisper,Raw,decoder,seame_dev_man,20,0.6451612903225806,global,0.5,0.3581151832460733,0.6262626262626263,0.006282722513089034,0.06060606060606055,0.9615975422427036,1.0,6,0,6,3235.573716402054,902,3.587110550334871,,,,,results/basis_a4/whisper/raw/decoder/seame_dev_man/L20/Raw_decoder_L20_global_rho0.5.json
whisper,Raw,decoder,seame_dev_man,20,0.6451612903225806,oracle_local,0.5,0.3643979057591623,0.696969696969697,0.0,-0.010101010101010166,0.9969278033794163,0.967741935483871,0,1,-1,244.92493343353271,69,3.5496367164280103,,,,,results/basis_a4/whisper/raw/decoder/seame_dev_man/L20/Raw_decoder_L20_oracle_local_rho0.5.json
whisper,Raw,decoder,seame_dev_man,21,0.6774193548387096,global,0.5,0.34973821989528797,0.6262626262626263,0.014659685863874339,0.06060606060606055,0.9600614439324117,1.0,6,0,6,3311.1369988918304,878,3.7712266502184857,,,,,results/basis_a4/whisper/raw/decoder/seame_dev_man/L21/Raw_decoder_L21_global_rho0.5.json
whisper,Raw,decoder,seame_dev_man,21,0.6774193548387096,oracle_local,0.5,0.3549738219895288,0.6565656565656566,0.009424083769633496,0.030303030303030276,0.9969278033794163,0.967741935483871,4,1,3,255.681316614151,69,3.705526327741319,,,,,results/basis_a4/whisper/raw/decoder/seame_dev_man/L21/Raw_decoder_L21_oracle_local_rho0.5.json
whisper,Raw,decoder,seame_dev_man,22,0.7096774193548387,global,0.5,0.5528795811518324,0.5656565656565656,-0.18848167539267013,0.12121212121212122,0.9293394777265745,0.9354838709677419,14,2,12,4079.8516190052032,1064,3.834447010343236,,,,,results/basis_a4/whisper/raw/decoder/seame_dev_man/L22/Raw_decoder_L22_global_rho0.5.json
whisper,Raw,decoder,seame_dev_man,22,0.7096774193548387,oracle_local,0.5,0.362303664921466,0.6666666666666666,0.002094240837696326,0.02020202020202022,0.9938556067588326,0.9354838709677419,4,2,2,264.5439167022705,70,3.779198810032436,,,,,results/basis_a4/whisper/raw/decoder/seame_dev_man/L22/Raw_decoder_L22_oracle_local_rho0.5.json
whisper,Raw,decoder,seame_dev_man,23,0.7419354838709677,global,0.5,0.36649214659685864,0.5757575757575758,-0.002094240837696326,0.11111111111111105,0.9293394777265745,0.967741935483871,12,1,11,3469.752676963806,880,3.9429007692770526,,,,,results/basis_a4/whisper/raw/decoder/seame_dev_man/L23/Raw_decoder_L23_global_rho0.5.json
whisper,Raw,decoder,seame_dev_man,23,0.7419354838709677,oracle_local,0.5,0.362303664921466,0.6868686868686869,0.002094240837696326,0.0,0.9938556067588326,0.9354838709677419,2,2,0,262.5411102771759,68,3.8608986805467045,,,,,results/basis_a4/whisper/raw/decoder/seame_dev_man/L23/Raw_decoder_L23_oracle_local_rho0.5.json
whisper,Raw,decoder,seame_dev_man,24,0.7741935483870968,global,0.5,0.36020942408376966,0.5454545454545454,0.004188481675392652,0.14141414141414144,0.9124423963133641,0.9032258064516129,17,3,14,3622.3750171661377,876,4.13513129813486,,,,,results/basis_a4/whisper/raw/decoder/seame_dev_man/L24/Raw_decoder_L24_global_rho0.5.json
whisper,Raw,decoder,seame_dev_man,24,0.7741935483870968,oracle_local,0.5,0.3518324607329843,0.6767676767676768,0.012565445026178013,0.010101010101010055,0.9953917050691244,0.8709677419354839,5,4,1,275.3437819480896,68,4.049173263942494,,,,,results/basis_a4/whisper/raw/decoder/seame_dev_man/L24/Raw_decoder_L24_oracle_local_rho0.5.json
whisper,Raw,decoder,seame_dev_man,25,0.8064516129032258,global,0.5,0.39267015706806285,0.5757575757575758,-0.028272251308900542,0.11111111111111105,0.8725038402457758,0.967741935483871,12,1,11,3839.6600930690765,852,4.506643301724268,,,,,results/basis_a4/whisper/raw/decoder/seame_dev_man/L25/Raw_decoder_L25_global_rho0.5.json
whisper,Raw,decoder,seame_dev_man,25,0.8064516129032258,oracle_local,0.5,0.3507853403141361,0.6363636363636364,0.013612565445026203,0.0505050505050505,0.9969278033794163,0.967741935483871,6,1,5,299.71051049232483,68,4.407507507240071,,,,,results/basis_a4/whisper/raw/decoder/seame_dev_man/L25/Raw_decoder_L25_oracle_local_rho0.5.json
whisper,Raw,decoder,seame_dev_man,26,0.8387096774193549,global,0.5,0.39895287958115183,0.5656565656565656,-0.03455497382198952,0.12121212121212122,0.8632872503840245,0.8709677419354839,16,4,12,5310.7755789756775,1071,4.958707356653294,,,,,results/basis_a4/whisper/raw/decoder/seame_dev_man/L26/Raw_decoder_L26_global_rho0.5.json
whisper,Raw,decoder,seame_dev_man,26,0.8387096774193549,oracle_local,0.5,0.35706806282722514,0.6565656565656566,0.007329842931937169,0.030303030303030276,0.9938556067588326,0.967741935483871,4,1,3,336.91517972946167,69,4.882828691731328,,,,,results/basis_a4/whisper/raw/decoder/seame_dev_man/L26/Raw_decoder_L26_oracle_local_rho0.5.json
whisper,Raw,decoder,seame_dev_man,27,0.8709677419354839,global,0.5,0.4680628272251309,0.5959595959595959,-0.10366492146596856,0.09090909090909094,0.7711213517665131,0.9354838709677419,11,2,9,5194.954868793488,893,5.817418666062136,,,,,results/basis_a4/whisper/raw/decoder/seame_dev_man/L27/Raw_decoder_L27_global_rho0.5.json
whisper,Raw,decoder,seame_dev_man,27,0.8709677419354839,oracle_local,0.5,0.3507853403141361,0.6161616161616161,0.013612565445026203,0.07070707070707072,0.9877112135176651,0.967741935483871,8,1,7,391.2581157684326,68,5.753795820124009,,,,,results/basis_a4/whisper/raw/decoder/seame_dev_man/L27/Raw_decoder_L27_oracle_local_rho0.5.json
whisper,Raw,decoder,seame_dev_man,28,0.9032258064516129,global,0.5,0.4282722513089005,0.5656565656565656,-0.0638743455497382,0.12121212121212122,0.8233486943164362,0.9354838709677419,14,2,12,7249.395867824554,1068,6.787823846277672,,,,,results/basis_a4/whisper/raw/decoder/seame_dev_man/L28/Raw_decoder_L28_global_rho0.5.json
whisper,Raw,decoder,seame_dev_man,28,0.9032258064516129,oracle_local,0.5,0.3549738219895288,0.6464646464646465,0.009424083769633496,0.04040404040404033,0.9969278033794163,0.967741935483871,5,1,4,459.29785108566284,68,6.754380163024454,,,,,results/basis_a4/whisper/raw/decoder/seame_dev_man/L28/Raw_decoder_L28_oracle_local_rho0.5.json
whisper,Raw,decoder,seame_dev_man,29,0.9354838709677419,global,0.5,0.41151832460732984,0.5656565656565656,-0.04712041884816753,0.12121212121212122,0.8525345622119815,0.9032258064516129,15,3,12,9349.122146606445,1244,7.515371500487496,,,,,results/basis_a4/whisper/raw/decoder/seame_dev_man/L29/Raw_decoder_L29_global_rho0.5.json
whisper,Raw,decoder,seame_dev_man,29,0.9354838709677419,oracle_local,0.5,0.3633507853403141,0.6767676767676768,0.0010471204188481908,0.010101010101010055,0.9969278033794163,0.8709677419354839,5,4,1,510.74296522140503,68,7.5109259591383095,,,,,results/basis_a4/whisper/raw/decoder/seame_dev_man/L29/Raw_decoder_L29_oracle_local_rho0.5.json
whisper,Raw,decoder,seame_dev_man,30,0.967741935483871,global,0.5,0.4157068062827225,0.5555555555555556,-0.051308900523560186,0.13131313131313127,0.8571428571428571,0.9354838709677419,15,2,13,7299.790832042694,910,8.021748167079883,,,,,results/basis_a4/whisper/raw/decoder/seame_dev_man/L30/Raw_decoder_L30_global_rho0.5.json
whisper,Raw,decoder,seame_dev_man,30,0.967741935483871,oracle_local,0.5,0.3633507853403141,0.6767676767676768,0.0010471204188481908,0.010101010101010055,0.9969278033794163,0.9354838709677419,3,2,1,552.1085724830627,69,8.001573514247287,,,,,results/basis_a4/whisper/raw/decoder/seame_dev_man/L30/Raw_decoder_L30_oracle_local_rho0.5.json
whisper,Raw,decoder,seame_dev_man,31,1.0,global,0.5,0.39790575916230364,0.5757575757575758,-0.03350785340314133,0.11111111111111105,0.8878648233486943,0.9032258064516129,14,3,11,8043.215002536774,911,8.82899561200524,,,,,results/basis_a4/whisper/raw/decoder/seame_dev_man/L31/Raw_decoder_L31_global_rho0.5.json
whisper,Raw,decoder,seame_dev_man,31,1.0,oracle_local,0.5,0.36963350785340315,0.6868686868686869,-0.005235602094240843,0.0,0.9923195084485407,0.9354838709677419,2,2,0,600.741473197937,68,8.834433429381427,,,,,results/basis_a4/whisper/raw/decoder/seame_dev_man/L31/Raw_decoder_L31_oracle_local_rho0.5.json
whisper,Raw,decoder,seame_dev_sge,0,0.0,global,0.5,0.3130034522439586,0.8636363636363636,-0.010356731875719227,-0.03409090909090906,0.9866666666666667,0.8,0,3,-3,738.8838772773743,714,1.0348513687358183,,,,,results/basis_a4/whisper/raw/decoder/seame_dev_sge/L00/Raw_decoder_L0_global_rho0.5.json
whisper,Raw,decoder,seame_dev_sge,0,0.0,oracle_local,0.5,0.30264672036823936,0.8295454545454546,0.0,0.0,0.9983333333333333,1.0,0,0,0,39.706932067871094,38,1.0449192649439762,,,,,results/basis_a4/whisper/raw/decoder/seame_dev_sge/L00/Raw_decoder_L0_oracle_local_rho0.5.json
whisper,Raw,decoder,seame_dev_sge,1,0.03225806451612903,global,0.5,0.30724971231300346,0.875,-0.004602991944764101,-0.045454545454545414,0.9883333333333333,0.7333333333333333,0,4,-4,1164.5192638635635,716,1.626423552882072,,,,,results/basis_a4/whisper/raw/decoder/seame_dev_sge/L01/Raw_decoder_L1_global_rho0.5.json
whisper,Raw,decoder,seame_dev_sge,1,0.03225806451612903,oracle_local,0.5,0.3037974683544304,0.8295454545454546,-0.0011507479861910253,0.0,0.9966666666666667,1.0,0,0,0,62.734785199165344,38,1.6509153999780353,,,,,results/basis_a4/whisper/raw/decoder/seame_dev_sge/L01/Raw_decoder_L1_oracle_local_rho0.5.json
whisper,Raw,decoder,seame_dev_sge,2,0.06451612903225806,global,0.5,0.31070195627157654,0.875,-0.008055235903337177,-0.045454545454545414,0.9866666666666667,0.7333333333333333,0,4,-4,1332.2265512943268,703,1.8950591056818304,,,,,results/basis_a4/whisper/raw/decoder/seame_dev_sge/L02/Raw_decoder_L2_global_rho0.5.json
whisper,Raw,decoder,seame_dev_sge,2,0.06451612903225806,oracle_local,0.5,0.3037974683544304,0.8295454545454546,-0.0011507479861910253,0.0,0.9966666666666667,1.0,0,0,0,73.3986828327179,38,1.9315442850715236,,,,,results/basis_a4/whisper/raw/decoder/seame_dev_sge/L02/Raw_decoder_L2_oracle_local_rho0.5.json
whisper,Raw,decoder,seame_dev_sge,3,0.0967741935483871,global,0.5,0.3176064441887227,0.8636363636363636,-0.014959723820483328,-0.03409090909090906,0.98,0.7333333333333333,1,4,-3,1481.673233628273,705,2.101664161174855,,,,,results/basis_a4/whisper/raw/decoder/seame_dev_sge/L03/Raw_decoder_L3_global_rho0.5.json
whisper,Raw,decoder,seame_dev_sge,3,0.0967741935483871,oracle_local,0.5,0.30609896432681244,0.8295454545454546,-0.0034522439585730758,0.0,0.9933333333333333,1.0,0,0,0,81.58241593837738,38,2.1469056825888786,,,,,results/basis_a4/whisper/raw/decoder/seame_dev_sge/L03/Raw_decoder_L3_oracle_local_rho0.5.json
whisper,Raw,decoder,seame_dev_sge,4,0.12903225806451613,global,0.5,0.3176064441887227,0.875,-0.014959723820483328,-0.045454545454545414,0.975,0.7333333333333333,0,4,-4,1525.7005896568298,703,2.170271109042432,,,,,results/basis_a4/whisper/raw/decoder/seame_dev_sge/L04/Raw_decoder_L4_global_rho0.5.json
whisper,Raw,decoder,seame_dev_sge,4,0.12903225806451613,oracle_local,0.5,0.30724971231300346,0.8295454545454546,-0.004602991944764101,0.0,0.9916666666666667,1.0,0,0,0,84.42120957374573,38,2.2216107782564665,,,,,results/basis_a4/whisper/raw/decoder/seame_dev_sge/L04/Raw_decoder_L4_oracle_local_rho0.5.json
whisper,Raw,decoder,seame_dev_sge,5,0.16129032258064516,global,0.5,0.3141542002301496,0.8636363636363636,-0.011507479861910253,-0.03409090909090906,0.985,0.7333333333333333,1,4,-3,1580.1626026630402,701,2.2541549253395723,,,,,results/basis_a4/whisper/raw/decoder/seame_dev_sge/L05/Raw_decoder_L5_global_rho0.5.json
whisper,Raw,decoder,seame_dev_sge,5,0.16129032258064516,oracle_local,0.5,0.30724971231300346,0.8295454545454546,-0.004602991944764101,0.0,0.9916666666666667,1.0,0,0,0,87.5144271850586,38,2.3030112417120683,,,,,results/basis_a4/whisper/raw/decoder/seame_dev_sge/L05/Raw_decoder_L5_oracle_local_rho0.5.json
whisper,Raw,decoder,seame_dev_sge,6,0.1935483870967742,global,0.5,0.3187571921749137,0.875,-0.016110471806674354,-0.045454545454545414,0.9733333333333334,0.7333333333333333,0,4,-4,1687.599469423294,709,2.3802531303572554,,,,,results/basis_a4/whisper/raw/decoder/seame_dev_sge/L06/Raw_decoder_L6_global_rho0.5.json
whisper,Raw,decoder,seame_dev_sge,6,0.1935483870967742,oracle_local,0.5,0.30264672036823936,0.8295454545454546,0.0,0.0,0.9983333333333333,1.0,0,0,0,92.40609526634216,38,2.4317393491142676,,,,,results/basis_a4/whisper/raw/decoder/seame_dev_sge/L06/Raw_decoder_L6_oracle_local_rho0.5.json
whisper,Raw,decoder,seame_dev_sge,7,0.22580645161290322,global,0.5,0.3233601841196778,0.875,-0.020713463751438455,-0.045454545454545414,0.97,0.7333333333333333,0,4,-4,1801.3634535074234,705,2.5551254659679765,,,,,results/basis_a4/whisper/raw/decoder/seame_dev_sge/L07/Raw_decoder_L7_global_rho0.5.json
whisper,Raw,decoder,seame_dev_sge,7,0.22580645161290322,oracle_local,0.5,0.30149597238204834,0.8295454545454546,0.0011507479861910253,0.0,1.0,1.0,0,0,0,99.63400530815125,38,2.621947508109243,,,,,results/basis_a4/whisper/raw/decoder/seame_dev_sge/L07/Raw_decoder_L7_oracle_local_rho0.5.json
whisper,Raw,decoder,seame_dev_sge,8,0.25806451612903225,global,0.5,0.3222094361334868,0.8522727272727273,-0.01956271576524743,-0.022727272727272707,0.9683333333333334,0.7333333333333333,2,4,-2,1980.102358341217,714,2.7732526027187916,,,,,results/basis_a4/whisper/raw/decoder/seame_dev_sge/L08/Raw_decoder_L8_global_rho0.5.json
whisper,Raw,decoder,seame_dev_sge,8,0.25806451612903225,oracle_local,0.5,0.30264672036823936,0.8295454545454546,0.0,0.0,0.9983333333333333,1.0,0,0,0,107.69194197654724,38,2.8339984730670325,,,,,results/basis_a4/whisper/raw/decoder/seame_dev_sge/L08/Raw_decoder_L8_oracle_local_rho0.5.json
whisper,Raw,decoder,seame_dev_sge,9,0.2903225806451613,global,0.5,0.3222094361334868,0.8522727272727273,-0.01956271576524743,-0.022727272727272707,0.9683333333333334,0.7333333333333333,2,4,-2,1967.9688637256622,708,2.7796170391605397,,,,,results/basis_a4/whisper/raw/decoder/seame_dev_sge/L09/Raw_decoder_L9_global_rho0.5.json
whisper,Raw,decoder,seame_dev_sge,9,0.2903225806451613,oracle_local,0.5,0.30609896432681244,0.8295454545454546,-0.0034522439585730758,0.0,0.9933333333333333,1.0,0,0,0,107.87239193916321,38,2.8387471562937687,,,,,results/basis_a4/whisper/raw/decoder/seame_dev_sge/L09/Raw_decoder_L9_oracle_local_rho0.5.json
whisper,Raw,decoder,seame_dev_sge,10,0.3225806451612903,global,0.5,0.31530494821634064,0.8636363636363636,-0.012658227848101278,-0.03409090909090906,0.9783333333333334,0.7333333333333333,1,4,-3,2036.7272472381592,704,2.893078476190567,,,,,results/basis_a4/whisper/raw/decoder/seame_dev_sge/L10/Raw_decoder_L10_global_rho0.5.json
whisper,Raw,decoder,seame_dev_sge,10,0.3225806451612903,oracle_local,0.5,0.3084004602991945,0.8409090909090909,-0.005753739930955126,-0.011363636363636354,0.9933333333333333,0.9333333333333333,0,1,-1,112.10857105255127,38,2.9502255540145073,,,,,results/basis_a4/whisper/raw/decoder/seame_dev_sge/L10/Raw_decoder_L10_oracle_local_rho0.5.json
whisper,Raw,decoder,seame_dev_sge,11,0.3548387096774194,global,0.5,0.31990794016110474,0.8636363636363636,-0.01726121979286538,-0.03409090909090906,0.97,0.7333333333333333,1,4,-3,2077.9832277297974,707,2.93915590909448,,,,,results/basis_a4/whisper/raw/decoder/seame_dev_sge/L11/Raw_decoder_L11_global_rho0.5.json
whisper,Raw,decoder,seame_dev_sge,11,0.3548387096774194,oracle_local,0.5,0.30724971231300346,0.8409090909090909,-0.004602991944764101,-0.011363636363636354,0.995,0.9333333333333333,0,1,-1,113.77120447158813,38,2.9939790650417932,,,,,results/basis_a4/whisper/raw/decoder/seame_dev_sge/L11/Raw_decoder_L11_oracle_local_rho0.5.json
whisper,Raw,decoder,seame_dev_sge,12,0.3870967741935484,global,0.5,0.31185270425776757,0.8636363636363636,-0.009205983889528202,-0.03409090909090906,0.9766666666666667,0.7333333333333333,1,4,-3,2208.24827003479,723,3.0542852974201797,,,,,results/basis_a4/whisper/raw/decoder/seame_dev_sge/L12/Raw_decoder_L12_global_rho0.5.json
whisper,Raw,decoder,seame_dev_sge,12,0.3870967741935484,oracle_local,0.5,0.3095512082853855,0.8409090909090909,-0.0069044879171461515,-0.011363636363636354,0.9933333333333333,0.9333333333333333,0,1,-1,117.95272898674011,38,3.104019183861582,,,,,results/basis_a4/whisper/raw/decoder/seame_dev_sge/L12/Raw_decoder_L12_oracle_local_rho0.5.json
whisper,Raw,decoder,seame_dev_sge,13,0.41935483870967744,global,0.5,0.2945914844649022,0.8295454545454546,0.008055235903337177,0.0,0.98,0.8,3,3,0,2325.165651321411,724,3.211554767018524,,,,,results/basis_a4/whisper/raw/decoder/seame_dev_sge/L13/Raw_decoder_L13_global_rho0.5.json
whisper,Raw,decoder,seame_dev_sge,13,0.41935483870967744,oracle_local,0.5,0.3049482163406214,0.8295454545454546,-0.0023014959723820505,0.0,0.9966666666666667,1.0,0,0,0,124.02273511886597,38,3.263756187338578,,,,,results/basis_a4/whisper/raw/decoder/seame_dev_sge/L13/Raw_decoder_L13_oracle_local_rho0.5.json
whisper,Raw,decoder,seame_dev_sge,14,0.45161290322580644,global,0.5,0.2957422324510932,0.8181818181818182,0.0069044879171461515,0.011363636363636354,0.9783333333333334,0.8,4,3,1,2384.376302242279,727,3.2797473208284442,,,,,results/basis_a4/whisper/raw/decoder/seame_dev_sge/L14/Raw_decoder_L14_global_rho0.5.json
whisper,Raw,decoder,seame_dev_sge,14,0.45161290322580644,oracle_local,0.5,0.3037974683544304,0.8295454545454546,-0.0011507479861910253,0.0,0.9983333333333333,1.0,0,0,0,126.50748229026794,38,3.3291442707965246,,,,,results/basis_a4/whisper/raw/decoder/seame_dev_sge/L14/Raw_decoder_L14_oracle_local_rho0.5.json
whisper,Raw,decoder,seame_dev_sge,15,0.4838709677419355,global,0.5,0.29228998849252014,0.8068181818181818,0.010356731875719227,0.022727272727272818,0.985,1.0,2,0,2,2326.1993248462677,716,3.2488817386121056,,,,,results/basis_a4/whisper/raw/decoder/seame_dev_sge/L15/Raw_decoder_L15_global_rho0.5.json
whisper,Raw,decoder,seame_dev_sge,15,0.4838709677419355,oracle_local,0.5,0.3003452243958573,0.8295454545454546,0.0023014959723820505,0.0,1.0,1.0,0,0,0,125.17231130599976,38,3.2940081922631514,,,,,results/basis_a4/whisper/raw/decoder/seame_dev_sge/L15/Raw_decoder_L15_oracle_local_rho0.5.json
whisper,Raw,decoder,seame_dev_sge,16,0.5161290322580645,global,0.5,0.2899884925201381,0.7954545454545454,0.012658227848101278,0.03409090909090917,0.99,1.0,3,0,3,2451.891417980194,718,3.414890554289964,,,,,results/basis_a4/whisper/raw/decoder/seame_dev_sge/L16/Raw_decoder_L16_global_rho0.5.json
whisper,Raw,decoder,seame_dev_sge,16,0.5161290322580645,oracle_local,0.5,0.30264672036823936,0.8295454545454546,0.0,0.0,1.0,1.0,0,0,0,131.43280267715454,38,3.4587579651882776,,,,,results/basis_a4/whisper/raw/decoder/seame_dev_sge/L16/Raw_decoder_L16_oracle_local_rho0.5.json
whisper,Raw,decoder,seame_dev_sge,17,0.5483870967741935,global,0.5,0.285385500575374,0.7840909090909091,0.01726121979286538,0.045454545454545525,0.9866666666666667,1.0,4,0,4,2481.1745557785034,714,3.4750343918466435,,,,,results/basis_a4/whisper/raw/decoder/seame_dev_sge/L17/Raw_decoder_L17_global_rho0.5.json
whisper,Raw,decoder,seame_dev_sge,17,0.5483870967741935,oracle_local,0.5,0.30609896432681244,0.8409090909090909,-0.0034522439585730758,-0.011363636363636354,0.9983333333333333,0.9333333333333333,0,1,-1,133.2494978904724,38,3.5065657339598,,,,,results/basis_a4/whisper/raw/decoder/seame_dev_sge/L17/Raw_decoder_L17_oracle_local_rho0.5.json
whisper,Raw,decoder,seame_dev_sge,18,0.5806451612903226,global,0.5,0.3084004602991945,0.8068181818181818,-0.005753739930955126,0.022727272727272818,0.9783333333333334,1.0,2,0,2,2412.26478266716,697,3.460925082736241,,,,,results/basis_a4/whisper/raw/decoder/seame_dev_sge/L18/Raw_decoder_L18_global_rho0.5.json
whisper,Raw,decoder,seame_dev_sge,18,0.5806451612903226,oracle_local,0.5,0.30149597238204834,0.8295454545454546,0.0011507479861910253,0.0,0.9983333333333333,1.0,0,0,0,132.661860704422,38,3.491101597484789,,,,,results/basis_a4/whisper/raw/decoder/seame_dev_sge/L18/Raw_decoder_L18_oracle_local_rho0.5.json
whisper,Raw,decoder,seame_dev_sge,19,0.6129032258064516,global,0.5,0.30264672036823936,0.8181818181818182,0.0,0.011363636363636354,0.9883333333333333,1.0,1,0,1,2510.6651215553284,707,3.551152930064114,,,,,results/basis_a4/whisper/raw/decoder/seame_dev_sge/L19/Raw_decoder_L19_global_rho0.5.json
whisper,Raw,decoder,seame_dev_sge,19,0.6129032258064516,oracle_local,0.5,0.3084004602991945,0.8295454545454546,-0.005753739930955126,0.0,0.9916666666666667,1.0,0,0,0,135.59032797813416,38,3.5681665257403723,,,,,results/basis_a4/whisper/raw/decoder/seame_dev_sge/L19/Raw_decoder_L19_oracle_local_rho0.5.json
whisper,Raw,decoder,seame_dev_sge,20,0.6451612903225806,global,0.5,0.2991944764096663,0.7954545454545454,0.0034522439585730758,0.03409090909090917,0.9816666666666667,1.0,3,0,3,2469.489928483963,686,3.59983954589499,,,,,results/basis_a4/whisper/raw/decoder/seame_dev_sge/L20/Raw_decoder_L20_global_rho0.5.json
whisper,Raw,decoder,seame_dev_sge,20,0.6451612903225806,oracle_local,0.5,0.30724971231300346,0.8295454545454546,-0.004602991944764101,0.0,0.9933333333333333,1.0,0,0,0,137.57014274597168,38,3.620266914367676,,,,,results/basis_a4/whisper/raw/decoder/seame_dev_sge/L20/Raw_decoder_L20_oracle_local_rho0.5.json
whisper,Raw,decoder,seame_dev_sge,21,0.6774193548387096,global,0.5,0.29344073647871116,0.8068181818181818,0.009205983889528202,0.022727272727272818,0.9633333333333334,1.0,2,0,2,2680.1686284542084,708,3.785548910246057,,,,,results/basis_a4/whisper/raw/decoder/seame_dev_sge/L21/Raw_decoder_L21_global_rho0.5.json
whisper,Raw,decoder,seame_dev_sge,21,0.6774193548387096,oracle_local,0.5,0.3037974683544304,0.8295454545454546,-0.0011507479861910253,0.0,0.9983333333333333,1.0,0,0,0,144.2694537639618,38,3.7965645727358366,,,,,results/basis_a4/whisper/raw/decoder/seame_dev_sge/L21/Raw_decoder_L21_oracle_local_rho0.5.json
whisper,Raw,decoder,seame_dev_sge,22,0.7096774193548387,global,0.5,0.3141542002301496,0.7727272727272727,-0.011507479861910253,0.05681818181818188,0.945,1.0,5,0,5,2678.737277984619,697,3.8432385623882626,,,,,results/basis_a4/whisper/raw/decoder/seame_dev_sge/L22/Raw_decoder_L22_global_rho0.5.json
whisper,Raw,decoder,seame_dev_sge,22,0.7096774193548387,oracle_local,0.5,0.30264672036823936,0.8295454545454546,0.0,0.0,1.0,1.0,0,0,0,146.25266671180725,38,3.8487543871528223,,,,,results/basis_a4/whisper/raw/decoder/seame_dev_sge/L22/Raw_decoder_L22_oracle_local_rho0.5.json
whisper,Raw,decoder,seame_dev_sge,23,0.7419354838709677,global,0.5,0.3037974683544304,0.7727272727272727,-0.0011507479861910253,0.05681818181818188,0.9466666666666667,1.0,5,0,5,2756.361449956894,695,3.9659876977797035,,,,,results/basis_a4/whisper/raw/decoder/seame_dev_sge/L23/Raw_decoder_L23_global_rho0.5.json
whisper,Raw,decoder,seame_dev_sge,23,0.7419354838709677,oracle_local,0.5,0.3084004602991945,0.8295454545454546,-0.005753739930955126,0.0,0.9916666666666667,1.0,0,0,0,151.18394494056702,38,3.9785248668570268,,,,,results/basis_a4/whisper/raw/decoder/seame_dev_sge/L23/Raw_decoder_L23_oracle_local_rho0.5.json
whisper,Raw,decoder,seame_dev_sge,24,0.7741935483870968,global,0.5,0.3302646720368239,0.7386363636363636,-0.02761795166858455,0.09090909090909094,0.9166666666666666,1.0,8,0,8,2876.9163823127747,690,4.1694440323373545,,,,,results/basis_a4/whisper/raw/decoder/seame_dev_sge/L24/Raw_decoder_L24_global_rho0.5.json
whisper,Raw,decoder,seame_dev_sge,24,0.7741935483870968,oracle_local,0.5,0.30724971231300346,0.8295454545454546,-0.004602991944764101,0.0,0.99,1.0,0,0,0,158.62409496307373,38,4.17431828850194,,,,,results/basis_a4/whisper/raw/decoder/seame_dev_sge/L24/Raw_decoder_L24_oracle_local_rho0.5.json
whisper,Raw,decoder,seame_dev_sge,25,0.8064516129032258,global,0.5,0.33601841196777904,0.7613636363636364,-0.03337169159953968,0.06818181818181823,0.91,1.0,6,0,6,3187.4279956817627,703,4.534036978210189,,,,,results/basis_a4/whisper/raw/decoder/seame_dev_sge/L25/Raw_decoder_L25_global_rho0.5.json
whisper,Raw,decoder,seame_dev_sge,25,0.8064516129032258,oracle_local,0.5,0.3084004602991945,0.8295454545454546,-0.005753739930955126,0.0,0.9883333333333333,1.0,0,0,0,172.41868257522583,38,4.537333751979627,,,,,results/basis_a4/whisper/raw/decoder/seame_dev_sge/L25/Raw_decoder_L25_oracle_local_rho0.5.json
whisper,Raw,decoder,seame_dev_sge,26,0.8387096774193549,global,0.5,0.3578826237054085,0.75,-0.05523590333716916,0.07954545454545459,0.8816666666666667,1.0,7,0,7,3651.7804367542267,731,4.9955956727144,,,,,results/basis_a4/whisper/raw/decoder/seame_dev_sge/L26/Raw_decoder_L26_global_rho0.5.json
whisper,Raw,decoder,seame_dev_sge,26,0.8387096774193549,oracle_local,0.5,0.3049482163406214,0.8295454545454546,-0.0023014959723820505,0.0,0.9916666666666667,1.0,0,0,0,190.28089475631714,38,5.007391967271504,,,,,results/basis_a4/whisper/raw/decoder/seame_dev_sge/L26/Raw_decoder_L26_oracle_local_rho0.5.json
whisper,Raw,decoder,seame_dev_sge,27,0.8709677419354839,global,0.5,0.3693901035673188,0.7613636363636364,-0.06674338319907941,0.06818181818181823,0.875,0.9333333333333333,7,1,6,4251.957905292511,722,5.889138372981317,,,,,results/basis_a4/whisper/raw/decoder/seame_dev_sge/L27/Raw_decoder_L27_global_rho0.5.json
whisper,Raw,decoder,seame_dev_sge,27,0.8709677419354839,oracle_local,0.5,0.2991944764096663,0.8295454545454546,0.0034522439585730758,0.0,0.9983333333333333,1.0,0,0,0,224.15753841400146,38,5.8988825898421435,,,,,results/basis_a4/whisper/raw/decoder/seame_dev_sge/L27/Raw_decoder_L27_oracle_local_rho0.5.json
whisper,Raw,decoder,seame_dev_sge,28,0.9032258064516129,global,0.5,0.5385500575373993,0.7613636363636364,-0.2359033371691599,0.06818181818181823,0.8416666666666667,0.8666666666666667,8,2,6,6110.568161487579,893,6.842741502225733,,,,,results/basis_a4/whisper/raw/decoder/seame_dev_sge/L28/Raw_decoder_L28_global_rho0.5.json
whisper,Raw,decoder,seame_dev_sge,28,0.9032258064516129,oracle_local,0.5,0.30149597238204834,0.8295454545454546,0.0011507479861910253,0.0,0.9983333333333333,1.0,0,0,0,261.38549041748047,38,6.8785655373021175,,,,,results/basis_a4/whisper/raw/decoder/seame_dev_sge/L28/Raw_decoder_L28_oracle_local_rho0.5.json
whisper,Raw,decoder,seame_dev_sge,29,0.9354838709677419,global,0.5,0.3751438434982739,0.7954545454545454,-0.07249712313003454,0.03409090909090917,0.86,0.8666666666666667,5,2,3,5402.264555454254,710,7.608823317541203,,,,,results/basis_a4/whisper/raw/decoder/seame_dev_sge/L29/Raw_decoder_L29_global_rho0.5.json
whisper,Raw,decoder,seame_dev_sge,29,0.9354838709677419,oracle_local,0.5,0.30264672036823936,0.8295454545454546,0.0,0.0,0.9983333333333333,1.0,0,0,0,289.57950735092163,38,7.620513351340043,,,,,results/basis_a4/whisper/raw/decoder/seame_dev_sge/L29/Raw_decoder_L29_oracle_local_rho0.5.json
whisper,Raw,decoder,seame_dev_sge,30,0.967741935483871,global,0.5,0.3762945914844649,0.7954545454545454,-0.07364787111622556,0.03409090909090917,0.8733333333333333,0.8666666666666667,5,2,3,5697.068566799164,704,8.092426941476084,,,,,results/basis_a4/whisper/raw/decoder/seame_dev_sge/L30/Raw_decoder_L30_global_rho0.5.json
whisper,Raw,decoder,seame_dev_sge,30,0.967741935483871,oracle_local,0.5,0.3003452243958573,0.8295454545454546,0.0023014959723820505,0.0,0.9983333333333333,1.0,0,0,0,308.1100115776062,38,8.10815819941069,,,,,results/basis_a4/whisper/raw/decoder/seame_dev_sge/L30/Raw_decoder_L30_oracle_local_rho0.5.json
whisper,Raw,decoder,seame_dev_sge,31,1.0,global,0.5,0.34637514384349827,0.7840909090909091,-0.043728423475258904,0.045454545454545525,0.905,0.9333333333333333,5,1,4,6442.672706604004,721,8.935745778923723,,,,,results/basis_a4/whisper/raw/decoder/seame_dev_sge/L31/Raw_decoder_L31_global_rho0.5.json
whisper,Raw,decoder,seame_dev_sge,31,1.0,oracle_local,0.5,0.3003452243958573,0.8295454545454546,0.0023014959723820505,0.0,1.0,1.0,0,0,0,340.8937931060791,38,8.97088929226524,,,,,results/basis_a4/whisper/raw/decoder/seame_dev_sge/L31/Raw_decoder_L31_oracle_local_rho0.5.json
whisper,Raw,encoder,cs_dialogue,0,0.0,global,0.5,0.2894314738905721,0.5268959435626103,-0.026970831105566473,-0.05687830687830692,0.9546357902013307,0.8344425956738769,70,199,-129,2948677.816772461,245535,9828.926055908203,,,,,results/basis_a4/whisper/raw/encoder/cs_dialogue/L00/Raw_encoder_L0_global_rho0.5.json
whisper,Raw,encoder,cs_dialogue,0,0.0,oracle_local,0.5,0.46367254797124696,0.6225749559082893,-0.20121190518624132,-0.1525573192239859,0.8551801607189147,0.6747088186356073,45,391,-346,951747.8973236084,79516,3172.4929910786946,,,,,results/basis_a4/whisper/raw/encoder/cs_dialogue/L00/Raw_encoder_L0_oracle_local_rho0.5.json
whisper,Raw,encoder,cs_dialogue,1,0.03225806451612903,global,0.5,0.32394700885166045,0.5066137566137566,-0.06148636606665481,-0.036596119929453275,0.9523027736973991,0.8452579034941764,103,186,-83,2612766.6087646484,245535,8709.222029215494,,,,,results/basis_a4/whisper/raw/encoder/cs_dialogue/L01/Raw_encoder_L1_global_rho0.5.json
whisper,Raw,encoder,cs_dialogue,1,0.03225806451612903,oracle_local,0.5,0.5778530267926097,0.6300705467372134,-0.3153923840076041,-0.16005291005291006,0.8474034390391428,0.6613976705490848,44,407,-363,849839.6896209717,79516,2832.798965403239,,,,,results/basis_a4/whisper/raw/encoder/cs_dialogue/L01/Raw_encoder_L1_oracle_local_rho0.5.json
whisper,Raw,encoder,cs_dialogue,2,0.06451612903225806,global,0.5,0.3062436879938217,0.4783950617283951,-0.04378304520881604,-0.008377425044091724,0.9505746133241165,0.8868552412645591,117,136,-19,2598116.487915039,245535,8660.38829305013,,,,,results/basis_a4/whisper/raw/encoder/cs_dialogue/L02/Raw_encoder_L2_global_rho0.5.json
whisper,Raw,encoder,cs_dialogue,2,0.06451612903225806,oracle_local,0.5,0.5537931444187013,0.6247795414462081,-0.2913325016336957,-0.1547619047619047,0.8565626890175408,0.668053244592346,48,399,-351,845090.1723480225,79516,2816.967241160075,,,,,results/basis_a4/whisper/raw/encoder/cs_dialogue/L02/Raw_encoder_L2_oracle_local_rho0.5.json
whisper,Raw,encoder,cs_dialogue,3,0.0967741935483871,global,0.5,0.31949147507871445,0.5004409171075838,-0.05703083229370881,-0.030423280423280408,0.9471182925775512,0.8386023294509152,125,194,-69,2562407.007446289,245535,8541.35669148763,,,,,results/basis_a4/whisper/raw/encoder/cs_dialogue/L03/Raw_encoder_L3_global_rho0.5.json
whisper,Raw,encoder,cs_dialogue,3,0.0967741935483871,oracle_local,0.5,0.5599714845838532,0.6234567901234568,-0.2975108417988475,-0.15343915343915343,0.8503413116737233,0.6572379367720466,64,412,-348,834627.1986083984,79516,2782.0906620279948,,,,,results/basis_a4/whisper/raw/encoder/cs_dialogue/L03/Raw_encoder_L3_oracle_local_rho0.5.json
whisper,Raw,encoder,cs_dialogue,4,0.12903225806451613,global,0.5,0.31236262104200085,0.5026455026455027,-0.049901978256995216,-0.03262786596119932,0.944958092110948,0.8153078202995009,148,222,-74,2540751.4927978516,245535,8469.171642659505,,,,,results/basis_a4/whisper/raw/encoder/cs_dialogue/L04/Raw_encoder_L4_global_rho0.5.json
whisper,Raw,encoder,cs_dialogue,4,0.12903225806451613,oracle_local,0.5,0.5751202994118696,0.6353615520282186,-0.31265965662686396,-0.1653439153439153,0.8495636395057461,0.6397670549084858,58,433,-375,828343.7639160156,79516,2761.145879720052,,,,,results/basis_a4/whisper/raw/encoder/cs_dialogue/L04/Raw_encoder_L4_oracle_local_rho0.5.json
whisper,Raw,encoder,cs_dialogue,5,0.16129032258064516,global,0.5,0.3027386680924375,0.5030864197530864,-0.04027802530743185,-0.03306878306878308,0.9460813963535816,0.8402662229617305,117,192,-75,2538167.482055664,245535,8460.55827351888,,,,,results/basis_a4/whisper/raw/encoder/cs_dialogue/L05/Raw_encoder_L5_global_rho0.5.json
whisper,Raw,encoder,cs_dialogue,5,0.16129032258064516,oracle_local,0.5,0.5919325135151191,0.6318342151675485,-0.32947187073011347,-0.1618165784832451,0.8499092715804026,0.6439267886855241,61,428,-367,828048.7041320801,79516,2760.162347106934,,,,,results/basis_a4/whisper/raw/encoder/cs_dialogue/L05/Raw_encoder_L5_oracle_local_rho0.5.json
whisper,Raw,encoder,cs_dialogue,6,0.1935483870967742,global,0.5,0.28889680983781857,0.49250440917107585,-0.02643616705281293,-0.0224867724867725,0.9465998444655664,0.8419301164725458,139,190,-51,2539545.3040771484,245535,8465.151013590495,,,,,results/basis_a4/whisper/raw/encoder/cs_dialogue/L06/Raw_encoder_L6_global_rho0.5.json
whisper,Raw,encoder,cs_dialogue,6,0.1935483870967742,oracle_local,0.5,0.612546783104616,0.63668430335097,-0.35008614031961033,-0.16666666666666669,0.8501684956363951,0.6239600665557404,74,452,-378,828455.8692779541,79516,2761.519564259847,,,,,results/basis_a4/whisper/raw/encoder/cs_dialogue/L06/Raw_encoder_L6_oracle_local_rho0.5.json
whisper,Raw,encoder,cs_dialogue,7,0.22580645161290322,global,0.5,0.29234242262223015,0.5163139329805997,-0.02988177983722451,-0.046296296296296335,0.9387367147671304,0.7995008319467554,136,241,-105,2513360.651489258,245535,8377.868838297525,,,,,results/basis_a4/whisper/raw/encoder/cs_dialogue/L07/Raw_encoder_L7_global_rho0.5.json
whisper,Raw,encoder,cs_dialogue,7,0.22580645161290322,oracle_local,0.5,0.6313788391849343,0.6569664902998237,-0.3689181963999287,-0.18694885361552033,0.8503413116737233,0.5881863560732113,71,495,-424,820767.9210510254,79516,2735.8930701700847,,,,,results/basis_a4/whisper/raw/encoder/cs_dialogue/L07/Raw_encoder_L7_oracle_local_rho0.5.json
whisper,Raw,encoder,cs_dialogue,8,0.25806451612903225,global,0.5,0.31931325372779656,0.517636684303351,-0.056852610942790927,-0.047619047619047616,0.9264667761168236,0.8119800332778702,118,226,-108,2528559.2758789062,245535,8428.530919596355,,,,,results/basis_a4/whisper/raw/encoder/cs_dialogue/L08/Raw_encoder_L8_global_rho0.5.json
whisper,Raw,encoder,cs_dialogue,8,0.25806451612903225,oracle_local,0.5,0.648488088873047,0.6640211640211641,-0.38602744608804135,-0.19400352733686071,0.8471442149831504,0.5831946755407654,61,501,-440,825670.6522521973,79516,2752.235507507324,,,,,results/basis_a4/whisper/raw/encoder/cs_dialogue/L08/Raw_encoder_L8_oracle_local_rho0.5.json
whisper,Raw,encoder,cs_dialogue,9,0.2903225806451613,global,0.5,0.32947187073011347,0.5216049382716049,-0.06701122794510783,-0.05158730158730157,0.9205046228289986,0.7995008319467554,124,241,-117,2528532.604370117,245535,8428.442014567057,,,,,results/basis_a4/whisper/raw/encoder/cs_dialogue/L09/Raw_encoder_L9_global_rho0.5.json
whisper,Raw,encoder,cs_dialogue,9,0.2903225806451613,oracle_local,0.5,0.6531812511138835,0.6657848324514991,-0.39072060832887784,-0.19576719576719576,0.8389354532100579,0.5640599001663894,80,524,-444,825871.0935668945,79516,2752.9036452229816,,,,,results/basis_a4/whisper/raw/encoder/cs_dialogue/L09/Raw_encoder_L9_oracle_local_rho0.5.json
whisper,Raw,encoder,cs_dialogue,10,0.3225806451612903,global,0.5,0.31919443949385135,0.5268959435626103,-0.05673379670884571,-0.05687830687830692,0.9229240473515943,0.802828618968386,108,237,-129,2563204.419189453,245535,8544.01473063151,,,,,results/basis_a4/whisper/raw/encoder/cs_dialogue/L10/Raw_encoder_L10_global_rho0.5.json
whisper,Raw,encoder,cs_dialogue,10,0.3225806451612903,oracle_local,0.5,0.5347828669874651,0.6291887125220459,-0.2723222242024595,-0.15917107583774254,0.8402315734900199,0.6339434276206323,79,440,-361,835116.4823913574,79516,2783.7216079711916,,,,,results/basis_a4/whisper/raw/encoder/cs_dialogue/L10/Raw_encoder_L10_oracle_local_rho0.5.json
whisper,Raw,encoder,cs_dialogue,11,0.3548387096774194,global,0.5,0.3243034515534961,0.5238095238095238,-0.061842808768490465,-0.05379188712522048,0.9160114058584636,0.8119800332778702,104,226,-122,2561453.9709472656,245535,8538.179903157552,,,,,results/basis_a4/whisper/raw/encoder/cs_dialogue/L11/Raw_encoder_L11_global_rho0.5.json
whisper,Raw,encoder,cs_dialogue,11,0.3548387096774194,oracle_local,0.5,0.5414364640883977,0.6393298059964727,-0.2789758213033921,-0.16931216931216936,0.8387626371727296,0.6231281198003328,69,453,-384,834572.8045501709,79516,2781.9093485005696,,,,,results/basis_a4/whisper/raw/encoder/cs_dialogue/L11/Raw_encoder_L11_oracle_local_rho0.5.json
whisper,Raw,encoder,cs_dialogue,12,0.3870967741935484,global,0.5,0.32127368858789285,0.531305114638448,-0.05881304580288721,-0.06128747795414463,0.9112589648319364,0.7920133111480865,111,250,-139,2556861.2963867188,245535,8522.87098795573,,,,,results/basis_a4/whisper/raw/encoder/cs_dialogue/L12/Raw_encoder_L12_global_rho0.5.json
whisper,Raw,encoder,cs_dialogue,12,0.3870967741935484,oracle_local,0.5,0.6067842927582724,0.6706349206349206,-0.34432364997326675,-0.20061728395061723,0.8226043376825369,0.5690515806988353,63,518,-455,833818.8483276367,79516,2779.3961610921224,,,,,results/basis_a4/whisper/raw/encoder/cs_dialogue/L12/Raw_encoder_L12_oracle_local_rho0.5.json
whisper,Raw,encoder,cs_dialogue,13,0.41935483870967744,global,0.5,0.3532347175191588,0.5462962962962963,-0.09077407473415317,-0.07627865961199293,0.8914715285578502,0.7354409317803661,145,318,-173,2551917.098876953,245535,8506.390329589844,,,,,results/basis_a4/whisper/raw/encoder/cs_dialogue/L13/Raw_encoder_L13_global_rho0.5.json
whisper,Raw,encoder,cs_dialogue,13,0.41935483870967744,oracle_local,0.5,0.6950632685795758,0.6710758377425045,-0.43260262579457015,-0.2010582010582011,0.8072237103603215,0.5482529118136439,87,543,-456,832756.3045806885,79516,2775.854348602295,,,,,results/basis_a4/whisper/raw/encoder/cs_dialogue/L13/Raw_encoder_L13_oracle_local_rho0.5.json
whisper,Raw,encoder,cs_dialogue,14,0.45161290322580644,global,0.5,0.45161290322580644,0.6071428571428571,-0.1891522604408008,-0.13712522045855374,0.8060139980990236,0.6580698835274542,100,411,-311,2541464.1416015625,245535,8471.547138671875,,,,,results/basis_a4/whisper/raw/encoder/cs_dialogue/L14/Raw_encoder_L14_global_rho0.5.json
whisper,Raw,encoder,cs_dialogue,14,0.45161290322580644,oracle_local,0.5,0.8065704271371711,0.718694885361552,-0.5441097843521654,-0.24867724867724866,0.7302341657305798,0.4750415973377704,67,631,-564,830340.1852416992,79516,2767.800617472331,,,,,results/basis_a4/whisper/raw/encoder/cs_dialogue/L14/Raw_encoder_L14_oracle_local_rho0.5.json
whisper,Raw,encoder,cs_dialogue,15,0.4838709677419355,global,0.5,0.3952355492187964,0.5718694885361552,-0.13277490643379075,-0.1018518518518518,0.8725481724704053,0.7071547420965059,121,352,-231,2555832.321411133,245535,8519.441071370442,,,,,results/basis_a4/whisper/raw/encoder/cs_dialogue/L15/Raw_encoder_L15_global_rho0.5.json
whisper,Raw,encoder,cs_dialogue,15,0.4838709677419355,oracle_local,0.5,0.8402542624606428,0.6825396825396826,-0.5777936196756372,-0.2125220458553792,0.7895964745528385,0.5391014975041597,72,554,-482,833687.3614349365,79516,2778.9578714497884,,,,,results/basis_a4/whisper/raw/encoder/cs_dialogue/L15/Raw_encoder_L15_oracle_local_rho0.5.json
whisper,Raw,encoder,cs_dialogue,16,0.5161290322580645,global,0.5,0.3755123863838888,0.5758377425044092,-0.11305174359888315,-0.10582010582010587,0.8850773351767044,0.7021630615640599,118,358,-240,2583386.285888672,245535,8611.287619628907,,,,,results/basis_a4/whisper/raw/encoder/cs_dialogue/L16/Raw_encoder_L16_global_rho0.5.json
whisper,Raw,encoder,cs_dialogue,16,0.5161290322580645,oracle_local,0.5,0.6813402245589022,0.6957671957671958,-0.41887958177389656,-0.22574955908289246,0.8176790806186814,0.5224625623960066,62,574,-512,841006.1593322754,79516,2803.353864440918,,,,,results/basis_a4/whisper/raw/encoder/cs_dialogue/L16/Raw_encoder_L16_oracle_local_rho0.5.json
whisper,Raw,encoder,cs_dialogue,17,0.5483870967741935,global,0.5,0.42030535258123924,0.5970017636684304,-0.1578447097962336,-0.12698412698412703,0.8225179296638728,0.6605657237936772,120,408,-288,2584840.208129883,245535,8616.13402709961,,,,,results/basis_a4/whisper/raw/encoder/cs_dialogue/L17/Raw_encoder_L17_global_rho0.5.json
whisper,Raw,encoder,cs_dialogue,17,0.5483870967741935,oracle_local,0.5,0.6388641359234837,0.7129629629629629,-0.37640349313847804,-0.24294532627865956,0.7954722198219994,0.49584026622296173,55,606,-551,841178.3278045654,79516,2803.9277593485513,,,,,results/basis_a4/whisper/raw/encoder/cs_dialogue/L17/Raw_encoder_L17_oracle_local_rho0.5.json
whisper,Raw,encoder,cs_dialogue,18,0.5806451612903226,global,0.5,0.5087625497534605,0.6375661375661376,-0.24630190696845483,-0.1675485008818342,0.7664391255508511,0.5923460898502496,110,490,-380,2587455.7834472656,245535,8624.852611490885,,,,,results/basis_a4/whisper/raw/encoder/cs_dialogue/L18/Raw_encoder_L18_global_rho0.5.json
whisper,Raw,encoder,cs_dialogue,18,0.5806451612903226,oracle_local,0.5,0.5679914453751559,0.6869488536155203,-0.30553080259015025,-0.21693121693121692,0.8039402056510844,0.5232945091514143,81,573,-492,840711.674407959,79516,2802.37224802653,,,,,results/basis_a4/whisper/raw/encoder/cs_dialogue/L18/Raw_encoder_L18_oracle_local_rho0.5.json
whisper,Raw,encoder,cs_dialogue,19,0.6129032258064516,global,0.5,0.5332382819461772,0.718694885361552,-0.27077763916117153,-0.24867724867724866,0.715976842650998,0.4475873544093178,100,664,-564,2570981.474975586,245535,8569.93824991862,,,,,results/basis_a4/whisper/raw/encoder/cs_dialogue/L19/Raw_encoder_L19_global_rho0.5.json
whisper,Raw,encoder,cs_dialogue,19,0.6129032258064516,oracle_local,0.5,0.6598348482148161,0.7222222222222222,-0.39737420542981045,-0.25220458553791886,0.7287652294132896,0.4800332778702163,53,625,-572,835688.3257446289,79516,2785.627752482096,,,,,results/basis_a4/whisper/raw/encoder/cs_dialogue/L19/Raw_encoder_L19_oracle_local_rho0.5.json
whisper,Raw,encoder,cs_dialogue,20,0.6451612903225806,global,0.5,0.8080556050614863,0.7760141093474426,-0.5455949622764806,-0.3059964726631393,0.4249546357902013,0.3261231281198003,116,810,-694,2578349.9389648438,245535,8594.499796549479,,,,,results/basis_a4/whisper/raw/encoder/cs_dialogue/L20/Raw_encoder_L20_global_rho0.5.json
whisper,Raw,encoder,cs_dialogue,20,0.6451612903225806,oracle_local,0.5,0.5991801817857779,0.7835097001763669,-0.3367195390007723,-0.31349206349206354,0.6863388922492007,0.370216306156406,46,757,-711,835692.7704925537,79516,2785.642568308512,,,,,results/basis_a4/whisper/raw/encoder/cs_dialogue/L20/Raw_encoder_L20_oracle_local_rho0.5.json
whisper,Raw,encoder,cs_dialogue,21,0.6774193548387096,global,0.5,1.5614566625081685,1.0,-1.298996019723163,-0.5299823633156966,0.12261297848440335,0.0,0,1202,-1202,2780831.831176758,245535,9269.43943725586,,,,,results/basis_a4/whisper/raw/encoder/cs_dialogue/L21/Raw_encoder_L21_global_rho0.5.json
whisper,Raw,encoder,cs_dialogue,21,0.6774193548387096,oracle_local,0.5,0.5987643319669697,0.7945326278659612,-0.336303689181964,-0.3245149911816579,0.7069040006912641,0.37603993344425957,14,750,-736,893059.599685669,79516,2976.865332285563,,,,,results/basis_a4/whisper/raw/encoder/cs_dialogue/L21/Raw_encoder_L21_oracle_local_rho0.5.json
whisper,Raw,encoder,cs_dialogue,22,0.7096774193548387,global,0.5,1.5809421968751856,0.9986772486772487,-1.31848155409018,-0.5286596119929454,0.14896742417696363,0.0008319467554076539,2,1201,-1199,2782046.560546875,245535,9273.48853515625,,,,,results/basis_a4/whisper/raw/encoder/cs_dialogue/L22/Raw_encoder_L22_global_rho0.5.json
whisper,Raw,encoder,cs_dialogue,22,0.7096774193548387,oracle_local,0.5,0.5514168597397968,0.7667548500881834,-0.2889562169547912,-0.2967372134038801,0.7363691350557332,0.4209650582362729,23,696,-673,892745.99269104,79516,2975.8199756368003,,,,,results/basis_a4/whisper/raw/encoder/cs_dialogue/L22/Raw_encoder_L22_oracle_local_rho0.5.json
whisper,Raw,encoder,cs_dialogue,23,0.7419354838709677,global,0.5,1.8167884512564605,0.9951499118165785,-1.554327808471455,-0.5251322751322751,0.10325758230363778,0.004991680532445923,5,1196,-1191,2777419.144897461,245535,9258.06381632487,,,,,results/basis_a4/whisper/raw/encoder/cs_dialogue/L23/Raw_encoder_L23_global_rho0.5.json
whisper,Raw,encoder,cs_dialogue,23,0.7419354838709677,oracle_local,0.5,0.6480722390542387,0.7482363315696648,-0.3856115962692331,-0.2782186948853615,0.6996457271234771,0.44342762063227953,38,669,-631,891107.1990814209,79516,2970.357330271403,,,,,results/basis_a4/whisper/raw/encoder/cs_dialogue/L23/Raw_encoder_L23_oracle_local_rho0.5.json
whisper,Raw,encoder,cs_dialogue,24,0.7741935483870968,global,0.5,1.7008851660428919,0.9828042328042328,-1.4384245232578863,-0.5127865961199294,0.08312451395489501,0.020798668885191347,14,1177,-1163,2782808.1407470703,245535,9276.027135823568,,,,,results/basis_a4/whisper/raw/encoder/cs_dialogue/L24/Raw_encoder_L24_global_rho0.5.json
whisper,Raw,encoder,cs_dialogue,24,0.7741935483870968,oracle_local,0.5,0.6581120418226103,0.7288359788359788,-0.39565139903760466,-0.2588183421516755,0.6843515078199257,0.46921797004991683,51,638,-587,892828.0456085205,79516,2976.093485361735,,,,,results/basis_a4/whisper/raw/encoder/cs_dialogue/L24/Raw_encoder_L24_oracle_local_rho0.5.json
whisper,Raw,encoder,cs_dialogue,25,0.8064516129032258,global,0.5,1.505911008138775,0.9664902998236331,-1.2434503653537694,-0.49647266313932975,0.08787695498142227,0.04492512479201331,22,1148,-1126,2782829.591064453,245535,9276.09863688151,,,,,results/basis_a4/whisper/raw/encoder/cs_dialogue/L25/Raw_encoder_L25_global_rho0.5.json
whisper,Raw,encoder,cs_dialogue,25,0.8064516129032258,oracle_local,0.5,0.6525871799441573,0.7103174603174603,-0.39012653715915163,-0.240299823633157,0.7203836516028688,0.5199667221297837,32,577,-545,893023.5618438721,79516,2976.7452061462404,,,,,results/basis_a4/whisper/raw/encoder/cs_dialogue/L25/Raw_encoder_L25_oracle_local_rho0.5.json
whisper,Raw,encoder,cs_dialogue,26,0.8387096774193549,global,0.5,1.4571377651042594,0.9470899470899471,-1.1946771223192538,-0.47707231040564374,0.09651775684783548,0.07820299500831947,26,1108,-1082,2800197.5036621094,245535,9333.991678873697,,,,,results/basis_a4/whisper/raw/encoder/cs_dialogue/L26/Raw_encoder_L26_global_rho0.5.json
whisper,Raw,encoder,cs_dialogue,26,0.8387096774193549,oracle_local,0.5,0.7027861937860156,0.7182539682539683,-0.44032555100100995,-0.2482363315696649,0.6859068521558801,0.4966722129783694,42,605,-563,898601.1316986084,79516,2995.337105662028,,,,,results/basis_a4/whisper/raw/encoder/cs_dialogue/L26/Raw_encoder_L26_oracle_local_rho0.5.json
whisper,Raw,encoder,cs_dialogue,27,0.8709677419354839,global,0.5,1.2763619081565971,0.8884479717813051,-1.0139012653715915,-0.4184303350970017,0.26777844984014515,0.1622296173044925,58,1007,-949,2801217.1970214844,245535,9337.390656738282,,,,,results/basis_a4/whisper/raw/encoder/cs_dialogue/L27/Raw_encoder_L27_global_rho0.5.json
whisper,Raw,encoder,cs_dialogue,27,0.8709677419354839,oracle_local,0.5,0.4963464623061843,0.650352733686067,-0.23388581952117865,-0.1803350970017637,0.7934848353927244,0.5873544093178037,87,496,-409,899106.2006835938,79516,2997.0206689453125,,,,,results/basis_a4/whisper/raw/encoder/cs_dialogue/L27/Raw_encoder_L27_oracle_local_rho0.5.json
whisper,Raw,encoder,cs_dialogue,28,0.9032258064516129,global,0.5,0.7440147329650092,0.722663139329806,-0.48155409018000356,-0.2526455026455026,0.45502462628531926,0.3577371048252912,199,772,-573,2845929.7749023438,245535,9486.432583007812,,,,,results/basis_a4/whisper/raw/encoder/cs_dialogue/L28/Raw_encoder_L28_global_rho0.5.json
whisper,Raw,encoder,cs_dialogue,28,0.9032258064516129,oracle_local,0.5,0.3956513990376047,0.6247795414462081,-0.13319075625259907,-0.1547619047619047,0.8201849131599412,0.6314475873544093,92,443,-351,912901.4825744629,79516,3043.0049419148763,,,,,results/basis_a4/whisper/raw/encoder/cs_dialogue/L28/Raw_encoder_L28_oracle_local_rho0.5.json
whisper,Raw,encoder,cs_dialogue,29,0.9354838709677419,global,0.5,1.002613913146795,0.906084656084656,-0.7401532703617895,-0.4360670194003527,0.22708027304933898,0.13061564059900166,56,1045,-989,2882521.9244384766,245535,9608.406414794921,,,,,results/basis_a4/whisper/raw/encoder/cs_dialogue/L29/Raw_encoder_L29_global_rho0.5.json
whisper,Raw,encoder,cs_dialogue,29,0.9354838709677419,oracle_local,0.5,0.5049010871502406,0.6556437389770723,-0.24244044436523499,-0.18562610229276894,0.7509720902099715,0.5856905158069884,77,498,-421,923852.076461792,79516,3079.506921539307,,,,,results/basis_a4/whisper/raw/encoder/cs_dialogue/L29/Raw_encoder_L29_oracle_local_rho0.5.json
whisper,Raw,encoder,cs_dialogue,30,0.967741935483871,global,0.5,0.9682171924196519,0.958994708994709,-0.7057565496346463,-0.4889770723104056,0.22777153719865204,0.06073211314475874,20,1129,-1109,2967061.8745117188,245535,9890.206248372397,,,,,results/basis_a4/whisper/raw/encoder/cs_dialogue/L30/Raw_encoder_L30_global_rho0.5.json
whisper,Raw,encoder,cs_dialogue,30,0.967741935483871,oracle_local,0.5,0.5811204182261035,0.6838624338624338,-0.31865977544109786,-0.21384479717813049,0.7350730147757711,0.5490848585690515,57,542,-485,950093.8857727051,79516,3166.97961924235,,,,,results/basis_a4/whisper/raw/encoder/cs_dialogue/L30/Raw_encoder_L30_oracle_local_rho0.5.json
whisper,Raw,encoder,cs_dialogue,31,1.0,global,0.5,1.0988534426424286,0.9096119929453262,-0.836392799857423,-0.4395943562610229,0.07120020737924479,0.09234608985024959,94,1091,-997,3130796.0174560547,245535,10435.986724853516,,,,,results/basis_a4/whisper/raw/encoder/cs_dialogue/L31/Raw_encoder_L31_global_rho0.5.json
whisper,Raw,encoder,cs_dialogue,31,1.0,oracle_local,0.5,0.7031426364878512,0.7283950617283951,-0.4406819937028456,-0.2583774250440917,0.6630951352285492,0.4717138103161398,49,635,-586,1002203.8221435547,79516,3340.6794071451823,,,,,results/basis_a4/whisper/raw/encoder/cs_dialogue/L31/Raw_encoder_L31_oracle_local_rho0.5.json
whisper,Raw,encoder,seame_dev_man,0,0.0,global,0.5,0.4607329842931937,0.7272727272727273,-0.0963350785340314,-0.04040404040404044,0.8172043010752689,0.7096774193548387,5,9,-4,137961.44915771484,11400,2759.2289831542967,,,,,results/basis_a4/whisper/raw/encoder/seame_dev_man/L00/Raw_encoder_L0_global_rho0.5.json
whisper,Raw,encoder,seame_dev_man,0,0.0,oracle_local,0.5,0.5015706806282723,0.7575757575757576,-0.13717277486910995,-0.07070707070707072,0.7526881720430108,0.7419354838709677,1,8,-7,28673.116503715515,2367,573.4623300743103,,,,,results/basis_a4/whisper/raw/encoder/seame_dev_man/L00/Raw_encoder_L0_oracle_local_rho0.5.json
whisper,Raw,encoder,seame_dev_man,1,0.03225806451612903,global,0.5,2.2858638743455497,0.696969696969697,-1.9214659685863875,-0.010101010101010166,0.8248847926267281,0.8064516129032258,5,6,-1,119941.86541748047,11400,2398.8373083496094,,,,,results/basis_a4/whisper/raw/encoder/seame_dev_man/L01/Raw_encoder_L1_global_rho0.5.json
whisper,Raw,encoder,seame_dev_man,1,0.03225806451612903,oracle_local,0.5,0.4963350785340314,0.7373737373737373,-0.1319371727748691,-0.0505050505050505,0.7557603686635944,0.7419354838709677,3,8,-5,24914.779970169067,2367,498.29559940338135,,,,,results/basis_a4/whisper/raw/encoder/seame_dev_man/L01/Raw_encoder_L1_oracle_local_rho0.5.json
whisper,Raw,encoder,seame_dev_man,2,0.06451612903225806,global,0.5,2.060732984293194,0.7070707070707071,-1.6963350785340316,-0.02020202020202022,0.8294930875576036,0.8064516129032258,4,6,-2,119242.30340576172,11400,2384.846068115234,,,,,results/basis_a4/whisper/raw/encoder/seame_dev_man/L02/Raw_encoder_L2_global_rho0.5.json
whisper,Raw,encoder,seame_dev_man,2,0.06451612903225806,oracle_local,0.5,0.49109947643979057,0.7777777777777778,-0.12670157068062826,-0.09090909090909094,0.7572964669738863,0.6774193548387096,1,10,-9,24769.805850982666,2367,495.39611701965333,,,,,results/basis_a4/whisper/raw/encoder/seame_dev_man/L02/Raw_encoder_L2_oracle_local_rho0.5.json
whisper,Raw,encoder,seame_dev_man,3,0.0967741935483871,global,0.5,2.0785340314136125,0.7070707070707071,-1.7141361256544503,-0.02020202020202022,0.8110599078341014,0.8064516129032258,4,6,-2,117248.98248291016,11400,2344.979649658203,,,,,results/basis_a4/whisper/raw/encoder/seame_dev_man/L03/Raw_encoder_L3_global_rho0.5.json
whisper,Raw,encoder,seame_dev_man,3,0.0967741935483871,oracle_local,0.5,0.4963350785340314,0.7777777777777778,-0.1319371727748691,-0.09090909090909094,0.7588325652841782,0.6774193548387096,1,10,-9,24351.79986000061,2367,487.0359972000122,,,,,results/basis_a4/whisper/raw/encoder/seame_dev_man/L03/Raw_encoder_L3_oracle_local_rho0.5.json
whisper,Raw,encoder,seame_dev_man,4,0.12903225806451613,global,0.5,2.2900523560209423,0.7070707070707071,-1.92565445026178,-0.02020202020202022,0.8294930875576036,0.8064516129032258,4,6,-2,115988.90020751953,11400,2319.7780041503906,,,,,results/basis_a4/whisper/raw/encoder/seame_dev_man/L04/Raw_encoder_L4_global_rho0.5.json
whisper,Raw,encoder,seame_dev_man,4,0.12903225806451613,oracle_local,0.5,0.5099476439790576,0.7373737373737373,-0.14554973821989525,-0.0505050505050505,0.7188940092165899,0.6774193548387096,5,10,-5,24087.598596572876,2367,481.75197193145755,,,,,results/basis_a4/whisper/raw/encoder/seame_dev_man/L04/Raw_encoder_L4_oracle_local_rho0.5.json
whisper,Raw,encoder,seame_dev_man,5,0.16129032258064516,global,0.5,1.9382198952879581,0.7373737373737373,-1.573821989528796,-0.0505050505050505,0.8617511520737328,0.7096774193548387,4,9,-5,115709.75079345703,11400,2314.1950158691407,,,,,results/basis_a4/whisper/raw/encoder/seame_dev_man/L05/Raw_encoder_L5_global_rho0.5.json
whisper,Raw,encoder,seame_dev_man,5,0.16129032258064516,oracle_local,0.5,0.4952879581151832,0.7474747474747475,-0.13089005235602091,-0.06060606060606066,0.7496159754224271,0.6774193548387096,4,10,-6,24035.78245162964,2367,480.71564903259275,,,,,results/basis_a4/whisper/raw/encoder/seame_dev_man/L05/Raw_encoder_L5_oracle_local_rho0.5.json
whisper,Raw,encoder,seame_dev_man,6,0.1935483870967742,global,0.5,2.364397905759162,0.7373737373737373,-2.0,-0.0505050505050505,0.8648233486943164,0.7096774193548387,4,9,-5,115764.81066894531,11400,2315.296213378906,,,,,results/basis_a4/whisper/raw/encoder/seame_dev_man/L06/Raw_encoder_L6_global_rho0.5.json
whisper,Raw,encoder,seame_dev_man,6,0.1935483870967742,oracle_local,0.5,0.4837696335078534,0.7474747474747475,-0.11937172774869109,-0.06060606060606066,0.7557603686635944,0.6774193548387096,4,10,-6,24049.029101371765,2367,480.9805820274353,,,,,results/basis_a4/whisper/raw/encoder/seame_dev_man/L06/Raw_encoder_L6_oracle_local_rho0.5.json
whisper,Raw,encoder,seame_dev_man,7,0.22580645161290322,global,0.5,2.4408376963350786,0.7272727272727273,-2.0764397905759164,-0.04040404040404044,0.8509984639016898,0.7419354838709677,4,8,-4,114244.78582763672,11400,2284.8957165527345,,,,,results/basis_a4/whisper/raw/encoder/seame_dev_man/L07/Raw_encoder_L7_global_rho0.5.json
whisper,Raw,encoder,seame_dev_man,7,0.22580645161290322,oracle_local,0.5,0.48900523560209425,0.7474747474747475,-0.12460732984293194,-0.06060606060606066,0.7588325652841782,0.6774193548387096,4,10,-6,23732.13195514679,2367,474.6426391029358,,,,,results/basis_a4/whisper/raw/encoder/seame_dev_man/L07/Raw_encoder_L7_oracle_local_rho0.5.json
whisper,Raw,encoder,seame_dev_man,8,0.25806451612903225,global,0.5,2.0366492146596857,0.7373737373737373,-1.6722513089005235,-0.0505050505050505,0.8417818740399385,0.6774193548387096,5,10,-5,115007.74743652344,11400,2300.1549487304687,,,,,results/basis_a4/whisper/raw/encoder/seame_dev_man/L08/Raw_encoder_L8_global_rho0.5.json
whisper,Raw,encoder,seame_dev_man,8,0.25806451612903225,oracle_local,0.5,0.5057591623036649,0.7474747474747475,-0.1413612565445026,-0.06060606060606066,0.738863287250384,0.6774193548387096,4,10,-6,23889.59869003296,2367,477.7919738006592,,,,,results/basis_a4/whisper/raw/encoder/seame_dev_man/L08/Raw_encoder_L8_oracle_local_rho0.5.json
whisper,Raw,encoder,seame_dev_man,9,0.2903225806451613,global,0.5,2.2408376963350785,0.7777777777777778,-1.8764397905759163,-0.09090909090909094,0.8141321044546851,0.5161290322580645,6,15,-9,114922.35064697266,11400,2298.447012939453,,,,,results/basis_a4/whisper/raw/encoder/seame_dev_man/L09/Raw_encoder_L9_global_rho0.5.json
whisper,Raw,encoder,seame_dev_man,9,0.2903225806451613,oracle_local,0.5,0.5057591623036649,0.7575757575757576,-0.1413612565445026,-0.07070707070707072,0.7403993855606759,0.6774193548387096,3,10,-7,23873.875665664673,2367,477.47751331329346,,,,,results/basis_a4/whisper/raw/encoder/seame_dev_man/L09/Raw_encoder_L9_oracle_local_rho0.5.json
whisper,Raw,encoder,seame_dev_man,10,0.3225806451612903,global,0.5,1.1633507853403142,0.7777777777777778,-0.7989528795811519,-0.09090909090909094,0.8033794162826421,0.6129032258064516,3,12,-9,117259.05395507812,11400,2345.1810791015623,,,,,results/basis_a4/whisper/raw/encoder/seame_dev_man/L10/Raw_encoder_L10_global_rho0.5.json
whisper,Raw,encoder,seame_dev_man,10,0.3225806451612903,oracle_local,0.5,0.5099476439790576,0.7575757575757576,-0.14554973821989525,-0.07070707070707072,0.7311827956989247,0.6774193548387096,3,10,-7,24364.78032398224,2367,487.2956064796448,,,,,results/basis_a4/whisper/raw/encoder/seame_dev_man/L10/Raw_encoder_L10_oracle_local_rho0.5.json
whisper,Raw,encoder,seame_dev_man,11,0.3548387096774194,global,0.5,1.2680628272251309,0.7070707070707071,-0.9036649214659686,-0.02020202020202022,0.7818740399385561,0.6451612903225806,9,11,-2,117111.5810546875,11400,2342.23162109375,,,,,results/basis_a4/whisper/raw/encoder/seame_dev_man/L11/Raw_encoder_L11_global_rho0.5.json
whisper,Raw,encoder,seame_dev_man,11,0.3548387096774194,oracle_local,0.5,0.5109947643979058,0.7777777777777778,-0.1465968586387435,-0.09090909090909094,0.7342549923195084,0.6774193548387096,1,10,-9,24335.46084499359,2367,486.7092168998718,,,,,results/basis_a4/whisper/raw/encoder/seame_dev_man/L11/Raw_encoder_L11_oracle_local_rho0.5.json
whisper,Raw,encoder,seame_dev_man,12,0.3870967741935484,global,0.5,1.6596858638743455,0.7878787878787878,-1.2952879581151833,-0.101010101010101,0.7665130568356375,0.5161290322580645,5,15,-10,116662.64776611328,11400,2333.2529553222657,,,,,results/basis_a4/whisper/raw/encoder/seame_dev_man/L12/Raw_encoder_L12_global_rho0.5.json
whisper,Raw,encoder,seame_dev_man,12,0.3870967741935484,oracle_local,0.5,0.5172774869109947,0.7676767676767676,-0.15287958115183242,-0.08080808080808077,0.7342549923195084,0.6774193548387096,2,10,-8,24242.515957832336,2367,484.8503191566467,,,,,results/basis_a4/whisper/raw/encoder/seame_dev_man/L12/Raw_encoder_L12_oracle_local_rho0.5.json
whisper,Raw,encoder,seame_dev_man,13,0.41935483870967744,global,0.5,1.5476439790575915,0.9191919191919192,-1.1832460732984291,-0.23232323232323238,0.6190476190476191,0.22580645161290322,1,24,-23,116237.26275634766,11400,2324.745255126953,,,,,results/basis_a4/whisper/raw/encoder/seame_dev_man/L13/Raw_encoder_L13_global_rho0.5.json
whisper,Raw,encoder,seame_dev_man,13,0.41935483870967744,oracle_local,0.5,0.5256544502617801,0.7777777777777778,-0.16125654450261784,-0.09090909090909094,0.7188940092165899,0.6451612903225806,2,11,-9,24151.2323884964,2367,483.024647769928,,,,,results/basis_a4/whisper/raw/encoder/seame_dev_man/L13/Raw_encoder_L13_oracle_local_rho0.5.json
whisper,Raw,encoder,seame_dev_man,14,0.45161290322580644,global,0.5,2.068062827225131,0.9696969696969697,-1.7036649214659687,-0.2828282828282829,0.4930875576036866,0.0967741935483871,0,28,-28,115467.4058227539,11400,2309.348116455078,,,,,results/basis_a4/whisper/raw/encoder/seame_dev_man/L14/Raw_encoder_L14_global_rho0.5.json
whisper,Raw,encoder,seame_dev_man,14,0.45161290322580644,oracle_local,0.5,0.5172774869109947,0.7777777777777778,-0.15287958115183242,-0.09090909090909094,0.7296466973886329,0.6451612903225806,2,11,-9,23991.675463676453,2367,479.83350927352905,,,,,results/basis_a4/whisper/raw/encoder/seame_dev_man/L14/Raw_encoder_L14_oracle_local_rho0.5.json
whisper,Raw,encoder,seame_dev_man,15,0.4838709677419355,global,0.5,1.881675392670157,0.9595959595959596,-1.5172774869109946,-0.2727272727272727,0.5422427035330261,0.12903225806451613,0,27,-27,116591.83557128906,11400,2331.8367114257812,,,,,results/basis_a4/whisper/raw/encoder/seame_dev_man/L15/Raw_encoder_L15_global_rho0.5.json
whisper,Raw,encoder,seame_dev_man,15,0.4838709677419355,oracle_local,0.5,0.5089005235602094,0.7777777777777778,-0.14450261780104712,-0.09090909090909094,0.7403993855606759,0.6451612903225806,2,11,-9,24227.352310180664,2367,484.54704620361326,,,,,results/basis_a4/whisper/raw/encoder/seame_dev_man/L15/Raw_encoder_L15_oracle_local_rho0.5.json
whisper,Raw,encoder,seame_dev_man,16,0.5161290322580645,global,0.5,1.7340314136125654,0.9696969696969697,-1.3696335078534032,-0.2828282828282829,0.49923195084485406,0.0967741935483871,0,28,-28,118418.6849975586,11400,2368.373699951172,,,,,results/basis_a4/whisper/raw/encoder/seame_dev_man/L16/Raw_encoder_L16_global_rho0.5.json
whisper,Raw,encoder,seame_dev_man,16,0.5161290322580645,oracle_local,0.5,0.48900523560209425,0.7878787878787878,-0.12460732984293194,-0.101010101010101,0.7572964669738863,0.6451612903225806,1,11,-10,24609.657467842102,2367,492.193149356842,,,,,results/basis_a4/whisper/raw/encoder/seame_dev_man/L16/Raw_encoder_L16_oracle_local_rho0.5.json
whisper,Raw,encoder,seame_dev_man,17,0.5483870967741935,global,0.5,1.8649214659685864,0.9696969696969697,-1.500523560209424,-0.2828282828282829,0.4393241167434716,0.03225806451612903,2,30,-28,118601.62518310547,11400,2372.0325036621093,,,,,results/basis_a4/whisper/raw/encoder/seame_dev_man/L17/Raw_encoder_L17_global_rho0.5.json
whisper,Raw,encoder,seame_dev_man,17,0.5483870967741935,oracle_local,0.5,0.4942408376963351,0.7474747474747475,-0.12984293193717278,-0.06060606060606066,0.7419354838709677,0.6451612903225806,5,11,-6,24647.754199028015,2367,492.9550839805603,,,,,results/basis_a4/whisper/raw/encoder/seame_dev_man/L17/Raw_encoder_L17_oracle_local_rho0.5.json
whisper,Raw,encoder,seame_dev_man,18,0.5806451612903226,global,0.5,1.6869109947643979,0.9696969696969697,-1.3225130890052355,-0.2828282828282829,0.46390168970814133,0.0967741935483871,0,28,-28,119135.93951416016,11400,2382.718790283203,,,,,results/basis_a4/whisper/raw/encoder/seame_dev_man/L18/Raw_encoder_L18_global_rho0.5.json
whisper,Raw,encoder,seame_dev_man,18,0.5806451612903226,oracle_local,0.5,0.47853403141361256,0.7474747474747475,-0.11413612565445025,-0.06060606060606066,0.7603686635944701,0.6451612903225806,5,11,-6,24753.750354766846,2367,495.0750070953369,,,,,results/basis_a4/whisper/raw/encoder/seame_dev_man/L18/Raw_encoder_L18_oracle_local_rho0.5.json
whisper,Raw,encoder,seame_dev_man,19,0.6129032258064516,global,0.5,1.4680628272251308,0.9797979797979798,-1.1036649214659686,-0.29292929292929293,0.2980030721966206,0.06451612903225806,0,29,-29,118237.57421875,11400,2364.751484375,,,,,results/basis_a4/whisper/raw/encoder/seame_dev_man/L19/Raw_encoder_L19_global_rho0.5.json
whisper,Raw,encoder,seame_dev_man,19,0.6129032258064516,oracle_local,0.5,0.4774869109947644,0.7474747474747475,-0.11308900523560211,-0.06060606060606066,0.7741935483870968,0.6774193548387096,4,10,-6,24568.771543502808,2367,491.37543087005616,,,,,results/basis_a4/whisper/raw/encoder/seame_dev_man/L19/Raw_encoder_L19_oracle_local_rho0.5.json
whisper,Raw,encoder,seame_dev_man,20,0.6451612903225806,global,0.5,0.806282722513089,0.98989898989899,-0.44188481675392666,-0.3030303030303031,0.30568356374807987,0.03225806451612903,0,30,-30,119299.9345703125,11400,2385.99869140625,,,,,results/basis_a4/whisper/raw/encoder/seame_dev_man/L20/Raw_encoder_L20_global_rho0.5.json
whisper,Raw,encoder,seame_dev_man,20,0.6451612903225806,oracle_local,0.5,0.49109947643979057,0.7373737373737373,-0.12670157068062826,-0.0505050505050505,0.7557603686635944,0.6451612903225806,6,11,-5,24784.97953414917,2367,495.6995906829834,,,,,results/basis_a4/whisper/raw/encoder/seame_dev_man/L20/Raw_encoder_L20_oracle_local_rho0.5.json
whisper,Raw,encoder,seame_dev_man,21,0.6774193548387096,global,0.5,0.8136125654450261,1.0,-0.4492146596858638,-0.31313131313131315,0.2903225806451613,0.0,0,31,-31,131654.1421508789,11400,2633.082843017578,,,,,results/basis_a4/whisper/raw/encoder/seame_dev_man/L21/Raw_encoder_L21_global_rho0.5.json
whisper,Raw,encoder,seame_dev_man,21,0.6774193548387096,oracle_local,0.5,0.43455497382198954,0.7272727272727273,-0.07015706806282723,-0.04040404040404044,0.858678955453149,0.7096774193548387,5,9,-4,27320.063680648804,2367,546.4012736129761,,,,,results/basis_a4/whisper/raw/encoder/seame_dev_man/L21/Raw_encoder_L21_oracle_local_rho0.5.json
whisper,Raw,encoder,seame_dev_man,22,0.7096774193548387,global,0.5,0.8963350785340314,1.0,-0.5319371727748691,-0.31313131313131315,0.37480798771121354,0.0,0,31,-31,131834.94958496094,11400,2636.698991699219,,,,,results/basis_a4/whisper/raw/encoder/seame_dev_man/L22/Raw_encoder_L22_global_rho0.5.json
whisper,Raw,encoder,seame_dev_man,22,0.7096774193548387,oracle_local,0.5,0.7256544502617801,0.7575757575757576,-0.3612565445026178,-0.07070707070707072,0.8125960061443932,0.5161290322580645,8,15,-7,27359.556712150574,2367,547.1911342430114,,,,,results/basis_a4/whisper/raw/encoder/seame_dev_man/L22/Raw_encoder_L22_oracle_local_rho0.5.json
whisper,Raw,encoder,seame_dev_man,23,0.7419354838709677,global,0.5,2.250261780104712,1.0,-1.8858638743455498,-0.31313131313131315,0.2534562211981567,0.0,0,31,-31,131468.0199584961,11400,2629.360399169922,,,,,results/basis_a4/whisper/raw/encoder/seame_dev_man/L23/Raw_encoder_L23_global_rho0.5.json
whisper,Raw,encoder,seame_dev_man,23,0.7419354838709677,oracle_local,0.5,0.45549738219895286,0.7171717171717171,-0.09109947643979055,-0.030303030303030276,0.8187403993855606,0.7096774193548387,6,9,-3,27281.099902153015,2367,545.6219980430603,,,,,results/basis_a4/whisper/raw/encoder/seame_dev_man/L23/Raw_encoder_L23_oracle_local_rho0.5.json
whisper,Raw,encoder,seame_dev_man,24,0.7741935483870968,global,0.5,1.1026178010471204,1.0,-0.7382198952879581,-0.31313131313131315,0.09523809523809523,0.0,0,31,-31,131665.2075805664,11400,2633.304151611328,,,,,results/basis_a4/whisper/raw/encoder/seame_dev_man/L24/Raw_encoder_L24_global_rho0.5.json
whisper,Raw,encoder,seame_dev_man,24,0.7741935483870968,oracle_local,0.5,0.46282722513089003,0.7171717171717171,-0.09842931937172772,-0.030303030303030276,0.8125960061443932,0.7741935483870968,4,7,-3,27323.985405921936,2367,546.4797081184387,,,,,results/basis_a4/whisper/raw/encoder/seame_dev_man/L24/Raw_encoder_L24_oracle_local_rho0.5.json
whisper,Raw,encoder,seame_dev_man,25,0.8064516129032258,global,0.5,1.2712041884816754,0.98989898989899,-0.9068062827225131,-0.3030303030303031,0.19047619047619047,0.03225806451612903,0,30,-30,131617.13409423828,11400,2632.3426818847656,,,,,results/basis_a4/whisper/raw/encoder/seame_dev_man/L25/Raw_encoder_L25_global_rho0.5.json
whisper,Raw,encoder,seame_dev_man,25,0.8064516129032258,oracle_local,0.5,0.6397905759162303,0.696969696969697,-0.27539267015706803,-0.010101010101010166,0.8325652841781874,0.8387096774193549,4,5,-1,27311.450819015503,2367,546.2290163803101,,,,,results/basis_a4/whisper/raw/encoder/seame_dev_man/L25/Raw_encoder_L25_oracle_local_rho0.5.json
whisper,Raw,encoder,seame_dev_man,26,0.8387096774193549,global,0.5,1.3842931937172775,0.98989898989899,-1.0198952879581151,-0.3030303030303031,0.13210445468509985,0.03225806451612903,0,30,-30,132477.14782714844,11400,2649.5429565429686,,,,,results/basis_a4/whisper/raw/encoder/seame_dev_man/L26/Raw_encoder_L26_global_rho0.5.json
whisper,Raw,encoder,seame_dev_man,26,0.8387096774193549,oracle_local,0.5,0.5340314136125655,0.7171717171717171,-0.16963350785340314,-0.030303030303030276,0.7880184331797235,0.7096774193548387,6,9,-3,27491.29121017456,2367,549.8258242034913,,,,,results/basis_a4/whisper/raw/encoder/seame_dev_man/L26/Raw_encoder_L26_oracle_local_rho0.5.json
whisper,Raw,encoder,seame_dev_man,27,0.8709677419354839,global,0.5,1.0356020942408377,1.0,-0.6712041884816754,-0.31313131313131315,0.23963133640552994,0.0,0,31,-31,132473.9998779297,11400,2649.479997558594,,,,,results/basis_a4/whisper/raw/encoder/seame_dev_man/L27/Raw_encoder_L27_global_rho0.5.json
whisper,Raw,encoder,seame_dev_man,27,0.8709677419354839,oracle_local,0.5,0.4418848167539267,0.6464646464646465,-0.0774869109947644,0.04040404040404033,0.8248847926267281,0.9032258064516129,7,3,4,27485.406227111816,2367,549.7081245422363,,,,,results/basis_a4/whisper/raw/encoder/seame_dev_man/L27/Raw_encoder_L27_oracle_local_rho0.5.json
whisper,Raw,encoder,seame_dev_man,28,0.9032258064516129,global,0.5,0.9958115183246073,0.9494949494949495,-0.631413612565445,-0.26262626262626265,0.4147465437788018,0.12903225806451613,1,27,-26,134456.5477294922,11400,2689.130954589844,,,,,results/basis_a4/whisper/raw/encoder/seame_dev_man/L28/Raw_encoder_L28_global_rho0.5.json
whisper,Raw,encoder,seame_dev_man,28,0.9032258064516129,oracle_local,0.5,0.4167539267015707,0.6767676767676768,-0.05235602094240838,0.010101010101010055,0.8725038402457758,0.8387096774193549,6,5,1,27895.274236679077,2367,557.9054847335815,,,,,results/basis_a4/whisper/raw/encoder/seame_dev_man/L28/Raw_encoder_L28_oracle_local_rho0.5.json
whisper,Raw,encoder,seame_dev_man,29,0.9354838709677419,global,0.5,1.1476439790575916,1.0,-0.7832460732984293,-0.31313131313131315,0.22734254992319508,0.0,0,31,-31,136062.27905273438,11400,2721.2455810546876,,,,,results/basis_a4/whisper/raw/encoder/seame_dev_man/L29/Raw_encoder_L29_global_rho0.5.json
whisper,Raw,encoder,seame_dev_man,29,0.9354838709677419,oracle_local,0.5,0.6167539267015707,0.7070707070707071,-0.2523560209424084,-0.02020202020202022,0.8525345622119815,0.7741935483870968,5,7,-2,28226.933411598206,2367,564.5386682319642,,,,,results/basis_a4/whisper/raw/encoder/seame_dev_man/L29/Raw_encoder_L29_oracle_local_rho0.5.json
whisper,Raw,encoder,seame_dev_man,30,0.967741935483871,global,0.5,0.8356020942408376,1.0,-0.47120418848167533,-0.31313131313131315,0.23195084485407066,0.0,0,31,-31,139792.42041015625,11400,2795.848408203125,,,,,results/basis_a4/whisper/raw/encoder/seame_dev_man/L30/Raw_encoder_L30_global_rho0.5.json
whisper,Raw,encoder,seame_dev_man,30,0.967741935483871,oracle_local,0.5,0.8921465968586387,0.6868686868686869,-0.5277486910994764,0.0,0.815668202764977,0.8709677419354839,4,4,0,28998.432651519775,2367,579.9686530303956,,,,,results/basis_a4/whisper/raw/encoder/seame_dev_man/L30/Raw_encoder_L30_oracle_local_rho0.5.json
whisper,Raw,encoder,seame_dev_man,31,1.0,global,0.5,0.9068062827225131,1.0,-0.5424083769633508,-0.31313131313131315,0.13978494623655913,0.0,0,31,-31,147484.87060546875,11400,2949.697412109375,,,,,results/basis_a4/whisper/raw/encoder/seame_dev_man/L31/Raw_encoder_L31_global_rho0.5.json
whisper,Raw,encoder,seame_dev_man,31,1.0,oracle_local,0.5,1.0387434554973822,0.7070707070707071,-0.6743455497382199,-0.02020202020202022,0.837173579109063,0.7741935483870968,5,7,-2,30590.69401550293,2367,611.8138803100586,,,,,results/basis_a4/whisper/raw/encoder/seame_dev_man/L31/Raw_encoder_L31_oracle_local_rho0.5.json
whisper,Raw,encoder,seame_dev_sge,0,0.0,global,0.5,0.5765247410817032,0.8409090909090909,-0.2738780207134638,-0.011363636363636354,0.8316666666666667,0.8666666666666667,1,2,-1,118938.17999267578,9819,2378.7635998535156,,,,,results/basis_a4/whisper/raw/encoder/seame_dev_sge/L00/Raw_encoder_L0_global_rho0.5.json
whisper,Raw,encoder,seame_dev_sge,0,0.0,oracle_local,0.5,0.3970080552359033,0.8977272727272727,-0.09436133486766396,-0.06818181818181812,0.8466666666666667,0.4666666666666667,2,8,-6,26362.956755638123,2176,527.2591351127625,,,,,results/basis_a4/whisper/raw/encoder/seame_dev_sge/L00/Raw_encoder_L0_oracle_local_rho0.5.json
whisper,Raw,encoder,seame_dev_sge,1,0.03225806451612903,global,0.5,0.6110471806674338,0.8522727272727273,-0.30840046029919443,-0.022727272727272707,0.8066666666666666,0.8,1,3,-2,103064.93933105469,9819,2061.2987866210938,,,,,results/basis_a4/whisper/raw/encoder/seame_dev_sge/L01/Raw_encoder_L1_global_rho0.5.json
whisper,Raw,encoder,seame_dev_sge,1,0.03225806451612903,oracle_local,0.5,0.4154200230149597,0.8977272727272727,-0.11277330264672036,-0.06818181818181812,0.8383333333333334,0.4666666666666667,2,8,-6,22833.323278427124,2176,456.6664655685425,,,,,results/basis_a4/whisper/raw/encoder/seame_dev_sge/L01/Raw_encoder_L1_oracle_local_rho0.5.json
whisper,Raw,encoder,seame_dev_sge,2,0.06451612903225806,global,0.5,0.8285385500575374,0.8409090909090909,-0.525891829689298,-0.011363636363636354,0.835,0.8,2,3,-1,102492.80487060547,9819,2049.856097412109,,,,,results/basis_a4/whisper/raw/encoder/seame_dev_sge/L02/Raw_encoder_L2_global_rho0.5.json
whisper,Raw,encoder,seame_dev_sge,2,0.06451612903225806,oracle_local,0.5,0.6006904487917146,0.9090909090909091,-0.29804372842347526,-0.07954545454545447,0.8466666666666667,0.4666666666666667,1,8,-7,22710.47016429901,2176,454.2094032859802,,,,,results/basis_a4/whisper/raw/encoder/seame_dev_sge/L02/Raw_encoder_L2_oracle_local_rho0.5.json
whisper,Raw,encoder,seame_dev_sge,3,0.0967741935483871,global,0.5,1.3659378596087457,0.8409090909090909,-1.0632911392405062,-0.011363636363636354,0.8166666666666667,0.8,2,3,-1,100759.02648925781,9819,2015.1805297851563,,,,,results/basis_a4/whisper/raw/encoder/seame_dev_sge/L03/Raw_encoder_L3_global_rho0.5.json
whisper,Raw,encoder,seame_dev_sge,3,0.0967741935483871,oracle_local,0.5,0.5891829689298044,0.8977272727272727,-0.286536248561565,-0.06818181818181812,0.8466666666666667,0.5333333333333333,1,7,-6,22319.421211242676,2176,446.3884242248535,,,,,results/basis_a4/whisper/raw/encoder/seame_dev_sge/L03/Raw_encoder_L3_oracle_local_rho0.5.json
whisper,Raw,encoder,seame_dev_sge,4,0.12903225806451613,global,0.5,1.385500575373993,0.8522727272727273,-1.0828538550057538,-0.022727272727272707,0.8066666666666666,0.6666666666666666,3,5,-2,99650.58874511719,9819,1993.0117749023439,,,,,results/basis_a4/whisper/raw/encoder/seame_dev_sge/L04/Raw_encoder_L4_global_rho0.5.json
whisper,Raw,encoder,seame_dev_sge,4,0.12903225806451613,oracle_local,0.5,0.6006904487917146,0.9090909090909091,-0.29804372842347526,-0.07954545454545447,0.84,0.4666666666666667,1,8,-7,22075.824875831604,2176,441.51649751663206,,,,,results/basis_a4/whisper/raw/encoder/seame_dev_sge/L04/Raw_encoder_L4_oracle_local_rho0.5.json
whisper,Raw,encoder,seame_dev_sge,5,0.16129032258064516,global,0.5,1.3647871116225547,0.8636363636363636,-1.0621403912543155,-0.03409090909090906,0.8333333333333334,0.6666666666666666,2,5,-3,99402.27655029297,9819,1988.0455310058594,,,,,results/basis_a4/whisper/raw/encoder/seame_dev_sge/L05/Raw_encoder_L5_global_rho0.5.json
whisper,Raw,encoder,seame_dev_sge,5,0.16129032258064516,oracle_local,0.5,0.8227848101265823,0.9204545454545454,-0.520138089758343,-0.09090909090909083,0.8366666666666667,0.4,1,9,-8,22020.699723243713,2176,440.4139944648743,,,,,results/basis_a4/whisper/raw/encoder/seame_dev_sge/L05/Raw_encoder_L5_oracle_local_rho0.5.json
whisper,Raw,encoder,seame_dev_sge,6,0.1935483870967742,global,0.5,1.333716915995397,0.8636363636363636,-1.0310701956271577,-0.03409090909090906,0.8383333333333334,0.6666666666666666,2,5,-3,99453.93710327148,9819,1989.0787420654297,,,,,results/basis_a4/whisper/raw/encoder/seame_dev_sge/L06/Raw_encoder_L6_global_rho0.5.json
whisper,Raw,encoder,seame_dev_sge,6,0.1935483870967742,oracle_local,0.5,0.8250863060989643,0.9090909090909091,-0.5224395857307249,-0.07954545454545447,0.84,0.4,2,9,-7,22035.39197254181,2176,440.70783945083616,,,,,results/basis_a4/whisper/raw/encoder/seame_dev_sge/L06/Raw_encoder_L6_oracle_local_rho0.5.json
whisper,Raw,encoder,seame_dev_sge,7,0.22580645161290322,global,0.5,1.5696202531645569,0.8863636363636364,-1.2669735327963174,-0.05681818181818177,0.8166666666666667,0.6,1,6,-5,98127.0348815918,9819,1962.5406976318359,,,,,results/basis_a4/whisper/raw/encoder/seame_dev_sge/L07/Raw_encoder_L7_global_rho0.5.json
whisper,Raw,encoder,seame_dev_sge,7,0.22580645161290322,oracle_local,0.5,0.6075949367088608,0.9090909090909091,-0.3049482163406214,-0.07954545454545447,0.84,0.4666666666666667,1,8,-7,21741.323356628418,2176,434.8264671325684,,,,,results/basis_a4/whisper/raw/encoder/seame_dev_sge/L07/Raw_encoder_L7_oracle_local_rho0.5.json
whisper,Raw,encoder,seame_dev_sge,8,0.25806451612903225,global,0.5,1.0817031070195626,0.8977272727272727,-0.7790563866513233,-0.06818181818181812,0.8166666666666667,0.6,0,6,-6,98788.34100341797,9819,1975.7668200683593,,,,,results/basis_a4/whisper/raw/encoder/seame_dev_sge/L08/Raw_encoder_L8_global_rho0.5.json
whisper,Raw,encoder,seame_dev_sge,8,0.25806451612903225,oracle_local,0.5,0.5972382048331415,0.9318181818181818,-0.29459148446490213,-0.10227272727272718,0.8316666666666667,0.4,0,9,-9,21885.457149505615,2176,437.7091429901123,,,,,results/basis_a4/whisper/raw/encoder/seame_dev_sge/L08/Raw_encoder_L8_oracle_local_rho0.5.json
whisper,Raw,encoder,seame_dev_sge,9,0.2903225806451613,global,0.5,1.578826237054085,0.8863636363636364,-1.2761795166858456,-0.05681818181818177,0.805,0.6,1,6,-5,98711.37271118164,9819,1974.2274542236328,,,,,results/basis_a4/whisper/raw/encoder/seame_dev_sge/L09/Raw_encoder_L9_global_rho0.5.json
whisper,Raw,encoder,seame_dev_sge,9,0.2903225806451613,oracle_local,0.5,0.6064441887226697,0.9204545454545454,-0.30379746835443033,-0.09090909090909083,0.815,0.4666666666666667,0,8,-8,21868.768092155457,2176,437.37536184310915,,,,,results/basis_a4/whisper/raw/encoder/seame_dev_sge/L09/Raw_encoder_L9_oracle_local_rho0.5.json
whisper,Raw,encoder,seame_dev_sge,10,0.3225806451612903,global,0.5,1.232451093210587,0.8977272727272727,-0.9298043728423476,-0.06818181818181812,0.8266666666666667,0.6,0,6,-6,100791.6096496582,9819,2015.832192993164,,,,,results/basis_a4/whisper/raw/encoder/seame_dev_sge/L10/Raw_encoder_L10_global_rho0.5.json
whisper,Raw,encoder,seame_dev_sge,10,0.3225806451612903,oracle_local,0.5,0.5983889528193326,0.9204545454545454,-0.2957422324510932,-0.09090909090909083,0.825,0.4,1,9,-8,22332.774205207825,2176,446.65548410415647,,,,,results/basis_a4/whisper/raw/encoder/seame_dev_sge/L10/Raw_encoder_L10_oracle_local_rho0.5.json
whisper,Raw,encoder,seame_dev_sge,11,0.3548387096774194,global,0.5,0.8377445339470656,0.8977272727272727,-0.5350978135788262,-0.06818181818181812,0.8216666666666667,0.6,0,6,-6,100673.74423217773,9819,2013.4748846435548,,,,,results/basis_a4/whisper/raw/encoder/seame_dev_sge/L11/Raw_encoder_L11_global_rho0.5.json
whisper,Raw,encoder,seame_dev_sge,11,0.3548387096774194,oracle_local,0.5,0.8216340621403913,0.9204545454545454,-0.5189873417721519,-0.09090909090909083,0.8316666666666667,0.4,1,9,-8,22306.302263259888,2176,446.1260452651978,,,,,results/basis_a4/whisper/raw/encoder/seame_dev_sge/L11/Raw_encoder_L11_oracle_local_rho0.5.json
whisper,Raw,encoder,seame_dev_sge,12,0.3870967741935484,global,0.5,1.7249712313003451,0.8977272727272727,-1.4223245109321057,-0.06818181818181812,0.8016666666666666,0.6,0,6,-6,100267.28448486328,9819,2005.3456896972657,,,,,results/basis_a4/whisper/raw/encoder/seame_dev_sge/L12/Raw_encoder_L12_global_rho0.5.json
whisper,Raw,encoder,seame_dev_sge,12,0.3870967741935484,oracle_local,0.5,0.8331415420023015,0.9318181818181818,-0.5304948216340621,-0.10227272727272718,0.8216666666666667,0.4,0,9,-9,22214.140447616577,2176,444.28280895233155,,,,,results/basis_a4/whisper/raw/encoder/seame_dev_sge/L12/Raw_encoder_L12_oracle_local_rho0.5.json
whisper,Raw,encoder,seame_dev_sge,13,0.41935483870967744,global,0.5,1.1196777905638664,0.9318181818181818,-0.817031070195627,-0.10227272727272718,0.7083333333333334,0.4,0,9,-9,99871.59201049805,9819,1997.431840209961,,,,,results/basis_a4/whisper/raw/encoder/seame_dev_sge/L13/Raw_encoder_L13_global_rho0.5.json
whisper,Raw,encoder,seame_dev_sge,13,0.41935483870967744,oracle_local,0.5,0.8481012658227848,0.9204545454545454,-0.5454545454545454,-0.09090909090909083,0.7916666666666666,0.4,1,9,-8,22119.734466552734,2176,442.3946893310547,,,,,results/basis_a4/whisper/raw/encoder/seame_dev_sge/L13/Raw_encoder_L13_oracle_local_rho0.5.json
whisper,Raw,encoder,seame_dev_sge,14,0.45161290322580644,global,0.5,1.4936708860759493,0.9772727272727273,-1.1910241657077099,-0.1477272727272727,0.48833333333333334,0.13333333333333333,0,13,-13,99203.28518676758,9819,1984.0657037353515,,,,,results/basis_a4/whisper/raw/encoder/seame_dev_sge/L14/Raw_encoder_L14_global_rho0.5.json
whisper,Raw,encoder,seame_dev_sge,14,0.45161290322580644,oracle_local,0.5,0.6823935558112774,0.9318181818181818,-0.379746835443038,-0.10227272727272718,0.77,0.4,0,9,-9,21970.25522994995,2176,439.405104598999,,,,,results/basis_a4/whisper/raw/encoder/seame_dev_sge/L14/Raw_encoder_L14_oracle_local_rho0.5.json
whisper,Raw,encoder,seame_dev_sge,15,0.4838709677419355,global,0.5,2.2508630609896434,0.9545454545454546,-1.948216340621404,-0.125,0.5916666666666667,0.13333333333333333,2,13,-11,100207.53659057617,9819,2004.1507318115234,,,,,results/basis_a4/whisper/raw/encoder/seame_dev_sge/L15/Raw_encoder_L15_global_rho0.5.json
whisper,Raw,encoder,seame_dev_sge,15,0.4838709677419355,oracle_local,0.5,0.6467203682393556,0.9431818181818182,-0.3440736478711163,-0.11363636363636365,0.82,0.3333333333333333,0,10,-10,22198.50128555298,2176,443.9700257110596,,,,,results/basis_a4/whisper/raw/encoder/seame_dev_sge/L15/Raw_encoder_L15_oracle_local_rho0.5.json
whisper,Raw,encoder,seame_dev_sge,16,0.5161290322580645,global,0.5,1.5926352128883774,0.9545454545454546,-1.2899884925201381,-0.125,0.56,0.26666666666666666,0,11,-11,101827.41305541992,9819,2036.5482611083985,,,,,results/basis_a4/whisper/raw/encoder/seame_dev_sge/L16/Raw_encoder_L16_global_rho0.5.json
whisper,Raw,encoder,seame_dev_sge,16,0.5161290322580645,oracle_local,0.5,0.8607594936708861,0.9204545454545454,-0.5581127733026467,-0.09090909090909083,0.825,0.3333333333333333,2,10,-8,22561.744436264038,2176,451.23488872528077,,,,,results/basis_a4/whisper/raw/encoder/seame_dev_sge/L16/Raw_encoder_L16_oracle_local_rho0.5.json
whisper,Raw,encoder,seame_dev_sge,17,0.5483870967741935,global,0.5,1.234752589182969,0.9431818181818182,-0.9321058688147296,-0.11363636363636365,0.4633333333333333,0.2,2,12,-10,101997.05703735352,9819,2039.9411407470702,,,,,results/basis_a4/whisper/raw/encoder/seame_dev_sge/L17/Raw_encoder_L17_global_rho0.5.json
whisper,Raw,encoder,seame_dev_sge,17,0.5483870967741935,oracle_local,0.5,0.669735327963176,0.9431818181818182,-0.36708860759493667,-0.11363636363636365,0.805,0.3333333333333333,0,10,-10,22598.62428665161,2176,451.9724857330322,,,,,results/basis_a4/whisper/raw/encoder/seame_dev_sge/L17/Raw_encoder_L17_oracle_local_rho0.5.json
whisper,Raw,encoder,seame_dev_sge,18,0.5806451612903226,global,0.5,1.048331415420023,0.9659090909090909,-0.7456846950517836,-0.13636363636363635,0.395,0.2,0,12,-12,102498.72219848633,9819,2049.9744439697265,,,,,results/basis_a4/whisper/raw/encoder/seame_dev_sge/L18/Raw_encoder_L18_global_rho0.5.json
whisper,Raw,encoder,seame_dev_sge,18,0.5806451612903226,oracle_local,0.5,0.6524741081703107,0.9318181818181818,-0.34982738780207134,-0.10227272727272718,0.8116666666666666,0.4,0,9,-9,22711.252702713013,2176,454.2250540542602,,,,,results/basis_a4/whisper/raw/encoder/seame_dev_sge/L18/Raw_encoder_L18_oracle_local_rho0.5.json
whisper,Raw,encoder,seame_dev_sge,19,0.6129032258064516,global,0.5,1.7054085155350978,1.0,-1.4027617951668585,-0.17045454545454541,0.2783333333333333,0.0,0,15,-15,101699.58947753906,9819,2033.9917895507813,,,,,results/basis_a4/whisper/raw/encoder/seame_dev_sge/L19/Raw_encoder_L19_global_rho0.5.json
whisper,Raw,encoder,seame_dev_sge,19,0.6129032258064516,oracle_local,0.5,0.41196777905638665,0.9090909090909091,-0.10932105868814729,-0.07954545454545447,0.8233333333333334,0.4,2,9,-7,22534.591024398804,2176,450.6918204879761,,,,,results/basis_a4/whisper/raw/encoder/seame_dev_sge/L19/Raw_encoder_L19_oracle_local_rho0.5.json
whisper,Raw,encoder,seame_dev_sge,20,0.6451612903225806,global,0.5,1.097813578826237,0.9886363636363636,-0.7951668584579977,-0.15909090909090906,0.15333333333333332,0.0,1,15,-14,102696.71774291992,9819,2053.9343548583984,,,,,results/basis_a4/whisper/raw/encoder/seame_dev_sge/L20/Raw_encoder_L20_global_rho0.5.json
whisper,Raw,encoder,seame_dev_sge,20,0.6451612903225806,oracle_local,0.5,0.42692750287687,0.9090909090909091,-0.12428078250863062,-0.07954545454545447,0.7966666666666666,0.4,2,9,-7,22756.70694732666,2176,455.1341389465332,,,,,results/basis_a4/whisper/raw/encoder/seame_dev_sge/L20/Raw_encoder_L20_oracle_local_rho0.5.json
whisper,Raw,encoder,seame_dev_sge,21,0.6774193548387096,global,0.5,1.2036823935558112,1.0,-0.9010356731875718,-0.17045454545454541,0.27666666666666667,0.0,0,15,-15,113612.16107177734,9819,2272.2432214355467,,,,,results/basis_a4/whisper/raw/encoder/seame_dev_sge/L21/Raw_encoder_L21_global_rho0.5.json
whisper,Raw,encoder,seame_dev_sge,21,0.6774193548387096,oracle_local,0.5,0.3970080552359033,0.9204545454545454,-0.09436133486766396,-0.09090909090909083,0.8583333333333333,0.4,1,9,-8,25185.561115264893,2176,503.71122230529784,,,,,results/basis_a4/whisper/raw/encoder/seame_dev_sge/L21/Raw_encoder_L21_oracle_local_rho0.5.json
whisper,Raw,encoder,seame_dev_sge,22,0.7096774193548387,global,0.5,1.3889528193325662,1.0,-1.086306098964327,-0.17045454545454541,0.35333333333333333,0.0,0,15,-15,113777.0492553711,9819,2275.540985107422,,,,,results/basis_a4/whisper/raw/encoder/seame_dev_sge/L22/Raw_encoder_L22_global_rho0.5.json
whisper,Raw,encoder,seame_dev_sge,22,0.7096774193548387,oracle_local,0.5,0.380897583429229,0.9204545454545454,-0.07825086306098966,-0.09090909090909083,0.8883333333333333,0.4,1,9,-8,25219.683256149292,2176,504.39366512298585,,,,,results/basis_a4/whisper/raw/encoder/seame_dev_sge/L22/Raw_encoder_L22_oracle_local_rho0.5.json
whisper,Raw,encoder,seame_dev_sge,23,0.7419354838709677,global,0.5,1.6777905638665132,1.0,-1.375143843498274,-0.17045454545454541,0.18166666666666667,0.0,0,15,-15,113462.90655517578,9819,2269.2581311035156,,,,,results/basis_a4/whisper/raw/encoder/seame_dev_sge/L23/Raw_encoder_L23_global_rho0.5.json
whisper,Raw,encoder,seame_dev_sge,23,0.7419354838709677,oracle_local,0.5,0.5350978135788262,0.8863636363636364,-0.23245109321058688,-0.05681818181818177,0.8483333333333334,0.4666666666666667,3,8,-5,25153.43973350525,2176,503.068794670105,,,,,results/basis_a4/whisper/raw/encoder/seame_dev_sge/L23/Raw_encoder_L23_oracle_local_rho0.5.json
whisper,Raw,encoder,seame_dev_sge,24,0.7741935483870968,global,0.5,1.5362485615650172,0.9659090909090909,-1.2336018411967777,-0.13636363636363635,0.12166666666666667,0.13333333333333333,1,13,-12,113639.33410644531,9819,2272.7866821289062,,,,,results/basis_a4/whisper/raw/encoder/seame_dev_sge/L24/Raw_encoder_L24_global_rho0.5.json
whisper,Raw,encoder,seame_dev_sge,24,0.7741935483870968,oracle_local,0.5,0.39355581127733025,0.8863636363636364,-0.09090909090909088,-0.05681818181818177,0.8633333333333333,0.5333333333333333,2,7,-5,25189.109080314636,2176,503.78218160629274,,,,,results/basis_a4/whisper/raw/encoder/seame_dev_sge/L24/Raw_encoder_L24_oracle_local_rho0.5.json
whisper,Raw,encoder,seame_dev_sge,25,0.8064516129032258,global,0.5,1.433831990794016,0.9431818181818182,-1.1311852704257768,-0.11363636363636365,0.16166666666666665,0.2,2,12,-10,113576.19122314453,9819,2271.523824462891,,,,,results/basis_a4/whisper/raw/encoder/seame_dev_sge/L25/Raw_encoder_L25_global_rho0.5.json
whisper,Raw,encoder,seame_dev_sge,25,0.8064516129032258,oracle_local,0.5,0.4016110471806674,0.8863636363636364,-0.09896432681242806,-0.05681818181818177,0.855,0.5333333333333333,2,7,-5,25168.79602622986,2176,503.3759205245972,,,,,results/basis_a4/whisper/raw/encoder/seame_dev_sge/L25/Raw_encoder_L25_oracle_local_rho0.5.json
whisper,Raw,encoder,seame_dev_sge,26,0.8387096774193549,global,0.5,0.9090909090909091,0.9545454545454546,-0.6064441887226697,-0.125,0.12,0.13333333333333333,2,13,-11,114331.60607910156,9819,2286.6321215820312,,,,,results/basis_a4/whisper/raw/encoder/seame_dev_sge/L26/Raw_encoder_L26_global_rho0.5.json
whisper,Raw,encoder,seame_dev_sge,26,0.8387096774193549,oracle_local,0.5,0.6743383199079401,0.8977272727272727,-0.37169159953970077,-0.06818181818181812,0.86,0.5333333333333333,1,7,-6,25335.895908355713,2176,506.71791816711425,,,,,results/basis_a4/whisper/raw/encoder/seame_dev_sge/L26/Raw_encoder_L26_oracle_local_rho0.5.json
whisper,Raw,encoder,seame_dev_sge,27,0.8709677419354839,global,0.5,0.8504027617951668,0.9886363636363636,-0.5477560414269275,-0.15909090909090906,0.19333333333333333,0.0,1,15,-14,114334.19445800781,9819,2286.6838891601565,,,,,results/basis_a4/whisper/raw/encoder/seame_dev_sge/L27/Raw_encoder_L27_global_rho0.5.json
whisper,Raw,encoder,seame_dev_sge,27,0.8709677419354839,oracle_local,0.5,0.38204833141542005,0.9090909090909091,-0.07940161104718069,-0.07954545454545447,0.8866666666666667,0.5333333333333333,0,7,-7,25340.817806243896,2176,506.8163561248779,,,,,results/basis_a4/whisper/raw/encoder/seame_dev_sge/L27/Raw_encoder_L27_oracle_local_rho0.5.json
whisper,Raw,encoder,seame_dev_sge,28,0.9032258064516129,global,0.5,1.2048331415420024,0.9204545454545454,-0.902186421173763,-0.09090909090909083,0.3416666666666667,0.26666666666666666,3,11,-8,116036.23986816406,9819,2320.724797363281,,,,,results/basis_a4/whisper/raw/encoder/seame_dev_sge/L28/Raw_encoder_L28_global_rho0.5.json
whisper,Raw,encoder,seame_dev_sge,28,0.9032258064516129,oracle_local,0.5,0.383199079401611,0.8977272727272727,-0.08055235903337166,-0.06818181818181812,0.8816666666666667,0.6,0,6,-6,25710.308966636658,2176,514.2061793327332,,,,,results/basis_a4/whisper/raw/encoder/seame_dev_sge/L28/Raw_encoder_L28_oracle_local_rho0.5.json
whisper,Raw,encoder,seame_dev_sge,29,0.9354838709677419,global,0.5,1.0310701956271577,0.9772727272727273,-0.7284234752589184,-0.1477272727272727,0.21166666666666667,0.0,2,15,-13,117433.46826171875,9819,2348.669365234375,,,,,results/basis_a4/whisper/raw/encoder/seame_dev_sge/L29/Raw_encoder_L29_global_rho0.5.json
whisper,Raw,encoder,seame_dev_sge,29,0.9354838709677419,oracle_local,0.5,0.6409666283084005,0.9204545454545454,-0.3383199079401611,-0.09090909090909083,0.8583333333333333,0.4666666666666667,0,8,-8,26022.280809402466,2176,520.4456161880494,,,,,results/basis_a4/whisper/raw/encoder/seame_dev_sge/L29/Raw_encoder_L29_oracle_local_rho0.5.json
whisper,Raw,encoder,seame_dev_sge,30,0.967741935483871,global,0.5,0.9861910241657077,0.9772727272727273,-0.6835443037974683,-0.1477272727272727,0.2633333333333333,0.06666666666666667,1,14,-13,120676.55303955078,9819,2413.5310607910155,,,,,results/basis_a4/whisper/raw/encoder/seame_dev_sge/L30/Raw_encoder_L30_global_rho0.5.json
whisper,Raw,encoder,seame_dev_sge,30,0.967741935483871,oracle_local,0.5,0.903337169159954,0.9090909090909091,-0.6006904487917146,-0.07954545454545447,0.85,0.5333333333333333,0,7,-7,26735.32871246338,2176,534.7065742492675,,,,,results/basis_a4/whisper/raw/encoder/seame_dev_sge/L30/Raw_encoder_L30_oracle_local_rho0.5.json
whisper,Raw,encoder,seame_dev_sge,31,1.0,global,0.5,0.8780207134637514,0.9545454545454546,-0.5753739930955121,-0.125,0.16,0.0,4,15,-11,127303.67852783203,9819,2546.073570556641,,,,,results/basis_a4/whisper/raw/encoder/seame_dev_sge/L31/Raw_encoder_L31_global_rho0.5.json
whisper,Raw,encoder,seame_dev_sge,31,1.0,oracle_local,0.5,0.6754890678941312,0.8977272727272727,-0.37284234752589185,-0.06818181818181812,0.8066666666666666,0.4666666666666667,2,8,-6,28201.045699119568,2176,564.0209139823913,,,,,results/basis_a4/whisper/raw/encoder/seame_dev_sge/L31/Raw_encoder_L31_oracle_local_rho0.5.json
qwen3_asr_1p7b,Raw,decoder,cs_dialogue,0,0.0,global,0.5,0.06208043723638092,0.08774250440917107,-0.0007722925206439732,-0.002204585537918871,0.9990171300196574,0.996142719382835,3,8,-5,38823.99623513222,13419,,2.8932108380007615,7.340775820633118,0.39412875541964604,0.15360576923076924,results/basis_a4/qwen3_asr_1p7b/raw/cs_dialogue/L00/Raw_decoder_L0_global_rho0.5.json
qwen3_asr_1p7b,Raw,decoder,cs_dialogue,0,0.0,oracle_local,0.5,0.061308144715736944,0.0855379188712522,0.0,0.0,1.0,1.0,0,0,0,0.0,0,,0.0,0.0,0.0,0.0,results/basis_a4/qwen3_asr_1p7b/raw/cs_dialogue/L00/Raw_decoder_L0_oracle_local_rho0.5.json
qwen3_asr_1p7b,Raw,encoder,cs_dialogue,0,0.0,global,0.5,0.061248737598764334,0.08333333333333333,5.9407116972609586e-05,0.002204585537918871,0.9993681550126369,0.996142719382835,13,8,5,742108.8862304688,68541,,10.827225838993723,23.527531347106283,0.4601938758154239,1.0,results/basis_a4/qwen3_asr_1p7b/raw/cs_dialogue/L00/Raw_encoder_L0_global_rho0.5.json
qwen3_asr_1p7b,Raw,encoder,cs_dialogue,0,0.0,oracle_local,0.5,0.061308144715736944,0.0855379188712522,0.0,0.0,1.0,1.0,0,0,0,0.0,0,,0.0,0.0,0.0,0.0,results/basis_a4/qwen3_asr_1p7b/raw/cs_dialogue/L00/Raw_encoder_L0_oracle_local_rho0.5.json
qwen3_asr_1p7b,Raw,decoder,cs_dialogue,1,0.037037037037037035,global,0.5,0.061486366066654786,0.0855379188712522,-0.00017822135091784264,0.0,0.9996489750070205,0.997589199614272,5,5,0,83944.76870679855,13409,,6.260330278678391,14.697156674270351,0.4259551978266701,0.15350887235260446,results/basis_a4/qwen3_asr_1p7b/raw/cs_dialogue/L01/Raw_decoder_L1_global_rho0.5.json
qwen3_asr_1p7b,Raw,decoder,cs_dialogue,1,0.037037037037037035,oracle_local,0.5,0.061308144715736944,0.0855379188712522,0.0,0.0,1.0,1.0,0,0,0,0.0,0,,0.0,0.0,0.0,0.0,results/basis_a4/qwen3_asr_1p7b/raw/cs_dialogue/L01/Raw_decoder_L1_oracle_local_rho0.5.json
qwen3_asr_1p7b,Raw,encoder,cs_dialogue,1,0.037037037037037035,global,0.5,0.06136755183270956,0.0873015873015873,-5.9407116972616525e-05,-0.001763668430335097,0.9981746700365066,0.993731918997107,9,13,-4,757340.0827941895,68541,,11.049446065773617,24.060677398745312,0.45923254290213006,1.0,results/basis_a4/qwen3_asr_1p7b/raw/cs_dialogue/L01/Raw_encoder_L1_global_rho0.5.json
qwen3_asr_1p7b,Raw,encoder,cs_dialogue,1,0.037037037037037035,oracle_local,0.5,0.061308144715736944,0.0855379188712522,0.0,0.0,1.0,1.0,0,0,0,0.0,0,,0.0,0.0,0.0,0.0,results/basis_a4/qwen3_asr_1p7b/raw/cs_dialogue/L01/Raw_encoder_L1_oracle_local_rho0.5.json
qwen3_asr_1p7b,Raw,decoder,cs_dialogue,2,0.07407407407407407,global,0.5,0.06166458741757262,0.08774250440917107,-0.00035644270183567833,-0.002204585537918871,0.9998595900028082,0.9956605593056895,4,9,-5,124478.11570262909,13440,,9.26176456120752,20.710240636907873,0.4472069988748495,0.15380918048546022,results/basis_a4/qwen3_asr_1p7b/raw/cs_dialogue/L02/Raw_decoder_L2_global_rho0.5.json
qwen3_asr_1p7b,Raw,decoder,cs_dialogue,2,0.07407407407407407,oracle_local,0.5,0.061308144715736944,0.0855379188712522,0.0,0.0,1.0,1.0,0,0,0,0.0,0,,0.0,0.0,0.0,0.0,results/basis_a4/qwen3_asr_1p7b/raw/cs_dialogue/L02/Raw_decoder_L2_oracle_local_rho0.5.json
qwen3_asr_1p7b,Raw,encoder,cs_dialogue,2,0.07407407407407407,global,0.5,0.06196162300243569,0.09082892416225749,-0.0006534782866987471,-0.005291005291005291,0.9986661050266779,0.9922854387656702,4,16,-12,757831.9052124023,68541,,11.056621660209252,24.063270955209518,0.4594812434597789,1.0,results/basis_a4/qwen3_asr_1p7b/raw/cs_dialogue/L02/Raw_encoder_L2_global_rho0.5.json
qwen3_asr_1p7b,Raw,encoder,cs_dialogue,2,0.07407407407407407,oracle_local,0.5,0.061308144715736944,0.0855379188712522,0.0,0.0,1.0,1.0,0,0,0,0.0,0,,0.0,0.0,0.0,0.0,results/basis_a4/qwen3_asr_1p7b/raw/cs_dialogue/L02/Raw_encoder_L2_oracle_local_rho0.5.json
qwen3_asr_1p7b,Raw,decoder,cs_dialogue,3,0.1111111111111111,global,0.5,0.060951702013901266,0.08509700176366843,0.00035644270183567833,0.0004409171075837742,0.9998595900028082,0.9990356798457087,3,2,1,149980.41907691956,13424,,11.172558036123329,25.310175238405847,0.44142555043119597,0.153654209351571,results/basis_a4/qwen3_asr_1p7b/raw/cs_dialogue/L03/Raw_decoder_L3_global_rho0.5.json
qwen3_asr_1p7b,Raw,decoder,cs_dialogue,3,0.1111111111111111,oracle_local,0.5,0.061308144715736944,0.0855379188712522,0.0,0.0,1.0,1.0,0,0,0,0.0,0,,0.0,0.0,0.0,0.0,results/basis_a4/qwen3_asr_1p7b/raw/cs_dialogue/L03/Raw_decoder_L3_oracle_local_rho0.5.json
qwen3_asr_1p7b,Raw,encoder,cs_dialogue,3,0.1111111111111111,global,0.5,0.061842808768490465,0.09259259259259259,-0.000534664052753521,-0.007054673721340388,0.9977534400449312,0.9889103182256509,7,23,-16,791478.3892822266,68541,,11.54751738787334,25.02997251737612,0.4613475855739318,1.0,results/basis_a4/qwen3_asr_1p7b/raw/cs_dialogue/L03/Raw_encoder_L3_global_rho0.5.json
qwen3_asr_1p7b,Raw,encoder,cs_dialogue,3,0.1111111111111111,oracle_local,0.5,0.061308144715736944,0.0855379188712522,0.0,0.0,1.0,1.0,0,0,0,0.0,0,,0.0,0.0,0.0,0.0,results/basis_a4/qwen3_asr_1p7b/raw/cs_dialogue/L03/Raw_encoder_L3_oracle_local_rho0.5.json
qwen3_asr_1p7b,Raw,decoder,cs_dialogue,4,0.14814814814814814,global,0.5,0.06136755183270956,0.08686067019400352,-5.9407116972616525e-05,-0.0013227513227513227,0.9995085650098287,0.996142719382835,5,8,-3,178616.6272573471,13441,,13.28893886298245,30.045353540449337,0.442295972490118,0.15381886429699482,results/basis_a4/qwen3_asr_1p7b/raw/cs_dialogue/L04/Raw_decoder_L4_global_rho0.5.json
qwen3_asr_1p7b,Raw,decoder,cs_dialogue,4,0.14814814814814814,oracle_local,0.5,0.061308144715736944,0.0855379188712522,0.0,0.0,1.0,1.0,0,0,0,0.0,0,,0.0,0.0,0.0,0.0,results/basis_a4/qwen3_asr_1p7b/raw/cs_dialogue/L04/Raw_decoder_L4_oracle_local_rho0.5.json
qwen3_asr_1p7b,Raw,encoder,cs_dialogue,4,0.14814814814814814,global,0.5,0.06350620804372364,0.09700176366843033,-0.0021980633279867004,-0.01146384479717813,0.9965599550688009,0.9816779170684667,12,38,-26,820923.1786193848,68541,,11.977111197960122,26.893234619144188,0.4453577774327715,1.0,results/basis_a4/qwen3_asr_1p7b/raw/cs_dialogue/L04/Raw_encoder_L4_global_rho0.5.json
qwen3_asr_1p7b,Raw,encoder,cs_dialogue,4,0.14814814814814814,oracle_local,0.5,0.061308144715736944,0.0855379188712522,0.0,0.0,1.0,1.0,0,0,0,0.0,0,,0.0,0.0,0.0,0.0,results/basis_a4/qwen3_asr_1p7b/raw/cs_dialogue/L04/Raw_encoder_L4_oracle_local_rho0.5.json
qwen3_asr_1p7b,Raw,decoder,cs_dialogue,5,0.18518518518518517,global,0.5,0.06136755183270956,0.08818342151675485,-5.9407116972616525e-05,-0.0026455026455026454,0.9997893850042123,0.9956605593056895,3,9,-6,203364.99779701233,13477,,15.089782429102346,34.86692550612759,0.43278213407288907,0.1541673339586813,results/basis_a4/qwen3_asr_1p7b/raw/cs_dialogue/L05/Raw_decoder_L5_global_rho0.5.json
qwen3_asr_1p7b,Raw,decoder,cs_dialogue,5,0.18518518518518517,oracle_local,0.5,0.061308144715736944,0.0855379188712522,0.0,0.0,1.0,1.0,0,0,0,0.0,0,,0.0,0.0,0.0,0.0,results/basis_a4/qwen3_asr_1p7b/raw/cs_dialogue/L05/Raw_decoder_L5_oracle_local_rho0.5.json
qwen3_asr_1p7b,Raw,encoder,cs_dialogue,5,0.18518518518518517,global,0.5,0.0638032436285867,0.09832451499118165,-0.002495098912849762,-0.012786596119929453,0.9974024150519517,0.9811957569913211,10,39,-29,854304.5344543457,68541,,12.464138755698716,27.584831973895245,0.4518475504035727,1.0,results/basis_a4/qwen3_asr_1p7b/raw/cs_dialogue/L05/Raw_encoder_L5_global_rho0.5.json
qwen3_asr_1p7b,Raw,encoder,cs_dialogue,5,0.18518518518518517,oracle_local,0.5,0.061308144715736944,0.0855379188712522,0.0,0.0,1.0,1.0,0,0,0,0.0,0,,0.0,0.0,0.0,0.0,results/basis_a4/qwen3_asr_1p7b/raw/cs_dialogue/L05/Raw_encoder_L5_oracle_local_rho0.5.json
qwen3_asr_1p7b,Raw,decoder,cs_dialogue,6,0.2222222222222222,global,0.5,0.061545773183627396,0.08686067019400352,-0.00023762846789045222,-0.0013227513227513227,0.9995787700084247,0.9966248794599807,4,7,-3,225189.48239707947,13397,,16.80894845092778,39.19511819232833,0.42885311299349005,0.15339256680940713,results/basis_a4/qwen3_asr_1p7b/raw/cs_dialogue/L06/Raw_decoder_L6_global_rho0.5.json
qwen3_asr_1p7b,Raw,decoder,cs_dialogue,6,0.2222222222222222,oracle_local,0.5,0.061308144715736944,0.0855379188712522,0.0,0.0,1.0,1.0,0,0,0,0.0,0,,0.0,0.0,0.0,0.0,results/basis_a4/qwen3_asr_1p7b/raw/cs_dialogue/L06/Raw_decoder_L6_oracle_local_rho0.5.json
qwen3_asr_1p7b,Raw,encoder,cs_dialogue,6,0.2222222222222222,global,0.5,0.06267450840610705,0.09038800705467372,-0.0013663636903701107,-0.0048500881834215165,0.9969109800617804,0.9889103182256509,12,23,-11,891419.5635375977,68541,,13.005639887623433,28.243376836463533,0.4604845930049178,1.0,results/basis_a4/qwen3_asr_1p7b/raw/cs_dialogue/L06/Raw_encoder_L6_global_rho0.5.json
qwen3_asr_1p7b,Raw,encoder,cs_dialogue,6,0.2222222222222222,oracle_local,0.5,0.061308144715736944,0.0855379188712522,0.0,0.0,1.0,1.0,0,0,0,0.0,0,,0.0,0.0,0.0,0.0,results/basis_a4/qwen3_asr_1p7b/raw/cs_dialogue/L06/Raw_encoder_L6_oracle_local_rho0.5.json
qwen3_asr_1p7b,Raw,decoder,cs_dialogue,7,0.25925925925925924,global,0.5,0.06166458741757262,0.08862433862433862,-0.00035644270183567833,-0.0030864197530864196,0.9997893850042123,0.9956605593056895,2,9,-7,236554.12855434418,13378,,17.682323856656016,43.09235453937135,0.41033552345116237,0.15320835098890276,results/basis_a4/qwen3_asr_1p7b/raw/cs_dialogue/L07/Raw_decoder_L7_global_rho0.5.json
qwen3_asr_1p7b,Raw,decoder,cs_dialogue,7,0.25925925925925924,oracle_local,0.5,0.061308144715736944,0.0855379188712522,0.0,0.0,1.0,1.0,0,0,0,0.0,0,,0.0,0.0,0.0,0.0,results/basis_a4/qwen3_asr_1p7b/raw/cs_dialogue/L07/Raw_decoder_L7_oracle_local_rho0.5.json
qwen3_asr_1p7b,Raw,encoder,cs_dialogue,7,0.25925925925925924,global,0.5,0.062377472821243986,0.09215167548500881,-0.001069328105507042,-0.006613756613756613,0.9970513900589723,0.9869816779170685,12,27,-15,912092.3046875,68541,,13.307251202747262,28.657923853607297,0.46434805503442705,1.0,results/basis_a4/qwen3_asr_1p7b/raw/cs_dialogue/L07/Raw_encoder_L7_global_rho0.5.json
qwen3_asr_1p7b,Raw,encoder,cs_dialogue,7,0.25925925925925924,oracle_local,0.5,0.061308144715736944,0.0855379188712522,0.0,0.0,1.0,1.0,0,0,0,0.0,0,,0.0,0.0,0.0,0.0,results/basis_a4/qwen3_asr_1p7b/raw/cs_dialogue/L07/Raw_encoder_L7_oracle_local_rho0.5.json
qwen3_asr_1p7b,Raw,decoder,cs_dialogue,8,0.2962962962962963,global,0.5,0.06112992336481911,0.08421516754850088,0.0001782213509178357,0.0013227513227513227,0.9995787700084247,0.9995178399228544,4,1,3,258304.89448738098,13498,,19.136530929573343,46.237201088992805,0.4138773645217243,0.15437047541714796,results/basis_a4/qwen3_asr_1p7b/raw/cs_dialogue/L08/Raw_decoder_L8_global_rho0.5.json
qwen3_asr_1p7b,Raw,decoder,cs_dialogue,8,0.2962962962962963,oracle_local,0.5,0.061308144715736944,0.0855379188712522,0.0,0.0,1.0,1.0,0,0,0,0.0,0,,0.0,0.0,0.0,0.0,results/basis_a4/qwen3_asr_1p7b/raw/cs_dialogue/L08/Raw_decoder_L8_oracle_local_rho0.5.json
qwen3_asr_1p7b,Raw,encoder,cs_dialogue,8,0.2962962962962963,global,0.5,0.06326857957583318,0.09391534391534391,-0.0019604348600962343,-0.00837742504409171,0.9960685200786296,0.9811957569913211,20,39,-19,907997.310760498,68541,,13.247506029391138,28.931523130031206,0.45789175944352883,1.0,results/basis_a4/qwen3_asr_1p7b/raw/cs_dialogue/L08/Raw_encoder_L8_global_rho0.5.json
qwen3_asr_1p7b,Raw,encoder,cs_dialogue,8,0.2962962962962963,oracle_local,0.5,0.061308144715736944,0.0855379188712522,0.0,0.0,1.0,1.0,0,0,0,0.0,0,,0.0,0.0,0.0,0.0,results/basis_a4/qwen3_asr_1p7b/raw/cs_dialogue/L08/Raw_encoder_L8_oracle_local_rho0.5.json
qwen3_asr_1p7b,Raw,decoder,cs_dialogue,9,0.3333333333333333,global,0.5,0.06136755183270956,0.08641975308641975,-5.9407116972616525e-05,-0.0008818342151675485,0.9996489750070205,0.9980713596914176,2,4,-2,275809.34179878235,13450,,20.506270765708724,52.48750954099747,0.3906885837227899,0.15390600862789075,results/basis_a4/qwen3_asr_1p7b/raw/cs_dialogue/L09/Raw_decoder_L9_global_rho0.5.json
qwen3_asr_1p7b,Raw,decoder,cs_dialogue,9,0.3333333333333333,oracle_local,0.5,0.061308144715736944,0.0855379188712522,0.0,0.0,1.0,1.0,0,0,0,0.0,0,,0.0,0.0,0.0,0.0,results/basis_a4/qwen3_asr_1p7b/raw/cs_dialogue/L09/Raw_decoder_L9_oracle_local_rho0.5.json
qwen3_asr_1p7b,Raw,encoder,cs_dialogue,9,0.3333333333333333,global,0.5,0.06475375750014851,0.0992063492063492,-0.003445612784411571,-0.013668430335097001,0.9955770850884583,0.9797492767598843,11,42,-31,899518.0837402344,68541,,13.123795738904223,28.436695964823976,0.4615091624968766,1.0,results/basis_a4/qwen3_asr_1p7b/raw/cs_dialogue/L09/Raw_encoder_L9_global_rho0.5.json
qwen3_asr_1p7b,Raw,encoder,cs_dialogue,9,0.3333333333333333,oracle_local,0.5,0.061308144715736944,0.0855379188712522,0.0,0.0,1.0,1.0,0,0,0,0.0,0,,0.0,0.0,0.0,0.0,results/basis_a4/qwen3_asr_1p7b/raw/cs_dialogue/L09/Raw_encoder_L9_oracle_local_rho0.5.json
qwen3_asr_1p7b,Raw,decoder,cs_dialogue,10,0.37037037037037035,global,0.5,0.061308144715736944,0.08774250440917107,0.0,-0.002204585537918871,0.9995787700084247,0.996142719382835,3,8,-5,339612.1114025116,13482,,25.19003941570328,62.32823021173866,0.4041513665658211,0.1542157098246457,results/basis_a4/qwen3_asr_1p7b/raw/cs_dialogue/L10/Raw_decoder_L10_global_rho0.5.json
qwen3_asr_1p7b,Raw,decoder,cs_dialogue,10,0.37037037037037035,oracle_local,0.5,0.061308144715736944,0.0855379188712522,0.0,0.0,1.0,1.0,0,0,0,0.0,0,,0.0,0.0,0.0,0.0,results/basis_a4/qwen3_asr_1p7b/raw/cs_dialogue/L10/Raw_decoder_L10_oracle_local_rho0.5.json
qwen3_asr_1p7b,Raw,encoder,cs_dialogue,10,0.37037037037037035,global,0.5,0.06386265074555932,0.10052910052910052,-0.002554506029822372,-0.014991181657848324,0.9967003650659927,0.9792671166827387,9,43,-34,935424.0851135254,68541,,13.647657389205373,29.345079623554184,0.4650748120053119,1.0,results/basis_a4/qwen3_asr_1p7b/raw/cs_dialogue/L10/Raw_encoder_L10_global_rho0.5.json
qwen3_asr_1p7b,Raw,encoder,cs_dialogue,10,0.37037037037037035,oracle_local,0.5,0.061308144715736944,0.0855379188712522,0.0,0.0,1.0,1.0,0,0,0,0.0,0,,0.0,0.0,0.0,0.0,results/basis_a4/qwen3_asr_1p7b/raw/cs_dialogue/L10/Raw_encoder_L10_oracle_local_rho0.5.json
qwen3_asr_1p7b,Raw,decoder,cs_dialogue,11,0.4074074074074074,global,0.5,0.06172399453454524,0.08818342151675485,-0.00041584981880829486,-0.0026455026455026454,0.9996489750070205,0.996142719382835,2,8,-6,436787.97236824036,13471,,32.42431685607901,80.40658335175655,0.40325450360490506,0.15410927561433213,results/basis_a4/qwen3_asr_1p7b/raw/cs_dialogue/L11/Raw_decoder_L11_global_rho0.5.json
qwen3_asr_1p7b,Raw,decoder,cs_dialogue,11,0.4074074074074074,oracle_local,0.5,0.061308144715736944,0.0855379188712522,0.0,0.0,1.0,1.0,0,0,0,0.0,0,,0.0,0.0,0.0,0.0,results/basis_a4/qwen3_asr_1p7b/raw/cs_dialogue/L11/Raw_decoder_L11_oracle_local_rho0.5.json
qwen3_asr_1p7b,Raw,encoder,cs_dialogue,11,0.4074074074074074,global,0.5,0.0633279866928058,0.08950617283950617,-0.0020198419770688578,-0.003968253968253968,0.9955068800898624,0.9855351976856316,21,30,-9,928727.8269042969,68541,,13.549960270557722,29.18564859402698,0.4642679167092694,1.0,results/basis_a4/qwen3_asr_1p7b/raw/cs_dialogue/L11/Raw_encoder_L11_global_rho0.5.json
qwen3_asr_1p7b,Raw,encoder,cs_dialogue,11,0.4074074074074074,oracle_local,0.5,0.061308144715736944,0.0855379188712522,0.0,0.0,1.0,1.0,0,0,0,0.0,0,,0.0,0.0,0.0,0.0,results/basis_a4/qwen3_asr_1p7b/raw/cs_dialogue/L11/Raw_encoder_L11_oracle_local_rho0.5.json
qwen3_asr_1p7b,Raw,decoder,cs_dialogue,12,0.4444444444444444,global,0.5,0.06166458741757262,0.08774250440917107,-0.00035644270183567833,-0.002204585537918871,0.9995787700084247,0.9966248794599807,2,7,-5,463127.3353404999,13415,,34.52309618639582,86.97904453000336,0.396912800927436,0.15356701314162735,results/basis_a4/qwen3_asr_1p7b/raw/cs_dialogue/L12/Raw_decoder_L12_global_rho0.5.json
qwen3_asr_1p7b,Raw,decoder,cs_dialogue,12,0.4444444444444444,oracle_local,0.5,0.061308144715736944,0.0855379188712522,0.0,0.0,1.0,1.0,0,0,0,0.0,0,,0.0,0.0,0.0,0.0,results/basis_a4/qwen3_asr_1p7b/raw/cs_dialogue/L12/Raw_decoder_L12_oracle_local_rho0.5.json
qwen3_asr_1p7b,Raw,encoder,cs_dialogue,12,0.4444444444444444,global,0.5,0.07586288837402722,0.1455026455026455,-0.014554743658290271,-0.059964726631393295,0.990171300196574,0.9271938283510125,15,151,-136,904631.1001586914,68541,,13.198393664502873,28.861271697245137,0.4573046469661517,1.0,results/basis_a4/qwen3_asr_1p7b/raw/cs_dialogue/L12/Raw_encoder_L12_global_rho0.5.json
qwen3_asr_1p7b,Raw,encoder,cs_dialogue,12,0.4444444444444444,oracle_local,0.5,0.061308144715736944,0.0855379188712522,0.0,0.0,1.0,1.0,0,0,0,0.0,0,,0.0,0.0,0.0,0.0,results/basis_a4/qwen3_asr_1p7b/raw/cs_dialogue/L12/Raw_encoder_L12_oracle_local_rho0.5.json
qwen3_asr_1p7b,Raw,decoder,cs_dialogue,13,0.48148148148148145,global,0.5,0.06196162300243569,0.0873015873015873,-0.0006534782866987471,-0.001763668430335097,0.9996489750070205,0.9966248794599807,3,7,-4,508536.5413532257,13404,,37.93916303739374,94.88796285300852,0.399831147141029,0.15346041559333676,results/basis_a4/qwen3_asr_1p7b/raw/cs_dialogue/L13/Raw_decoder_L13_global_rho0.5.json
qwen3_asr_1p7b,Raw,decoder,cs_dialogue,13,0.48148148148148145,oracle_local,0.5,0.061308144715736944,0.0855379188712522,0.0,0.0,1.0,1.0,0,0,0,0.0,0,,0.0,0.0,0.0,0.0,results/basis_a4/qwen3_asr_1p7b/raw/cs_dialogue/L13/Raw_decoder_L13_oracle_local_rho0.5.json
qwen3_asr_1p7b,Raw,encoder,cs_dialogue,13,0.48148148148148145,global,0.5,0.0696251410919028,0.12566137566137567,-0.008316996376165862,-0.04012345679012347,0.9931199101376018,0.946480231436837,20,111,-91,859150.5503234863,68541,,12.534841194664308,27.638900115014415,0.4535217082627302,1.0,results/basis_a4/qwen3_asr_1p7b/raw/cs_dialogue/L13/Raw_encoder_L13_global_rho0.5.json
qwen3_asr_1p7b,Raw,encoder,cs_dialogue,13,0.48148148148148145,oracle_local,0.5,0.061308144715736944,0.0855379188712522,0.0,0.0,1.0,1.0,0,0,0,0.0,0,,0.0,0.0,0.0,0.0,results/basis_a4/qwen3_asr_1p7b/raw/cs_dialogue/L13/Raw_encoder_L13_oracle_local_rho0.5.json
qwen3_asr_1p7b,Raw,decoder,cs_dialogue,14,0.5185185185185185,global,0.5,0.06196162300243569,0.09082892416225749,-0.0006534782866987471,-0.005291005291005291,0.9996489750070205,0.993731918997107,1,13,-12,564795.6098403931,13409,,42.12063612800306,103.91980761274039,0.4053186499821729,0.15350887235260446,results/basis_a4/qwen3_asr_1p7b/raw/cs_dialogue/L14/Raw_decoder_L14_global_rho0.5.json
qwen3_asr_1p7b,Raw,decoder,cs_dialogue,14,0.5185185185185185,oracle_local,0.5,0.061308144715736944,0.0855379188712522,0.0,0.0,1.0,1.0,0,0,0,0.0,0,,0.0,0.0,0.0,0.0,results/basis_a4/qwen3_asr_1p7b/raw/cs_dialogue/L14/Raw_decoder_L14_oracle_local_rho0.5.json
qwen3_asr_1p7b,Raw,encoder,cs_dialogue,14,0.5185185185185185,global,0.5,0.08619972672726192,0.20238095238095238,-0.024891582011524978,-0.11684303350970018,0.9919264251614714,0.8654773384763742,14,279,-265,876749.9536437988,68541,,12.791613102286206,27.62696938358804,0.46301181011497905,1.0,results/basis_a4/qwen3_asr_1p7b/raw/cs_dialogue/L14/Raw_encoder_L14_global_rho0.5.json
qwen3_asr_1p7b,Raw,encoder,cs_dialogue,14,0.5185185185185185,oracle_local,0.5,0.061308144715736944,0.0855379188712522,0.0,0.0,1.0,1.0,0,0,0,0.0,0,,0.0,0.0,0.0,0.0,results/basis_a4/qwen3_asr_1p7b/raw/cs_dialogue/L14/Raw_encoder_L14_oracle_local_rho0.5.json
qwen3_asr_1p7b,Raw,decoder,cs_dialogue,15,0.5555555555555556,global,0.5,0.06202103011940831,0.09259259259259259,-0.0007128854036713636,-0.007054673721340388,0.9989469250210615,0.9898746383799422,5,21,-16,694996.9197158813,13411,,51.822900582796315,124.28617171211519,0.4169643321449631,0.15352825350306804,results/basis_a4/qwen3_asr_1p7b/raw/cs_dialogue/L15/Raw_decoder_L15_global_rho0.5.json
qwen3_asr_1p7b,Raw,decoder,cs_dialogue,15,0.5555555555555556,oracle_local,0.5,0.061308144715736944,0.0855379188712522,0.0,0.0,1.0,1.0,0,0,0,0.0,0,,0.0,0.0,0.0,0.0,results/basis_a4/qwen3_asr_1p7b/raw/cs_dialogue/L15/Raw_decoder_L15_oracle_local_rho0.5.json
qwen3_asr_1p7b,Raw,encoder,cs_dialogue,15,0.5555555555555556,global,0.5,0.07901146557357572,0.2054673721340388,-0.017703320857838774,-0.11992945326278659,0.9912945801741084,0.8596914175506268,19,291,-272,847705.2180480957,68541,,12.367855999301085,26.612836161134393,0.4647327298908188,1.0,results/basis_a4/qwen3_asr_1p7b/raw/cs_dialogue/L15/Raw_encoder_L15_global_rho0.5.json
qwen3_asr_1p7b,Raw,encoder,cs_dialogue,15,0.5555555555555556,oracle_local,0.5,0.061308144715736944,0.0855379188712522,0.0,0.0,1.0,1.0,0,0,0,0.0,0,,0.0,0.0,0.0,0.0,results/basis_a4/qwen3_asr_1p7b/raw/cs_dialogue/L15/Raw_encoder_L15_oracle_local_rho0.5.json
qwen3_asr_1p7b,Raw,decoder,cs_dialogue,16,0.5925925925925926,global,0.5,0.06445672191528545,0.10449735449735449,-0.0031485771995485093,-0.01895943562610229,0.9950154450996911,0.9734811957569913,12,55,-43,899591.5506057739,13234,,67.97578590039096,153.7397861910205,0.4421483051624097,0.1518095784341841,results/basis_a4/qwen3_asr_1p7b/raw/cs_dialogue/L16/Raw_decoder_L16_global_rho0.5.json
qwen3_asr_1p7b,Raw,decoder,cs_dialogue,16,0.5925925925925926,oracle_local,0.5,0.061308144715736944,0.0855379188712522,0.0,0.0,1.0,1.0,0,0,0,0.0,0,,0.0,0.0,0.0,0.0,results/basis_a4/qwen3_asr_1p7b/raw/cs_dialogue/L16/Raw_decoder_L16_oracle_local_rho0.5.json
qwen3_asr_1p7b,Raw,encoder,cs_dialogue,16,0.5925925925925926,global,0.5,0.09029881779837225,0.2517636684303351,-0.028990673082635303,-0.1662257495590829,0.9924880651502387,0.8100289296046287,17,394,-377,824813.7213439941,68541,,12.033873467617836,25.620203220524772,0.4697024986116153,1.0,results/basis_a4/qwen3_asr_1p7b/raw/cs_dialogue/L16/Raw_encoder_L16_global_rho0.5.json
qwen3_asr_1p7b,Raw,encoder,cs_dialogue,16,0.5925925925925926,oracle_local,0.5,0.061308144715736944,0.0855379188712522,0.0,0.0,1.0,1.0,0,0,0,0.0,0,,0.0,0.0,0.0,0.0,results/basis_a4/qwen3_asr_1p7b/raw/cs_dialogue/L16/Raw_encoder_L16_oracle_local_rho0.5.json
qwen3_asr_1p7b,Raw,decoder,cs_dialogue,17,0.6296296296296297,global,0.5,0.06974395532584804,0.1009700176366843,-0.008435810610111096,-0.015432098765432098,0.9920668351586633,0.976374156219865,14,49,-35,1230849.6959762573,13846,,88.89568799481853,205.9721340260443,0.4315908480298507,0.1577226696435691,results/basis_a4/qwen3_asr_1p7b/raw/cs_dialogue/L17/Raw_decoder_L17_global_rho0.5.json
qwen3_asr_1p7b,Raw,decoder,cs_dialogue,17,0.6296296296296297,oracle_local,0.5,0.061308144715736944,0.0855379188712522,0.0,0.0,1.0,1.0,0,0,0,0.0,0,,0.0,0.0,0.0,0.0,results/basis_a4/qwen3_asr_1p7b/raw/cs_dialogue/L17/Raw_decoder_L17_oracle_local_rho0.5.json
qwen3_asr_1p7b,Raw,encoder,cs_dialogue,17,0.6296296296296297,global,0.5,0.07437771044971188,0.15696649029982362,-0.013069565733974935,-0.07142857142857142,0.9941027801179444,0.9180327868852459,8,170,-162,828909.5919799805,68541,,12.093631431989326,25.934297786578014,0.46631806002660464,1.0,results/basis_a4/qwen3_asr_1p7b/raw/cs_dialogue/L17/Raw_encoder_L17_global_rho0.5.json
qwen3_asr_1p7b,Raw,encoder,cs_dialogue,17,0.6296296296296297,oracle_local,0.5,0.061308144715736944,0.0855379188712522,0.0,0.0,1.0,1.0,0,0,0,0.0,0,,0.0,0.0,0.0,0.0,results/basis_a4/qwen3_asr_1p7b/raw/cs_dialogue/L17/Raw_encoder_L17_oracle_local_rho0.5.json
qwen3_asr_1p7b,Raw,decoder,cs_dialogue,18,0.6666666666666666,global,0.5,0.06219925147032614,0.0890652557319224,-0.0008911067545891993,-0.003527336860670194,0.9989469250210615,0.9889103182256509,15,23,-8,1604153.1708984375,13284,,120.75829350334519,269.62276009844214,0.447878708233886,0.15229578675838348,results/basis_a4/qwen3_asr_1p7b/raw/cs_dialogue/L18/Raw_decoder_L18_global_rho0.5.json
qwen3_asr_1p7b,Raw,decoder,cs_dialogue,18,0.6666666666666666,oracle_local,0.5,0.061308144715736944,0.0855379188712522,0.0,0.0,1.0,1.0,0,0,0,0.0,0,,0.0,0.0,0.0,0.0,results/basis_a4/qwen3_asr_1p7b/raw/cs_dialogue/L18/Raw_decoder_L18_oracle_local_rho0.5.json
qwen3_asr_1p7b,Raw,encoder,cs_dialogue,18,0.6666666666666666,global,0.5,0.07443711756668449,0.14858906525573193,-0.013128972850947544,-0.06305114638447973,0.9926986801460264,0.9262295081967213,10,153,-143,834740.41015625,68541,,12.178701947101006,25.447041589884954,0.4785900908788535,1.0,results/basis_a4/qwen3_asr_1p7b/raw/cs_dialogue/L18/Raw_encoder_L18_global_rho0.5.json
qwen3_asr_1p7b,Raw,encoder,cs_dialogue,18,0.6666666666666666,oracle_local,0.5,0.061308144715736944,0.0855379188712522,0.0,0.0,1.0,1.0,0,0,0,0.0,0,,0.0,0.0,0.0,0.0,results/basis_a4/qwen3_asr_1p7b/raw/cs_dialogue/L18/Raw_encoder_L18_oracle_local_rho0.5.json
qwen3_asr_1p7b,Raw,decoder,cs_dialogue,19,0.7037037037037037,global,0.5,0.0722390542386978,0.12742504409171077,-0.01093090952296085,-0.041887125220458565,0.9987363100252739,0.9469623915139826,15,110,-95,2228821.1281585693,13750,,162.09608204789595,341.76047543279475,0.4742973330740559,0.15680058386835594,results/basis_a4/qwen3_asr_1p7b/raw/cs_dialogue/L19/Raw_decoder_L19_global_rho0.5.json
qwen3_asr_1p7b,Raw,decoder,cs_dialogue,19,0.7037037037037037,oracle_local,0.5,0.061308144715736944,0.0855379188712522,0.0,0.0,1.0,1.0,0,0,0,0.0,0,,0.0,0.0,0.0,0.0,results/basis_a4/qwen3_asr_1p7b/raw/cs_dialogue/L19/Raw_decoder_L19_oracle_local_rho0.5.json
qwen3_asr_1p7b,Raw,encoder,cs_dialogue,19,0.7037037037037037,global,0.5,0.06344680092675102,0.10052910052910052,-0.002138656211014077,-0.014991181657848324,0.9975428250491435,0.9811957569913211,5,39,-34,863318.6976928711,68541,,12.595653662667178,25.71935731409707,0.48973438600518054,1.0,results/basis_a4/qwen3_asr_1p7b/raw/cs_dialogue/L19/Raw_encoder_L19_global_rho0.5.json
qwen3_asr_1p7b,Raw,encoder,cs_dialogue,19,0.7037037037037037,oracle_local,0.5,0.061308144715736944,0.0855379188712522,0.0,0.0,1.0,1.0,0,0,0,0.0,0,,0.0,0.0,0.0,0.0,results/basis_a4/qwen3_asr_1p7b/raw/cs_dialogue/L19/Raw_encoder_L19_oracle_local_rho0.5.json
qwen3_asr_1p7b,Raw,decoder,cs_dialogue,20,0.7407407407407407,global,0.5,0.06314976534188796,0.08245149911816578,-0.0018416206261510151,0.0030864197530864196,0.9951558550968829,0.9874638379942141,33,26,7,2877453.965408325,13536,,212.5778638747285,454.61666912051805,0.46759804097366814,0.15473781679755821,results/basis_a4/qwen3_asr_1p7b/raw/cs_dialogue/L20/Raw_decoder_L20_global_rho0.5.json
qwen3_asr_1p7b,Raw,decoder,cs_dialogue,20,0.7407407407407407,oracle_local,0.5,0.061308144715736944,0.0855379188712522,0.0,0.0,1.0,1.0,0,0,0,0.0,0,,0.0,0.0,0.0,0.0,results/basis_a4/qwen3_asr_1p7b/raw/cs_dialogue/L20/Raw_decoder_L20_oracle_local_rho0.5.json
qwen3_asr_1p7b,Raw,encoder,cs_dialogue,20,0.7407407407407407,global,0.5,0.06386265074555932,0.09964726631393298,-0.002554506029822372,-0.014109347442680775,0.9974726200505476,0.9792671166827387,11,43,-32,910062.0133666992,68541,,13.277629643085149,27.473552198114085,0.48328769237188735,1.0,results/basis_a4/qwen3_asr_1p7b/raw/cs_dialogue/L20/Raw_encoder_L20_global_rho0.5.json
qwen3_asr_1p7b,Raw,encoder,cs_dialogue,20,0.7407407407407407,oracle_local,0.5,0.061308144715736944,0.0855379188712522,0.0,0.0,1.0,1.0,0,0,0,0.0,0,,0.0,0.0,0.0,0.0,results/basis_a4/qwen3_asr_1p7b/raw/cs_dialogue/L20/Raw_encoder_L20_oracle_local_rho0.5.json
qwen3_asr_1p7b,Raw,decoder,cs_dialogue,21,0.7777777777777778,global,0.5,0.13806213984435337,0.24382716049382716,-0.07675399512861641,-0.15828924162257496,0.9844144903117102,0.8249758919961427,4,363,-359,4122438.187637329,14624,,281.8953902924869,609.3727009228596,0.4625993088721775,0.16512166205611697,results/basis_a4/qwen3_asr_1p7b/raw/cs_dialogue/L21/Raw_decoder_L21_global_rho0.5.json
qwen3_asr_1p7b,Raw,decoder,cs_dialogue,21,0.7777777777777778,oracle_local,0.5,0.061308144715736944,0.0855379188712522,0.0,0.0,1.0,1.0,0,0,0,0.0,0,,0.0,0.0,0.0,0.0,results/basis_a4/qwen3_asr_1p7b/raw/cs_dialogue/L21/Raw_decoder_L21_oracle_local_rho0.5.json
qwen3_asr_1p7b,Raw,encoder,cs_dialogue,21,0.7777777777777778,global,0.5,0.06950632685795759,0.13315696649029982,-0.008198182142220643,-0.047619047619047616,0.9969109800617804,0.9450337512054002,6,114,-108,898980.9340515137,68541,,13.115958828314639,27.660420211177776,0.4741778587663822,1.0,results/basis_a4/qwen3_asr_1p7b/raw/cs_dialogue/L21/Raw_encoder_L21_global_rho0.5.json
qwen3_asr_1p7b,Raw,encoder,cs_dialogue,21,0.7777777777777778,oracle_local,0.5,0.061308144715736944,0.0855379188712522,0.0,0.0,1.0,1.0,0,0,0,0.0,0,,0.0,0.0,0.0,0.0,results/basis_a4/qwen3_asr_1p7b/raw/cs_dialogue/L21/Raw_encoder_L21_oracle_local_rho0.5.json
qwen3_asr_1p7b,Raw,decoder,cs_dialogue,22,0.8148148148148148,global,0.5,0.06000118814233945,0.08509700176366843,0.0013069565733974942,0.0004409171075837742,0.9995085650098287,0.9942140790742526,13,12,1,4843687.305541992,13509,,358.55261718424697,776.6840571409787,0.4616453935002876,0.15447684391080618,results/basis_a4/qwen3_asr_1p7b/raw/cs_dialogue/L22/Raw_decoder_L22_global_rho0.5.json
qwen3_asr_1p7b,Raw,decoder,cs_dialogue,22,0.8148148148148148,oracle_local,0.5,0.061308144715736944,0.0855379188712522,0.0,0.0,1.0,1.0,0,0,0,0.0,0,,0.0,0.0,0.0,0.0,results/basis_a4/qwen3_asr_1p7b/raw/cs_dialogue/L22/Raw_decoder_L22_oracle_local_rho0.5.json
qwen3_asr_1p7b,Raw,encoder,cs_dialogue,22,0.8148148148148148,global,0.5,0.06297154399097012,0.09567901234567901,-0.0016633992752331725,-0.010141093474426807,0.9969811850603763,0.9821600771456124,14,37,-23,932805.0494995117,68541,,13.609446163602978,28.94429067205213,0.4701944959647573,1.0,results/basis_a4/qwen3_asr_1p7b/raw/cs_dialogue/L22/Raw_encoder_L22_global_rho0.5.json
qwen3_asr_1p7b,Raw,encoder,cs_dialogue,22,0.8148148148148148,oracle_local,0.5,0.061308144715736944,0.0855379188712522,0.0,0.0,1.0,1.0,0,0,0,0.0,0,,0.0,0.0,0.0,0.0,results/basis_a4/qwen3_asr_1p7b/raw/cs_dialogue/L22/Raw_encoder_L22_oracle_local_rho0.5.json
qwen3_asr_1p7b,Raw,decoder,cs_dialogue,23,0.8518518518518519,global,0.5,0.061248737598764334,0.0873015873015873,5.9407116972609586e-05,-0.001763668430335097,0.9990873350182533,0.9918032786885246,13,17,-4,6255934.0955200195,13553,,461.59035604810884,986.3912925858133,0.46795866865172253,0.15490205042631494,results/basis_a4/qwen3_asr_1p7b/raw/cs_dialogue/L23/Raw_decoder_L23_global_rho0.5.json
qwen3_asr_1p7b,Raw,decoder,cs_dialogue,23,0.8518518518518519,oracle_local,0.5,0.061308144715736944,0.0855379188712522,0.0,0.0,1.0,1.0,0,0,0,0.0,0,,0.0,0.0,0.0,0.0,results/basis_a4/qwen3_asr_1p7b/raw/cs_dialogue/L23/Raw_decoder_L23_oracle_local_rho0.5.json
qwen3_asr_1p7b,Raw,encoder,cs_dialogue,23,0.8518518518518519,global,0.5,0.07390245351393097,0.16358024691358025,-0.01259430879819403,-0.07804232804232805,0.9976130300477394,0.9103182256509161,9,186,-177,1122964.7276000977,68541,,16.383839272845417,35.204984885230076,0.4653840734844088,1.0,results/basis_a4/qwen3_asr_1p7b/raw/cs_dialogue/L23/Raw_encoder_L23_global_rho0.5.json
qwen3_asr_1p7b,Raw,encoder,cs_dialogue,23,0.8518518518518519,oracle_local,0.5,0.061308144715736944,0.0855379188712522,0.0,0.0,1.0,1.0,0,0,0,0.0,0,,0.0,0.0,0.0,0.0,results/basis_a4/qwen3_asr_1p7b/raw/cs_dialogue/L23/Raw_encoder_L23_oracle_local_rho0.5.json
qwen3_asr_1p7b,Raw,decoder,cs_dialogue,24,0.8888888888888888,global,0.5,0.06279332264005227,0.09347442680776014,-0.0014851779243153299,-0.007936507936507936,0.9984554900308902,0.9884281581485053,6,24,-18,7859211.435974121,13492,,582.5090005910258,1259.9373301899896,0.46233172605750766,0.15431244495785343,results/basis_a4/qwen3_asr_1p7b/raw/cs_dialogue/L24/Raw_decoder_L24_global_rho0.5.json
qwen3_asr_1p7b,Raw,decoder,cs_dialogue,24,0.8888888888888888,oracle_local,0.5,0.061308144715736944,0.0855379188712522,0.0,0.0,1.0,1.0,0,0,0,0.0,0,,0.0,0.0,0.0,0.0,results/basis_a4/qwen3_asr_1p7b/raw/cs_dialogue/L24/Raw_decoder_L24_oracle_local_rho0.5.json
qwen3_asr_1p7b,Raw,decoder,cs_dialogue,25,0.9259259259259259,global,0.5,0.06932810550703974,0.12081128747795414,-0.0080199607913028,-0.03527336860670194,0.9977534400449312,0.9575699132111861,8,88,-80,10439571.17175293,13701,,761.9568769982432,1645.4932683314487,0.46305681807551674,0.15632915725337168,results/basis_a4/qwen3_asr_1p7b/raw/cs_dialogue/L25/Raw_decoder_L25_global_rho0.5.json
qwen3_asr_1p7b,Raw,decoder,cs_dialogue,25,0.9259259259259259,oracle_local,0.5,0.061308144715736944,0.0855379188712522,0.0,0.0,1.0,1.0,0,0,0,0.0,0,,0.0,0.0,0.0,0.0,results/basis_a4/qwen3_asr_1p7b/raw/cs_dialogue/L25/Raw_decoder_L25_oracle_local_rho0.5.json
qwen3_asr_1p7b,Raw,decoder,cs_dialogue,26,0.9629629629629629,global,0.5,0.06386265074555932,0.09171075837742504,-0.002554506029822372,-0.006172839506172839,0.996489750070205,0.9860173577627772,15,29,-14,12189088.542297363,13506,,902.4943389824791,2000.410719955266,0.4511545204090194,0.15444783697553946,results/basis_a4/qwen3_asr_1p7b/raw/cs_dialogue/L26/Raw_decoder_L26_global_rho0.5.json
qwen3_asr_1p7b,Raw,decoder,cs_dialogue,26,0.9629629629629629,oracle_local,0.5,0.061308144715736944,0.0855379188712522,0.0,0.0,1.0,1.0,0,0,0,0.0,0,,0.0,0.0,0.0,0.0,results/basis_a4/qwen3_asr_1p7b/raw/cs_dialogue/L26/Raw_decoder_L26_oracle_local_rho0.5.json
qwen3_asr_1p7b,Raw,decoder,cs_dialogue,27,1.0,global,0.5,0.07425889621576665,0.11596119929453262,-0.012950751500029702,-0.03042328042328042,0.9898202752035945,0.9604628736740598,13,82,-69,13435909.155822754,12889,,1042.4322411221005,2449.895995146661,0.4255006103063964,0.14843947944258898,results/basis_a4/qwen3_asr_1p7b/raw/cs_dialogue/L27/Raw_decoder_L27_global_rho0.5.json
qwen3_asr_1p7b,Raw,decoder,cs_dialogue,27,1.0,oracle_local,0.5,0.061308144715736944,0.0855379188712522,0.0,0.0,1.0,1.0,0,0,0,0.0,0,,0.0,0.0,0.0,0.0,results/basis_a4/qwen3_asr_1p7b/raw/cs_dialogue/L27/Raw_decoder_L27_oracle_local_rho0.5.json
qwen3_asr_1p7b,Raw,decoder,seame_dev_man,0,0.0,global,0.5,0.25759162303664923,0.6666666666666666,0.004188481675392652,-0.010101010101010055,0.990578734858681,0.9705882352941176,0,1,-1,2561.0535855293274,882,,2.9036888724822307,7.430160593824322,0.3907975925709696,0.18580155887929217,results/basis_a4/qwen3_asr_1p7b/raw/seame_dev_man/L00/Raw_decoder_L0_global_rho0.5.json
qwen3_asr_1p7b,Raw,decoder,seame_dev_man,0,0.0,oracle_local,0.5,0.2617801047120419,0.6565656565656566,0.0,0.0,1.0,1.0,0,0,0,114.97291994094849,39,,2.9480235882294483,7.493468871483436,0.39341240202494443,0.00820534399326741,results/basis_a4/qwen3_asr_1p7b/raw/seame_dev_man/L00/Raw_decoder_L0_oracle_local_rho0.5.json
qwen3_asr_1p7b,Raw,encoder,seame_dev_man,0,0.0,global,0.5,0.26596858638743454,0.6666666666666666,-0.004188481675392652,-0.010101010101010055,0.9865410497981157,0.9705882352941176,0,1,-1,32468.768630981445,2965,,10.950680819892561,25.019385105281014,0.43768784779531317,1.0,results/basis_a4/qwen3_asr_1p7b/raw/seame_dev_man/L00/Raw_encoder_L0_global_rho0.5.json
qwen3_asr_1p7b,Raw,encoder,seame_dev_man,0,0.0,oracle_local,0.5,0.2649214659685864,0.6565656565656566,-0.003141361256544517,0.0,0.9878869448183042,1.0,0,0,0,6990.435213088989,636,,10.991250335045581,24.620603621380884,0.44642489290963694,0.21450252951096122,results/basis_a4/qwen3_asr_1p7b/raw/seame_dev_man/L00/Raw_encoder_L0_oracle_local_rho0.5.json
qwen3_asr_1p7b,Raw,decoder,seame_dev_man,1,0.037037037037037035,global,0.5,0.2607329842931937,0.6666666666666666,0.0010471204188481908,-0.010101010101010055,0.9932705248990579,0.9705882352941176,0,1,-1,5570.356657028198,885,,6.294188313026213,14.958024554064044,0.42079007761195997,0.1863157894736842,results/basis_a4/qwen3_asr_1p7b/raw/seame_dev_man/L01/Raw_decoder_L1_global_rho0.5.json
qwen3_asr_1p7b,Raw,decoder,seame_dev_man,1,0.037037037037037035,oracle_local,0.5,0.2607329842931937,0.6565656565656566,0.0010471204188481908,0.0,1.0,1.0,0,0,0,247.67441654205322,39,,6.350626065180852,14.894394263243063,0.42637692765077134,0.008210526315789474,results/basis_a4/qwen3_asr_1p7b/raw/seame_dev_man/L01/Raw_decoder_L1_oracle_local_rho0.5.json
qwen3_asr_1p7b,Raw,encoder,seame_dev_man,1,0.037037037037037035,global,0.5,0.2638743455497382,0.6666666666666666,-0.002094240837696326,-0.010101010101010055,0.9851951547779273,0.9705882352941176,0,1,-1,33210.350006103516,2965,,11.200792582159702,25.303921575691003,0.4426504622477209,1.0,results/basis_a4/qwen3_asr_1p7b/raw/seame_dev_man/L01/Raw_encoder_L1_global_rho0.5.json
qwen3_asr_1p7b,Raw,encoder,seame_dev_man,1,0.037037037037037035,oracle_local,0.5,0.26910994764397905,0.6565656565656566,-0.007329842931937169,0.0,0.990578734858681,1.0,0,0,0,7152.456275939941,636,,11.246000433867833,24.92982757616343,0.45110622604629075,0.21450252951096122,results/basis_a4/qwen3_asr_1p7b/raw/seame_dev_man/L01/Raw_encoder_L1_oracle_local_rho0.5.json
qwen3_asr_1p7b,Raw,decoder,seame_dev_man,2,0.07407407407407407,global,0.5,0.25968586387434556,0.6565656565656566,0.002094240837696326,0.0,0.9959623149394348,1.0,0,0,0,8273.420290470123,889,,9.306434522463581,20.843004066844895,0.4465015931780865,0.1870004206983593,results/basis_a4/qwen3_asr_1p7b/raw/seame_dev_man/L02/Raw_decoder_L2_global_rho0.5.json
qwen3_asr_1p7b,Raw,decoder,seame_dev_man,2,0.07407407407407407,oracle_local,0.5,0.2607329842931937,0.6565656565656566,0.0010471204188481908,0.0,1.0,1.0,0,0,0,366.26648139953613,39,,9.391448241013746,21.347574405181103,0.4399304606116947,0.008210526315789474,results/basis_a4/qwen3_asr_1p7b/raw/seame_dev_man/L02/Raw_decoder_L2_oracle_local_rho0.5.json
qwen3_asr_1p7b,Raw,encoder,seame_dev_man,2,0.07407407407407407,global,0.5,0.2837696335078534,0.6868686868686869,-0.021989528795811508,-0.030303030303030276,0.9636608344549125,0.9117647058823529,0,3,-3,33069.73045349121,2965,,11.153366088867188,24.82433490206379,0.4492916379378987,1.0,results/basis_a4/qwen3_asr_1p7b/raw/seame_dev_man/L02/Raw_encoder_L2_global_rho0.5.json
qwen3_asr_1p7b,Raw,encoder,seame_dev_man,2,0.07407407407407407,oracle_local,0.5,0.26910994764397905,0.6666666666666666,-0.007329842931937169,-0.010101010101010055,0.9892328398384926,0.9705882352941176,0,1,-1,7130.817443847656,636,,11.211977112968013,24.54139415573024,0.456859828004111,0.21450252951096122,results/basis_a4/qwen3_asr_1p7b/raw/seame_dev_man/L02/Raw_encoder_L2_oracle_local_rho0.5.json
qwen3_asr_1p7b,Raw,decoder,seame_dev_man,3,0.1111111111111111,global,0.5,0.2649214659685864,0.6565656565656566,-0.003141361256544517,0.0,0.9932705248990579,0.9705882352941176,1,1,0,9906.818305969238,885,,11.194144978496315,25.018444516025696,0.4474356897498502,0.1863157894736842,results/basis_a4/qwen3_asr_1p7b/raw/seame_dev_man/L03/Raw_decoder_L3_global_rho0.5.json
qwen3_asr_1p7b,Raw,decoder,seame_dev_man,3,0.1111111111111111,oracle_local,0.5,0.2617801047120419,0.6565656565656566,0.0,0.0,1.0,1.0,0,0,0,440.256142616272,39,,11.288619041442871,25.637902724437225,0.4403097695929286,0.008201892744479496,results/basis_a4/qwen3_asr_1p7b/raw/seame_dev_man/L03/Raw_decoder_L3_oracle_local_rho0.5.json
qwen3_asr_1p7b,Raw,encoder,seame_dev_man,3,0.1111111111111111,global,0.5,0.2753926701570681,0.6767676767676768,-0.013612565445026203,-0.02020202020202022,0.9744279946164199,0.9411764705882353,0,2,-2,34498.11901855469,2965,,11.635116026493993,25.772663743017496,0.45145182285033525,1.0,results/basis_a4/qwen3_asr_1p7b/raw/seame_dev_man/L03/Raw_encoder_L3_global_rho0.5.json
qwen3_asr_1p7b,Raw,encoder,seame_dev_man,3,0.1111111111111111,oracle_local,0.5,0.2680628272251309,0.6666666666666666,-0.006282722513089034,-0.010101010101010055,0.9892328398384926,0.9705882352941176,0,1,-1,7439.475799560547,636,,11.697288993019727,25.544171219351906,0.45792399732108063,0.21450252951096122,results/basis_a4/qwen3_asr_1p7b/raw/seame_dev_man/L03/Raw_encoder_L3_oracle_local_rho0.5.json
qwen3_asr_1p7b,Raw,decoder,seame_dev_man,4,0.14814814814814814,global,0.5,0.2670157068062827,0.6464646464646465,-0.005235602094240843,0.010101010101010055,0.9892328398384926,1.0,1,0,1,11795.425044059753,886,,13.313120817223197,29.20983801684584,0.45577523605386927,0.186487055356767,results/basis_a4/qwen3_asr_1p7b/raw/seame_dev_man/L04/Raw_decoder_L4_global_rho0.5.json
qwen3_asr_1p7b,Raw,decoder,seame_dev_man,4,0.14814814814814814,oracle_local,0.5,0.2638743455497382,0.6565656565656566,-0.002094240837696326,0.0,0.9973082099596231,1.0,0,0,0,523.2684831619263,39,,13.417140593895546,30.189797572600536,0.4444263185809695,0.008207070707070708,results/basis_a4/qwen3_asr_1p7b/raw/seame_dev_man/L04/Raw_decoder_L4_oracle_local_rho0.5.json
qwen3_asr_1p7b,Raw,encoder,seame_dev_man,4,0.14814814814814814,global,0.5,0.2869109947643979,0.7272727272727273,-0.025130890052356025,-0.07070707070707072,0.9744279946164199,0.7941176470588235,0,7,-7,35688.565017700195,2965,,12.036615520303608,27.235988335183258,0.44193790113923614,1.0,results/basis_a4/qwen3_asr_1p7b/raw/seame_dev_man/L04/Raw_encoder_L4_global_rho0.5.json
qwen3_asr_1p7b,Raw,encoder,seame_dev_man,4,0.14814814814814814,oracle_local,0.5,0.28272251308900526,0.6868686868686869,-0.020942408376963373,-0.030303030303030276,0.9838492597577388,0.9117647058823529,0,3,-3,7690.645414352417,636,,12.092209770994366,26.960609903875387,0.4485139547698512,0.21450252951096122,results/basis_a4/qwen3_asr_1p7b/raw/seame_dev_man/L04/Raw_encoder_L4_oracle_local_rho0.5.json
qwen3_asr_1p7b,Raw,decoder,seame_dev_man,5,0.18518518518518517,global,0.5,0.2617801047120419,0.6565656565656566,0.0,0.0,0.9973082099596231,1.0,0,0,0,13564.227149963379,895,,15.155561061411596,34.31229265948247,0.4416947946852871,0.1880252100840336,results/basis_a4/qwen3_asr_1p7b/raw/seame_dev_man/L05/Raw_decoder_L5_global_rho0.5.json
qwen3_asr_1p7b,Raw,decoder,seame_dev_man,5,0.18518518518518517,oracle_local,0.5,0.2617801047120419,0.6565656565656566,0.0,0.0,1.0,1.0,0,0,0,595.9963827133179,39,,15.281958531110714,35.443947669787285,0.43115847798571216,0.008203618005889778,results/basis_a4/qwen3_asr_1p7b/raw/seame_dev_man/L05/Raw_decoder_L5_oracle_local_rho0.5.json
qwen3_asr_1p7b,Raw,encoder,seame_dev_man,5,0.18518518518518517,global,0.5,0.29109947643979056,0.7171717171717171,-0.029319371727748678,-0.06060606060606055,0.9596231493943472,0.8235294117647058,0,6,-6,37179.501525878906,2965,,12.539460885625264,28.21754035113433,0.4443853266296892,1.0,results/basis_a4/qwen3_asr_1p7b/raw/seame_dev_man/L05/Raw_encoder_L5_global_rho0.5.json
qwen3_asr_1p7b,Raw,encoder,seame_dev_man,5,0.18518518518518517,oracle_local,0.5,0.2712041884816754,0.6666666666666666,-0.009424083769633496,-0.010101010101010055,0.9851951547779273,0.9705882352941176,0,1,-1,8017.311317443848,636,,12.605835404785925,27.96945525115391,0.450700068756822,0.21450252951096122,results/basis_a4/qwen3_asr_1p7b/raw/seame_dev_man/L05/Raw_encoder_L5_oracle_local_rho0.5.json
qwen3_asr_1p7b,Raw,decoder,seame_dev_man,6,0.2222222222222222,global,0.5,0.2617801047120419,0.6666666666666666,0.0,-0.010101010101010055,0.9946164199192463,0.9705882352941176,0,1,-1,14913.17712020874,886,,16.832028352380068,38.74052827245226,0.4344811261737244,0.186487055356767,results/basis_a4/qwen3_asr_1p7b/raw/seame_dev_man/L06/Raw_decoder_L6_global_rho0.5.json
qwen3_asr_1p7b,Raw,decoder,seame_dev_man,6,0.2222222222222222,oracle_local,0.5,0.2607329842931937,0.6565656565656566,0.0010471204188481908,0.0,1.0,1.0,0,0,0,661.7945671081543,39,,16.96909146431165,40.241899490356445,0.42167719911874724,0.008210526315789474,results/basis_a4/qwen3_asr_1p7b/raw/seame_dev_man/L06/Raw_decoder_L6_oracle_local_rho0.5.json
qwen3_asr_1p7b,Raw,encoder,seame_dev_man,6,0.2222222222222222,global,0.5,0.2753926701570681,0.7171717171717171,-0.013612565445026203,-0.06060606060606055,0.9825033647375505,0.7941176470588235,1,7,-6,38691.06994628906,2965,,13.04926473736562,28.796511712162733,0.4531543566040336,1.0,results/basis_a4/qwen3_asr_1p7b/raw/seame_dev_man/L06/Raw_encoder_L6_global_rho0.5.json
qwen3_asr_1p7b,Raw,encoder,seame_dev_man,6,0.2222222222222222,oracle_local,0.5,0.2732984293193717,0.6868686868686869,-0.011518324607329822,-0.030303030303030276,0.9851951547779273,0.9117647058823529,0,3,-3,8350.865886688232,636,,13.130292274667033,28.622415902479638,0.4587415793063617,0.21450252951096122,results/basis_a4/qwen3_asr_1p7b/raw/seame_dev_man/L06/Raw_encoder_L6_oracle_local_rho0.5.json
qwen3_asr_1p7b,Raw,decoder,seame_dev_man,7,0.25925925925925924,global,0.5,0.2649214659685864,0.6565656565656566,-0.003141361256544517,0.0,0.9919246298788694,1.0,0,0,0,15779.923517227173,887,,17.790218170492867,42.69479391190487,0.41668354711351124,0.18665824915824916,results/basis_a4/qwen3_asr_1p7b/raw/seame_dev_man/L07/Raw_decoder_L7_global_rho0.5.json
qwen3_asr_1p7b,Raw,decoder,seame_dev_man,7,0.25925925925925924,oracle_local,0.5,0.2617801047120419,0.6565656565656566,0.0,0.0,1.0,1.0,0,0,0,700.8082141876221,39,,17.96944138942621,44.494800274188705,0.4038548612128556,0.008203618005889778,results/basis_a4/qwen3_asr_1p7b/raw/seame_dev_man/L07/Raw_decoder_L7_oracle_local_rho0.5.json
qwen3_asr_1p7b,Raw,encoder,seame_dev_man,7,0.25925925925925924,global,0.5,0.28900523560209423,0.7373737373737373,-0.02722513089005235,-0.08080808080808077,0.9528936742934051,0.7647058823529411,0,8,-8,39507.247146606445,2965,,13.324535293965074,29.125669894290816,0.4574842516009198,1.0,results/basis_a4/qwen3_asr_1p7b/raw/seame_dev_man/L07/Raw_encoder_L7_global_rho0.5.json
qwen3_asr_1p7b,Raw,encoder,seame_dev_man,7,0.25925925925925924,oracle_local,0.5,0.2649214659685864,0.6767676767676768,-0.003141361256544517,-0.02020202020202022,0.9892328398384926,0.9411764705882353,0,2,-2,8529.548490524292,636,,13.411239764975301,29.01279507043227,0.46225259346498,0.21450252951096122,results/basis_a4/qwen3_asr_1p7b/raw/seame_dev_man/L07/Raw_encoder_L7_oracle_local_rho0.5.json
qwen3_asr_1p7b,Raw,decoder,seame_dev_man,8,0.2962962962962963,global,0.5,0.2670157068062827,0.6666666666666666,-0.005235602094240843,-0.010101010101010055,0.990578734858681,0.9705882352941176,0,1,-1,17068.32225894928,888,,19.22108362494288,45.54198754370749,0.4220519274986857,0.18682937092362717,results/basis_a4/qwen3_asr_1p7b/raw/seame_dev_man/L08/Raw_decoder_L8_global_rho0.5.json
qwen3_asr_1p7b,Raw,decoder,seame_dev_man,8,0.2962962962962963,oracle_local,0.5,0.2607329842931937,0.6565656565656566,0.0010471204188481908,0.0,1.0,1.0,0,0,0,755.8801231384277,39,,19.381541618934044,47.513150435227615,0.4079195220985391,0.008210526315789474,results/basis_a4/qwen3_asr_1p7b/raw/seame_dev_man/L08/Raw_decoder_L8_oracle_local_rho0.5.json
qwen3_asr_1p7b,Raw,encoder,seame_dev_man,8,0.2962962962962963,global,0.5,0.2837696335078534,0.7272727272727273,-0.021989528795811508,-0.07070707070707072,0.9569313593539704,0.7647058823529411,1,8,-7,39315.458404541016,2965,,13.259851063926144,29.635985504716484,0.4474239961352348,1.0,results/basis_a4/qwen3_asr_1p7b/raw/seame_dev_man/L08/Raw_encoder_L8_global_rho0.5.json
qwen3_asr_1p7b,Raw,encoder,seame_dev_man,8,0.2962962962962963,oracle_local,0.5,0.2712041884816754,0.6767676767676768,-0.009424083769633496,-0.02020202020202022,0.990578734858681,0.9411764705882353,0,2,-2,8485.936643600464,636,,13.342667678617081,29.50217450339839,0.45226048259866825,0.21450252951096122,results/basis_a4/qwen3_asr_1p7b/raw/seame_dev_man/L08/Raw_encoder_L8_oracle_local_rho0.5.json
qwen3_asr_1p7b,Raw,decoder,seame_dev_man,9,0.3333333333333333,global,0.5,0.25968586387434556,0.6565656565656566,0.002094240837696326,0.0,0.9946164199192463,1.0,0,0,0,18277.89602279663,884,,20.676352966964515,51.829189641443314,0.39893259203943693,0.186144451463466,results/basis_a4/qwen3_asr_1p7b/raw/seame_dev_man/L09/Raw_decoder_L9_global_rho0.5.json
qwen3_asr_1p7b,Raw,decoder,seame_dev_man,9,0.3333333333333333,oracle_local,0.5,0.2617801047120419,0.6565656565656566,0.0,0.0,1.0,1.0,0,0,0,815.415355682373,39,,20.90808604313777,53.72883684207232,0.38914086498082745,0.00820534399326741,results/basis_a4/qwen3_asr_1p7b/raw/seame_dev_man/L09/Raw_decoder_L9_oracle_local_rho0.5.json
qwen3_asr_1p7b,Raw,encoder,seame_dev_man,9,0.3333333333333333,global,0.5,0.2963350785340314,0.7171717171717171,-0.03455497382198952,-0.06060606060606055,0.9528936742934051,0.8235294117647058,0,6,-6,38922.940673828125,2965,,13.127467343618255,28.840866032257853,0.4551689720043594,1.0,results/basis_a4/qwen3_asr_1p7b/raw/seame_dev_man/L09/Raw_encoder_L9_global_rho0.5.json
qwen3_asr_1p7b,Raw,encoder,seame_dev_man,9,0.3333333333333333,oracle_local,0.5,0.2680628272251309,0.6666666666666666,-0.006282722513089034,-0.010101010101010055,0.9865410497981157,0.9705882352941176,0,1,-1,8394.879043579102,636,,13.199495351539468,28.69295550892188,0.46002564453268585,0.21450252951096122,results/basis_a4/qwen3_asr_1p7b/raw/seame_dev_man/L09/Raw_encoder_L9_oracle_local_rho0.5.json
qwen3_asr_1p7b,Raw,decoder,seame_dev_man,10,0.37037037037037035,global,0.5,0.2638743455497382,0.6666666666666666,-0.002094240837696326,-0.010101010101010055,0.9878869448183042,0.9705882352941176,0,1,-1,22441.176094055176,884,,25.385945807754723,61.33420523906725,0.4138954064670095,0.186144451463466,results/basis_a4/qwen3_asr_1p7b/raw/seame_dev_man/L10/Raw_decoder_L10_global_rho0.5.json
qwen3_asr_1p7b,Raw,decoder,seame_dev_man,10,0.37037037037037035,oracle_local,0.5,0.2607329842931937,0.6565656565656566,0.0010471204188481908,0.0,1.0,1.0,0,0,0,998.5587749481201,39,,25.6040711525159,63.19092735877404,0.4051858743446781,0.008210526315789474,results/basis_a4/qwen3_asr_1p7b/raw/seame_dev_man/L10/Raw_decoder_L10_oracle_local_rho0.5.json
qwen3_asr_1p7b,Raw,encoder,seame_dev_man,10,0.37037037037037035,global,0.5,0.2931937172774869,0.7474747474747475,-0.031413612565445004,-0.09090909090909094,0.9582772543741588,0.7058823529411765,1,10,-9,40359.40237426758,2965,,13.611940092501714,29.408939159579862,0.46285042852583375,1.0,results/basis_a4/qwen3_asr_1p7b/raw/seame_dev_man/L10/Raw_encoder_L10_global_rho0.5.json
qwen3_asr_1p7b,Raw,encoder,seame_dev_man,10,0.37037037037037035,oracle_local,0.5,0.26910994764397905,0.696969696969697,-0.007329842931937169,-0.04040404040404044,0.9825033647375505,0.8823529411764706,0,4,-4,8706.296962738037,636,,13.689146167827102,29.30181960339816,0.4671773409675745,0.21450252951096122,results/basis_a4/qwen3_asr_1p7b/raw/seame_dev_man/L10/Raw_encoder_L10_oracle_local_rho0.5.json
qwen3_asr_1p7b,Raw,decoder,seame_dev_man,11,0.4074074074074074,global,0.5,0.25759162303664923,0.6565656565656566,0.004188481675392652,0.0,0.9986541049798116,1.0,0,0,0,29080.973560333252,889,,32.712006254593085,80.21011483843603,0.40782894177976864,0.1870004206983593,results/basis_a4/qwen3_asr_1p7b/raw/seame_dev_man/L11/Raw_decoder_L11_global_rho0.5.json
qwen3_asr_1p7b,Raw,decoder,seame_dev_man,11,0.4074074074074074,oracle_local,0.5,0.2638743455497382,0.6565656565656566,-0.002094240837696326,0.0,0.9973082099596231,1.0,0,0,0,1284.6163806915283,39,,32.93888155619303,82.50957899827223,0.3992128181490634,0.008203618005889778,results/basis_a4/qwen3_asr_1p7b/raw/seame_dev_man/L11/Raw_decoder_L11_oracle_local_rho0.5.json
qwen3_asr_1p7b,Raw,encoder,seame_dev_man,11,0.4074074074074074,global,0.5,0.32774869109947646,0.7777777777777778,-0.06596858638743458,-0.12121212121212122,0.9165545087483177,0.6470588235294118,0,12,-12,40065.20098876953,2965,,13.512715341912152,29.349228425050065,0.46041126349948,1.0,results/basis_a4/qwen3_asr_1p7b/raw/seame_dev_man/L11/Raw_encoder_L11_global_rho0.5.json
qwen3_asr_1p7b,Raw,encoder,seame_dev_man,11,0.4074074074074074,oracle_local,0.5,0.2649214659685864,0.6666666666666666,-0.003141361256544517,-0.010101010101010055,0.9838492597577388,0.9705882352941176,0,1,-1,8641.104442596436,636,,13.586642205340308,29.19242551791593,0.46541669506022837,0.21450252951096122,results/basis_a4/qwen3_asr_1p7b/raw/seame_dev_man/L11/Raw_encoder_L11_oracle_local_rho0.5.json
qwen3_asr_1p7b,Raw,decoder,seame_dev_man,12,0.4444444444444444,global,0.5,0.27015706806282724,0.6666666666666666,-0.00837696335078536,-0.010101010101010055,0.9932705248990579,0.9705882352941176,0,1,-1,31045.71289253235,891,,34.84367328005875,86.83616746930295,0.4012576129914552,0.18734230445752734,results/basis_a4/qwen3_asr_1p7b/raw/seame_dev_man/L12/Raw_decoder_L12_global_rho0.5.json
qwen3_asr_1p7b,Raw,decoder,seame_dev_man,12,0.4444444444444444,oracle_local,0.5,0.2628272251308901,0.6565656565656566,-0.0010471204188481908,0.0,1.0,1.0,0,0,0,1368.5200538635254,39,,35.090257791372444,89.67383301563753,0.391309890648405,0.008201892744479496,results/basis_a4/qwen3_asr_1p7b/raw/seame_dev_man/L12/Raw_decoder_L12_oracle_local_rho0.5.json
qwen3_asr_1p7b,Raw,encoder,seame_dev_man,12,0.4444444444444444,global,0.5,0.43350785340314135,0.8787878787878788,-0.17172774869109947,-0.2222222222222222,0.775235531628533,0.35294117647058826,0,22,-22,39075.40882873535,2965,,13.178889992828111,28.843210965907595,0.4569148007968127,1.0,results/basis_a4/qwen3_asr_1p7b/raw/seame_dev_man/L12/Raw_encoder_L12_global_rho0.5.json
qwen3_asr_1p7b,Raw,encoder,seame_dev_man,12,0.4444444444444444,oracle_local,0.5,0.27015706806282724,0.6868686868686869,-0.00837696335078536,-0.030303030303030276,0.9878869448183042,0.9117647058823529,0,3,-3,8418.697954177856,636,,13.236946468833107,28.677784038039874,0.46157494077209227,0.21450252951096122,results/basis_a4/qwen3_asr_1p7b/raw/seame_dev_man/L12/Raw_encoder_L12_oracle_local_rho0.5.json
qwen3_asr_1p7b,Raw,decoder,seame_dev_man,13,0.48148148148148145,global,0.5,0.2628272251308901,0.6565656565656566,-0.0010471204188481908,0.0,0.9986541049798116,1.0,0,0,0,33906.089054107666,888,,38.18253271858971,94.44704368522575,0.404274514360078,0.18682937092362717,results/basis_a4/qwen3_asr_1p7b/raw/seame_dev_man/L13/Raw_decoder_L13_global_rho0.5.json
qwen3_asr_1p7b,Raw,decoder,seame_dev_man,13,0.48148148148148145,oracle_local,0.5,0.2628272251308901,0.6565656565656566,-0.0010471204188481908,0.0,0.9973082099596231,1.0,0,0,0,1497.5557823181152,39,,38.398866213285004,97.39767788618039,0.39424827210108837,0.008210526315789474,results/basis_a4/qwen3_asr_1p7b/raw/seame_dev_man/L13/Raw_decoder_L13_oracle_local_rho0.5.json
qwen3_asr_1p7b,Raw,encoder,seame_dev_man,13,0.48148148148148145,global,0.5,0.3769633507853403,0.9090909090909091,-0.11518324607329844,-0.2525252525252525,0.8721399730820996,0.2647058823529412,0,25,-25,37117.03189086914,2965,,12.518391868758563,27.587023503784387,0.45377827249254676,1.0,results/basis_a4/qwen3_asr_1p7b/raw/seame_dev_man/L13/Raw_encoder_L13_global_rho0.5.json
qwen3_asr_1p7b,Raw,encoder,seame_dev_man,13,0.48148148148148145,oracle_local,0.5,0.26910994764397905,0.6767676767676768,-0.007329842931937169,-0.02020202020202022,0.990578734858681,0.9411764705882353,0,2,-2,7995.955642700195,636,,12.572257299843075,27.409140682820254,0.4586884880970831,0.21450252951096122,results/basis_a4/qwen3_asr_1p7b/raw/seame_dev_man/L13/Raw_encoder_L13_oracle_local_rho0.5.json
qwen3_asr_1p7b,Raw,decoder,seame_dev_man,14,0.5185185185185185,global,0.5,0.2628272251308901,0.6565656565656566,-0.0010471204188481908,0.0,0.9959623149394348,1.0,0,0,0,37434.66249847412,886,,42.25131207502722,103.72678042857426,0.40733272449462815,0.186487055356767,results/basis_a4/qwen3_asr_1p7b/raw/seame_dev_man/L14/Raw_decoder_L14_global_rho0.5.json
qwen3_asr_1p7b,Raw,decoder,seame_dev_man,14,0.5185185185185185,oracle_local,0.5,0.2628272251308901,0.6666666666666666,-0.0010471204188481908,-0.010101010101010055,0.9959623149394348,0.9705882352941176,0,1,-1,1657.4607276916504,39,,42.49899301773463,107.44432009183444,0.39554434316686105,0.008207070707070708,results/basis_a4/qwen3_asr_1p7b/raw/seame_dev_man/L14/Raw_decoder_L14_oracle_local_rho0.5.json
qwen3_asr_1p7b,Raw,encoder,seame_dev_man,14,0.5185185185185185,global,0.5,0.3842931937172775,0.9191919191919192,-0.12251308900523561,-0.26262626262626265,0.8748317631224765,0.23529411764705882,0,26,-26,38017.49867248535,2965,,12.822090614666223,27.557600029725048,0.46528328304481,1.0,results/basis_a4/qwen3_asr_1p7b/raw/seame_dev_man/L14/Raw_encoder_L14_global_rho0.5.json
qwen3_asr_1p7b,Raw,encoder,seame_dev_man,14,0.5185185185185185,oracle_local,0.5,0.2712041884816754,0.6868686868686869,-0.009424083769633496,-0.030303030303030276,0.9771197846567967,0.9117647058823529,0,3,-3,8171.23823928833,636,,12.84785886680555,27.415714575809503,0.46863118709814594,0.21450252951096122,results/basis_a4/qwen3_asr_1p7b/raw/seame_dev_man/L14/Raw_encoder_L14_oracle_local_rho0.5.json
qwen3_asr_1p7b,Raw,decoder,seame_dev_man,15,0.5555555555555556,global,0.5,0.2607329842931937,0.6565656565656566,0.0010471204188481908,0.0,0.9932705248990579,0.9705882352941176,1,1,0,45825.858489990234,884,,51.83920643664054,123.42165934014643,0.4200170919252772,0.186144451463466,results/basis_a4/qwen3_asr_1p7b/raw/seame_dev_man/L15/Raw_decoder_L15_global_rho0.5.json
qwen3_asr_1p7b,Raw,decoder,seame_dev_man,15,0.5555555555555556,oracle_local,0.5,0.2617801047120419,0.6565656565656566,0.0,0.0,1.0,1.0,0,0,0,2032.3285026550293,39,,52.11098724756486,128.56605236346905,0.40532462722151485,0.008201892744479496,results/basis_a4/qwen3_asr_1p7b/raw/seame_dev_man/L15/Raw_decoder_L15_oracle_local_rho0.5.json
qwen3_asr_1p7b,Raw,encoder,seame_dev_man,15,0.5555555555555556,global,0.5,0.34973821989528797,0.9191919191919192,-0.08795811518324609,-0.26262626262626265,0.8882907133243607,0.23529411764705882,0,26,-26,36831.200759887695,2965,,12.421990138242055,26.486209142469434,0.46899841617288895,1.0,results/basis_a4/qwen3_asr_1p7b/raw/seame_dev_man/L15/Raw_encoder_L15_global_rho0.5.json
qwen3_asr_1p7b,Raw,encoder,seame_dev_man,15,0.5555555555555556,oracle_local,0.5,0.2680628272251309,0.6868686868686869,-0.006282722513089034,-0.030303030303030276,0.9838492597577388,0.8823529411764706,1,4,-3,7913.3868408203125,636,,12.44243213965458,26.39504255138853,0.47139276685879167,0.21450252951096122,results/basis_a4/qwen3_asr_1p7b/raw/seame_dev_man/L15/Raw_encoder_L15_oracle_local_rho0.5.json
qwen3_asr_1p7b,Raw,decoder,seame_dev_man,16,0.5925925925925926,global,0.5,0.27225130890052357,0.7070707070707071,-0.010471204188481686,-0.0505050505050505,0.9730820995962315,0.8529411764705882,0,5,-5,57564.65486907959,849,,67.80289148301483,152.02810286127635,0.4459891967795196,0.1801018243529911,results/basis_a4/qwen3_asr_1p7b/raw/seame_dev_man/L16/Raw_decoder_L16_global_rho0.5.json
qwen3_asr_1p7b,Raw,decoder,seame_dev_man,16,0.5925925925925926,oracle_local,0.5,0.2607329842931937,0.6565656565656566,0.0010471204188481908,0.0,1.0,1.0,0,0,0,2642.8518867492676,39,,67.76543299357097,157.1633817232572,0.43117825698670975,0.008203618005889778,results/basis_a4/qwen3_asr_1p7b/raw/seame_dev_man/L16/Raw_decoder_L16_oracle_local_rho0.5.json
qwen3_asr_1p7b,Raw,encoder,seame_dev_man,16,0.5925925925925926,global,0.5,0.48900523560209425,0.9797979797979798,-0.22722513089005236,-0.3232323232323232,0.8977119784656796,0.058823529411764705,0,32,-32,35797.721130371094,2965,,12.07343039810155,25.39082161966102,0.47550373040125105,1.0,results/basis_a4/qwen3_asr_1p7b/raw/seame_dev_man/L16/Raw_encoder_L16_global_rho0.5.json
qwen3_asr_1p7b,Raw,encoder,seame_dev_man,16,0.5925925925925926,oracle_local,0.5,0.2743455497382199,0.7070707070707071,-0.012565445026178013,-0.0505050505050505,0.9838492597577388,0.8529411764705882,0,5,-5,7680.477500915527,636,,12.076222485716238,25.334989349797087,0.4766618339159854,0.21450252951096122,results/basis_a4/qwen3_asr_1p7b/raw/seame_dev_man/L16/Raw_encoder_L16_oracle_local_rho0.5.json
qwen3_asr_1p7b,Raw,decoder,seame_dev_man,17,0.6296296296296297,global,0.5,0.2649214659685864,0.6565656565656566,-0.003141361256544517,0.0,0.9878869448183042,0.9705882352941176,1,1,0,79427.0911026001,895,,88.74535318726268,203.84700469118258,0.4353527456619105,0.1880252100840336,results/basis_a4/qwen3_asr_1p7b/raw/seame_dev_man/L17/Raw_decoder_L17_global_rho0.5.json
qwen3_asr_1p7b,Raw,decoder,seame_dev_man,17,0.6296296296296297,oracle_local,0.5,0.25968586387434556,0.6464646464646465,0.002094240837696326,0.010101010101010055,1.0,1.0,1,0,1,3461.377151489258,39,,88.75326029459636,208.62472690680087,0.4254206182100609,0.008207070707070708,results/basis_a4/qwen3_asr_1p7b/raw/seame_dev_man/L17/Raw_decoder_L17_oracle_local_rho0.5.json
qwen3_asr_1p7b,Raw,encoder,seame_dev_man,17,0.6296296296296297,global,0.5,0.47853403141361256,0.9393939393939394,-0.21675392670157068,-0.2828282828282829,0.8990578734858681,0.17647058823529413,0,28,-28,35748.243423461914,2965,,12.056743144506548,25.821213391257377,0.46693170308521426,1.0,results/basis_a4/qwen3_asr_1p7b/raw/seame_dev_man/L17/Raw_encoder_L17_global_rho0.5.json
qwen3_asr_1p7b,Raw,encoder,seame_dev_man,17,0.6296296296296297,oracle_local,0.5,0.2628272251308901,0.6767676767676768,-0.0010471204188481908,-0.02020202020202022,0.9919246298788694,0.9117647058823529,1,3,-2,7659.1777057647705,636,,12.042732241768507,25.790577582593233,0.46694309978914456,0.21450252951096122,results/basis_a4/qwen3_asr_1p7b/raw/seame_dev_man/L17/Raw_encoder_L17_oracle_local_rho0.5.json
qwen3_asr_1p7b,Raw,decoder,seame_dev_man,18,0.6666666666666666,global,0.5,0.2670157068062827,0.6666666666666666,-0.005235602094240843,-0.010101010101010055,0.9878869448183042,0.9705882352941176,0,1,-1,104880.79786682129,869,,120.69136693535246,266.31071368569746,0.45319756484823065,0.18356569497253908,results/basis_a4/qwen3_asr_1p7b/raw/seame_dev_man/L18/Raw_decoder_L18_global_rho0.5.json
qwen3_asr_1p7b,Raw,decoder,seame_dev_man,18,0.6666666666666666,oracle_local,0.5,0.2617801047120419,0.6666666666666666,0.0,-0.010101010101010055,0.9973082099596231,0.9705882352941176,0,1,-1,4685.181831359863,39,,120.13286747076573,269.3367086557242,0.4460322845346858,0.008210526315789474,results/basis_a4/qwen3_asr_1p7b/raw/seame_dev_man/L18/Raw_decoder_L18_oracle_local_rho0.5.json
qwen3_asr_1p7b,Raw,encoder,seame_dev_man,18,0.6666666666666666,global,0.5,0.4701570680628272,0.9292929292929293,-0.20837696335078532,-0.2727272727272727,0.901749663526245,0.20588235294117646,0,27,-27,35919.609130859375,2965,,12.114539335871628,25.309445041186894,0.47865685384081863,1.0,results/basis_a4/qwen3_asr_1p7b/raw/seame_dev_man/L18/Raw_encoder_L18_global_rho0.5.json
qwen3_asr_1p7b,Raw,encoder,seame_dev_man,18,0.6666666666666666,oracle_local,0.5,0.26596858638743454,0.6868686868686869,-0.004188481675392652,-0.030303030303030276,0.9878869448183042,0.9117647058823529,0,3,-3,7687.495510101318,636,,12.087257091354275,25.273110641623443,0.4782655076675531,0.21450252951096122,results/basis_a4/qwen3_asr_1p7b/raw/seame_dev_man/L18/Raw_encoder_L18_oracle_local_rho0.5.json
qwen3_asr_1p7b,Raw,decoder,seame_dev_man,19,0.7037037037037037,global,0.5,0.2712041884816754,0.7272727272727273,-0.009424083769633496,-0.07070707070707072,0.9892328398384926,0.7941176470588235,0,7,-7,145809.6343536377,902,,161.65147932775798,338.0276800185244,0.4782196514761728,0.18921753723515838,results/basis_a4/qwen3_asr_1p7b/raw/seame_dev_man/L19/Raw_decoder_L19_global_rho0.5.json
qwen3_asr_1p7b,Raw,decoder,seame_dev_man,19,0.7037037037037037,oracle_local,0.5,0.2607329842931937,0.6464646464646465,0.0010471204188481908,0.010101010101010055,1.0,1.0,1,0,1,6262.4835205078125,39,,160.57650052584134,340.3526282677284,0.471794507194252,0.008203618005889778,results/basis_a4/qwen3_asr_1p7b/raw/seame_dev_man/L19/Raw_decoder_L19_oracle_local_rho0.5.json
qwen3_asr_1p7b,Raw,encoder,seame_dev_man,19,0.7037037037037037,global,0.5,0.27015706806282724,0.6666666666666666,-0.00837696335078536,-0.010101010101010055,0.971736204576043,0.9117647058823529,2,3,-1,37031.170654296875,2965,,12.489433610218171,25.440936999779325,0.4909187743488576,1.0,results/basis_a4/qwen3_asr_1p7b/raw/seame_dev_man/L19/Raw_encoder_L19_global_rho0.5.json
qwen3_asr_1p7b,Raw,encoder,seame_dev_man,19,0.7037037037037037,oracle_local,0.5,0.2628272251308901,0.6565656565656566,-0.0010471204188481908,0.0,0.9919246298788694,1.0,0,0,0,7927.640518188477,636,,12.464843582057354,25.47480479426354,0.4893008477483685,0.21450252951096122,results/basis_a4/qwen3_asr_1p7b/raw/seame_dev_man/L19/Raw_encoder_L19_oracle_local_rho0.5.json
qwen3_asr_1p7b,Raw,decoder,seame_dev_man,20,0.7407407407407407,global,0.5,0.2607329842931937,0.6262626262626263,0.0010471204188481908,0.030303030303030276,0.9798115746971736,0.9411764705882353,5,2,3,190364.75747680664,896,,212.46066682679313,449.5166301727295,0.47264250656344753,0.18819575719386683,results/basis_a4/qwen3_asr_1p7b/raw/seame_dev_man/L20/Raw_decoder_L20_global_rho0.5.json
qwen3_asr_1p7b,Raw,decoder,seame_dev_man,20,0.7407407407407407,oracle_local,0.5,0.2649214659685864,0.6666666666666666,-0.003141361256544517,-0.010101010101010055,0.9946164199192463,0.9705882352941176,0,1,-1,8239.166442871094,39,,211.26067802233572,449.709477351262,0.4697714606030481,0.008203618005889778,results/basis_a4/qwen3_asr_1p7b/raw/seame_dev_man/L20/Raw_decoder_L20_oracle_local_rho0.5.json
qwen3_asr_1p7b,Raw,encoder,seame_dev_man,20,0.7407407407407407,global,0.5,0.2869109947643979,0.7373737373737373,-0.025130890052356025,-0.08080808080808077,0.9569313593539704,0.7647058823529411,0,8,-8,39044.8722076416,2965,,13.168590963791434,27.339728153736957,0.481665029357341,1.0,results/basis_a4/qwen3_asr_1p7b/raw/seame_dev_man/L20/Raw_encoder_L20_global_rho0.5.json
qwen3_asr_1p7b,Raw,encoder,seame_dev_man,20,0.7407407407407407,oracle_local,0.5,0.2607329842931937,0.6767676767676768,0.0010471204188481908,-0.02020202020202022,0.9946164199192463,0.9411764705882353,0,2,-2,8354.988018035889,636,,13.136773613263976,27.439183037236052,0.47875964803459553,0.21450252951096122,results/basis_a4/qwen3_asr_1p7b/raw/seame_dev_man/L20/Raw_encoder_L20_oracle_local_rho0.5.json
qwen3_asr_1p7b,Raw,decoder,seame_dev_man,21,0.7777777777777778,global,0.5,0.45340314136125653,0.8484848484848485,-0.19162303664921465,-0.19191919191919193,0.9488559892328399,0.4411764705882353,0,19,-19,289186.75692749023,1024,,282.4089423120022,606.7482343018055,0.4654466652663184,0.20944978523215382,results/basis_a4/qwen3_asr_1p7b/raw/seame_dev_man/L21/Raw_decoder_L21_global_rho0.5.json
qwen3_asr_1p7b,Raw,decoder,seame_dev_man,21,0.7777777777777778,oracle_local,0.5,0.2628272251308901,0.6565656565656566,-0.0010471204188481908,0.0,0.9986541049798116,1.0,0,0,0,11000.480163574219,39,,282.0635939378005,617.3578725961538,0.4568883081569012,0.008203618005889778,results/basis_a4/qwen3_asr_1p7b/raw/seame_dev_man/L21/Raw_decoder_L21_oracle_local_rho0.5.json
qwen3_asr_1p7b,Raw,encoder,seame_dev_man,21,0.7777777777777778,global,0.5,0.2848167539267016,0.8080808080808081,-0.0230366492146597,-0.1515151515151515,0.9838492597577388,0.5588235294117647,0,15,-15,38556.364196777344,2965,,13.003832781375158,27.890225924770103,0.46625053581319625,1.0,results/basis_a4/qwen3_asr_1p7b/raw/seame_dev_man/L21/Raw_encoder_L21_global_rho0.5.json
qwen3_asr_1p7b,Raw,encoder,seame_dev_man,21,0.7777777777777778,oracle_local,0.5,0.2638743455497382,0.6868686868686869,-0.002094240837696326,-0.030303030303030276,0.9959623149394348,0.9117647058823529,0,3,-3,8247.90805053711,636,,12.96840888449231,27.971159317208535,0.4636350155323677,0.21450252951096122,results/basis_a4/qwen3_asr_1p7b/raw/seame_dev_man/L21/Raw_encoder_L21_oracle_local_rho0.5.json
qwen3_asr_1p7b,Raw,decoder,seame_dev_man,22,0.8148148148148148,global,0.5,0.25863874345549737,0.6666666666666666,0.003141361256544517,-0.010101010101010055,0.9919246298788694,0.9705882352941176,0,1,-1,321096.5101623535,892,,359.9736661012932,780.1026284256324,0.4614439856814425,0.18751313853268867,results/basis_a4/qwen3_asr_1p7b/raw/seame_dev_man/L22/Raw_decoder_L22_global_rho0.5.json
qwen3_asr_1p7b,Raw,decoder,seame_dev_man,22,0.8148148148148148,oracle_local,0.5,0.2607329842931937,0.6565656565656566,0.0010471204188481908,0.0,1.0,1.0,0,0,0,13981.013916015625,39,,358.48753630809296,778.6287200145232,0.46040882784468357,0.008207070707070708,results/basis_a4/qwen3_asr_1p7b/raw/seame_dev_man/L22/Raw_decoder_L22_oracle_local_rho0.5.json
qwen3_asr_1p7b,Raw,encoder,seame_dev_man,22,0.8148148148148148,global,0.5,0.2712041884816754,0.6767676767676768,-0.009424083769633496,-0.02020202020202022,0.9744279946164199,0.9411764705882353,0,2,-2,40308.564544677734,2965,,13.594794112876134,29.510961986110747,0.46066929703187875,1.0,results/basis_a4/qwen3_asr_1p7b/raw/seame_dev_man/L22/Raw_encoder_L22_global_rho0.5.json
qwen3_asr_1p7b,Raw,encoder,seame_dev_man,22,0.8148148148148148,oracle_local,0.5,0.2638743455497382,0.6666666666666666,-0.002094240837696326,-0.010101010101010055,0.9959623149394348,0.9705882352941176,0,1,-1,8623.68930053711,636,,13.55925990650489,29.547551317035026,0.4588962300469068,0.21450252951096122,results/basis_a4/qwen3_asr_1p7b/raw/seame_dev_man/L22/Raw_encoder_L22_oracle_local_rho0.5.json
qwen3_asr_1p7b,Raw,decoder,seame_dev_man,23,0.8518518518518519,global,0.5,0.2649214659685864,0.6565656565656566,-0.003141361256544517,0.0,0.9878869448183042,1.0,0,0,0,415405.8812561035,895,,464.14064944816033,991.9881603390145,0.4678893035271097,0.1880252100840336,results/basis_a4/qwen3_asr_1p7b/raw/seame_dev_man/L23/Raw_decoder_L23_global_rho0.5.json
qwen3_asr_1p7b,Raw,decoder,seame_dev_man,23,0.8518518518518519,oracle_local,0.5,0.2617801047120419,0.6565656565656566,0.0,0.0,1.0,1.0,0,0,0,18043.476470947266,39,,462.6532428448017,996.7520313752003,0.4641608226335768,0.008207070707070708,results/basis_a4/qwen3_asr_1p7b/raw/seame_dev_man/L23/Raw_decoder_L23_oracle_local_rho0.5.json
qwen3_asr_1p7b,Raw,encoder,seame_dev_man,23,0.8518518518518519,global,0.5,0.2994764397905759,0.8181818181818182,-0.03769633507853404,-0.16161616161616166,0.9825033647375505,0.5294117647058824,0,16,-16,48609.107971191406,2965,,16.39430285706287,37.52490932213718,0.4368912051545274,1.0,results/basis_a4/qwen3_asr_1p7b/raw/seame_dev_man/L23/Raw_encoder_L23_global_rho0.5.json
qwen3_asr_1p7b,Raw,encoder,seame_dev_man,23,0.8518518518518519,oracle_local,0.5,0.2680628272251309,0.696969696969697,-0.006282722513089034,-0.04040404040404044,0.990578734858681,0.8823529411764706,0,4,-4,10411.066413879395,636,,16.369601279684584,37.606087282768584,0.4352912643263812,0.21450252951096122,results/basis_a4/qwen3_asr_1p7b/raw/seame_dev_man/L23/Raw_encoder_L23_oracle_local_rho0.5.json
qwen3_asr_1p7b,Raw,decoder,seame_dev_man,24,0.8888888888888888,global,0.5,0.2617801047120419,0.6565656565656566,0.0,0.0,0.9919246298788694,1.0,0,0,0,524804.3301391602,895,,586.3735532281119,1267.5900627264098,0.4625892632566904,0.1880252100840336,results/basis_a4/qwen3_asr_1p7b/raw/seame_dev_man/L24/Raw_decoder_L24_global_rho0.5.json
qwen3_asr_1p7b,Raw,decoder,seame_dev_man,24,0.8888888888888888,oracle_local,0.5,0.25968586387434556,0.6565656565656566,0.002094240837696326,0.0,1.0,1.0,0,0,0,22792.519958496094,39,,584.423588679387,1264.9011011368189,0.46203105377498793,0.008208798147758366,results/basis_a4/qwen3_asr_1p7b/raw/seame_dev_man/L24/Raw_decoder_L24_oracle_local_rho0.5.json
qwen3_asr_1p7b,Raw,decoder,seame_dev_man,25,0.9259259259259259,global,0.5,0.2837696335078534,0.7777777777777778,-0.021989528795811508,-0.12121212121212122,0.9825033647375505,0.6176470588235294,1,13,-12,673290.785949707,878,,766.8459976648144,1645.5782387978938,0.46600397330545684,0.18511490617752477,results/basis_a4/qwen3_asr_1p7b/raw/seame_dev_man/L25/Raw_decoder_L25_global_rho0.5.json
qwen3_asr_1p7b,Raw,decoder,seame_dev_man,25,0.9259259259259259,oracle_local,0.5,0.2607329842931937,0.6565656565656566,0.0010471204188481908,0.0,1.0,1.0,0,0,0,29753.347045898438,39,,762.9063345102163,1625.1110307742388,0.46944874538618503,0.008207070707070708,results/basis_a4/qwen3_asr_1p7b/raw/seame_dev_man/L25/Raw_decoder_L25_oracle_local_rho0.5.json
qwen3_asr_1p7b,Raw,decoder,seame_dev_man,26,0.9629629629629629,global,0.5,0.27225130890052357,0.6464646464646465,-0.010471204188481686,0.010101010101010055,0.9771197846567967,0.9705882352941176,2,1,1,807983.8981933594,892,,905.8115450598199,1958.4635660487975,0.46251130772235693,0.18751313853268867,results/basis_a4/qwen3_asr_1p7b/raw/seame_dev_man/L26/Raw_decoder_L26_global_rho0.5.json
qwen3_asr_1p7b,Raw,decoder,seame_dev_man,26,0.9629629629629629,oracle_local,0.5,0.2638743455497382,0.6565656565656566,-0.002094240837696326,0.0,0.9973082099596231,1.0,0,0,0,35199.5029296875,39,,902.5513571714744,1948.8617225060095,0.46311718617516806,0.00820534399326741,results/basis_a4/qwen3_asr_1p7b/raw/seame_dev_man/L26/Raw_decoder_L26_oracle_local_rho0.5.json
qwen3_asr_1p7b,Raw,decoder,seame_dev_man,27,1.0,global,0.5,0.2879581151832461,0.7373737373737373,-0.026178010471204216,-0.08080808080808077,0.9730820995962315,0.7352941176470589,1,9,-8,932180.8356323242,887,,1050.9366805324962,2403.2206841332263,0.43730344344615996,0.18665824915824916,results/basis_a4/qwen3_asr_1p7b/raw/seame_dev_man/L27/Raw_decoder_L27_global_rho0.5.json
qwen3_asr_1p7b,Raw,decoder,seame_dev_man,27,1.0,oracle_local,0.5,0.2617801047120419,0.6565656565656566,0.0,0.0,0.9973082099596231,1.0,0,0,0,40793.40594482422,39,,1045.9847678160056,2380.595412034255,0.43937947730571986,0.008201892744479496,results/basis_a4/qwen3_asr_1p7b/raw/seame_dev_man/L27/Raw_decoder_L27_oracle_local_rho0.5.json
qwen3_asr_1p7b,Raw,decoder,seame_dev_sge,0,0.0,global,0.5,0.2681242807825086,0.7954545454545454,0.0023014959723820505,-0.022727272727272707,1.0,0.9,0,2,-2,2267.2097766399384,781,,2.9029574604864767,7.381606385283525,0.39326906759401464,0.18428504011326097,results/basis_a4/qwen3_asr_1p7b/raw/seame_dev_sge/L00/Raw_decoder_L0_global_rho0.5.json
qwen3_asr_1p7b,Raw,decoder,seame_dev_sge,0,0.0,oracle_local,0.5,0.27042577675489066,0.7727272727272727,0.0,0.0,1.0,1.0,0,0,0,104.75630807876587,36,,2.9098974466323853,7.39311487144894,0.39359559498662144,0.008488564017920301,results/basis_a4/qwen3_asr_1p7b/raw/seame_dev_sge/L00/Raw_decoder_L0_oracle_local_rho0.5.json
qwen3_asr_1p7b,Raw,encoder,seame_dev_sge,0,0.0,global,0.5,0.2727272727272727,0.7954545454545454,-0.0023014959723820505,-0.022727272727272707,0.9925149700598802,0.9,0,2,-2,27948.184524536133,2557,,10.930068253631651,24.923208249375183,0.4385498104524992,1.0,results/basis_a4/qwen3_asr_1p7b/raw/seame_dev_sge/L00/Raw_encoder_L0_global_rho0.5.json
qwen3_asr_1p7b,Raw,encoder,seame_dev_sge,0,0.0,oracle_local,0.5,0.2773302646720368,0.7840909090909091,-0.0069044879171461515,-0.011363636363636354,0.9940119760479041,0.95,0,1,-1,6359.193923950195,582,,10.926450041151538,24.5540740416222,0.44499540168486296,0.22761048103245993,results/basis_a4/qwen3_asr_1p7b/raw/seame_dev_sge/L00/Raw_encoder_L0_oracle_local_rho0.5.json
qwen3_asr_1p7b,Raw,decoder,seame_dev_sge,1,0.037037037037037035,global,0.5,0.2646720368239356,0.75,0.005753739930955071,0.022727272727272707,1.0,0.95,3,1,2,4923.126360416412,781,,6.30361889938081,14.864764504182354,0.4240644981363292,0.18428504011326097,results/basis_a4/qwen3_asr_1p7b/raw/seame_dev_sge/L01/Raw_decoder_L1_global_rho0.5.json
qwen3_asr_1p7b,Raw,decoder,seame_dev_sge,1,0.037037037037037035,oracle_local,0.5,0.27042577675489066,0.7727272727272727,0.0,0.0,1.0,1.0,0,0,0,225.96705389022827,36,,6.276862608061896,14.470035447014702,0.4337834990830564,0.008488564017920301,results/basis_a4/qwen3_asr_1p7b/raw/seame_dev_sge/L01/Raw_decoder_L1_oracle_local_rho0.5.json
qwen3_asr_1p7b,Raw,encoder,seame_dev_sge,1,0.037037037037037035,global,0.5,0.27387802071346373,0.7840909090909091,-0.0034522439585730758,-0.011363636363636354,0.9805389221556886,0.9,1,2,-1,28534.796478271484,2557,,11.159482392753807,25.125013259690768,0.44415826879014964,1.0,results/basis_a4/qwen3_asr_1p7b/raw/seame_dev_sge/L01/Raw_encoder_L1_global_rho0.5.json
qwen3_asr_1p7b,Raw,encoder,seame_dev_sge,1,0.037037037037037035,oracle_local,0.5,0.27502876869965476,0.7954545454545454,-0.004602991944764101,-0.022727272727272707,0.9910179640718563,0.9,0,2,-2,6490.52473449707,582,,11.152104354805962,24.799156385598724,0.4496969244196618,0.22761048103245993,results/basis_a4/qwen3_asr_1p7b/raw/seame_dev_sge/L01/Raw_encoder_L1_oracle_local_rho0.5.json
qwen3_asr_1p7b,Raw,decoder,seame_dev_sge,2,0.07407407407407407,global,0.5,0.26927502876869963,0.7954545454545454,0.0011507479861910253,-0.022727272727272707,1.0,0.9,0,2,-2,7261.934820652008,781,,9.298252011078116,20.700618094274542,0.4491775061368753,0.18428504011326097,results/basis_a4/qwen3_asr_1p7b/raw/seame_dev_sge/L02/Raw_decoder_L2_global_rho0.5.json
qwen3_asr_1p7b,Raw,decoder,seame_dev_sge,2,0.07407407407407407,oracle_local,0.5,0.2669735327963176,0.7727272727272727,0.0034522439585730758,0.0,1.0,1.0,0,0,0,333.40008449554443,36,,9.261113458209568,20.107058816485935,0.46059016103420897,0.008486562942008486,results/basis_a4/qwen3_asr_1p7b/raw/seame_dev_sge/L02/Raw_decoder_L2_oracle_local_rho0.5.json
qwen3_asr_1p7b,Raw,encoder,seame_dev_sge,2,0.07407407407407407,global,0.5,0.2612197928653625,0.7727272727272727,0.009205983889528147,0.0,0.9940119760479041,0.95,1,1,0,28443.516830444336,2557,,11.123784446790902,24.74009106053847,0.44962584897408986,1.0,results/basis_a4/qwen3_asr_1p7b/raw/seame_dev_sge/L02/Raw_encoder_L2_global_rho0.5.json
qwen3_asr_1p7b,Raw,encoder,seame_dev_sge,2,0.07407407407407407,oracle_local,0.5,0.2669735327963176,0.7727272727272727,0.0034522439585730758,0.0,0.9970059880239521,1.0,0,0,0,6474.163318634033,582,,11.123991956415864,24.488499356299332,0.4542537210861951,0.22761048103245993,results/basis_a4/qwen3_asr_1p7b/raw/seame_dev_sge/L02/Raw_encoder_L2_oracle_local_rho0.5.json
qwen3_asr_1p7b,Raw,decoder,seame_dev_sge,3,0.1111111111111111,global,0.5,0.2727272727272727,0.7727272727272727,-0.0023014959723820505,0.0,0.9970059880239521,0.9,2,2,0,8757.38519191742,782,,11.1987022914545,25.135782941832872,0.4455282860044424,0.18447747110167492,results/basis_a4/qwen3_asr_1p7b/raw/seame_dev_sge/L03/Raw_decoder_L3_global_rho0.5.json
qwen3_asr_1p7b,Raw,decoder,seame_dev_sge,3,0.1111111111111111,oracle_local,0.5,0.27042577675489066,0.7727272727272727,0.0,0.0,1.0,1.0,0,0,0,404.3830919265747,36,,11.232863664627075,24.898800373077393,0.4511407576395914,0.008488564017920301,results/basis_a4/qwen3_asr_1p7b/raw/seame_dev_sge/L03/Raw_decoder_L3_oracle_local_rho0.5.json
qwen3_asr_1p7b,Raw,encoder,seame_dev_sge,3,0.1111111111111111,global,0.5,0.2612197928653625,0.7727272727272727,0.009205983889528147,0.0,0.9880239520958084,0.85,3,3,0,29712.55760192871,2557,,11.620085100480528,25.8207825446996,0.45002838625686264,1.0,results/basis_a4/qwen3_asr_1p7b/raw/seame_dev_sge/L03/Raw_encoder_L3_global_rho0.5.json
qwen3_asr_1p7b,Raw,encoder,seame_dev_sge,3,0.1111111111111111,oracle_local,0.5,0.27042577675489066,0.7840909090909091,0.0,-0.011363636363636354,0.9985029940119761,0.95,0,1,-1,6767.421569824219,582,,11.627872113100032,25.644627771017067,0.45342331411187686,0.22761048103245993,results/basis_a4/qwen3_asr_1p7b/raw/seame_dev_sge/L03/Raw_encoder_L3_oracle_local_rho0.5.json
qwen3_asr_1p7b,Raw,decoder,seame_dev_sge,4,0.14814814814814814,global,0.5,0.2681242807825086,0.7613636363636364,0.0023014959723820505,0.011363636363636354,0.9940119760479041,0.95,2,1,1,10407.982866287231,782,,13.309441005482393,29.163924053806785,0.4563666048823462,0.18447747110167492,results/basis_a4/qwen3_asr_1p7b/raw/seame_dev_sge/L04/Raw_decoder_L4_global_rho0.5.json
qwen3_asr_1p7b,Raw,decoder,seame_dev_sge,4,0.14814814814814814,oracle_local,0.5,0.2669735327963176,0.7727272727272727,0.0034522439585730758,0.0,1.0,1.0,0,0,0,479.28900718688965,36,,13.313583532969156,28.740486992730034,0.4632344447168503,0.008486562942008486,results/basis_a4/qwen3_asr_1p7b/raw/seame_dev_sge/L04/Raw_decoder_L4_oracle_local_rho0.5.json
qwen3_asr_1p7b,Raw,encoder,seame_dev_sge,4,0.14814814814814814,global,0.5,0.27848101265822783,0.7840909090909091,-0.008055235903337177,-0.011363636363636354,0.9715568862275449,0.85,2,3,-1,30721.15544128418,2557,,12.014530872617982,27.366950412909873,0.439016064681812,1.0,results/basis_a4/qwen3_asr_1p7b/raw/seame_dev_sge/L04/Raw_encoder_L4_global_rho0.5.json
qwen3_asr_1p7b,Raw,encoder,seame_dev_sge,4,0.14814814814814814,oracle_local,0.5,0.27042577675489066,0.7840909090909091,0.0,-0.011363636363636354,0.9925149700598802,0.95,0,1,-1,6978.414409637451,582,,11.990402765700088,27.13702549885229,0.44184661160476857,0.22761048103245993,results/basis_a4/qwen3_asr_1p7b/raw/seame_dev_sge/L04/Raw_encoder_L4_oracle_local_rho0.5.json
qwen3_asr_1p7b,Raw,decoder,seame_dev_sge,5,0.18518518518518517,global,0.5,0.2681242807825086,0.7727272727272727,0.0023014959723820505,0.0,0.9985029940119761,0.95,1,1,0,11895.364436149597,786,,15.134051445482948,34.169374698900995,0.4429127421512256,0.1852462880037709,results/basis_a4/qwen3_asr_1p7b/raw/seame_dev_sge/L05/Raw_decoder_L5_global_rho0.5.json
qwen3_asr_1p7b,Raw,decoder,seame_dev_sge,5,0.18518518518518517,oracle_local,0.5,0.27042577675489066,0.7727272727272727,0.0,0.0,1.0,1.0,0,0,0,543.8291673660278,36,,15.10636576016744,33.490865071614586,0.4510592881929152,0.008488564017920301,results/basis_a4/qwen3_asr_1p7b/raw/seame_dev_sge/L05/Raw_decoder_L5_oracle_local_rho0.5.json
qwen3_asr_1p7b,Raw,encoder,seame_dev_sge,5,0.18518518518518517,global,0.5,0.2807825086306099,0.7727272727272727,-0.010356731875719227,0.0,0.9595808383233533,0.85,3,3,0,31988.11067199707,2557,,12.510015906138863,28.28394952266068,0.44230088503432036,1.0,results/basis_a4/qwen3_asr_1p7b/raw/seame_dev_sge/L05/Raw_encoder_L5_global_rho0.5.json
qwen3_asr_1p7b,Raw,encoder,seame_dev_sge,5,0.18518518518518517,oracle_local,0.5,0.2761795166858458,0.7727272727272727,-0.005753739930955126,0.0,0.9895209580838323,0.95,1,1,0,7272.823165893555,582,,12.496259735212293,28.075374917885693,0.4450968071401044,0.22761048103245993,results/basis_a4/qwen3_asr_1p7b/raw/seame_dev_sge/L05/Raw_encoder_L5_oracle_local_rho0.5.json
qwen3_asr_1p7b,Raw,decoder,seame_dev_sge,6,0.2222222222222222,global,0.5,0.2715765247410817,0.7840909090909091,-0.0011507479861910253,-0.011363636363636354,0.9970059880239521,0.95,0,1,-1,13087.906970977783,779,,16.800907536556846,38.53632716618392,0.43597583817743374,0.18389990557129368,results/basis_a4/qwen3_asr_1p7b/raw/seame_dev_sge/L06/Raw_decoder_L6_global_rho0.5.json
qwen3_asr_1p7b,Raw,decoder,seame_dev_sge,6,0.2222222222222222,oracle_local,0.5,0.27042577675489066,0.7727272727272727,0.0,0.0,1.0,1.0,0,0,0,603.2367429733276,36,,16.756576193703545,37.91201718648275,0.44198587775693404,0.008488564017920301,results/basis_a4/qwen3_asr_1p7b/raw/seame_dev_sge/L06/Raw_decoder_L6_oracle_local_rho0.5.json
qwen3_asr_1p7b,Raw,encoder,seame_dev_sge,6,0.2222222222222222,global,0.5,0.2681242807825086,0.7727272727272727,0.0023014959723820505,0.0,0.9730538922155688,0.8,4,4,0,33239.348205566406,2557,,12.999354010780761,28.765267406071263,0.4519114606957239,1.0,results/basis_a4/qwen3_asr_1p7b/raw/seame_dev_sge/L06/Raw_encoder_L6_global_rho0.5.json
qwen3_asr_1p7b,Raw,encoder,seame_dev_sge,6,0.2222222222222222,oracle_local,0.5,0.27502876869965476,0.7954545454545454,-0.004602991944764101,-0.022727272727272707,0.9940119760479041,0.9,0,2,-2,7557.8361892700195,582,,12.985972833797284,28.60777533095317,0.4539315862057495,0.22761048103245993,results/basis_a4/qwen3_asr_1p7b/raw/seame_dev_sge/L06/Raw_encoder_L6_oracle_local_rho0.5.json
qwen3_asr_1p7b,Raw,decoder,seame_dev_sge,7,0.25925925925925924,global,0.5,0.27042577675489066,0.7840909090909091,0.0,-0.011363636363636354,1.0,0.95,0,1,-1,13856.600396156311,781,,17.742125987396044,42.51723501227424,0.4172925634104404,0.18428504011326097,results/basis_a4/qwen3_asr_1p7b/raw/seame_dev_sge/L07/Raw_decoder_L7_global_rho0.5.json
qwen3_asr_1p7b,Raw,decoder,seame_dev_sge,7,0.25925925925925924,oracle_local,0.5,0.27042577675489066,0.7727272727272727,0.0,0.0,1.0,1.0,0,0,0,637.2001991271973,36,,17.700005531311035,41.86209381951226,0.4228170145436184,0.008488564017920301,results/basis_a4/qwen3_asr_1p7b/raw/seame_dev_sge/L07/Raw_decoder_L7_oracle_local_rho0.5.json
qwen3_asr_1p7b,Raw,encoder,seame_dev_sge,7,0.25925925925925924,global,0.5,0.2807825086306099,0.7727272727272727,-0.010356731875719227,0.0,0.9655688622754491,0.95,1,1,0,33957.71798706055,2557,,13.28029643608156,29.09893722444668,0.4563842429586906,1.0,results/basis_a4/qwen3_asr_1p7b/raw/seame_dev_sge/L07/Raw_encoder_L7_global_rho0.5.json
qwen3_asr_1p7b,Raw,encoder,seame_dev_sge,7,0.25925925925925924,oracle_local,0.5,0.27963176064441886,0.8181818181818182,-0.009205983889528202,-0.045454545454545525,0.9910179640718563,0.8,0,4,-4,7722.056121826172,582,,13.268137666367993,28.971347258263027,0.45797447899437044,0.22761048103245993,results/basis_a4/qwen3_asr_1p7b/raw/seame_dev_sge/L07/Raw_encoder_L7_oracle_local_rho0.5.json
qwen3_asr_1p7b,Raw,decoder,seame_dev_sge,8,0.2962962962962963,global,0.5,0.2646720368239356,0.7613636363636364,0.005753739930955071,0.011363636363636354,1.0,0.95,2,1,1,15019.180545806885,783,,19.18158434968951,45.191772061441746,0.4244485992629509,0.18466981132075472,results/basis_a4/qwen3_asr_1p7b/raw/seame_dev_sge/L08/Raw_decoder_L8_global_rho0.5.json
qwen3_asr_1p7b,Raw,decoder,seame_dev_sge,8,0.2962962962962963,oracle_local,0.5,0.27042577675489066,0.7727272727272727,0.0,0.0,1.0,1.0,0,0,0,689.4656372070312,36,,19.15182325575087,44.80873499976264,0.4274127188784133,0.008488564017920301,results/basis_a4/qwen3_asr_1p7b/raw/seame_dev_sge/L08/Raw_decoder_L8_oracle_local_rho0.5.json
qwen3_asr_1p7b,Raw,encoder,seame_dev_sge,8,0.2962962962962963,global,0.5,0.2612197928653625,0.7727272727272727,0.009205983889528147,0.0,0.9865269461077845,0.8,4,4,0,33797.890533447266,2557,,13.21779058797312,29.63490744759713,0.4460209842512888,1.0,results/basis_a4/qwen3_asr_1p7b/raw/seame_dev_sge/L08/Raw_encoder_L8_global_rho0.5.json
qwen3_asr_1p7b,Raw,encoder,seame_dev_sge,8,0.2962962962962963,oracle_local,0.5,0.27042577675489066,0.7840909090909091,0.0,-0.011363636363636354,0.9970059880239521,0.95,0,1,-1,7686.99259185791,582,,13.207891051302251,29.476447967319555,0.44808285808201176,0.22761048103245993,results/basis_a4/qwen3_asr_1p7b/raw/seame_dev_sge/L08/Raw_encoder_L8_oracle_local_rho0.5.json
qwen3_asr_1p7b,Raw,decoder,seame_dev_sge,9,0.3333333333333333,global,0.5,0.2646720368239356,0.75,0.005753739930955071,0.022727272727272707,1.0,1.0,2,0,2,16120.360637664795,782,,20.61427191517237,51.30863706291179,0.40177001563881537,0.18447747110167492,results/basis_a4/qwen3_asr_1p7b/raw/seame_dev_sge/L09/Raw_decoder_L9_global_rho0.5.json
qwen3_asr_1p7b,Raw,decoder,seame_dev_sge,9,0.3333333333333333,oracle_local,0.5,0.27042577675489066,0.7727272727272727,0.0,0.0,1.0,1.0,0,0,0,738.24778175354,36,,20.506882826487224,50.55623149871826,0.40562522598242173,0.008488564017920301,results/basis_a4/qwen3_asr_1p7b/raw/seame_dev_sge/L09/Raw_decoder_L9_oracle_local_rho0.5.json
qwen3_asr_1p7b,Raw,encoder,seame_dev_sge,9,0.3333333333333333,global,0.5,0.28423475258918296,0.8068181818181818,-0.013808975834292303,-0.03409090909090906,0.9775449101796407,0.7,3,6,-3,33454.09573364258,2557,,13.083338182887204,28.9012925942801,0.4526904165343991,1.0,results/basis_a4/qwen3_asr_1p7b/raw/seame_dev_sge/L09/Raw_encoder_L9_global_rho0.5.json
qwen3_asr_1p7b,Raw,encoder,seame_dev_sge,9,0.3333333333333333,oracle_local,0.5,0.27848101265822783,0.7954545454545454,-0.008055235903337177,-0.022727272727272707,0.9940119760479041,0.85,1,3,-2,7608.796276092529,582,,13.073533120433899,28.74797843330095,0.45476356366296145,0.22761048103245993,results/basis_a4/qwen3_asr_1p7b/raw/seame_dev_sge/L09/Raw_encoder_L9_oracle_local_rho0.5.json
qwen3_asr_1p7b,Raw,decoder,seame_dev_sge,10,0.37037037037037035,global,0.5,0.2715765247410817,0.7840909090909091,-0.0011507479861910253,-0.011363636363636354,0.9925149700598802,0.95,0,1,-1,19826.763387680054,782,,25.35391737554994,60.89508429329719,0.4163540894932415,0.18447747110167492,results/basis_a4/qwen3_asr_1p7b/raw/seame_dev_sge/L10/Raw_decoder_L10_global_rho0.5.json
qwen3_asr_1p7b,Raw,decoder,seame_dev_sge,10,0.37037037037037035,oracle_local,0.5,0.27042577675489066,0.7727272727272727,0.0,0.0,1.0,1.0,0,0,0,909.3195934295654,36,,25.258877595265705,60.14222431182861,0.41998575683370354,0.008488564017920301,results/basis_a4/qwen3_asr_1p7b/raw/seame_dev_sge/L10/Raw_decoder_L10_oracle_local_rho0.5.json
qwen3_asr_1p7b,Raw,encoder,seame_dev_sge,10,0.37037037037037035,global,0.5,0.27387802071346373,0.8068181818181818,-0.0034522439585730758,-0.03409090909090906,0.9805389221556886,0.7,3,6,-3,34699.39758300781,2557,,13.570354940558394,29.410885115270275,0.461405866820125,1.0,results/basis_a4/qwen3_asr_1p7b/raw/seame_dev_sge/L10/Raw_encoder_L10_global_rho0.5.json
qwen3_asr_1p7b,Raw,encoder,seame_dev_sge,10,0.37037037037037035,oracle_local,0.5,0.27502876869965476,0.7954545454545454,-0.004602991944764101,-0.022727272727272707,0.9970059880239521,0.8,2,4,-2,7896.048416137695,582,,13.567093498518377,29.234484721704856,0.4640784206620759,0.22761048103245993,results/basis_a4/qwen3_asr_1p7b/raw/seame_dev_sge/L10/Raw_encoder_L10_oracle_local_rho0.5.json
qwen3_asr_1p7b,Raw,decoder,seame_dev_sge,11,0.4074074074074074,global,0.5,0.26927502876869963,0.7840909090909091,0.0011507479861910253,-0.011363636363636354,1.0,0.95,0,1,-1,25524.90266227722,782,,32.64054048884555,80.06551081567164,0.4076729187926026,0.18447747110167492,results/basis_a4/qwen3_asr_1p7b/raw/seame_dev_sge/L11/Raw_decoder_L11_global_rho0.5.json
qwen3_asr_1p7b,Raw,decoder,seame_dev_sge,11,0.4074074074074074,oracle_local,0.5,0.27042577675489066,0.7727272727272727,0.0,0.0,1.0,1.0,0,0,0,1173.09010887146,36,,32.58583635754056,79.80778333875868,0.40830398984049004,0.008488564017920301,results/basis_a4/qwen3_asr_1p7b/raw/seame_dev_sge/L11/Raw_decoder_L11_oracle_local_rho0.5.json
qwen3_asr_1p7b,Raw,encoder,seame_dev_sge,11,0.4074074074074074,global,0.5,0.30264672036823936,0.8295454545454546,-0.03222094361334871,-0.05681818181818188,0.9326347305389222,0.65,2,7,-5,34493.44389343262,2557,,13.489809891839116,29.480774057065318,0.4575799083744264,1.0,results/basis_a4/qwen3_asr_1p7b/raw/seame_dev_sge/L11/Raw_encoder_L11_global_rho0.5.json
qwen3_asr_1p7b,Raw,encoder,seame_dev_sge,11,0.4074074074074074,oracle_local,0.5,0.27963176064441886,0.7840909090909091,-0.009205983889528202,-0.011363636363636354,0.9940119760479041,0.85,2,3,-1,7859.172966003418,582,,13.503733618562574,29.25338690059701,0.46161265580796684,0.22761048103245993,results/basis_a4/qwen3_asr_1p7b/raw/seame_dev_sge/L11/Raw_encoder_L11_oracle_local_rho0.5.json
qwen3_asr_1p7b,Raw,decoder,seame_dev_sge,12,0.4444444444444444,global,0.5,0.26582278481012656,0.75,0.004602991944764101,0.022727272727272707,1.0,1.0,2,0,2,27199.554861068726,782,,34.782039464282256,86.73829349410504,0.40099981292168424,0.18447747110167492,results/basis_a4/qwen3_asr_1p7b/raw/seame_dev_sge/L12/Raw_decoder_L12_global_rho0.5.json
qwen3_asr_1p7b,Raw,decoder,seame_dev_sge,12,0.4444444444444444,oracle_local,0.5,0.27042577675489066,0.7727272727272727,0.0,0.0,1.0,1.0,0,0,0,1250.6961059570312,36,,34.74155849880643,85.94740253024631,0.4042188300755255,0.008488564017920301,results/basis_a4/qwen3_asr_1p7b/raw/seame_dev_sge/L12/Raw_decoder_L12_oracle_local_rho0.5.json
qwen3_asr_1p7b,Raw,encoder,seame_dev_sge,12,0.4444444444444444,global,0.5,0.43498273878020716,0.9318181818181818,-0.1645569620253165,-0.15909090909090906,0.7574850299401198,0.25,1,15,-14,33623.62057495117,2557,,13.149636517384112,29.02085645524235,0.4531098707463801,1.0,results/basis_a4/qwen3_asr_1p7b/raw/seame_dev_sge/L12/Raw_encoder_L12_global_rho0.5.json
qwen3_asr_1p7b,Raw,encoder,seame_dev_sge,12,0.4444444444444444,oracle_local,0.5,0.2899884925201381,0.8181818181818182,-0.01956271576524743,-0.045454545454545525,0.9790419161676647,0.75,1,5,-4,7653.992778778076,582,,13.151190341543087,28.82967958745268,0.45616845312657506,0.22761048103245993,results/basis_a4/qwen3_asr_1p7b/raw/seame_dev_sge/L12/Raw_encoder_L12_oracle_local_rho0.5.json
qwen3_asr_1p7b,Raw,decoder,seame_dev_sge,13,0.48148148148148145,global,0.5,0.2669735327963176,0.7613636363636364,0.0034522439585730758,0.011363636363636354,0.9955089820359282,0.95,2,1,1,29788.68455696106,781,,38.14172158381698,94.27254111940822,0.4045899381825893,0.18428504011326097,results/basis_a4/qwen3_asr_1p7b/raw/seame_dev_sge/L13/Raw_decoder_L13_global_rho0.5.json
qwen3_asr_1p7b,Raw,decoder,seame_dev_sge,13,0.48148148148148145,oracle_local,0.5,0.27042577675489066,0.7727272727272727,0.0,0.0,1.0,1.0,0,0,0,1369.180576324463,36,,38.032793786790634,92.98024219936795,0.4090416725871808,0.008488564017920301,results/basis_a4/qwen3_asr_1p7b/raw/seame_dev_sge/L13/Raw_decoder_L13_oracle_local_rho0.5.json
qwen3_asr_1p7b,Raw,encoder,seame_dev_sge,13,0.48148148148148145,global,0.5,0.33256616800920596,0.8636363636363636,-0.06214039125431531,-0.09090909090909094,0.8997005988023952,0.55,1,9,-8,31921.74739074707,2557,,12.484062335059471,27.685950967358295,0.45091686934568975,1.0,results/basis_a4/qwen3_asr_1p7b/raw/seame_dev_sge/L13/Raw_encoder_L13_global_rho0.5.json
qwen3_asr_1p7b,Raw,encoder,seame_dev_sge,13,0.48148148148148145,oracle_local,0.5,0.28883774453394706,0.8522727272727273,-0.018411967779056404,-0.07954545454545459,0.9865269461077845,0.6,1,8,-7,7268.698760986328,582,,12.489173128842488,27.488596886703647,0.4543401462183599,0.22761048103245993,results/basis_a4/qwen3_asr_1p7b/raw/seame_dev_sge/L13/Raw_encoder_L13_oracle_local_rho0.5.json
qwen3_asr_1p7b,Raw,decoder,seame_dev_sge,14,0.5185185185185185,global,0.5,0.2600690448791715,0.7613636363636364,0.010356731875719172,0.011363636363636354,1.0,0.9,3,2,1,33140.91773605347,784,,42.271578744966156,103.77672548683323,0.40733197686343847,0.1848620608347088,results/basis_a4/qwen3_asr_1p7b/raw/seame_dev_sge/L14/Raw_decoder_L14_global_rho0.5.json
qwen3_asr_1p7b,Raw,decoder,seame_dev_sge,14,0.5185185185185185,oracle_local,0.5,0.2669735327963176,0.7727272727272727,0.0034522439585730758,0.0,1.0,1.0,0,0,0,1515.0570678710938,36,,42.08491855197482,101.90059619479709,0.41299972839730675,0.008486562942008486,results/basis_a4/qwen3_asr_1p7b/raw/seame_dev_sge/L14/Raw_decoder_L14_oracle_local_rho0.5.json
qwen3_asr_1p7b,Raw,encoder,seame_dev_sge,14,0.5185185185185185,global,0.5,0.334867663981588,0.8977272727272727,-0.06444188722669736,-0.125,0.8937125748502994,0.45,0,11,-11,32706.888427734375,2557,,12.791117883353294,27.628740605312164,0.4629642033301349,1.0,results/basis_a4/qwen3_asr_1p7b/raw/seame_dev_sge/L14/Raw_encoder_L14_global_rho0.5.json
qwen3_asr_1p7b,Raw,encoder,seame_dev_sge,14,0.5185185185185185,oracle_local,0.5,0.285385500575374,0.8522727272727273,-0.014959723820483328,-0.07954545454545459,0.9850299401197605,0.6,1,8,-7,7445.741851806641,582,,12.793370879392853,27.496280303116105,0.4652764206052628,0.22761048103245993,results/basis_a4/qwen3_asr_1p7b/raw/seame_dev_sge/L14/Raw_encoder_L14_oracle_local_rho0.5.json
qwen3_asr_1p7b,Raw,decoder,seame_dev_sge,15,0.5555555555555556,global,0.5,0.26237054085155354,0.7727272727272727,0.008055235903337121,0.0,0.9955089820359282,0.85,3,3,0,40164.37586212158,774,,51.89195847819326,123.85670119292976,0.4189677100907275,0.1829354762467502,results/basis_a4/qwen3_asr_1p7b/raw/seame_dev_sge/L15/Raw_decoder_L15_global_rho0.5.json
qwen3_asr_1p7b,Raw,decoder,seame_dev_sge,15,0.5555555555555556,oracle_local,0.5,0.27042577675489066,0.7727272727272727,0.0,0.0,1.0,1.0,0,0,0,1858.6310501098633,36,,51.628640280829536,120.9990660349528,0.42668627099911377,0.008486562942008486,results/basis_a4/qwen3_asr_1p7b/raw/seame_dev_sge/L15/Raw_decoder_L15_oracle_local_rho0.5.json
qwen3_asr_1p7b,Raw,encoder,seame_dev_sge,15,0.5555555555555556,global,0.5,0.3037974683544304,0.8409090909090909,-0.03337169159953973,-0.06818181818181823,0.905688622754491,0.5,4,10,-6,31776.628479003906,2557,,12.427308752054715,26.66503289214885,0.46605263163630917,1.0,results/basis_a4/qwen3_asr_1p7b/raw/seame_dev_sge/L15/Raw_encoder_L15_global_rho0.5.json
qwen3_asr_1p7b,Raw,encoder,seame_dev_sge,15,0.5555555555555556,oracle_local,0.5,0.28768699654775604,0.8295454545454546,-0.01726121979286538,-0.05681818181818188,0.968562874251497,0.7,1,6,-5,7224.4892501831055,582,,12.413211770074064,26.626675674595784,0.46619457576213214,0.22761048103245993,results/basis_a4/qwen3_asr_1p7b/raw/seame_dev_sge/L15/Raw_encoder_L15_oracle_local_rho0.5.json
qwen3_asr_1p7b,Raw,decoder,seame_dev_sge,16,0.5925925925925926,global,0.5,0.2612197928653625,0.8068181818181818,0.009205983889528147,-0.03409090909090906,0.9895209580838323,0.85,0,3,-3,50936.731716156006,750,,67.915642288208,153.0948090311686,0.4436181913547509,0.17827430473021155,results/basis_a4/qwen3_asr_1p7b/raw/seame_dev_sge/L16/Raw_decoder_L16_global_rho0.5.json
qwen3_asr_1p7b,Raw,decoder,seame_dev_sge,16,0.5925925925925926,oracle_local,0.5,0.27042577675489066,0.7727272727272727,0.0,0.0,1.0,1.0,0,0,0,2434.531410217285,36,,67.6258725060357,150.20518324110242,0.45022329487449025,0.008486562942008486,results/basis_a4/qwen3_asr_1p7b/raw/seame_dev_sge/L16/Raw_decoder_L16_oracle_local_rho0.5.json
qwen3_asr_1p7b,Raw,encoder,seame_dev_sge,16,0.5925925925925926,global,0.5,0.27848101265822783,0.8977272727272727,-0.008055235903337177,-0.125,0.9595808383233533,0.4,1,12,-11,30946.646865844727,2557,,12.102716803224375,25.649281179154343,0.4718540343758437,1.0,results/basis_a4/qwen3_asr_1p7b/raw/seame_dev_sge/L16/Raw_encoder_L16_global_rho0.5.json
qwen3_asr_1p7b,Raw,encoder,seame_dev_sge,16,0.5925925925925926,oracle_local,0.5,0.2899884925201381,0.8863636363636364,-0.01956271576524743,-0.11363636363636365,0.9880239520958084,0.5,0,10,-10,7023.980979919434,582,,12.068695841785969,25.706766344837305,0.46947545560158427,0.22761048103245993,results/basis_a4/qwen3_asr_1p7b/raw/seame_dev_sge/L16/Raw_encoder_L16_oracle_local_rho0.5.json
qwen3_asr_1p7b,Raw,decoder,seame_dev_sge,17,0.6296296296296297,global,0.5,0.2715765247410817,0.7727272727272727,-0.0011507479861910253,0.0,0.9895209580838323,0.95,1,1,0,69349.49074554443,781,,88.79576279839236,204.95513609276844,0.4332448773481866,0.18428504011326097,results/basis_a4/qwen3_asr_1p7b/raw/seame_dev_sge/L17/Raw_decoder_L17_global_rho0.5.json
qwen3_asr_1p7b,Raw,decoder,seame_dev_sge,17,0.6296296296296297,oracle_local,0.5,0.2681242807825086,0.7727272727272727,0.0023014959723820505,0.0,1.0,1.0,0,0,0,3168.199104309082,36,,88.00553067525227,200.72709698147244,0.4384337341528702,0.008486562942008486,results/basis_a4/qwen3_asr_1p7b/raw/seame_dev_sge/L17/Raw_decoder_L17_oracle_local_rho0.5.json
qwen3_asr_1p7b,Raw,encoder,seame_dev_sge,17,0.6296296296296297,global,0.5,0.2945914844649022,0.875,-0.02416570771001153,-0.10227272727272729,0.9341317365269461,0.55,0,9,-9,30894.270797729492,2557,,12.082233397625926,26.00687603881502,0.4645784207066357,1.0,results/basis_a4/qwen3_asr_1p7b/raw/seame_dev_sge/L17/Raw_encoder_L17_global_rho0.5.json
qwen3_asr_1p7b,Raw,encoder,seame_dev_sge,17,0.6296296296296297,oracle_local,0.5,0.2727272727272727,0.8295454545454546,-0.0023014959723820505,-0.05681818181818188,0.9925149700598802,0.7,1,6,-5,6996.733421325684,582,,12.021878730800143,26.035411139943754,0.4617510615131432,0.22761048103245993,results/basis_a4/qwen3_asr_1p7b/raw/seame_dev_sge/L17/Raw_encoder_L17_oracle_local_rho0.5.json
qwen3_asr_1p7b,Raw,decoder,seame_dev_sge,18,0.6666666666666666,global,0.5,0.2612197928653625,0.7613636363636364,0.009205983889528147,0.011363636363636354,0.9925149700598802,1.0,1,0,1,93211.9923248291,771,,120.89752571313761,267.9772339856733,0.45114849465011303,0.18235572374645223,results/basis_a4/qwen3_asr_1p7b/raw/seame_dev_sge/L18/Raw_decoder_L18_global_rho0.5.json
qwen3_asr_1p7b,Raw,decoder,seame_dev_sge,18,0.6666666666666666,oracle_local,0.5,0.27042577675489066,0.7727272727272727,0.0,0.0,1.0,1.0,0,0,0,4312.526679992676,36,,119.79240777757433,262.67127312554254,0.4560544682033809,0.008488564017920301,results/basis_a4/qwen3_asr_1p7b/raw/seame_dev_sge/L18/Raw_decoder_L18_oracle_local_rho0.5.json
qwen3_asr_1p7b,Raw,encoder,seame_dev_sge,18,0.6666666666666666,global,0.5,0.28883774453394706,0.8181818181818182,-0.018411967779056404,-0.045454545454545525,0.9296407185628742,0.75,1,5,-4,31040.02947998047,2557,,12.139237184192597,25.490271600000458,0.47623020165043584,1.0,results/basis_a4/qwen3_asr_1p7b/raw/seame_dev_sge/L18/Raw_encoder_L18_global_rho0.5.json
qwen3_asr_1p7b,Raw,encoder,seame_dev_sge,18,0.6666666666666666,oracle_local,0.5,0.27848101265822783,0.7840909090909091,-0.008055235903337177,-0.011363636363636354,0.9820359281437125,0.85,2,3,-1,7027.81111907959,582,,12.07527683690651,25.490495806297485,0.4737168287610666,0.22761048103245993,results/basis_a4/qwen3_asr_1p7b/raw/seame_dev_sge/L18/Raw_encoder_L18_oracle_local_rho0.5.json
qwen3_asr_1p7b,Raw,decoder,seame_dev_sge,19,0.7037037037037037,global,0.5,0.2807825086306099,0.7840909090909091,-0.010356731875719227,-0.011363636363636354,0.9805389221556886,0.8,3,4,-1,127302.10537719727,785,,162.1682871047099,339.95472322694815,0.47702907482902956,0.18505421970768504,results/basis_a4/qwen3_asr_1p7b/raw/seame_dev_sge/L19/Raw_decoder_L19_global_rho0.5.json
qwen3_asr_1p7b,Raw,decoder,seame_dev_sge,19,0.7037037037037037,oracle_local,0.5,0.2669735327963176,0.7727272727272727,0.0034522439585730758,0.0,1.0,1.0,0,0,0,5769.66667175293,36,,160.2685186598036,333.04300096299914,0.4812247013039897,0.008486562942008486,results/basis_a4/qwen3_asr_1p7b/raw/seame_dev_sge/L19/Raw_decoder_L19_oracle_local_rho0.5.json
qwen3_asr_1p7b,Raw,encoder,seame_dev_sge,19,0.7037037037037037,global,0.5,0.2612197928653625,0.7159090909090909,0.009205983889528147,0.05681818181818177,0.9625748502994012,0.95,6,1,5,32014.239013671875,2557,,12.520234264243987,25.619605525751155,0.48869738652531025,1.0,results/basis_a4/qwen3_asr_1p7b/raw/seame_dev_sge/L19/Raw_encoder_L19_global_rho0.5.json
qwen3_asr_1p7b,Raw,encoder,seame_dev_sge,19,0.7037037037037037,oracle_local,0.5,0.2715765247410817,0.7613636363636364,-0.0011507479861910253,0.011363636363636354,0.9910179640718563,0.95,2,1,1,7255.506904602051,582,,12.466506708938232,25.68058716554412,0.48544476917820073,0.22761048103245993,results/basis_a4/qwen3_asr_1p7b/raw/seame_dev_sge/L19/Raw_encoder_L19_oracle_local_rho0.5.json
qwen3_asr_1p7b,Raw,decoder,seame_dev_sge,20,0.7407407407407407,global,0.5,0.27042577675489066,0.7386363636363636,0.0,0.03409090909090906,0.9820359281437125,1.0,3,0,3,169748.67196655273,797,,212.9845319530147,450.38009746939207,0.47289952009366754,0.18735307945463092,results/basis_a4/qwen3_asr_1p7b/raw/seame_dev_sge/L20/Raw_decoder_L20_global_rho0.5.json
qwen3_asr_1p7b,Raw,decoder,seame_dev_sge,20,0.7407407407407407,oracle_local,0.5,0.27042577675489066,0.7727272727272727,0.0,0.0,1.0,1.0,0,0,0,7602.003829956055,36,,211.16677305433484,445.8991538153754,0.4735751822973148,0.008484562809333018,results/basis_a4/qwen3_asr_1p7b/raw/seame_dev_sge/L20/Raw_decoder_L20_oracle_local_rho0.5.json
qwen3_asr_1p7b,Raw,encoder,seame_dev_sge,20,0.7407407407407407,global,0.5,0.2566168009205984,0.7272727272727273,0.013808975834292248,0.045454545454545414,0.9805389221556886,0.95,5,1,4,33718.80451965332,2557,,13.186861368655972,27.5237025505964,0.47910928206024483,1.0,results/basis_a4/qwen3_asr_1p7b/raw/seame_dev_sge/L20/Raw_encoder_L20_global_rho0.5.json
qwen3_asr_1p7b,Raw,encoder,seame_dev_sge,20,0.7407407407407407,oracle_local,0.5,0.2727272727272727,0.7613636363636364,-0.0023014959723820505,0.011363636363636354,0.9910179640718563,1.0,1,0,1,7636.112350463867,582,,13.120467956123482,27.58303264080454,0.4756716974156757,0.22761048103245993,results/basis_a4/qwen3_asr_1p7b/raw/seame_dev_sge/L20/Raw_encoder_L20_oracle_local_rho0.5.json
qwen3_asr_1p7b,Raw,decoder,seame_dev_sge,21,0.7777777777777778,global,0.5,0.285385500575374,0.8409090909090909,-0.014959723820483328,-0.06818181818181823,0.9865269461077845,0.7,0,6,-6,223629.9443359375,788,,283.7943456039816,612.5083751388007,0.4633313716562175,0.1856301531213192,results/basis_a4/qwen3_asr_1p7b/raw/seame_dev_sge/L21/Raw_decoder_L21_global_rho0.5.json
qwen3_asr_1p7b,Raw,decoder,seame_dev_sge,21,0.7777777777777778,oracle_local,0.5,0.27042577675489066,0.7727272727272727,0.0,0.0,1.0,1.0,0,0,0,10124.794342041016,36,,281.2442872789171,604.9721086290148,0.46488802255077794,0.008488564017920301,results/basis_a4/qwen3_asr_1p7b/raw/seame_dev_sge/L21/Raw_decoder_L21_oracle_local_rho0.5.json
qwen3_asr_1p7b,Raw,encoder,seame_dev_sge,21,0.7777777777777778,global,0.5,0.2646720368239356,0.8068181818181818,0.005753739930955071,-0.03409090909090906,0.9775449101796407,0.75,2,5,-3,33299.63400268555,2557,,13.02293077930604,28.083246928525707,0.4637259648946764,1.0,results/basis_a4/qwen3_asr_1p7b/raw/seame_dev_sge/L21/Raw_encoder_L21_global_rho0.5.json
qwen3_asr_1p7b,Raw,encoder,seame_dev_sge,21,0.7777777777777778,oracle_local,0.5,0.27387802071346373,0.7840909090909091,-0.0034522439585730758,-0.011363636363636354,0.9910179640718563,0.9,1,2,-1,7520.323417663574,582,,12.921517899765592,28.082085049029477,0.46013384964846693,0.22761048103245993,results/basis_a4/qwen3_asr_1p7b/raw/seame_dev_sge/L21/Raw_encoder_L21_oracle_local_rho0.5.json
qwen3_asr_1p7b,Raw,decoder,seame_dev_sge,22,0.8148148148148148,global,0.5,0.2612197928653625,0.7727272727272727,0.009205983889528147,0.0,0.9940119760479041,0.95,1,1,0,284133.0513305664,787,,361.033102071876,783.0270959643276,0.46107357450670344,0.1854382657869934,results/basis_a4/qwen3_asr_1p7b/raw/seame_dev_sge/L22/Raw_decoder_L22_global_rho0.5.json
qwen3_asr_1p7b,Raw,decoder,seame_dev_sge,22,0.8148148148148148,oracle_local,0.5,0.2669735327963176,0.7727272727272727,0.0034522439585730758,0.0,1.0,1.0,0,0,0,12855.025756835938,36,,357.0840488009983,768.8485378689236,0.46444004405699396,0.008486562942008486,results/basis_a4/qwen3_asr_1p7b/raw/seame_dev_sge/L22/Raw_decoder_L22_oracle_local_rho0.5.json
qwen3_asr_1p7b,Raw,encoder,seame_dev_sge,22,0.8148148148148148,global,0.5,0.27387802071346373,0.7386363636363636,-0.0034522439585730758,0.03409090909090906,0.9775449101796407,0.95,4,1,3,34797.600341796875,2557,,13.608760399607695,29.70753157357942,0.45809125426330377,1.0,results/basis_a4/qwen3_asr_1p7b/raw/seame_dev_sge/L22/Raw_encoder_L22_global_rho0.5.json
qwen3_asr_1p7b,Raw,encoder,seame_dev_sge,22,0.8148148148148148,oracle_local,0.5,0.2761795166858458,0.7840909090909091,-0.005753739930955126,-0.011363636363636354,0.9895209580838323,0.95,0,1,-1,7853.977561950684,582,,13.4948068074754,29.47742664035653,0.4578013872147213,0.22761048103245993,results/basis_a4/qwen3_asr_1p7b/raw/seame_dev_sge/L22/Raw_encoder_L22_oracle_local_rho0.5.json
qwen3_asr_1p7b,Raw,decoder,seame_dev_sge,23,0.8518518518518519,global,0.5,0.2761795166858458,0.7954545454545454,-0.005753739930955126,-0.022727272727272707,0.9895209580838323,0.9,0,2,-2,370483.4401855469,796,,465.43145751953125,993.9026571302558,0.4682867624716836,0.18716200329179403,results/basis_a4/qwen3_asr_1p7b/raw/seame_dev_sge/L23/Raw_decoder_L23_global_rho0.5.json
qwen3_asr_1p7b,Raw,decoder,seame_dev_sge,23,0.8518518518518519,oracle_local,0.5,0.2669735327963176,0.7727272727272727,0.0034522439585730758,0.0,1.0,1.0,0,0,0,16558.361297607422,36,,459.95448048909503,965.3907470703125,0.4764438460643285,0.008486562942008486,results/basis_a4/qwen3_asr_1p7b/raw/seame_dev_sge/L23/Raw_decoder_L23_oracle_local_rho0.5.json
qwen3_asr_1p7b,Raw,encoder,seame_dev_sge,23,0.8518518518518519,global,0.5,0.2669735327963176,0.8068181818181818,0.0034522439585730758,-0.03409090909090906,0.9895209580838323,0.8,1,4,-3,41985.86289978027,2557,,16.41996984739158,37.77203857278656,0.43471230221663487,1.0,results/basis_a4/qwen3_asr_1p7b/raw/seame_dev_sge/L23/Raw_encoder_L23_global_rho0.5.json
qwen3_asr_1p7b,Raw,encoder,seame_dev_sge,23,0.8518518518518519,oracle_local,0.5,0.26927502876869963,0.7613636363636364,0.0011507479861910253,0.011363636363636354,0.9940119760479041,0.95,2,1,1,9468.215419769287,582,,16.268411374174033,37.41754963143994,0.4347802444151652,0.22761048103245993,results/basis_a4/qwen3_asr_1p7b/raw/seame_dev_sge/L23/Raw_encoder_L23_oracle_local_rho0.5.json
qwen3_asr_1p7b,Raw,decoder,seame_dev_sge,24,0.8888888888888888,global,0.5,0.26352128883774456,0.75,0.006904487917146096,0.022727272727272707,0.9970059880239521,0.95,3,1,2,463740.03872680664,788,,588.5025872167597,1273.4699072668395,0.46212524054048687,0.1856301531213192,results/basis_a4/qwen3_asr_1p7b/raw/seame_dev_sge/L24/Raw_decoder_L24_global_rho0.5.json
qwen3_asr_1p7b,Raw,decoder,seame_dev_sge,24,0.8888888888888888,oracle_local,0.5,0.2669735327963176,0.7727272727272727,0.0034522439585730758,0.0,1.0,1.0,0,0,0,20938.322509765625,36,,581.6200697157118,1239.160420735677,0.469366241838494,0.008486562942008486,results/basis_a4/qwen3_asr_1p7b/raw/seame_dev_sge/L24/Raw_decoder_L24_oracle_local_rho0.5.json
qwen3_asr_1p7b,Raw,decoder,seame_dev_sge,25,0.9259259259259259,global,0.5,0.27502876869965476,0.8295454545454546,-0.004602991944764101,-0.05681818181818188,0.9895209580838323,0.75,0,5,-5,603064.7109985352,785,,768.2353006350767,1648.0715066897642,0.46614197109573025,0.18505421970768504,results/basis_a4/qwen3_asr_1p7b/raw/seame_dev_sge/L25/Raw_decoder_L25_global_rho0.5.json
qwen3_asr_1p7b,Raw,decoder,seame_dev_sge,25,0.9259259259259259,oracle_local,0.5,0.27042577675489066,0.7727272727272727,0.0,0.0,1.0,1.0,0,0,0,27372.506774902344,36,,760.347410413954,1600.0010138617622,0.47521683038111306,0.008490566037735849,results/basis_a4/qwen3_asr_1p7b/raw/seame_dev_sge/L25/Raw_decoder_L25_oracle_local_rho0.5.json
qwen3_asr_1p7b,Raw,decoder,seame_dev_sge,26,0.9629629629629629,global,0.5,0.25776754890678943,0.75,0.012658227848101222,0.022727272727272707,0.9880239520958084,0.9,4,2,2,729333.9893188477,803,,908.2615060010556,1972.9705915439174,0.460352277876737,0.1884976525821596,results/basis_a4/qwen3_asr_1p7b/raw/seame_dev_sge/L26/Raw_decoder_L26_global_rho0.5.json
qwen3_asr_1p7b,Raw,decoder,seame_dev_sge,26,0.9629629629629629,oracle_local,0.5,0.2681242807825086,0.7727272727272727,0.0023014959723820505,0.0,1.0,1.0,0,0,0,32348.617614746094,36,,898.5727115207249,1928.2601521809895,0.46600180504916816,0.008486562942008486,results/basis_a4/qwen3_asr_1p7b/raw/seame_dev_sge/L26/Raw_decoder_L26_oracle_local_rho0.5.json
qwen3_asr_1p7b,Raw,decoder,seame_dev_sge,27,1.0,global,0.5,0.285385500575374,0.8068181818181818,-0.014959723820483328,-0.03409090909090906,0.9745508982035929,0.8,1,4,-3,815355.1248779297,774,,1053.430393899134,2419.468402872406,0.43539745865186574,0.1829354762467502,results/basis_a4/qwen3_asr_1p7b/raw/seame_dev_sge/L27/Raw_decoder_L27_global_rho0.5.json
qwen3_asr_1p7b,Raw,decoder,seame_dev_sge,27,1.0,oracle_local,0.5,0.26927502876869963,0.7727272727272727,0.0011507479861910253,0.0,1.0,1.0,0,0,0,37520.44860839844,36,,1042.2346835666233,2368.531985812717,0.44003403365861665,0.008482563619227144,results/basis_a4/qwen3_asr_1p7b/raw/seame_dev_sge/L27/Raw_decoder_L27_oracle_local_rho0.5.json
qwen3_asr_1p7b,Conditioning,decoder,cs_dialogue,0,0.0,global,0.5,0.06202103011940831,0.0873015873015873,-0.0007128854036713636,-0.001763668430335097,0.9989469250210615,0.9951783992285439,6,10,-4,44697.66057014465,13380,,3.3406323296072236,7.341210381439448,0.45505198135354347,0.15322774590304739,results/basis_a4/qwen3_asr_1p7b/conditioning/cs_dialogue/L00/Conditioning_decoder_L0_global_rho0.5.json
qwen3_asr_1p7b,Conditioning,decoder,cs_dialogue,0,0.0,oracle_local,0.5,0.061308144715736944,0.0855379188712522,0.0,0.0,1.0,1.0,0,0,0,0.0,0,,0.0,0.0,0.0,0.0,results/basis_a4/qwen3_asr_1p7b/conditioning/cs_dialogue/L00/Conditioning_decoder_L0_oracle_local_rho0.5.json
qwen3_asr_1p7b,Conditioning,decoder,cs_dialogue,1,0.037037037037037035,global,0.5,0.06166458741757262,0.0873015873015873,-0.00035644270183567833,-0.001763668430335097,0.9995787700084247,0.9946962391513983,7,11,-4,91591.33025121689,13308,,6.882426378961293,14.737352162680184,0.46700562645098875,0.15252896881339614,results/basis_a4/qwen3_asr_1p7b/conditioning/cs_dialogue/L01/Conditioning_decoder_L1_global_rho0.5.json
qwen3_asr_1p7b,Conditioning,decoder,cs_dialogue,1,0.037037037037037035,oracle_local,0.5,0.061308144715736944,0.0855379188712522,0.0,0.0,1.0,1.0,0,0,0,0.0,0,,0.0,0.0,0.0,0.0,results/basis_a4/qwen3_asr_1p7b/conditioning/cs_dialogue/L01/Conditioning_decoder_L1_oracle_local_rho0.5.json
qwen3_asr_1p7b,Conditioning,decoder,cs_dialogue,2,0.07407407407407407,global,0.5,0.061308144715736944,0.08597883597883597,0.0,-0.0004409171075837742,0.9995085650098287,0.9985535197685632,2,3,-1,130353.79878902435,13452,,9.69029131646033,20.703376938110654,0.4680536583682876,0.15392537159726752,results/basis_a4/qwen3_asr_1p7b/conditioning/cs_dialogue/L02/Conditioning_decoder_L2_global_rho0.5.json
qwen3_asr_1p7b,Conditioning,decoder,cs_dialogue,2,0.07407407407407407,oracle_local,0.5,0.061308144715736944,0.0855379188712522,0.0,0.0,1.0,1.0,0,0,0,0.0,0,,0.0,0.0,0.0,0.0,results/basis_a4/qwen3_asr_1p7b/conditioning/cs_dialogue/L02/Conditioning_decoder_L2_oracle_local_rho0.5.json
qwen3_asr_1p7b,Conditioning,decoder,cs_dialogue,3,0.1111111111111111,global,0.5,0.061842808768490465,0.08818342151675485,-0.000534664052753521,-0.0026455026455026454,0.9992277450154451,0.9946962391513983,5,11,-6,173056.33575630188,13417,,12.898288421875373,25.327088921598044,0.509268493580254,0.153586391629845,results/basis_a4/qwen3_asr_1p7b/conditioning/cs_dialogue/L03/Conditioning_decoder_L3_global_rho0.5.json
qwen3_asr_1p7b,Conditioning,decoder,cs_dialogue,3,0.1111111111111111,oracle_local,0.5,0.061308144715736944,0.0855379188712522,0.0,0.0,1.0,1.0,0,0,0,0.0,0,,0.0,0.0,0.0,0.0,results/basis_a4/qwen3_asr_1p7b/conditioning/cs_dialogue/L03/Conditioning_decoder_L3_oracle_local_rho0.5.json
qwen3_asr_1p7b,Conditioning,decoder,cs_dialogue,4,0.14814814814814814,global,0.5,0.06160518030060001,0.08641975308641975,-0.00029703558486306875,-0.0008818342151675485,0.9993681550126369,0.9946962391513983,9,11,-2,204006.57060050964,13297,,15.342300564075328,30.12059586717104,0.5093624519160714,0.15242210963112404,results/basis_a4/qwen3_asr_1p7b/conditioning/cs_dialogue/L04/Conditioning_decoder_L4_global_rho0.5.json
qwen3_asr_1p7b,Conditioning,decoder,cs_dialogue,4,0.14814814814814814,oracle_local,0.5,0.061308144715736944,0.0855379188712522,0.0,0.0,1.0,1.0,0,0,0,0.0,0,,0.0,0.0,0.0,0.0,results/basis_a4/qwen3_asr_1p7b/conditioning/cs_dialogue/L04/Conditioning_decoder_L4_oracle_local_rho0.5.json
qwen3_asr_1p7b,Conditioning,decoder,cs_dialogue,5,0.18518518518518517,global,0.5,0.061308144715736944,0.0873015873015873,0.0,-0.001763668430335097,0.9997191800056164,0.996142719382835,4,8,-4,227387.93418884277,13381,,16.993343859864193,34.935301247523974,0.48642328112366257,0.1532374430269577,results/basis_a4/qwen3_asr_1p7b/conditioning/cs_dialogue/L05/Conditioning_decoder_L5_global_rho0.5.json
qwen3_asr_1p7b,Conditioning,decoder,cs_dialogue,5,0.18518518518518517,oracle_local,0.5,0.061308144715736944,0.0855379188712522,0.0,0.0,1.0,1.0,0,0,0,0.0,0,,0.0,0.0,0.0,0.0,results/basis_a4/qwen3_asr_1p7b/conditioning/cs_dialogue/L05/Conditioning_decoder_L5_oracle_local_rho0.5.json
qwen3_asr_1p7b,Conditioning,decoder,cs_dialogue,6,0.2222222222222222,global,0.5,0.061486366066654786,0.08862433862433862,-0.00017822135091784264,-0.0030864197530864196,0.9999297950014041,0.9951783992285439,3,10,-7,254184.31059646606,13504,,18.82289029890892,39.12893024694298,0.4810479146789221,0.15442849791297386,results/basis_a4/qwen3_asr_1p7b/conditioning/cs_dialogue/L06/Conditioning_decoder_L6_global_rho0.5.json
qwen3_asr_1p7b,Conditioning,decoder,cs_dialogue,6,0.2222222222222222,oracle_local,0.5,0.061308144715736944,0.0855379188712522,0.0,0.0,1.0,1.0,0,0,0,0.0,0,,0.0,0.0,0.0,0.0,results/basis_a4/qwen3_asr_1p7b/conditioning/cs_dialogue/L06/Conditioning_decoder_L6_oracle_local_rho0.5.json
qwen3_asr_1p7b,Conditioning,decoder,cs_dialogue,7,0.25925925925925924,global,0.5,0.061842808768490465,0.08862433862433862,-0.000534664052753521,-0.0030864197530864196,0.9997893850042123,0.9942140790742526,5,12,-7,271948.25700187683,13542,,20.081838502575458,43.00305144625917,0.46698636090212553,0.15479578889612838,results/basis_a4/qwen3_asr_1p7b/conditioning/cs_dialogue/L07/Conditioning_decoder_L7_global_rho0.5.json
qwen3_asr_1p7b,Conditioning,decoder,cs_dialogue,7,0.25925925925925924,oracle_local,0.5,0.061308144715736944,0.0855379188712522,0.0,0.0,1.0,1.0,0,0,0,0.0,0,,0.0,0.0,0.0,0.0,results/basis_a4/qwen3_asr_1p7b/conditioning/cs_dialogue/L07/Conditioning_decoder_L7_oracle_local_rho0.5.json
qwen3_asr_1p7b,Conditioning,decoder,cs_dialogue,8,0.2962962962962963,global,0.5,0.06231806570427137,0.09082892416225749,-0.0010099209885344254,-0.005291005291005291,0.9997191800056164,0.9932497589199615,2,14,-12,293535.30620384216,13397,,21.91052520742272,46.278770051554545,0.4734465756763716,0.15339256680940713,results/basis_a4/qwen3_asr_1p7b/conditioning/cs_dialogue/L08/Conditioning_decoder_L8_global_rho0.5.json
qwen3_asr_1p7b,Conditioning,decoder,cs_dialogue,8,0.2962962962962963,oracle_local,0.5,0.061308144715736944,0.0855379188712522,0.0,0.0,1.0,1.0,0,0,0,0.0,0,,0.0,0.0,0.0,0.0,results/basis_a4/qwen3_asr_1p7b/conditioning/cs_dialogue/L08/Conditioning_decoder_L8_oracle_local_rho0.5.json
qwen3_asr_1p7b,Conditioning,decoder,cs_dialogue,9,0.3333333333333333,global,0.5,0.06196162300243569,0.09303350970017636,-0.0006534782866987471,-0.007495590828924162,0.9999297950014041,0.9898746383799422,4,21,-17,336266.02573013306,13506,,24.89752893011499,52.44614421020309,0.47472563150355146,0.15444783697553946,results/basis_a4/qwen3_asr_1p7b/conditioning/cs_dialogue/L09/Conditioning_decoder_L9_global_rho0.5.json
qwen3_asr_1p7b,Conditioning,decoder,cs_dialogue,9,0.3333333333333333,oracle_local,0.5,0.061308144715736944,0.0855379188712522,0.0,0.0,1.0,1.0,0,0,0,0.0,0,,0.0,0.0,0.0,0.0,results/basis_a4/qwen3_asr_1p7b/conditioning/cs_dialogue/L09/Conditioning_decoder_L9_oracle_local_rho0.5.json
qwen3_asr_1p7b,Conditioning,decoder,cs_dialogue,10,0.37037037037037035,global,0.5,0.061308144715736944,0.08597883597883597,0.0,-0.0004409171075837742,0.9994383600112328,0.9946962391513983,10,11,-1,397521.9782886505,13438,,29.58193021942629,62.32245395488373,0.47465926551674537,0.15378981219743873,results/basis_a4/qwen3_asr_1p7b/conditioning/cs_dialogue/L10/Conditioning_decoder_L10_global_rho0.5.json
qwen3_asr_1p7b,Conditioning,decoder,cs_dialogue,10,0.37037037037037035,oracle_local,0.5,0.061308144715736944,0.0855379188712522,0.0,0.0,1.0,1.0,0,0,0,0.0,0,,0.0,0.0,0.0,0.0,results/basis_a4/qwen3_asr_1p7b/conditioning/cs_dialogue/L10/Conditioning_decoder_L10_oracle_local_rho0.5.json
qwen3_asr_1p7b,Conditioning,decoder,cs_dialogue,11,0.4074074074074074,global,0.5,0.06481316461712112,0.10008818342151675,-0.0035050199013841807,-0.01455026455026455,0.9994383600112328,0.9802314368370298,8,41,-33,501557.4855117798,13384,,37.474408660473685,80.49456502460679,0.46555203632714764,0.15326653306613228,results/basis_a4/qwen3_asr_1p7b/conditioning/cs_dialogue/L11/Conditioning_decoder_L11_global_rho0.5.json
qwen3_asr_1p7b,Conditioning,decoder,cs_dialogue,11,0.4074074074074074,oracle_local,0.5,0.061308144715736944,0.0855379188712522,0.0,0.0,1.0,1.0,0,0,0,0.0,0,,0.0,0.0,0.0,0.0,results/basis_a4/qwen3_asr_1p7b/conditioning/cs_dialogue/L11/Conditioning_decoder_L11_oracle_local_rho0.5.json
qwen3_asr_1p7b,Conditioning,decoder,cs_dialogue,12,0.4444444444444444,global,0.5,0.06208043723638092,0.08818342151675485,-0.0007722925206439732,-0.0026455026455026454,0.9996489750070205,0.9951783992285439,4,10,-6,559127.8113822937,13503,,41.40767321204871,86.92366636013936,0.4763682314145581,0.15441882804995197,results/basis_a4/qwen3_asr_1p7b/conditioning/cs_dialogue/L12/Conditioning_decoder_L12_global_rho0.5.json
qwen3_asr_1p7b,Conditioning,decoder,cs_dialogue,12,0.4444444444444444,oracle_local,0.5,0.061308144715736944,0.0855379188712522,0.0,0.0,1.0,1.0,0,0,0,0.0,0,,0.0,0.0,0.0,0.0,results/basis_a4/qwen3_asr_1p7b/conditioning/cs_dialogue/L12/Conditioning_decoder_L12_oracle_local_rho0.5.json
qwen3_asr_1p7b,Conditioning,decoder,cs_dialogue,13,0.48148148148148145,global,0.5,0.062139844353353534,0.09038800705467372,-0.0008316996376165897,-0.0048500881834215165,0.9996489750070205,0.993731918997107,2,13,-11,609585.044631958,13496,,45.16783081149659,94.8257107680976,0.4763247271824563,0.15435113281562726,results/basis_a4/qwen3_asr_1p7b/conditioning/cs_dialogue/L13/Conditioning_decoder_L13_global_rho0.5.json
qwen3_asr_1p7b,Conditioning,decoder,cs_dialogue,13,0.48148148148148145,oracle_local,0.5,0.061308144715736944,0.0855379188712522,0.0,0.0,1.0,1.0,0,0,0,0.0,0,,0.0,0.0,0.0,0.0,results/basis_a4/qwen3_asr_1p7b/conditioning/cs_dialogue/L13/Conditioning_decoder_L13_oracle_local_rho0.5.json
qwen3_asr_1p7b,Conditioning,decoder,cs_dialogue,14,0.5185185185185185,global,0.5,0.062139844353353534,0.09082892416225749,-0.0008316996376165897,-0.005291005291005291,0.9990873350182533,0.9922854387656702,4,16,-12,676649.6958274841,13499,,50.12591272149671,103.94474999280636,0.4822361179854273,0.15438014638609332,results/basis_a4/qwen3_asr_1p7b/conditioning/cs_dialogue/L14/Conditioning_decoder_L14_global_rho0.5.json
qwen3_asr_1p7b,Conditioning,decoder,cs_dialogue,14,0.5185185185185185,oracle_local,0.5,0.061308144715736944,0.0855379188712522,0.0,0.0,1.0,1.0,0,0,0,0.0,0,,0.0,0.0,0.0,0.0,results/basis_a4/qwen3_asr_1p7b/conditioning/cs_dialogue/L14/Conditioning_decoder_L14_oracle_local_rho0.5.json
qwen3_asr_1p7b,Conditioning,decoder,cs_dialogue,15,0.5555555555555556,global,0.5,0.06255569417216182,0.09479717813051146,-0.0012475494564248776,-0.009259259259259259,0.9993681550126369,0.9869816779170685,6,27,-21,796385.470741272,13455,,59.18881239251371,124.26441237705873,0.4763134614350854,0.15395441438967458,results/basis_a4/qwen3_asr_1p7b/conditioning/cs_dialogue/L15/Conditioning_decoder_L15_global_rho0.5.json
qwen3_asr_1p7b,Conditioning,decoder,cs_dialogue,15,0.5555555555555556,oracle_local,0.5,0.061308144715736944,0.0855379188712522,0.0,0.0,1.0,1.0,0,0,0,0.0,0,,0.0,0.0,0.0,0.0,results/basis_a4/qwen3_asr_1p7b/conditioning/cs_dialogue/L15/Conditioning_decoder_L15_oracle_local_rho0.5.json
qwen3_asr_1p7b,Conditioning,decoder,cs_dialogue,16,0.5925925925925926,global,0.5,0.06166458741757262,0.08641975308641975,-0.00035644270183567833,-0.0008818342151675485,0.9997893850042123,0.993731918997107,11,13,-2,932220.6983337402,13391,,69.6154654868001,153.65469568819597,0.4530643542978172,0.1533344020519397,results/basis_a4/qwen3_asr_1p7b/conditioning/cs_dialogue/L16/Conditioning_decoder_L16_global_rho0.5.json
qwen3_asr_1p7b,Conditioning,decoder,cs_dialogue,16,0.5925925925925926,oracle_local,0.5,0.061308144715736944,0.0855379188712522,0.0,0.0,1.0,1.0,0,0,0,0.0,0,,0.0,0.0,0.0,0.0,results/basis_a4/qwen3_asr_1p7b/conditioning/cs_dialogue/L16/Conditioning_decoder_L16_oracle_local_rho0.5.json
qwen3_asr_1p7b,Conditioning,decoder,cs_dialogue,17,0.6296296296296297,global,0.5,0.06053585219509297,0.08862433862433862,0.0007722925206439732,-0.0030864197530864196,0.999297950014041,0.9927675988428158,8,15,-7,1257606.635925293,13510,,93.08709370283442,206.38029785833916,0.4510464161008723,0.15448651244697031,results/basis_a4/qwen3_asr_1p7b/conditioning/cs_dialogue/L17/Conditioning_decoder_L17_global_rho0.5.json
qwen3_asr_1p7b,Conditioning,decoder,cs_dialogue,17,0.6296296296296297,oracle_local,0.5,0.061308144715736944,0.0855379188712522,0.0,0.0,1.0,1.0,0,0,0,0.0,0,,0.0,0.0,0.0,0.0,results/basis_a4/qwen3_asr_1p7b/conditioning/cs_dialogue/L17/Conditioning_decoder_L17_oracle_local_rho0.5.json
qwen3_asr_1p7b,Conditioning,decoder,cs_dialogue,18,0.6666666666666666,global,0.5,0.1441810728925325,0.4052028218694885,-0.08287292817679556,-0.31966490299823636,0.990171300196574,0.6470588235294118,7,732,-725,1938906.953842163,15230,,127.30840143415385,267.81372044062977,0.47536175975112593,0.17079543797871505,results/basis_a4/qwen3_asr_1p7b/conditioning/cs_dialogue/L18/Conditioning_decoder_L18_global_rho0.5.json
qwen3_asr_1p7b,Conditioning,decoder,cs_dialogue,18,0.6666666666666666,oracle_local,0.5,0.061308144715736944,0.0855379188712522,0.0,0.0,1.0,1.0,0,0,0,0.0,0,,0.0,0.0,0.0,0.0,results/basis_a4/qwen3_asr_1p7b/conditioning/cs_dialogue/L18/Conditioning_decoder_L18_oracle_local_rho0.5.json
qwen3_asr_1p7b,Conditioning,decoder,cs_dialogue,19,0.7037037037037037,global,0.5,0.06303095110794273,0.09567901234567901,-0.001722806392205782,-0.010141093474426807,0.9987363100252739,0.9754098360655737,28,51,-23,2122803.6151885986,13165,,161.24600191330032,342.46164785371366,0.47084397019014035,0.1511376943034923,results/basis_a4/qwen3_asr_1p7b/conditioning/cs_dialogue/L19/Conditioning_decoder_L19_global_rho0.5.json
qwen3_asr_1p7b,Conditioning,decoder,cs_dialogue,19,0.7037037037037037,oracle_local,0.5,0.061308144715736944,0.0855379188712522,0.0,0.0,1.0,1.0,0,0,0,0.0,0,,0.0,0.0,0.0,0.0,results/basis_a4/qwen3_asr_1p7b/conditioning/cs_dialogue/L19/Conditioning_decoder_L19_oracle_local_rho0.5.json
qwen3_asr_1p7b,Conditioning,decoder,cs_dialogue,20,0.7407407407407407,global,0.5,0.06190221588546308,0.08509700176366843,-0.0005940711697261375,0.0004409171075837742,0.9981746700365066,0.9927675988428158,16,15,1,2884353.9685668945,13470,,214.13169774067518,455.1172865065452,0.4704978344908366,0.15409959844870783,results/basis_a4/qwen3_asr_1p7b/conditioning/cs_dialogue/L20/Conditioning_decoder_L20_global_rho0.5.json
qwen3_asr_1p7b,Conditioning,decoder,cs_dialogue,20,0.7407407407407407,oracle_local,0.5,0.061308144715736944,0.0855379188712522,0.0,0.0,1.0,1.0,0,0,0,0.0,0,,0.0,0.0,0.0,0.0,results/basis_a4/qwen3_asr_1p7b/conditioning/cs_dialogue/L20/Conditioning_decoder_L20_oracle_local_rho0.5.json
qwen3_asr_1p7b,Conditioning,decoder,cs_dialogue,21,0.7777777777777778,global,0.5,0.061783401651517855,0.0890652557319224,-0.0004752569357809114,-0.003527336860670194,0.9990873350182533,0.9918032786885246,9,17,-8,3913568.0721435547,13590,,287.9741039104897,612.3534902116496,0.4702742917509236,0.15525927956952393,results/basis_a4/qwen3_asr_1p7b/conditioning/cs_dialogue/L21/Conditioning_decoder_L21_global_rho0.5.json
qwen3_asr_1p7b,Conditioning,decoder,cs_dialogue,21,0.7777777777777778,oracle_local,0.5,0.061308144715736944,0.0855379188712522,0.0,0.0,1.0,1.0,0,0,0,0.0,0,,0.0,0.0,0.0,0.0,results/basis_a4/qwen3_asr_1p7b/conditioning/cs_dialogue/L21/Conditioning_decoder_L21_oracle_local_rho0.5.json
qwen3_asr_1p7b,Conditioning,decoder,cs_dialogue,22,0.8148148148148148,global,0.5,0.06071407354601081,0.0837742504409171,0.0005940711697261306,0.001763668430335097,0.9995787700084247,0.996142719382835,12,8,4,4836901.532012939,13507,,358.1033191687969,776.494760050272,0.46117931194489,0.15445750617509835,results/basis_a4/qwen3_asr_1p7b/conditioning/cs_dialogue/L22/Conditioning_decoder_L22_global_rho0.5.json
qwen3_asr_1p7b,Conditioning,decoder,cs_dialogue,22,0.8148148148148148,oracle_local,0.5,0.061308144715736944,0.0855379188712522,0.0,0.0,1.0,1.0,0,0,0,0.0,0,,0.0,0.0,0.0,0.0,results/basis_a4/qwen3_asr_1p7b/conditioning/cs_dialogue/L22/Conditioning_decoder_L22_oracle_local_rho0.5.json
qwen3_asr_1p7b,Conditioning,decoder,cs_dialogue,23,0.8518518518518519,global,0.5,0.06208043723638092,0.09082892416225749,-0.0007722925206439732,-0.005291005291005291,0.9987363100252739,0.9879459980713597,13,25,-12,6005901.623138428,13487,,445.31041915462504,987.5196351640845,0.45093829357695053,0.15426408015738666,results/basis_a4/qwen3_asr_1p7b/conditioning/cs_dialogue/L23/Conditioning_decoder_L23_global_rho0.5.json
qwen3_asr_1p7b,Conditioning,decoder,cs_dialogue,23,0.8518518518518519,oracle_local,0.5,0.061308144715736944,0.0855379188712522,0.0,0.0,1.0,1.0,0,0,0,0.0,0,,0.0,0.0,0.0,0.0,results/basis_a4/qwen3_asr_1p7b/conditioning/cs_dialogue/L23/Conditioning_decoder_L23_oracle_local_rho0.5.json
qwen3_asr_1p7b,Conditioning,decoder,cs_dialogue,24,0.8888888888888888,global,0.5,0.06273391552307966,0.09038800705467372,-0.0014257708073427203,-0.0048500881834215165,0.9983852850322943,0.991321118611379,7,18,-11,7550102.6310424805,13393,,563.7349832780169,1263.2901493568963,0.4462434727010241,0.15335379119243364,results/basis_a4/qwen3_asr_1p7b/conditioning/cs_dialogue/L24/Conditioning_decoder_L24_global_rho0.5.json
qwen3_asr_1p7b,Conditioning,decoder,cs_dialogue,24,0.8888888888888888,oracle_local,0.5,0.061308144715736944,0.0855379188712522,0.0,0.0,1.0,1.0,0,0,0,0.0,0,,0.0,0.0,0.0,0.0,results/basis_a4/qwen3_asr_1p7b/conditioning/cs_dialogue/L24/Conditioning_decoder_L24_oracle_local_rho0.5.json
qwen3_asr_1p7b,Conditioning,decoder,cs_dialogue,25,0.9259259259259259,global,0.5,0.09439790886948256,0.1384479717813051,-0.033089764153745614,-0.05291005291005291,0.9955068800898624,0.9368370298939248,11,131,-120,10033425.656066895,13657,,734.6727433599542,1648.324568746868,0.4457087865398294,0.15590538596771616,results/basis_a4/qwen3_asr_1p7b/conditioning/cs_dialogue/L25/Conditioning_decoder_L25_global_rho0.5.json
qwen3_asr_1p7b,Conditioning,decoder,cs_dialogue,25,0.9259259259259259,oracle_local,0.5,0.061308144715736944,0.0855379188712522,0.0,0.0,1.0,1.0,0,0,0,0.0,0,,0.0,0.0,0.0,0.0,results/basis_a4/qwen3_asr_1p7b/conditioning/cs_dialogue/L25/Conditioning_decoder_L25_oracle_local_rho0.5.json
qwen3_asr_1p7b,Conditioning,decoder,cs_dialogue,26,0.9629629629629629,global,0.5,0.06433790768134022,0.10670194003527336,-0.0030297629656032762,-0.021164021164021163,0.9981746700365066,0.9681774349083896,18,66,-48,12186873.477905273,14066,,866.4064750394763,1997.4087771140848,0.4337652287136166,0.1598281954844501,results/basis_a4/qwen3_asr_1p7b/conditioning/cs_dialogue/L26/Conditioning_decoder_L26_global_rho0.5.json
qwen3_asr_1p7b,Conditioning,decoder,cs_dialogue,26,0.9629629629629629,oracle_local,0.5,0.061308144715736944,0.0855379188712522,0.0,0.0,1.0,1.0,0,0,0,0.0,0,,0.0,0.0,0.0,0.0,results/basis_a4/qwen3_asr_1p7b/conditioning/cs_dialogue/L26/Conditioning_decoder_L26_oracle_local_rho0.5.json
qwen3_asr_1p7b,Conditioning,decoder,cs_dialogue,27,1.0,global,0.5,0.17376581714489395,0.2156084656084656,-0.112457672429157,-0.1300705467372134,0.9736029205279416,0.8539054966248795,8,303,-295,17489691.1295166,16514,,1059.0826649822334,2421.733485750963,0.4373242023590465,0.18256591675418715,results/basis_a4/qwen3_asr_1p7b/conditioning/cs_dialogue/L27/Conditioning_decoder_L27_global_rho0.5.json
qwen3_asr_1p7b,Conditioning,decoder,cs_dialogue,27,1.0,oracle_local,0.5,0.061308144715736944,0.0855379188712522,0.0,0.0,1.0,1.0,0,0,0,0.0,0,,0.0,0.0,0.0,0.0,results/basis_a4/qwen3_asr_1p7b/conditioning/cs_dialogue/L27/Conditioning_decoder_L27_oracle_local_rho0.5.json
qwen3_asr_1p7b,Conditioning,decoder,seame_dev_man,0,0.0,global,0.5,0.2649214659685864,0.6666666666666666,-0.003141361256544517,-0.010101010101010055,0.9932705248990579,0.9705882352941176,0,1,-1,3040.8983759880066,906,,3.356399973496696,7.406463921464832,0.4531717171765924,0.18989729616432613,results/basis_a4/qwen3_asr_1p7b/conditioning/seame_dev_man/L00/Conditioning_decoder_L0_global_rho0.5.json
qwen3_asr_1p7b,Conditioning,decoder,seame_dev_man,0,0.0,oracle_local,0.5,0.2628272251308901,0.6565656565656566,-0.0010471204188481908,0.0,1.0,1.0,0,0,0,131.18765926361084,39,,3.3637861349643807,7.514943110637176,0.44761298727638305,0.008198444397729661,results/basis_a4/qwen3_asr_1p7b/conditioning/seame_dev_man/L00/Conditioning_decoder_L0_oracle_local_rho0.5.json
qwen3_asr_1p7b,Conditioning,decoder,seame_dev_man,1,0.037037037037037035,global,0.5,0.25863874345549737,0.6767676767676768,0.003141361256544517,-0.02020202020202022,0.9959623149394348,0.9411764705882353,0,2,-2,6078.308910369873,877,,6.930796933146947,14.98398103355138,0.46254709730530585,0.18494306199915647,results/basis_a4/qwen3_asr_1p7b/conditioning/seame_dev_man/L01/Conditioning_decoder_L1_global_rho0.5.json
qwen3_asr_1p7b,Conditioning,decoder,seame_dev_man,1,0.037037037037037035,oracle_local,0.5,0.2617801047120419,0.6565656565656566,0.0,0.0,1.0,1.0,0,0,0,270.47764348983765,39,,6.935324192047119,14.91996386112311,0.4648351870421393,0.008207070707070708,results/basis_a4/qwen3_asr_1p7b/conditioning/seame_dev_man/L01/Conditioning_decoder_L1_oracle_local_rho0.5.json
qwen3_asr_1p7b,Conditioning,decoder,seame_dev_man,2,0.07407407407407407,global,0.5,0.25863874345549737,0.6666666666666666,0.003141361256544517,-0.010101010101010055,0.9919246298788694,0.9705882352941176,0,1,-1,8680.944416046143,895,,9.699379235805745,20.79308438540837,0.4664714025117084,0.1880252100840336,results/basis_a4/qwen3_asr_1p7b/conditioning/seame_dev_man/L02/Conditioning_decoder_L2_global_rho0.5.json
qwen3_asr_1p7b,Conditioning,decoder,seame_dev_man,2,0.07407407407407407,oracle_local,0.5,0.2617801047120419,0.6565656565656566,0.0,0.0,1.0,1.0,0,0,0,380.73453426361084,39,,9.762423955477201,21.378018379211426,0.45665710368040713,0.00820534399326741,results/basis_a4/qwen3_asr_1p7b/conditioning/seame_dev_man/L02/Conditioning_decoder_L2_oracle_local_rho0.5.json
qwen3_asr_1p7b,Conditioning,decoder,seame_dev_man,3,0.1111111111111111,global,0.5,0.2638743455497382,0.6565656565656566,-0.002094240837696326,0.0,0.990578734858681,1.0,0,0,0,11292.900340080261,878,,12.862073280273647,25.04269576887335,0.513605779464864,0.18511490617752477,results/basis_a4/qwen3_asr_1p7b/conditioning/seame_dev_man/L03/Conditioning_decoder_L3_global_rho0.5.json
qwen3_asr_1p7b,Conditioning,decoder,seame_dev_man,3,0.1111111111111111,oracle_local,0.5,0.2617801047120419,0.6565656565656566,0.0,0.0,1.0,1.0,0,0,0,502.86017322540283,39,,12.89385059552315,25.807723069802307,0.4996120952107659,0.008203618005889778,results/basis_a4/qwen3_asr_1p7b/conditioning/seame_dev_man/L03/Conditioning_decoder_L3_oracle_local_rho0.5.json
qwen3_asr_1p7b,Conditioning,decoder,seame_dev_man,4,0.14814814814814814,global,0.5,0.2617801047120419,0.6666666666666666,0.0,-0.010101010101010055,0.9865410497981157,0.9705882352941176,0,1,-1,13291.263570785522,871,,15.259774478513803,29.21553160429822,0.5223171936487635,0.18391047297297297,results/basis_a4/qwen3_asr_1p7b/conditioning/seame_dev_man/L04/Conditioning_decoder_L4_global_rho0.5.json
qwen3_asr_1p7b,Conditioning,decoder,seame_dev_man,4,0.14814814814814814,oracle_local,0.5,0.26596858638743454,0.6565656565656566,-0.004188481675392652,0.0,0.9946164199192463,1.0,0,0,0,595.9944686889648,39,,15.281909453563202,30.136837299053486,0.5070840480677501,0.008207070707070708,results/basis_a4/qwen3_asr_1p7b/conditioning/seame_dev_man/L04/Conditioning_decoder_L4_oracle_local_rho0.5.json
qwen3_asr_1p7b,Conditioning,decoder,seame_dev_man,5,0.18518518518518517,global,0.5,0.2628272251308901,0.6565656565656566,-0.0010471204188481908,0.0,0.9932705248990579,1.0,0,0,0,14805.93602848053,877,,16.882481218335837,34.38879737288541,0.49092967792026343,0.18494306199915647,results/basis_a4/qwen3_asr_1p7b/conditioning/seame_dev_man/L05/Conditioning_decoder_L5_global_rho0.5.json
qwen3_asr_1p7b,Conditioning,decoder,seame_dev_man,5,0.18518518518518517,oracle_local,0.5,0.2638743455497382,0.6565656565656566,-0.002094240837696326,0.0,0.9973082099596231,1.0,0,0,0,660.2382221221924,39,,16.92918518262032,35.213886114267204,0.4807531076713886,0.00820534399326741,results/basis_a4/qwen3_asr_1p7b/conditioning/seame_dev_man/L05/Conditioning_decoder_L5_oracle_local_rho0.5.json
qwen3_asr_1p7b,Conditioning,decoder,seame_dev_man,6,0.2222222222222222,global,0.5,0.27015706806282724,0.6767676767676768,-0.00837696335078536,-0.02020202020202022,0.990578734858681,0.9411764705882353,0,2,-2,16665.31364250183,891,,18.70405571549027,38.734403849985995,0.48287965881517064,0.18734230445752734,results/basis_a4/qwen3_asr_1p7b/conditioning/seame_dev_man/L06/Conditioning_decoder_L6_global_rho0.5.json
qwen3_asr_1p7b,Conditioning,decoder,seame_dev_man,6,0.2222222222222222,oracle_local,0.5,0.2607329842931937,0.6565656565656566,0.0010471204188481908,0.0,1.0,1.0,0,0,0,732.7073383331299,39,,18.787367649567432,40.241899490356445,0.46686085615987466,0.008207070707070708,results/basis_a4/qwen3_asr_1p7b/conditioning/seame_dev_man/L06/Conditioning_decoder_L6_oracle_local_rho0.5.json
qwen3_asr_1p7b,Conditioning,decoder,seame_dev_man,7,0.25925925925925924,global,0.5,0.2628272251308901,0.6565656565656566,-0.0010471204188481908,0.0,0.9959623149394348,1.0,0,0,0,17909.39665031433,895,,20.01049905063054,42.660411672752,0.4690648370702812,0.1880252100840336,results/basis_a4/qwen3_asr_1p7b/conditioning/seame_dev_man/L07/Conditioning_decoder_L7_global_rho0.5.json
qwen3_asr_1p7b,Conditioning,decoder,seame_dev_man,7,0.25925925925925924,oracle_local,0.5,0.2638743455497382,0.6565656565656566,-0.002094240837696326,0.0,0.9973082099596231,1.0,0,0,0,784.9916076660156,39,,20.127989940154247,44.46633539444361,0.4526568191780739,0.00820534399326741,results/basis_a4/qwen3_asr_1p7b/conditioning/seame_dev_man/L07/Conditioning_decoder_L7_oracle_local_rho0.5.json
qwen3_asr_1p7b,Conditioning,decoder,seame_dev_man,8,0.2962962962962963,global,0.5,0.26596858638743454,0.6666666666666666,-0.004188481675392652,-0.010101010101010055,0.9932705248990579,0.9705882352941176,0,1,-1,19411.318201065063,890,,21.81046988883715,45.53946274318052,0.4789355994785696,0.1871713985278654,results/basis_a4/qwen3_asr_1p7b/conditioning/seame_dev_man/L08/Conditioning_decoder_L8_global_rho0.5.json
qwen3_asr_1p7b,Conditioning,decoder,seame_dev_man,8,0.2962962962962963,oracle_local,0.5,0.2617801047120419,0.6565656565656566,0.0,0.0,1.0,1.0,0,0,0,854.8751010894775,39,,21.91987438690968,47.32871481088492,0.463141128477641,0.008201892744479496,results/basis_a4/qwen3_asr_1p7b/conditioning/seame_dev_man/L08/Conditioning_decoder_L8_oracle_local_rho0.5.json
qwen3_asr_1p7b,Conditioning,decoder,seame_dev_man,9,0.3333333333333333,global,0.5,0.26596858638743454,0.6666666666666666,-0.004188481675392652,-0.010101010101010055,0.9959623149394348,0.9411764705882353,1,2,-1,22162.10803604126,893,,24.81759018593646,51.73330494537866,0.47972172302039284,0.1876839007986549,results/basis_a4/qwen3_asr_1p7b/conditioning/seame_dev_man/L09/Conditioning_decoder_L9_global_rho0.5.json
qwen3_asr_1p7b,Conditioning,decoder,seame_dev_man,9,0.3333333333333333,oracle_local,0.5,0.2607329842931937,0.6565656565656566,0.0010471204188481908,0.0,1.0,1.0,0,0,0,971.0866260528564,39,,24.89965707827837,53.74230771187024,0.46331574021297006,0.008207070707070708,results/basis_a4/qwen3_asr_1p7b/conditioning/seame_dev_man/L09/Conditioning_decoder_L9_oracle_local_rho0.5.json
qwen3_asr_1p7b,Conditioning,decoder,seame_dev_man,10,0.37037037037037035,global,0.5,0.2544502617801047,0.6464646464646465,0.007329842931937169,0.010101010101010055,0.9946164199192463,1.0,1,0,1,25905.455266952515,881,,29.40460302718787,61.33770593476485,0.47938869866539946,0.18563000421407502,results/basis_a4/qwen3_asr_1p7b/conditioning/seame_dev_man/L10/Conditioning_decoder_L10_global_rho0.5.json
qwen3_asr_1p7b,Conditioning,decoder,seame_dev_man,10,0.37037037037037035,oracle_local,0.5,0.2649214659685864,0.6565656565656566,-0.003141361256544517,0.0,0.9959623149394348,1.0,0,0,0,1149.8152923583984,39,,29.482443393805088,63.19736715463492,0.4665137919696206,0.008208798147758366,results/basis_a4/qwen3_asr_1p7b/conditioning/seame_dev_man/L10/Conditioning_decoder_L10_oracle_local_rho0.5.json
qwen3_asr_1p7b,Conditioning,decoder,seame_dev_man,11,0.4074074074074074,global,0.5,0.2649214659685864,0.6767676767676768,-0.003141361256544517,-0.02020202020202022,0.9946164199192463,0.9411764705882353,0,2,-2,33084.13152694702,886,,37.341006238089186,80.30794696937028,0.46497274114517184,0.186487055356767,results/basis_a4/qwen3_asr_1p7b/conditioning/seame_dev_man/L11/Conditioning_decoder_L11_global_rho0.5.json
qwen3_asr_1p7b,Conditioning,decoder,seame_dev_man,11,0.4074074074074074,oracle_local,0.5,0.2607329842931937,0.6565656565656566,0.0010471204188481908,0.0,1.0,1.0,0,0,0,1459.929988861084,39,,37.434102278489334,82.50957899827223,0.4536940162944379,0.008207070707070708,results/basis_a4/qwen3_asr_1p7b/conditioning/seame_dev_man/L11/Conditioning_decoder_L11_oracle_local_rho0.5.json
qwen3_asr_1p7b,Conditioning,decoder,seame_dev_man,12,0.4444444444444444,global,0.5,0.2649214659685864,0.6565656565656566,-0.003141361256544517,0.0,0.9946164199192463,1.0,0,0,0,36638.53409194946,888,,41.25961046390705,86.80417967272234,0.4753182464193325,0.18682937092362717,results/basis_a4/qwen3_asr_1p7b/conditioning/seame_dev_man/L12/Conditioning_decoder_L12_global_rho0.5.json
qwen3_asr_1p7b,Conditioning,decoder,seame_dev_man,12,0.4444444444444444,oracle_local,0.5,0.2607329842931937,0.6565656565656566,0.0010471204188481908,0.0,1.0,1.0,0,0,0,1613.745174407959,39,,41.378081395075874,89.67383301563753,0.461428713411417,0.008210526315789474,results/basis_a4/qwen3_asr_1p7b/conditioning/seame_dev_man/L12/Conditioning_decoder_L12_oracle_local_rho0.5.json
qwen3_asr_1p7b,Conditioning,decoder,seame_dev_man,13,0.48148148148148145,global,0.5,0.2680628272251309,0.6666666666666666,-0.006282722513089034,-0.010101010101010055,0.9946164199192463,0.9705882352941176,0,1,-1,40059.92350769043,891,,44.960632444097,94.45072017374264,0.47602212414465095,0.18734230445752734,results/basis_a4/qwen3_asr_1p7b/conditioning/seame_dev_man/L13/Conditioning_decoder_L13_global_rho0.5.json
qwen3_asr_1p7b,Conditioning,decoder,seame_dev_man,13,0.48148148148148145,oracle_local,0.5,0.25968586387434556,0.6565656565656566,0.002094240837696326,0.0,1.0,1.0,0,0,0,1756.4674110412598,39,,45.037625924134865,97.30963741204677,0.46282801089298153,0.008207070707070708,results/basis_a4/qwen3_asr_1p7b/conditioning/seame_dev_man/L13/Conditioning_decoder_L13_oracle_local_rho0.5.json
qwen3_asr_1p7b,Conditioning,decoder,seame_dev_man,14,0.5185185185185185,global,0.5,0.2732984293193717,0.6868686868686869,-0.011518324607329822,-0.030303030303030276,0.9946164199192463,0.9117647058823529,0,3,-3,44387.68793106079,888,,49.98613505750089,103.72016245180423,0.4819326722586653,0.18682937092362717,results/basis_a4/qwen3_asr_1p7b/conditioning/seame_dev_man/L14/Conditioning_decoder_L14_global_rho0.5.json
qwen3_asr_1p7b,Conditioning,decoder,seame_dev_man,14,0.5185185185185185,oracle_local,0.5,0.2617801047120419,0.6565656565656566,0.0,0.0,0.9986541049798116,1.0,0,0,0,1953.1748313903809,39,,50.081405933086685,107.41060775365585,0.4662612658141496,0.008207070707070708,results/basis_a4/qwen3_asr_1p7b/conditioning/seame_dev_man/L14/Conditioning_decoder_L14_oracle_local_rho0.5.json
qwen3_asr_1p7b,Conditioning,decoder,seame_dev_man,15,0.5555555555555556,global,0.5,0.27015706806282724,0.6767676767676768,-0.00837696335078536,-0.02020202020202022,0.990578734858681,0.9411764705882353,0,2,-2,51953.398151397705,880,,59.03795244477012,123.61596749045633,0.47759163838869034,0.18545837723919917,results/basis_a4/qwen3_asr_1p7b/conditioning/seame_dev_man/L15/Conditioning_decoder_L15_global_rho0.5.json
qwen3_asr_1p7b,Conditioning,decoder,seame_dev_man,15,0.5555555555555556,oracle_local,0.5,0.2638743455497382,0.6565656565656566,-0.002094240837696326,0.0,0.9959623149394348,1.0,0,0,0,2309.268283843994,39,,59.21200727805113,128.6503677368164,0.4602552508764123,0.0082122552116235,results/basis_a4/qwen3_asr_1p7b/conditioning/seame_dev_man/L15/Conditioning_decoder_L15_oracle_local_rho0.5.json
qwen3_asr_1p7b,Conditioning,decoder,seame_dev_man,16,0.5925925925925926,global,0.5,0.2670157068062827,0.6565656565656566,-0.005235602094240843,0.0,0.9946164199192463,0.9705882352941176,1,1,0,60940.172050476074,880,,69.25019551190464,152.17568192915482,0.45506742361203256,0.18545837723919917,results/basis_a4/qwen3_asr_1p7b/conditioning/seame_dev_man/L16/Conditioning_decoder_L16_global_rho0.5.json
qwen3_asr_1p7b,Conditioning,decoder,seame_dev_man,16,0.5925925925925926,oracle_local,0.5,0.2628272251308901,0.6565656565656566,-0.0010471204188481908,0.0,1.0,1.0,0,0,0,2710.7768783569336,39,,69.50709944504958,157.54069440792767,0.4412009208558616,0.008201892744479496,results/basis_a4/qwen3_asr_1p7b/conditioning/seame_dev_man/L16/Conditioning_decoder_L16_oracle_local_rho0.5.json
qwen3_asr_1p7b,Conditioning,decoder,seame_dev_man,17,0.6296296296296297,global,0.5,0.2638743455497382,0.6565656565656566,-0.002094240837696326,0.0,0.9892328398384926,1.0,0,0,0,81758.46395111084,880,,92.90734539898959,204.22715953480113,0.45492159618054034,0.18545837723919917,results/basis_a4/qwen3_asr_1p7b/conditioning/seame_dev_man/L17/Conditioning_decoder_L17_global_rho0.5.json
qwen3_asr_1p7b,Conditioning,decoder,seame_dev_man,17,0.6296296296296297,oracle_local,0.5,0.2607329842931937,0.6565656565656566,0.0010471204188481908,0.0,1.0,1.0,0,0,0,3631.1753692626953,39,,93.10706075032552,208.31399692633212,0.4469553756546267,0.008207070707070708,results/basis_a4/qwen3_asr_1p7b/conditioning/seame_dev_man/L17/Conditioning_decoder_L17_oracle_local_rho0.5.json
qwen3_asr_1p7b,Conditioning,decoder,seame_dev_man,18,0.6666666666666666,global,0.5,0.27958115183246074,0.7474747474747475,-0.017801047120418856,-0.09090909090909094,0.9878869448183042,0.7352941176470589,0,9,-9,113250.73141479492,886,,127.82249595349315,265.8933339172777,0.4807284713397897,0.186487055356767,results/basis_a4/qwen3_asr_1p7b/conditioning/seame_dev_man/L18/Conditioning_decoder_L18_global_rho0.5.json
qwen3_asr_1p7b,Conditioning,decoder,seame_dev_man,18,0.6666666666666666,oracle_local,0.5,0.2638743455497382,0.6565656565656566,-0.002094240837696326,0.0,0.9973082099596231,1.0,0,0,0,4979.447639465332,39,,127.67814460167519,268.7764614789914,0.4750346957434552,0.008207070707070708,results/basis_a4/qwen3_asr_1p7b/conditioning/seame_dev_man/L18/Conditioning_decoder_L18_oracle_local_rho0.5.json
qwen3_asr_1p7b,Conditioning,decoder,seame_dev_man,19,0.7037037037037037,global,0.5,0.2712041884816754,0.6767676767676768,-0.009424083769633496,-0.02020202020202022,0.9838492597577388,0.9117647058823529,1,3,-2,142196.84071350098,878,,161.9553994459009,338.67781668209,0.4781990182661569,0.18511490617752477,results/basis_a4/qwen3_asr_1p7b/conditioning/seame_dev_man/L19/Conditioning_decoder_L19_global_rho0.5.json
qwen3_asr_1p7b,Conditioning,decoder,seame_dev_man,19,0.7037037037037037,oracle_local,0.5,0.2617801047120419,0.6565656565656566,0.0,0.0,0.9986541049798116,1.0,0,0,0,6307.698989868164,39,,161.73587153508112,341.498045309996,0.47360701988283666,0.008207070707070708,results/basis_a4/qwen3_asr_1p7b/conditioning/seame_dev_man/L19/Conditioning_decoder_L19_oracle_local_rho0.5.json
qwen3_asr_1p7b,Conditioning,decoder,seame_dev_man,20,0.7407407407407407,global,0.5,0.26596858638743454,0.6565656565656566,-0.004188481675392652,0.0,0.9878869448183042,1.0,0,0,0,191853.78582763672,890,,215.56605149172665,450.2233247221186,0.4787980534433122,0.1871713985278654,results/basis_a4/qwen3_asr_1p7b/conditioning/seame_dev_man/L20/Conditioning_decoder_L20_global_rho0.5.json
qwen3_asr_1p7b,Conditioning,decoder,seame_dev_man,20,0.7407407407407407,oracle_local,0.5,0.2628272251308901,0.6565656565656566,-0.0010471204188481908,0.0,1.0,1.0,0,0,0,8389.087310791016,39,,215.10480284079526,450.1608072916667,0.4778399171063893,0.008201892744479496,results/basis_a4/qwen3_asr_1p7b/conditioning/seame_dev_man/L20/Conditioning_decoder_L20_oracle_local_rho0.5.json
qwen3_asr_1p7b,Conditioning,decoder,seame_dev_man,21,0.7777777777777778,global,0.5,0.26910994764397905,0.6666666666666666,-0.007329842931937169,-0.010101010101010055,0.9838492597577388,0.9411764705882353,1,2,-1,257002.96490478516,887,,289.74404160629666,614.3596632827363,0.471619572252016,0.18665824915824916,results/basis_a4/qwen3_asr_1p7b/conditioning/seame_dev_man/L21/Conditioning_decoder_L21_global_rho0.5.json
qwen3_asr_1p7b,Conditioning,decoder,seame_dev_man,21,0.7777777777777778,oracle_local,0.5,0.2617801047120419,0.6666666666666666,0.0,-0.010101010101010055,0.9973082099596231,0.9705882352941176,0,1,-1,11291.808715820312,39,,289.53355681590546,615.8670419546274,0.47012347973190644,0.008207070707070708,results/basis_a4/qwen3_asr_1p7b/conditioning/seame_dev_man/L21/Conditioning_decoder_L21_oracle_local_rho0.5.json
qwen3_asr_1p7b,Conditioning,decoder,seame_dev_man,22,0.8148148148148148,global,0.5,0.2680628272251309,0.6565656565656566,-0.006282722513089034,0.0,0.9878869448183042,1.0,0,0,0,319853.05252075195,885,,361.41587855452195,779.8499456545727,0.4634428463685599,0.1863157894736842,results/basis_a4/qwen3_asr_1p7b/conditioning/seame_dev_man/L22/Conditioning_decoder_L22_global_rho0.5.json
qwen3_asr_1p7b,Conditioning,decoder,seame_dev_man,22,0.8148148148148148,oracle_local,0.5,0.2628272251308901,0.6666666666666666,-0.0010471204188481908,-0.010101010101010055,0.9973082099596231,0.9705882352941176,0,1,-1,14077.383605957031,39,,360.95855399889825,777.8066781850962,0.4640723255824248,0.008203618005889778,results/basis_a4/qwen3_asr_1p7b/conditioning/seame_dev_man/L22/Conditioning_decoder_L22_oracle_local_rho0.5.json
qwen3_asr_1p7b,Conditioning,decoder,seame_dev_man,23,0.8518518518518519,global,0.5,0.27015706806282724,0.6565656565656566,-0.00837696335078536,0.0,0.9838492597577388,1.0,0,0,0,396834.19104003906,881,,450.4360851759808,992.8338900857291,0.45368725793303305,0.18563000421407502,results/basis_a4/qwen3_asr_1p7b/conditioning/seame_dev_man/L23/Conditioning_decoder_L23_global_rho0.5.json
qwen3_asr_1p7b,Conditioning,decoder,seame_dev_man,23,0.8518518518518519,oracle_local,0.5,0.2607329842931937,0.6565656565656566,0.0010471204188481908,0.0,0.9986541049798116,1.0,0,0,0,17552.723541259766,39,,450.06983439127606,996.3967410356571,0.4516974171588241,0.008210526315789474,results/basis_a4/qwen3_asr_1p7b/conditioning/seame_dev_man/L23/Conditioning_decoder_L23_oracle_local_rho0.5.json
qwen3_asr_1p7b,Conditioning,decoder,seame_dev_man,24,0.8888888888888888,global,0.5,0.2617801047120419,0.6666666666666666,0.0,-0.010101010101010055,0.9892328398384926,0.9705882352941176,0,1,-1,507601.11083984375,889,,570.979877210173,1270.0494207633226,0.44957295981994444,0.1870004206983593,results/basis_a4/qwen3_asr_1p7b/conditioning/seame_dev_man/L24/Conditioning_decoder_L24_global_rho0.5.json
qwen3_asr_1p7b,Conditioning,decoder,seame_dev_man,24,0.8888888888888888,oracle_local,0.5,0.25968586387434556,0.6565656565656566,0.002094240837696326,0.0,1.0,1.0,0,0,0,22199.285034179688,39,,569.2124367738381,1264.9011011368189,0.45000548759287456,0.008207070707070708,results/basis_a4/qwen3_asr_1p7b/conditioning/seame_dev_man/L24/Conditioning_decoder_L24_oracle_local_rho0.5.json
qwen3_asr_1p7b,Conditioning,decoder,seame_dev_man,25,0.9259259259259259,global,0.5,0.2869109947643979,0.7676767676767676,-0.025130890052356025,-0.11111111111111105,0.9865410497981157,0.6764705882352942,0,11,-11,656492.9201049805,885,,741.7999097231418,1643.5538919739804,0.45133896329508705,0.1863157894736842,results/basis_a4/qwen3_asr_1p7b/conditioning/seame_dev_man/L25/Conditioning_decoder_L25_global_rho0.5.json
qwen3_asr_1p7b,Conditioning,decoder,seame_dev_man,25,0.9259259259259259,oracle_local,0.5,0.2607329842931937,0.6565656565656566,0.0010471204188481908,0.0,1.0,1.0,0,0,0,28817.58135986328,39,,738.9123425605969,1625.1110307742388,0.4546842206889475,0.008207070707070708,results/basis_a4/qwen3_asr_1p7b/conditioning/seame_dev_man/L25/Conditioning_decoder_L25_oracle_local_rho0.5.json
qwen3_asr_1p7b,Conditioning,decoder,seame_dev_man,26,0.9629629629629629,global,0.5,0.2617801047120419,0.6666666666666666,0.0,-0.010101010101010055,0.9892328398384926,0.9117647058823529,2,3,-1,788260.493347168,902,,873.90298597247,1958.7529031622437,0.44615274574022395,0.18921753723515838,results/basis_a4/qwen3_asr_1p7b/conditioning/seame_dev_man/L26/Conditioning_decoder_L26_global_rho0.5.json
qwen3_asr_1p7b,Conditioning,decoder,seame_dev_man,26,0.9629629629629629,oracle_local,0.5,0.2638743455497382,0.6666666666666666,-0.002094240837696326,-0.010101010101010055,0.9946164199192463,0.9705882352941176,0,1,-1,33982.266174316406,39,,871.3401583158053,1950.8122934194712,0.4466550478767392,0.00820534399326741,results/basis_a4/qwen3_asr_1p7b/conditioning/seame_dev_man/L26/Conditioning_decoder_L26_oracle_local_rho0.5.json
qwen3_asr_1p7b,Conditioning,decoder,seame_dev_man,27,1.0,global,0.5,0.4157068062827225,0.8080808080808081,-0.1539267015706806,-0.1515151515151515,0.9636608344549125,0.5588235294117647,0,15,-15,1371059.7713012695,1291,,1062.0137655315798,2352.813772802848,0.45138029104038674,0.25038789759503494,results/basis_a4/qwen3_asr_1p7b/conditioning/seame_dev_man/L27/Conditioning_decoder_L27_global_rho0.5.json
qwen3_asr_1p7b,Conditioning,decoder,seame_dev_man,27,1.0,oracle_local,0.5,0.2638743455497382,0.6565656565656566,-0.002094240837696326,0.0,0.9973082099596231,1.0,0,0,0,41684.60076904297,39,,1068.835917154948,2381.181080353566,0.4488679697540027,0.008198444397729661,results/basis_a4/qwen3_asr_1p7b/conditioning/seame_dev_man/L27/Conditioning_decoder_L27_oracle_local_rho0.5.json
qwen3_asr_1p7b,Conditioning,decoder,seame_dev_sge,0,0.0,global,0.5,0.25891829689298046,0.7386363636363636,0.011507479861910197,0.03409090909090906,1.0,1.0,3,0,3,2624.6364715099335,782,,3.356312623414237,7.382370526833302,0.45463887395177127,0.18447747110167492,results/basis_a4/qwen3_asr_1p7b/conditioning/seame_dev_sge/L00/Conditioning_decoder_L0_global_rho0.5.json
qwen3_asr_1p7b,Conditioning,decoder,seame_dev_sge,0,0.0,oracle_local,0.5,0.27042577675489066,0.7727272727272727,0.0,0.0,1.0,1.0,0,0,0,120.96322560310364,36,,3.360089600086212,7.39311487144894,0.45448902911847827,0.008488564017920301,results/basis_a4/qwen3_asr_1p7b/conditioning/seame_dev_sge/L00/Conditioning_decoder_L0_oracle_local_rho0.5.json
qwen3_asr_1p7b,Conditioning,decoder,seame_dev_sge,1,0.037037037037037035,global,0.5,0.26582278481012656,0.75,0.004602991944764101,0.022727272727272707,0.9970059880239521,1.0,2,0,2,5335.9512457847595,771,,6.920818736426407,14.919946011247648,0.4638635241179179,0.18235572374645223,results/basis_a4/qwen3_asr_1p7b/conditioning/seame_dev_sge/L01/Conditioning_decoder_L1_global_rho0.5.json
qwen3_asr_1p7b,Conditioning,decoder,seame_dev_sge,1,0.037037037037037035,oracle_local,0.5,0.26927502876869963,0.7613636363636364,0.0011507479861910253,0.011363636363636354,1.0,1.0,1,0,1,248.19537162780762,36,,6.894315878550212,14.470035447014702,0.4764546641088271,0.008484562809333018,results/basis_a4/qwen3_asr_1p7b/conditioning/seame_dev_sge/L01/Conditioning_decoder_L1_oracle_local_rho0.5.json
qwen3_asr_1p7b,Conditioning,decoder,seame_dev_sge,2,0.07407407407407407,global,0.5,0.27042577675489066,0.7613636363636364,0.0,0.011363636363636354,0.9955089820359282,0.95,2,1,1,7624.197234153748,787,,9.6876711996871,20.64788488875199,0.46918467687528104,0.1854382657869934,results/basis_a4/qwen3_asr_1p7b/conditioning/seame_dev_sge/L02/Conditioning_decoder_L2_global_rho0.5.json
qwen3_asr_1p7b,Conditioning,decoder,seame_dev_sge,2,0.07407407407407407,oracle_local,0.5,0.27042577675489066,0.7727272727272727,0.0,0.0,1.0,1.0,0,0,0,347.62610721588135,36,,9.656280755996704,20.238898091846043,0.47711494529868104,0.008488564017920301,results/basis_a4/qwen3_asr_1p7b/conditioning/seame_dev_sge/L02/Conditioning_decoder_L2_oracle_local_rho0.5.json
qwen3_asr_1p7b,Conditioning,decoder,seame_dev_sge,3,0.1111111111111111,global,0.5,0.26927502876869963,0.75,0.0011507479861910253,0.022727272727272707,0.9985029940119761,0.95,3,1,2,9940.951071739197,772,,12.876879626605177,25.130877074800008,0.5123927664075629,0.18254906597304327,results/basis_a4/qwen3_asr_1p7b/conditioning/seame_dev_sge/L03/Conditioning_decoder_L3_global_rho0.5.json
qwen3_asr_1p7b,Conditioning,decoder,seame_dev_sge,3,0.1111111111111111,oracle_local,0.5,0.27042577675489066,0.7727272727272727,0.0,0.0,1.0,1.0,0,0,0,463.4428119659424,36,,12.8734114434984,24.898800373077393,0.5170293849746344,0.008490566037735849,results/basis_a4/qwen3_asr_1p7b/conditioning/seame_dev_sge/L03/Conditioning_decoder_L3_oracle_local_rho0.5.json
qwen3_asr_1p7b,Conditioning,decoder,seame_dev_sge,4,0.14814814814814814,global,0.5,0.25891829689298046,0.7386363636363636,0.011507479861910197,0.03409090909090906,0.9970059880239521,1.0,3,0,3,11735.982115745544,769,,15.261355157016313,29.2597398844745,0.5215820515586379,0.18196876478939897,results/basis_a4/qwen3_asr_1p7b/conditioning/seame_dev_sge/L04/Conditioning_decoder_L4_global_rho0.5.json
qwen3_asr_1p7b,Conditioning,decoder,seame_dev_sge,4,0.14814814814814814,oracle_local,0.5,0.2669735327963176,0.7727272727272727,0.0034522439585730758,0.0,1.0,1.0,0,0,0,548.8249416351318,36,,15.245137267642551,28.740486992730034,0.5304411602871879,0.008486562942008486,results/basis_a4/qwen3_asr_1p7b/conditioning/seame_dev_sge/L04/Conditioning_decoder_L4_oracle_local_rho0.5.json
qwen3_asr_1p7b,Conditioning,decoder,seame_dev_sge,5,0.18518518518518517,global,0.5,0.26352128883774456,0.7613636363636364,0.006904487917146096,0.011363636363636354,1.0,0.95,2,1,1,13196.661109924316,783,,16.853973320465283,34.176893653236284,0.4931394143501788,0.18466981132075472,results/basis_a4/qwen3_asr_1p7b/conditioning/seame_dev_sge/L05/Conditioning_decoder_L5_global_rho0.5.json
qwen3_asr_1p7b,Conditioning,decoder,seame_dev_sge,5,0.18518518518518517,oracle_local,0.5,0.27042577675489066,0.7727272727272727,0.0,0.0,1.0,1.0,0,0,0,605.2155447006226,36,,16.811542908350628,33.490865071614586,0.5019739822307357,0.008486562942008486,results/basis_a4/qwen3_asr_1p7b/conditioning/seame_dev_sge/L05/Conditioning_decoder_L5_oracle_local_rho0.5.json
qwen3_asr_1p7b,Conditioning,decoder,seame_dev_sge,6,0.2222222222222222,global,0.5,0.26352128883774456,0.7386363636363636,0.006904487917146096,0.03409090909090906,0.9970059880239521,1.0,3,0,3,14499.104553222656,777,,18.66036622036378,38.515028471191876,0.4844957140385133,0.18351440717997167,results/basis_a4/qwen3_asr_1p7b/conditioning/seame_dev_sge/L06/Conditioning_decoder_L6_global_rho0.5.json
qwen3_asr_1p7b,Conditioning,decoder,seame_dev_sge,6,0.2222222222222222,oracle_local,0.5,0.27042577675489066,0.7727272727272727,0.0,0.0,1.0,1.0,0,0,0,670.2987537384033,36,,18.619409826066757,37.91201718648275,0.49112158117256216,0.008488564017920301,results/basis_a4/qwen3_asr_1p7b/conditioning/seame_dev_sge/L06/Conditioning_decoder_L6_oracle_local_rho0.5.json
qwen3_asr_1p7b,Conditioning,decoder,seame_dev_sge,7,0.25925925925925924,global,0.5,0.2669735327963176,0.75,0.0034522439585730758,0.022727272727272707,1.0,0.95,3,1,2,15580.833145141602,781,,19.94985037790218,42.47682377501425,0.46966436293753894,0.18428504011326097,results/basis_a4/qwen3_asr_1p7b/conditioning/seame_dev_sge/L07/Conditioning_decoder_L7_global_rho0.5.json
qwen3_asr_1p7b,Conditioning,decoder,seame_dev_sge,7,0.25925925925925924,oracle_local,0.5,0.27042577675489066,0.7727272727272727,0.0,0.0,1.0,1.0,0,0,0,715.5796737670898,36,,19.87721316019694,41.86209381951226,0.47482606211474326,0.008488564017920301,results/basis_a4/qwen3_asr_1p7b/conditioning/seame_dev_sge/L07/Conditioning_decoder_L7_oracle_local_rho0.5.json
qwen3_asr_1p7b,Conditioning,decoder,seame_dev_sge,8,0.2962962962962963,global,0.5,0.26582278481012656,0.7840909090909091,0.004602991944764101,-0.011363636363636354,1.0,0.95,0,1,-1,17062.335195541382,785,,21.735458847823416,45.244750568365596,0.48039736267262134,0.18505421970768504,results/basis_a4/qwen3_asr_1p7b/conditioning/seame_dev_sge/L08/Conditioning_decoder_L8_global_rho0.5.json
qwen3_asr_1p7b,Conditioning,decoder,seame_dev_sge,8,0.2962962962962963,oracle_local,0.5,0.27042577675489066,0.7727272727272727,0.0,0.0,1.0,1.0,0,0,0,781.1391086578369,36,,21.698308573828804,44.80873499976264,0.48424282841155286,0.008488564017920301,results/basis_a4/qwen3_asr_1p7b/conditioning/seame_dev_sge/L08/Conditioning_decoder_L8_oracle_local_rho0.5.json
qwen3_asr_1p7b,Conditioning,decoder,seame_dev_sge,9,0.3333333333333333,global,0.5,0.2715765247410817,0.7727272727272727,-0.0011507479861910253,0.0,0.9970059880239521,1.0,0,0,0,19345.046977996826,782,,24.737911736568833,51.33017196557711,0.48193705162644884,0.18447747110167492,results/basis_a4/qwen3_asr_1p7b/conditioning/seame_dev_sge/L09/Conditioning_decoder_L9_global_rho0.5.json
qwen3_asr_1p7b,Conditioning,decoder,seame_dev_sge,9,0.3333333333333333,oracle_local,0.5,0.27042577675489066,0.7727272727272727,0.0,0.0,1.0,1.0,0,0,0,888.9140396118164,36,,24.69205665588379,50.55623149871826,0.48840777731840634,0.008488564017920301,results/basis_a4/qwen3_asr_1p7b/conditioning/seame_dev_sge/L09/Conditioning_decoder_L9_oracle_local_rho0.5.json
qwen3_asr_1p7b,Conditioning,decoder,seame_dev_sge,10,0.37037037037037035,global,0.5,0.27042577675489066,0.75,0.0,0.022727272727272707,0.9940119760479041,1.0,2,0,2,23039.41632080078,786,,29.3122345048356,60.8589133536846,0.48164242326323004,0.1852462880037709,results/basis_a4/qwen3_asr_1p7b/conditioning/seame_dev_sge/L10/Conditioning_decoder_L10_global_rho0.5.json
qwen3_asr_1p7b,Conditioning,decoder,seame_dev_sge,10,0.37037037037037035,oracle_local,0.5,0.2669735327963176,0.7727272727272727,0.0034522439585730758,0.0,1.0,1.0,0,0,0,1053.5243339538574,36,,29.264564832051594,60.06259059906006,0.4872344755723801,0.008486562942008486,results/basis_a4/qwen3_asr_1p7b/conditioning/seame_dev_sge/L10/Conditioning_decoder_L10_oracle_local_rho0.5.json
qwen3_asr_1p7b,Conditioning,decoder,seame_dev_sge,11,0.4074074074074074,global,0.5,0.2715765247410817,0.7954545454545454,-0.0011507479861910253,-0.022727272727272707,0.9955089820359282,0.9,0,2,-2,29001.838886260986,778,,37.27742787437145,80.20018514814598,0.4648047608058821,0.18370720188902007,results/basis_a4/qwen3_asr_1p7b/conditioning/seame_dev_sge/L11/Conditioning_decoder_L11_global_rho0.5.json
qwen3_asr_1p7b,Conditioning,decoder,seame_dev_sge,11,0.4074074074074074,oracle_local,0.5,0.27042577675489066,0.7727272727272727,0.0,0.0,1.0,1.0,0,0,0,1341.0401191711426,36,,37.251114421420624,79.80778333875868,0.46676041938543117,0.008488564017920301,results/basis_a4/qwen3_asr_1p7b/conditioning/seame_dev_sge/L11/Conditioning_decoder_L11_oracle_local_rho0.5.json
qwen3_asr_1p7b,Conditioning,decoder,seame_dev_sge,12,0.4444444444444444,global,0.5,0.2681242807825086,0.7727272727272727,0.0023014959723820505,0.0,0.9940119760479041,1.0,0,0,0,32344.53971862793,785,,41.20323531035405,86.65724211285828,0.47547365120035684,0.18505421970768504,results/basis_a4/qwen3_asr_1p7b/conditioning/seame_dev_sge/L12/Conditioning_decoder_L12_global_rho0.5.json
qwen3_asr_1p7b,Conditioning,decoder,seame_dev_sge,12,0.4444444444444444,oracle_local,0.5,0.27042577675489066,0.7727272727272727,0.0,0.0,1.0,1.0,0,0,0,1481.45503616333,36,,41.15152878231473,85.94740253024631,0.47879898136343124,0.008486562942008486,results/basis_a4/qwen3_asr_1p7b/conditioning/seame_dev_sge/L12/Conditioning_decoder_L12_oracle_local_rho0.5.json
qwen3_asr_1p7b,Conditioning,decoder,seame_dev_sge,13,0.48148148148148145,global,0.5,0.26927502876869963,0.7954545454545454,0.0011507479861910253,-0.022727272727272707,0.9985029940119761,0.9,0,2,-2,35069.710430145264,781,,44.90359850210661,94.25775724794434,0.47639154392341443,0.18428504011326097,results/basis_a4/qwen3_asr_1p7b/conditioning/seame_dev_sge/L13/Conditioning_decoder_L13_global_rho0.5.json
qwen3_asr_1p7b,Conditioning,decoder,seame_dev_sge,13,0.48148148148148145,oracle_local,0.5,0.2669735327963176,0.7727272727272727,0.0034522439585730758,0.0,1.0,1.0,0,0,0,1613.8564491271973,36,,44.829345809088814,92.89796405368381,0.4825654282712037,0.008486562942008486,results/basis_a4/qwen3_asr_1p7b/conditioning/seame_dev_sge/L13/Conditioning_decoder_L13_oracle_local_rho0.5.json
qwen3_asr_1p7b,Conditioning,decoder,seame_dev_sge,14,0.5185185185185185,global,0.5,0.2681242807825086,0.7613636363636364,0.0023014959723820505,0.011363636363636354,0.9970059880239521,0.9,3,2,1,38630.29674530029,773,,49.97451066662392,103.95339795071897,0.48073955880033153,0.18274231678486996,results/basis_a4/qwen3_asr_1p7b/conditioning/seame_dev_sge/L14/Conditioning_decoder_L14_global_rho0.5.json
qwen3_asr_1p7b,Conditioning,decoder,seame_dev_sge,14,0.5185185185185185,oracle_local,0.5,0.27042577675489066,0.7727272727272727,0.0,0.0,1.0,1.0,0,0,0,1796.452377319336,36,,49.90145492553711,102.19082450866699,0.4883163940154419,0.008486562942008486,results/basis_a4/qwen3_asr_1p7b/conditioning/seame_dev_sge/L14/Conditioning_decoder_L14_oracle_local_rho0.5.json
qwen3_asr_1p7b,Conditioning,decoder,seame_dev_sge,15,0.5555555555555556,global,0.5,0.26927502876869963,0.7840909090909091,0.0011507479861910253,-0.011363636363636354,0.9970059880239521,0.9,1,2,-1,46101.197410583496,781,,59.02842178051664,123.86536415285704,0.4765530879776218,0.18428504011326097,results/basis_a4/qwen3_asr_1p7b/conditioning/seame_dev_sge/L15/Conditioning_decoder_L15_global_rho0.5.json
qwen3_asr_1p7b,Conditioning,decoder,seame_dev_sge,15,0.5555555555555556,oracle_local,0.5,0.2669735327963176,0.7727272727272727,0.0034522439585730758,0.0,1.0,1.0,0,0,0,2118.5421562194824,36,,58.848393228318955,120.71999804178874,0.4874784143713111,0.008486562942008486,results/basis_a4/qwen3_asr_1p7b/conditioning/seame_dev_sge/L15/Conditioning_decoder_L15_oracle_local_rho0.5.json
qwen3_asr_1p7b,Conditioning,decoder,seame_dev_sge,16,0.5925925925925926,global,0.5,0.2646720368239356,0.7613636363636364,0.005753739930955071,0.011363636363636354,0.9970059880239521,0.95,2,1,1,54423.332946777344,784,,69.4175165137466,152.74091594073238,0.4544788545112725,0.1848620608347088,results/basis_a4/qwen3_asr_1p7b/conditioning/seame_dev_sge/L16/Conditioning_decoder_L16_global_rho0.5.json
qwen3_asr_1p7b,Conditioning,decoder,seame_dev_sge,16,0.5925925925925926,oracle_local,0.5,0.27042577675489066,0.7727272727272727,0.0,0.0,1.0,1.0,0,0,0,2488.9375,36,,69.13715277777777,150.20518324110242,0.4602847337618304,0.008490566037735849,results/basis_a4/qwen3_asr_1p7b/conditioning/seame_dev_sge/L16/Conditioning_decoder_L16_oracle_local_rho0.5.json
qwen3_asr_1p7b,Conditioning,decoder,seame_dev_sge,17,0.6296296296296297,global,0.5,0.2669735327963176,0.7727272727272727,0.0034522439585730758,0.0,0.9940119760479041,0.95,1,1,0,72515.13674163818,779,,93.08746693406698,204.997813644703,0.4540900474938909,0.18389990557129368,results/basis_a4/qwen3_asr_1p7b/conditioning/seame_dev_sge/L17/Conditioning_decoder_L17_global_rho0.5.json
qwen3_asr_1p7b,Conditioning,decoder,seame_dev_sge,17,0.6296296296296297,oracle_local,0.5,0.27042577675489066,0.7727272727272727,0.0,0.0,1.0,1.0,0,0,0,3340.0070571899414,36,,92.77797381083171,201.65512339274088,0.46008240331260286,0.008486562942008486,results/basis_a4/qwen3_asr_1p7b/conditioning/seame_dev_sge/L17/Conditioning_decoder_L17_oracle_local_rho0.5.json
qwen3_asr_1p7b,Conditioning,decoder,seame_dev_sge,18,0.6666666666666666,global,0.5,0.2727272727272727,0.8181818181818182,-0.0023014959723820505,-0.045454545454545525,0.9940119760479041,0.75,1,5,-4,99731.18117523193,779,,128.02462281801274,267.50965914646684,0.4785794398097481,0.18389990557129368,results/basis_a4/qwen3_asr_1p7b/conditioning/seame_dev_sge/L18/Conditioning_decoder_L18_global_rho0.5.json
qwen3_asr_1p7b,Conditioning,decoder,seame_dev_sge,18,0.6666666666666666,oracle_local,0.5,0.2715765247410817,0.7727272727272727,-0.0011507479861910253,0.0,1.0,1.0,0,0,0,4587.567077636719,36,,127.43241882324219,262.67127312554254,0.4851402945853788,0.008488564017920301,results/basis_a4/qwen3_asr_1p7b/conditioning/seame_dev_sge/L18/Conditioning_decoder_L18_oracle_local_rho0.5.json
qwen3_asr_1p7b,Conditioning,decoder,seame_dev_sge,19,0.7037037037037037,global,0.5,0.26582278481012656,0.7613636363636364,0.004602991944764101,0.011363636363636354,0.9835329341317365,1.0,1,0,1,125103.89797973633,771,,162.2618650839641,340.55158559202994,0.4764678009115151,0.18235572374645223,results/basis_a4/qwen3_asr_1p7b/conditioning/seame_dev_sge/L19/Conditioning_decoder_L19_global_rho0.5.json
qwen3_asr_1p7b,Conditioning,decoder,seame_dev_sge,19,0.7037037037037037,oracle_local,0.5,0.2669735327963176,0.7727272727272727,0.0034522439585730758,0.0,1.0,1.0,0,0,0,5800.736282348633,36,,161.13156339857312,333.04300096299914,0.4838160926146433,0.008486562942008486,results/basis_a4/qwen3_asr_1p7b/conditioning/seame_dev_sge/L19/Conditioning_decoder_L19_oracle_local_rho0.5.json
qwen3_asr_1p7b,Conditioning,decoder,seame_dev_sge,20,0.7407407407407407,global,0.5,0.26927502876869963,0.7840909090909091,0.0011507479861910253,-0.011363636363636354,0.9895209580838323,0.95,0,1,-1,171831.98472595215,795,,216.14086129050585,450.98365083130653,0.47926540328477407,0.18697083725305738,results/basis_a4/qwen3_asr_1p7b/conditioning/seame_dev_sge/L20/Conditioning_decoder_L20_global_rho0.5.json
qwen3_asr_1p7b,Conditioning,decoder,seame_dev_sge,20,0.7407407407407407,oracle_local,0.5,0.27042577675489066,0.7727272727272727,0.0,0.0,1.0,1.0,0,0,0,7732.519088745117,36,,214.79219690958658,445.8991538153754,0.48170577376453444,0.008486562942008486,results/basis_a4/qwen3_asr_1p7b/conditioning/seame_dev_sge/L20/Conditioning_decoder_L20_oracle_local_rho0.5.json
qwen3_asr_1p7b,Conditioning,decoder,seame_dev_sge,21,0.7777777777777778,global,0.5,0.27387802071346373,0.7613636363636364,-0.0034522439585730758,0.011363636363636354,0.9865269461077845,1.0,1,0,1,226078.17642211914,779,,290.2158875765329,612.0825230962046,0.4741450321248888,0.18389990557129368,results/basis_a4/qwen3_asr_1p7b/conditioning/seame_dev_sge/L21/Conditioning_decoder_L21_global_rho0.5.json
qwen3_asr_1p7b,Conditioning,decoder,seame_dev_sge,21,0.7777777777777778,oracle_local,0.5,0.27042577675489066,0.7727272727272727,0.0,0.0,1.0,1.0,0,0,0,10394.268005371094,36,,288.7296668158637,604.9721086290148,0.4772611211286776,0.008488564017920301,results/basis_a4/qwen3_asr_1p7b/conditioning/seame_dev_sge/L21/Conditioning_decoder_L21_oracle_local_rho0.5.json
qwen3_asr_1p7b,Conditioning,decoder,seame_dev_sge,22,0.8148148148148148,global,0.5,0.2681242807825086,0.7727272727272727,0.0023014959723820505,0.0,0.9940119760479041,0.95,1,1,0,279790.4429016113,773,,361.95400116637944,784.1591867148336,0.4615823002504812,0.18274231678486996,results/basis_a4/qwen3_asr_1p7b/conditioning/seame_dev_sge/L22/Conditioning_decoder_L22_global_rho0.5.json
qwen3_asr_1p7b,Conditioning,decoder,seame_dev_sge,22,0.8148148148148148,oracle_local,0.5,0.27042577675489066,0.7727272727272727,0.0,0.0,1.0,1.0,0,0,0,12947.26806640625,36,,359.6463351779514,767.2157592773438,0.46876818004456744,0.008488564017920301,results/basis_a4/qwen3_asr_1p7b/conditioning/seame_dev_sge/L22/Conditioning_decoder_L22_oracle_local_rho0.5.json
qwen3_asr_1p7b,Conditioning,decoder,seame_dev_sge,23,0.8518518518518519,global,0.5,0.2727272727272727,0.7613636363636364,-0.0023014959723820505,0.011363636363636354,0.9865269461077845,1.0,1,0,1,350675.1661682129,778,,450.73928813394974,995.4516840054628,0.4527987599762564,0.18370720188902007,results/basis_a4/qwen3_asr_1p7b/conditioning/seame_dev_sge/L23/Conditioning_decoder_L23_global_rho0.5.json
qwen3_asr_1p7b,Conditioning,decoder,seame_dev_sge,23,0.8518518518518519,oracle_local,0.5,0.27042577675489066,0.7727272727272727,0.0,0.0,1.0,1.0,0,0,0,16115.463439941406,36,,447.6517622205946,965.2597503662109,0.4637630047774804,0.008488564017920301,results/basis_a4/qwen3_asr_1p7b/conditioning/seame_dev_sge/L23/Conditioning_decoder_L23_oracle_local_rho0.5.json
qwen3_asr_1p7b,Conditioning,decoder,seame_dev_sge,24,0.8888888888888888,global,0.5,0.26237054085155354,0.75,0.008055235903337121,0.022727272727272707,0.9970059880239521,0.95,3,1,2,442309.4535522461,774,,571.4592423155634,1277.9798662841165,0.4471582513871297,0.1829354762467502,results/basis_a4/qwen3_asr_1p7b/conditioning/seame_dev_sge/L24/Conditioning_decoder_L24_global_rho0.5.json
qwen3_asr_1p7b,Conditioning,decoder,seame_dev_sge,24,0.8888888888888888,oracle_local,0.5,0.2669735327963176,0.7727272727272727,0.0034522439585730758,0.0,1.0,1.0,0,0,0,20382.822692871094,36,,566.1895192464193,1239.160420735677,0.45691381823693034,0.008486562942008486,results/basis_a4/qwen3_asr_1p7b/conditioning/seame_dev_sge/L24/Conditioning_decoder_L24_oracle_local_rho0.5.json
qwen3_asr_1p7b,Conditioning,decoder,seame_dev_sge,25,0.9259259259259259,global,0.5,0.28423475258918296,0.875,-0.013808975834292303,-0.10227272727272729,0.9910179640718563,0.55,0,9,-9,574395.2189941406,774,,742.1126860389413,1649.3747572787972,0.4499357606656402,0.1829354762467502,results/basis_a4/qwen3_asr_1p7b/conditioning/seame_dev_sge/L25/Conditioning_decoder_L25_global_rho0.5.json
qwen3_asr_1p7b,Conditioning,decoder,seame_dev_sge,25,0.9259259259259259,oracle_local,0.5,0.27042577675489066,0.7727272727272727,0.0,0.0,1.0,1.0,0,0,0,26524.886657714844,36,,736.8024071587456,1600.2395731608074,0.4604325624215173,0.008490566037735849,results/basis_a4/qwen3_asr_1p7b/conditioning/seame_dev_sge/L25/Conditioning_decoder_L25_oracle_local_rho0.5.json
qwen3_asr_1p7b,Conditioning,decoder,seame_dev_sge,26,0.9629629629629629,global,0.5,0.26582278481012656,0.7613636363636364,0.004602991944764101,0.011363636363636354,0.9925149700598802,1.0,1,0,1,689149.2579345703,787,,875.6661473120334,1979.1833615527219,0.4424381107494002,0.1854382657869934,results/basis_a4/qwen3_asr_1p7b/conditioning/seame_dev_sge/L26/Conditioning_decoder_L26_global_rho0.5.json
qwen3_asr_1p7b,Conditioning,decoder,seame_dev_sge,26,0.9629629629629629,oracle_local,0.5,0.27042577675489066,0.7727272727272727,0.0,0.0,1.0,1.0,0,0,0,31307.45184326172,36,,869.6514400906033,1929.8145921495225,0.4506398923649669,0.008488564017920301,results/basis_a4/qwen3_asr_1p7b/conditioning/seame_dev_sge/L26/Conditioning_decoder_L26_oracle_local_rho0.5.json
qwen3_asr_1p7b,Conditioning,decoder,seame_dev_sge,27,1.0,global,0.5,0.28308400460299193,0.8295454545454546,-0.012658227848101278,-0.05681818181818188,0.9715568862275449,0.7,1,6,-5,869972.5909423828,810,,1074.040235731337,2425.468968973042,0.44281755383005034,0.18982891961565504,results/basis_a4/qwen3_asr_1p7b/conditioning/seame_dev_sge/L27/Conditioning_decoder_L27_global_rho0.5.json
qwen3_asr_1p7b,Conditioning,decoder,seame_dev_sge,27,1.0,oracle_local,0.5,0.27387802071346373,0.7727272727272727,-0.0034522439585730758,0.0,0.9925149700598802,1.0,0,0,0,38354.82727050781,36,,1065.411868625217,2359.333268907335,0.4515732824462884,0.008484562809333018,results/basis_a4/qwen3_asr_1p7b/conditioning/seame_dev_sge/L27/Conditioning_decoder_L27_oracle_local_rho0.5.json
