model,direction,side,dataset,layer,normalized_depth,scope,rho,mer,pier,mer_gain,pier_gain,matrix_retention,embedded_retention,poi_corrections,poi_corruptions,poi_net_utility,total_intervention_energy,edited_positions_or_frames,mean_intervention_norm,mean_perturbation_norm,original_hidden_norm,relative_perturbation,edited_fraction,path
qwen3_asr_1p7b,Raw,decoder,cs_dialogue,0,0.0,global,0.5,0.06208043723638092,0.08774250440917107,-0.0007722925206439732,-0.002204585537918871,0.9990171300196574,0.996142719382835,3,8,-5,38823.99623513222,13419,,2.8932108380007615,7.340775820633118,0.39412875541964604,0.15360576923076924,results/basis_a4/qwen3_asr_1p7b/raw/cs_dialogue/L00/Raw_decoder_L0_global_rho0.5.json
qwen3_asr_1p7b,Raw,decoder,cs_dialogue,0,0.0,oracle_local,0.5,0.06118933048179172,0.0855379188712522,0.00011881423394522611,0.0,1.0,0.9995178399228544,1,1,0,1486.2833046913147,510,,2.914280989590813,7.371134447583965,0.3953639714909862,0.005836776268354373,results/basis_a4/qwen3_asr_1p7b/raw/cs_dialogue/L00/Raw_decoder_L0_oracle_local_rho0.5.json
qwen3_asr_1p7b,Raw,encoder,cs_dialogue,0,0.0,global,0.5,0.061248737598764334,0.08333333333333333,5.9407116972609586e-05,0.002204585537918871,0.9993681550126369,0.996142719382835,13,8,5,742108.8862304688,68541,,10.827225838993723,23.527531347106283,0.4601938758154239,1.0,results/basis_a4/qwen3_asr_1p7b/raw/cs_dialogue/L00/Raw_encoder_L0_global_rho0.5.json
qwen3_asr_1p7b,Raw,encoder,cs_dialogue,0,0.0,oracle_local,0.5,0.06160518030060001,0.08862433862433862,-0.00029703558486306875,-0.0030864197530864196,0.9999297950014041,0.996142719382835,1,8,-7,45555.07886123657,4245,,10.731467340691772,23.50099993055364,0.4566387546233638,0.061933733094060486,results/basis_a4/qwen3_asr_1p7b/raw/cs_dialogue/L00/Raw_encoder_L0_oracle_local_rho0.5.json
qwen3_asr_1p7b,Raw,decoder,cs_dialogue,1,0.037037037037037035,global,0.5,0.061486366066654786,0.0855379188712522,-0.00017822135091784264,0.0,0.9996489750070205,0.997589199614272,5,5,0,83944.76870679855,13409,,6.260330278678391,14.697156674270351,0.4259551978266701,0.15350887235260446,results/basis_a4/qwen3_asr_1p7b/raw/cs_dialogue/L01/Raw_decoder_L1_global_rho0.5.json
qwen3_asr_1p7b,Raw,decoder,cs_dialogue,1,0.037037037037037035,oracle_local,0.5,0.06136755183270956,0.08597883597883597,-5.9407116972616525e-05,-0.0004409171075837742,0.9999297950014041,0.9995178399228544,0,1,-1,3203.19695186615,510,,6.280778336992451,14.681293846579159,0.42780823016194275,0.005837043480251336,results/basis_a4/qwen3_asr_1p7b/raw/cs_dialogue/L01/Raw_decoder_L1_oracle_local_rho0.5.json
qwen3_asr_1p7b,Raw,encoder,cs_dialogue,1,0.037037037037037035,global,0.5,0.06136755183270956,0.0873015873015873,-5.9407116972616525e-05,-0.001763668430335097,0.9981746700365066,0.993731918997107,9,13,-4,757340.0827941895,68541,,11.049446065773617,24.060677398745312,0.45923254290213006,1.0,results/basis_a4/qwen3_asr_1p7b/raw/cs_dialogue/L01/Raw_encoder_L1_global_rho0.5.json
qwen3_asr_1p7b,Raw,encoder,cs_dialogue,1,0.037037037037037035,oracle_local,0.5,0.06118933048179172,0.08641975308641975,0.00011881423394522611,-0.0008818342151675485,1.0,0.9980713596914176,2,4,-2,46497.964263916016,4245,,10.953584043325328,24.064415529788032,0.4551776472512487,0.061933733094060486,results/basis_a4/qwen3_asr_1p7b/raw/cs_dialogue/L01/Raw_encoder_L1_oracle_local_rho0.5.json
qwen3_asr_1p7b,Raw,decoder,cs_dialogue,2,0.07407407407407407,global,0.5,0.06166458741757262,0.08774250440917107,-0.00035644270183567833,-0.002204585537918871,0.9998595900028082,0.9956605593056895,4,9,-5,124478.11570262909,13440,,9.26176456120752,20.710240636907873,0.4472069988748495,0.15380918048546022,results/basis_a4/qwen3_asr_1p7b/raw/cs_dialogue/L02/Raw_decoder_L2_global_rho0.5.json
qwen3_asr_1p7b,Raw,decoder,cs_dialogue,2,0.07407407407407407,oracle_local,0.5,0.061248737598764334,0.0855379188712522,5.9407116972609586e-05,0.0,1.0,0.9995178399228544,1,1,0,4738.46137714386,510,,9.291100739497764,20.815249411265054,0.4463602888404254,0.005836175131027853,results/basis_a4/qwen3_asr_1p7b/raw/cs_dialogue/L02/Raw_decoder_L2_oracle_local_rho0.5.json
qwen3_asr_1p7b,Raw,encoder,cs_dialogue,2,0.07407407407407407,global,0.5,0.06196162300243569,0.09082892416225749,-0.0006534782866987471,-0.005291005291005291,0.9986661050266779,0.9922854387656702,4,16,-12,757831.9052124023,68541,,11.056621660209252,24.063270955209518,0.4594812434597789,1.0,results/basis_a4/qwen3_asr_1p7b/raw/cs_dialogue/L02/Raw_encoder_L2_global_rho0.5.json
qwen3_asr_1p7b,Raw,encoder,cs_dialogue,2,0.07407407407407407,oracle_local,0.5,0.06136755183270956,0.0873015873015873,-5.9407116972616525e-05,-0.001763668430335097,1.0,0.9980713596914176,0,4,-4,46490.847648620605,4245,,10.951907573291074,24.07307186778218,0.45494433088734254,0.061933733094060486,results/basis_a4/qwen3_asr_1p7b/raw/cs_dialogue/L02/Raw_encoder_L2_oracle_local_rho0.5.json
qwen3_asr_1p7b,Raw,decoder,cs_dialogue,3,0.1111111111111111,global,0.5,0.060951702013901266,0.08509700176366843,0.00035644270183567833,0.0004409171075837742,0.9998595900028082,0.9990356798457087,3,2,1,149980.41907691956,13424,,11.172558036123329,25.310175238405847,0.44142555043119597,0.153654209351571,results/basis_a4/qwen3_asr_1p7b/raw/cs_dialogue/L03/Raw_decoder_L3_global_rho0.5.json
qwen3_asr_1p7b,Raw,decoder,cs_dialogue,3,0.1111111111111111,oracle_local,0.5,0.061308144715736944,0.08597883597883597,0.0,-0.0004409171075837742,1.0,0.9995178399228544,0,1,-1,5714.729821205139,510,,11.205352590598313,25.4987050149955,0.4394479085902037,0.005836575875486381,results/basis_a4/qwen3_asr_1p7b/raw/cs_dialogue/L03/Raw_decoder_L3_oracle_local_rho0.5.json
qwen3_asr_1p7b,Raw,encoder,cs_dialogue,3,0.1111111111111111,global,0.5,0.061842808768490465,0.09259259259259259,-0.000534664052753521,-0.007054673721340388,0.9977534400449312,0.9889103182256509,7,23,-16,791478.3892822266,68541,,11.54751738787334,25.02997251737612,0.4613475855739318,1.0,results/basis_a4/qwen3_asr_1p7b/raw/cs_dialogue/L03/Raw_encoder_L3_global_rho0.5.json
qwen3_asr_1p7b,Raw,encoder,cs_dialogue,3,0.1111111111111111,oracle_local,0.5,0.06118933048179172,0.08686067019400352,0.00011881423394522611,-0.0013227513227513227,0.9999297950014041,0.9980713596914176,1,4,-3,48550.278465270996,4245,,11.43705028628292,25.02994462766973,0.45693470187064095,0.061933733094060486,results/basis_a4/qwen3_asr_1p7b/raw/cs_dialogue/L03/Raw_encoder_L3_oracle_local_rho0.5.json
qwen3_asr_1p7b,Raw,decoder,cs_dialogue,4,0.14814814814814814,global,0.5,0.06136755183270956,0.08686067019400352,-5.9407116972616525e-05,-0.0013227513227513227,0.9995085650098287,0.996142719382835,5,8,-3,178616.6272573471,13441,,13.28893886298245,30.045353540449337,0.442295972490118,0.15381886429699482,results/basis_a4/qwen3_asr_1p7b/raw/cs_dialogue/L04/Raw_decoder_L4_global_rho0.5.json
qwen3_asr_1p7b,Raw,decoder,cs_dialogue,4,0.14814814814814814,oracle_local,0.5,0.061308144715736944,0.0855379188712522,0.0,0.0,1.0,0.9995178399228544,1,1,0,6799.700242996216,510,,13.332745574502384,30.33910638397815,0.43945742520430014,0.005836642671580128,results/basis_a4/qwen3_asr_1p7b/raw/cs_dialogue/L04/Raw_decoder_L4_oracle_local_rho0.5.json
qwen3_asr_1p7b,Raw,encoder,cs_dialogue,4,0.14814814814814814,global,0.5,0.06350620804372364,0.09700176366843033,-0.0021980633279867004,-0.01146384479717813,0.9965599550688009,0.9816779170684667,12,38,-26,820923.1786193848,68541,,11.977111197960122,26.893234619144188,0.4453577774327715,1.0,results/basis_a4/qwen3_asr_1p7b/raw/cs_dialogue/L04/Raw_encoder_L4_global_rho0.5.json
qwen3_asr_1p7b,Raw,encoder,cs_dialogue,4,0.14814814814814814,oracle_local,0.5,0.06112992336481911,0.08774250440917107,0.0001782213509178357,-0.002204585537918871,1.0,0.997589199614272,0,5,-5,50313.10971069336,4245,,11.85232266447429,27.040538630581015,0.4383168111551638,0.061933733094060486,results/basis_a4/qwen3_asr_1p7b/raw/cs_dialogue/L04/Raw_encoder_L4_oracle_local_rho0.5.json
qwen3_asr_1p7b,Raw,decoder,cs_dialogue,5,0.18518518518518517,global,0.5,0.06136755183270956,0.08818342151675485,-5.9407116972616525e-05,-0.0026455026455026454,0.9997893850042123,0.9956605593056895,3,9,-6,203364.99779701233,13477,,15.089782429102346,34.86692550612759,0.43278213407288907,0.1541673339586813,results/basis_a4/qwen3_asr_1p7b/raw/cs_dialogue/L05/Raw_decoder_L5_global_rho0.5.json
qwen3_asr_1p7b,Raw,decoder,cs_dialogue,5,0.18518518518518517,oracle_local,0.5,0.061308144715736944,0.08597883597883597,0.0,-0.0004409171075837742,1.0,0.9990356798457087,1,2,-1,7721.52843952179,510,,15.140251842199588,35.19774254443599,0.4301483773593014,0.005836375496378014,results/basis_a4/qwen3_asr_1p7b/raw/cs_dialogue/L05/Raw_decoder_L5_oracle_local_rho0.5.json
qwen3_asr_1p7b,Raw,encoder,cs_dialogue,5,0.18518518518518517,global,0.5,0.0638032436285867,0.09832451499118165,-0.002495098912849762,-0.012786596119929453,0.9974024150519517,0.9811957569913211,10,39,-29,854304.5344543457,68541,,12.464138755698716,27.584831973895245,0.4518475504035727,1.0,results/basis_a4/qwen3_asr_1p7b/raw/cs_dialogue/L05/Raw_encoder_L5_global_rho0.5.json
qwen3_asr_1p7b,Raw,encoder,cs_dialogue,5,0.18518518518518517,oracle_local,0.5,0.061248737598764334,0.08818342151675485,5.9407116972609586e-05,-0.0026455026455026454,0.9999297950014041,0.9966248794599807,1,7,-6,52301.04898071289,4245,,12.320624023725063,27.764669300164716,0.44375187366816465,0.061933733094060486,results/basis_a4/qwen3_asr_1p7b/raw/cs_dialogue/L05/Raw_encoder_L5_oracle_local_rho0.5.json
qwen3_asr_1p7b,Raw,decoder,cs_dialogue,6,0.2222222222222222,global,0.5,0.061545773183627396,0.08686067019400352,-0.00023762846789045222,-0.0013227513227513227,0.9995787700084247,0.9966248794599807,4,7,-3,225189.48239707947,13397,,16.80894845092778,39.19511819232833,0.42885311299349005,0.15339256680940713,results/basis_a4/qwen3_asr_1p7b/raw/cs_dialogue/L06/Raw_decoder_L6_global_rho0.5.json
qwen3_asr_1p7b,Raw,decoder,cs_dialogue,6,0.2222222222222222,oracle_local,0.5,0.061308144715736944,0.08597883597883597,0.0,-0.0004409171075837742,1.0,0.9995178399228544,0,1,-1,8570.53761100769,510,,16.804975707858215,39.498640494253124,0.4254570663084788,0.005836776268354373,results/basis_a4/qwen3_asr_1p7b/raw/cs_dialogue/L06/Raw_decoder_L6_oracle_local_rho0.5.json
qwen3_asr_1p7b,Raw,encoder,cs_dialogue,6,0.2222222222222222,global,0.5,0.06267450840610705,0.09038800705467372,-0.0013663636903701107,-0.0048500881834215165,0.9969109800617804,0.9889103182256509,12,23,-11,891419.5635375977,68541,,13.005639887623433,28.243376836463533,0.4604845930049178,1.0,results/basis_a4/qwen3_asr_1p7b/raw/cs_dialogue/L06/Raw_encoder_L6_global_rho0.5.json
qwen3_asr_1p7b,Raw,encoder,cs_dialogue,6,0.2222222222222222,oracle_local,0.5,0.061248737598764334,0.08686067019400352,5.9407116972609586e-05,-0.0013227513227513227,0.9998595900028082,0.9980713596914176,1,4,-3,54529.43505859375,4245,,12.845567740540341,28.364170012457212,0.4528800855057179,0.061933733094060486,results/basis_a4/qwen3_asr_1p7b/raw/cs_dialogue/L06/Raw_encoder_L6_oracle_local_rho0.5.json
qwen3_asr_1p7b,Raw,decoder,cs_dialogue,7,0.25925925925925924,global,0.5,0.06166458741757262,0.08862433862433862,-0.00035644270183567833,-0.0030864197530864196,0.9997893850042123,0.9956605593056895,2,9,-7,236554.12855434418,13378,,17.682323856656016,43.09235453937135,0.41033552345116237,0.15320835098890276,results/basis_a4/qwen3_asr_1p7b/raw/cs_dialogue/L07/Raw_decoder_L7_global_rho0.5.json
qwen3_asr_1p7b,Raw,decoder,cs_dialogue,7,0.25925925925925924,oracle_local,0.5,0.061486366066654786,0.08686067019400352,-0.00017822135091784264,-0.0013227513227513227,1.0,0.9985535197685632,0,3,-3,9007.693473815918,510,,17.66214406630572,43.32211908452651,0.40769344712443123,0.0058365090809214815,results/basis_a4/qwen3_asr_1p7b/raw/cs_dialogue/L07/Raw_decoder_L7_oracle_local_rho0.5.json
qwen3_asr_1p7b,Raw,encoder,cs_dialogue,7,0.25925925925925924,global,0.5,0.062377472821243986,0.09215167548500881,-0.001069328105507042,-0.006613756613756613,0.9970513900589723,0.9869816779170685,12,27,-15,912092.3046875,68541,,13.307251202747262,28.657923853607297,0.46434805503442705,1.0,results/basis_a4/qwen3_asr_1p7b/raw/cs_dialogue/L07/Raw_encoder_L7_global_rho0.5.json
qwen3_asr_1p7b,Raw,encoder,cs_dialogue,7,0.25925925925925924,oracle_local,0.5,0.061486366066654786,0.08774250440917107,-0.00017822135091784264,-0.002204585537918871,1.0,0.9966248794599807,2,7,-5,55734.65921020508,4245,,13.129483912886943,28.780209210399182,0.45619834855623126,0.061933733094060486,results/basis_a4/qwen3_asr_1p7b/raw/cs_dialogue/L07/Raw_encoder_L7_oracle_local_rho0.5.json
qwen3_asr_1p7b,Raw,decoder,cs_dialogue,8,0.2962962962962963,global,0.5,0.06112992336481911,0.08421516754850088,0.0001782213509178357,0.0013227513227513227,0.9995787700084247,0.9995178399228544,4,1,3,258304.89448738098,13498,,19.136530929573343,46.237201088992805,0.4138773645217243,0.15437047541714796,results/basis_a4/qwen3_asr_1p7b/raw/cs_dialogue/L08/Raw_decoder_L8_global_rho0.5.json
qwen3_asr_1p7b,Raw,decoder,cs_dialogue,8,0.2962962962962963,oracle_local,0.5,0.06136755183270956,0.0855379188712522,-5.9407116972616525e-05,0.0,0.9999297950014041,1.0,0,0,0,9726.074953079224,510,,19.070735202116126,46.602658253090055,0.4092199011169414,0.0058365090809214815,results/basis_a4/qwen3_asr_1p7b/raw/cs_dialogue/L08/Raw_decoder_L8_oracle_local_rho0.5.json
qwen3_asr_1p7b,Raw,encoder,cs_dialogue,8,0.2962962962962963,global,0.5,0.06326857957583318,0.09391534391534391,-0.0019604348600962343,-0.00837742504409171,0.9960685200786296,0.9811957569913211,20,39,-19,907997.310760498,68541,,13.247506029391138,28.931523130031206,0.45789175944352883,1.0,results/basis_a4/qwen3_asr_1p7b/raw/cs_dialogue/L08/Raw_encoder_L8_global_rho0.5.json
qwen3_asr_1p7b,Raw,encoder,cs_dialogue,8,0.2962962962962963,oracle_local,0.5,0.061248737598764334,0.08641975308641975,5.9407116972609586e-05,-0.0008818342151675485,0.9998595900028082,0.9980713596914176,2,4,-2,55370.96911621094,4245,,13.043808979083849,29.13762059655431,0.4476621190072862,0.061933733094060486,results/basis_a4/qwen3_asr_1p7b/raw/cs_dialogue/L08/Raw_encoder_L8_oracle_local_rho0.5.json
qwen3_asr_1p7b,Raw,decoder,cs_dialogue,9,0.3333333333333333,global,0.5,0.06136755183270956,0.08641975308641975,-5.9407116972616525e-05,-0.0008818342151675485,0.9996489750070205,0.9980713596914176,2,4,-2,275809.34179878235,13450,,20.506270765708724,52.48750954099747,0.3906885837227899,0.15390600862789075,results/basis_a4/qwen3_asr_1p7b/raw/cs_dialogue/L09/Raw_decoder_L9_global_rho0.5.json
qwen3_asr_1p7b,Raw,decoder,cs_dialogue,9,0.3333333333333333,oracle_local,0.5,0.061248737598764334,0.0855379188712522,5.9407116972609586e-05,0.0,1.0,0.9995178399228544,1,1,0,10411.094387054443,510,,20.41391056285185,53.07175521850586,0.38464736051792797,0.005836776268354373,results/basis_a4/qwen3_asr_1p7b/raw/cs_dialogue/L09/Raw_decoder_L9_oracle_local_rho0.5.json
qwen3_asr_1p7b,Raw,encoder,cs_dialogue,9,0.3333333333333333,global,0.5,0.06475375750014851,0.0992063492063492,-0.003445612784411571,-0.013668430335097001,0.9955770850884583,0.9797492767598843,11,42,-31,899518.0837402344,68541,,13.123795738904223,28.436695964823976,0.4615091624968766,1.0,results/basis_a4/qwen3_asr_1p7b/raw/cs_dialogue/L09/Raw_encoder_L9_global_rho0.5.json
qwen3_asr_1p7b,Raw,encoder,cs_dialogue,9,0.3333333333333333,oracle_local,0.5,0.06142695894968217,0.0873015873015873,-0.00011881423394522611,-0.001763668430335097,0.9998595900028082,0.997589199614272,1,5,-4,54832.85654449463,4245,,12.917045122378005,28.603600563795183,0.451588082191571,0.061933733094060486,results/basis_a4/qwen3_asr_1p7b/raw/cs_dialogue/L09/Raw_encoder_L9_oracle_local_rho0.5.json
qwen3_asr_1p7b,Raw,decoder,cs_dialogue,10,0.37037037037037035,global,0.5,0.061308144715736944,0.08774250440917107,0.0,-0.002204585537918871,0.9995787700084247,0.996142719382835,3,8,-5,339612.1114025116,13482,,25.19003941570328,62.32823021173866,0.4041513665658211,0.1542157098246457,results/basis_a4/qwen3_asr_1p7b/raw/cs_dialogue/L10/Raw_decoder_L10_global_rho0.5.json
qwen3_asr_1p7b,Raw,decoder,cs_dialogue,10,0.37037037037037035,oracle_local,0.5,0.061308144715736944,0.08597883597883597,0.0,-0.0004409171075837742,1.0,0.9995178399228544,0,1,-1,12791.666818618774,510,,25.08169964435054,62.76376829708324,0.39962067805791923,0.005836308706399341,results/basis_a4/qwen3_asr_1p7b/raw/cs_dialogue/L10/Raw_decoder_L10_oracle_local_rho0.5.json
qwen3_asr_1p7b,Raw,encoder,cs_dialogue,10,0.37037037037037035,global,0.5,0.06386265074555932,0.10052910052910052,-0.002554506029822372,-0.014991181657848324,0.9967003650659927,0.9792671166827387,9,43,-34,935424.0851135254,68541,,13.647657389205373,29.345079623554184,0.4650748120053119,1.0,results/basis_a4/qwen3_asr_1p7b/raw/cs_dialogue/L10/Raw_encoder_L10_global_rho0.5.json
qwen3_asr_1p7b,Raw,encoder,cs_dialogue,10,0.37037037037037035,oracle_local,0.5,0.061486366066654786,0.08686067019400352,-0.00017822135091784264,-0.0013227513227513227,0.9998595900028082,0.9971070395371263,3,6,-3,56972.17255401611,4245,,13.421006490934301,29.433721456538944,0.45597382277166026,0.061933733094060486,results/basis_a4/qwen3_asr_1p7b/raw/cs_dialogue/L10/Raw_encoder_L10_oracle_local_rho0.5.json
qwen3_asr_1p7b,Raw,decoder,cs_dialogue,11,0.4074074074074074,global,0.5,0.06172399453454524,0.08818342151675485,-0.00041584981880829486,-0.0026455026455026454,0.9996489750070205,0.996142719382835,2,8,-6,436787.97236824036,13471,,32.42431685607901,80.40658335175655,0.40325450360490506,0.15410927561433213,results/basis_a4/qwen3_asr_1p7b/raw/cs_dialogue/L11/Raw_decoder_L11_global_rho0.5.json
qwen3_asr_1p7b,Raw,decoder,cs_dialogue,11,0.4074074074074074,oracle_local,0.5,0.061308144715736944,0.08597883597883597,0.0,-0.0004409171075837742,1.0,0.9990356798457087,1,2,-1,16508.824953079224,510,,32.37024500603769,81.18372214074229,0.39872826907245973,0.005836642671580128,results/basis_a4/qwen3_asr_1p7b/raw/cs_dialogue/L11/Raw_decoder_L11_oracle_local_rho0.5.json
qwen3_asr_1p7b,Raw,encoder,cs_dialogue,11,0.4074074074074074,global,0.5,0.0633279866928058,0.08950617283950617,-0.0020198419770688578,-0.003968253968253968,0.9955068800898624,0.9855351976856316,21,30,-9,928727.8269042969,68541,,13.549960270557722,29.18564859402698,0.4642679167092694,1.0,results/basis_a4/qwen3_asr_1p7b/raw/cs_dialogue/L11/Raw_encoder_L11_global_rho0.5.json
qwen3_asr_1p7b,Raw,encoder,cs_dialogue,11,0.4074074074074074,oracle_local,0.5,0.06118933048179172,0.08686067019400352,0.00011881423394522611,-0.0013227513227513227,0.9998595900028082,0.9971070395371263,3,6,-3,56509.73329925537,4245,,13.312069092875234,29.287382142479203,0.4545325706515453,0.061933733094060486,results/basis_a4/qwen3_asr_1p7b/raw/cs_dialogue/L11/Raw_encoder_L11_oracle_local_rho0.5.json
qwen3_asr_1p7b,Raw,decoder,cs_dialogue,12,0.4444444444444444,global,0.5,0.06166458741757262,0.08774250440917107,-0.00035644270183567833,-0.002204585537918871,0.9995787700084247,0.9966248794599807,2,7,-5,463127.3353404999,13415,,34.52309618639582,86.97904453000336,0.396912800927436,0.15356701314162735,results/basis_a4/qwen3_asr_1p7b/raw/cs_dialogue/L12/Raw_decoder_L12_global_rho0.5.json
qwen3_asr_1p7b,Raw,decoder,cs_dialogue,12,0.4444444444444444,oracle_local,0.5,0.061248737598764334,0.0855379188712522,5.9407116972609586e-05,0.0,1.0,1.0,0,0,0,17505.37399482727,509,,34.39169743580996,87.31026151465996,0.3939021237502006,0.005825798328945863,results/basis_a4/qwen3_asr_1p7b/raw/cs_dialogue/L12/Raw_decoder_L12_oracle_local_rho0.5.json
qwen3_asr_1p7b,Raw,encoder,cs_dialogue,12,0.4444444444444444,global,0.5,0.07586288837402722,0.1455026455026455,-0.014554743658290271,-0.059964726631393295,0.990171300196574,0.9271938283510125,15,151,-136,904631.1001586914,68541,,13.198393664502873,28.861271697245137,0.4573046469661517,1.0,results/basis_a4/qwen3_asr_1p7b/raw/cs_dialogue/L12/Raw_encoder_L12_global_rho0.5.json
qwen3_asr_1p7b,Raw,encoder,cs_dialogue,12,0.4444444444444444,oracle_local,0.5,0.06142695894968217,0.0890652557319224,-0.00011881423394522611,-0.003527336860670194,0.9997191800056164,0.9951783992285439,2,10,-8,54862.34578704834,4245,,12.92399194041186,29.024368972688457,0.44528072092017446,0.061933733094060486,results/basis_a4/qwen3_asr_1p7b/raw/cs_dialogue/L12/Raw_encoder_L12_oracle_local_rho0.5.json
qwen3_asr_1p7b,Raw,decoder,cs_dialogue,13,0.48148148148148145,global,0.5,0.06196162300243569,0.0873015873015873,-0.0006534782866987471,-0.001763668430335097,0.9996489750070205,0.9966248794599807,3,7,-4,508536.5413532257,13404,,37.93916303739374,94.88796285300852,0.399831147141029,0.15346041559333676,results/basis_a4/qwen3_asr_1p7b/raw/cs_dialogue/L13/Raw_decoder_L13_global_rho0.5.json
qwen3_asr_1p7b,Raw,decoder,cs_dialogue,13,0.48148148148148145,oracle_local,0.5,0.06136755183270956,0.08597883597883597,-5.9407116972616525e-05,-0.0004409171075837742,1.0,0.9995178399228544,0,1,-1,19217.927536010742,510,,37.68221085492302,95.15589758181105,0.39600499614357,0.0058367094692027745,results/basis_a4/qwen3_asr_1p7b/raw/cs_dialogue/L13/Raw_decoder_L13_oracle_local_rho0.5.json
qwen3_asr_1p7b,Raw,encoder,cs_dialogue,13,0.48148148148148145,global,0.5,0.0696251410919028,0.12566137566137567,-0.008316996376165862,-0.04012345679012347,0.9931199101376018,0.946480231436837,20,111,-91,859150.5503234863,68541,,12.534841194664308,27.638900115014415,0.4535217082627302,1.0,results/basis_a4/qwen3_asr_1p7b/raw/cs_dialogue/L13/Raw_encoder_L13_global_rho0.5.json
qwen3_asr_1p7b,Raw,encoder,cs_dialogue,13,0.48148148148148145,oracle_local,0.5,0.06202103011940831,0.09215167548500881,-0.0007128854036713636,-0.006613756613756613,0.9996489750070205,0.9903567984570878,5,20,-15,51899.560317993164,4245,,12.226044833449508,27.794632209625064,0.4398707182466593,0.061933733094060486,results/basis_a4/qwen3_asr_1p7b/raw/cs_dialogue/L13/Raw_encoder_L13_oracle_local_rho0.5.json
qwen3_asr_1p7b,Raw,decoder,cs_dialogue,14,0.5185185185185185,global,0.5,0.06196162300243569,0.09082892416225749,-0.0006534782866987471,-0.005291005291005291,0.9996489750070205,0.993731918997107,1,13,-12,564795.6098403931,13409,,42.12063612800306,103.91980761274039,0.4053186499821729,0.15350887235260446,results/basis_a4/qwen3_asr_1p7b/raw/cs_dialogue/L14/Raw_decoder_L14_global_rho0.5.json
qwen3_asr_1p7b,Raw,decoder,cs_dialogue,14,0.5185185185185185,oracle_local,0.5,0.06136755183270956,0.08597883597883597,-5.9407116972616525e-05,-0.0004409171075837742,1.0,0.9995178399228544,0,1,-1,21242.660572052002,509,,41.73410721424755,104.58365184431695,0.399050009043219,0.005825598296956726,results/basis_a4/qwen3_asr_1p7b/raw/cs_dialogue/L14/Raw_decoder_L14_oracle_local_rho0.5.json
qwen3_asr_1p7b,Raw,encoder,cs_dialogue,14,0.5185185185185185,global,0.5,0.08619972672726192,0.20238095238095238,-0.024891582011524978,-0.11684303350970018,0.9919264251614714,0.8654773384763742,14,279,-265,876749.9536437988,68541,,12.791613102286206,27.62696938358804,0.46301181011497905,1.0,results/basis_a4/qwen3_asr_1p7b/raw/cs_dialogue/L14/Raw_encoder_L14_global_rho0.5.json
qwen3_asr_1p7b,Raw,encoder,cs_dialogue,14,0.5185185185185185,oracle_local,0.5,0.0629121368739975,0.09567901234567901,-0.001603992158260563,-0.010141093474426807,0.9998595900028082,0.9869816779170685,4,27,-23,52637.3500289917,4245,,12.399846885510412,27.759871343785658,0.446682433500768,0.061933733094060486,results/basis_a4/qwen3_asr_1p7b/raw/cs_dialogue/L14/Raw_encoder_L14_oracle_local_rho0.5.json
qwen3_asr_1p7b,Raw,decoder,cs_dialogue,15,0.5555555555555556,global,0.5,0.06202103011940831,0.09259259259259259,-0.0007128854036713636,-0.007054673721340388,0.9989469250210615,0.9898746383799422,5,21,-16,694996.9197158813,13411,,51.822900582796315,124.28617171211519,0.4169643321449631,0.15352825350306804,results/basis_a4/qwen3_asr_1p7b/raw/cs_dialogue/L15/Raw_decoder_L15_global_rho0.5.json
qwen3_asr_1p7b,Raw,decoder,cs_dialogue,15,0.5555555555555556,oracle_local,0.5,0.06142695894968217,0.08641975308641975,-0.00011881423394522611,-0.0008818342151675485,1.0,0.9990356798457087,0,2,-2,26141.67417907715,509,,51.358888367538604,125.18659941667659,0.4102586747052168,0.0058252649408317885,results/basis_a4/qwen3_asr_1p7b/raw/cs_dialogue/L15/Raw_decoder_L15_oracle_local_rho0.5.json
qwen3_asr_1p7b,Raw,encoder,cs_dialogue,15,0.5555555555555556,global,0.5,0.07901146557357572,0.2054673721340388,-0.017703320857838774,-0.11992945326278659,0.9912945801741084,0.8596914175506268,19,291,-272,847705.2180480957,68541,,12.367855999301085,26.612836161134393,0.4647327298908188,1.0,results/basis_a4/qwen3_asr_1p7b/raw/cs_dialogue/L15/Raw_encoder_L15_global_rho0.5.json
qwen3_asr_1p7b,Raw,encoder,cs_dialogue,15,0.5555555555555556,oracle_local,0.5,0.06196162300243569,0.09391534391534391,-0.0006534782866987471,-0.00837742504409171,0.9997191800056164,0.9903567984570878,1,20,-19,50359.42915344238,4245,,11.863234193979359,26.70714438790006,0.4441970291422889,0.061933733094060486,results/basis_a4/qwen3_asr_1p7b/raw/cs_dialogue/L15/Raw_encoder_L15_oracle_local_rho0.5.json
qwen3_asr_1p7b,Raw,decoder,cs_dialogue,16,0.5925925925925926,global,0.5,0.06445672191528545,0.10449735449735449,-0.0031485771995485093,-0.01895943562610229,0.9950154450996911,0.9734811957569913,12,55,-43,899591.5506057739,13234,,67.97578590039096,153.7397861910205,0.4421483051624097,0.1518095784341841,results/basis_a4/qwen3_asr_1p7b/raw/cs_dialogue/L16/Raw_decoder_L16_global_rho0.5.json
qwen3_asr_1p7b,Raw,decoder,cs_dialogue,16,0.5925925925925926,oracle_local,0.5,0.061783401651517855,0.0873015873015873,-0.0004752569357809114,-0.001763668430335097,0.9995787700084247,0.997589199614272,1,5,-4,34105.40097427368,510,,66.87333524367389,154.20401665182675,0.43366792056179354,0.005837043480251336,results/basis_a4/qwen3_asr_1p7b/raw/cs_dialogue/L16/Raw_decoder_L16_oracle_local_rho0.5.json
qwen3_asr_1p7b,Raw,encoder,cs_dialogue,16,0.5925925925925926,global,0.5,0.09029881779837225,0.2517636684303351,-0.028990673082635303,-0.1662257495590829,0.9924880651502387,0.8100289296046287,17,394,-377,824813.7213439941,68541,,12.033873467617836,25.620203220524772,0.4697024986116153,1.0,results/basis_a4/qwen3_asr_1p7b/raw/cs_dialogue/L16/Raw_encoder_L16_global_rho0.5.json
qwen3_asr_1p7b,Raw,encoder,cs_dialogue,16,0.5925925925925926,oracle_local,0.5,0.0629121368739975,0.09700176366843033,-0.001603992158260563,-0.01146384479717813,0.9998595900028082,0.9869816779170685,1,27,-26,48111.69514465332,4245,,11.333732660695718,25.835673528341015,0.4386853955350894,0.061933733094060486,results/basis_a4/qwen3_asr_1p7b/raw/cs_dialogue/L16/Raw_encoder_L16_oracle_local_rho0.5.json
qwen3_asr_1p7b,Raw,decoder,cs_dialogue,17,0.6296296296296297,global,0.5,0.06974395532584804,0.1009700176366843,-0.008435810610111096,-0.015432098765432098,0.9920668351586633,0.976374156219865,14,49,-35,1230849.6959762573,13846,,88.89568799481853,205.9721340260443,0.4315908480298507,0.1577226696435691,results/basis_a4/qwen3_asr_1p7b/raw/cs_dialogue/L17/Raw_decoder_L17_global_rho0.5.json
qwen3_asr_1p7b,Raw,decoder,cs_dialogue,17,0.6296296296296297,oracle_local,0.5,0.061842808768490465,0.08774250440917107,-0.000534664052753521,-0.002204585537918871,0.9995787700084247,0.997589199614272,0,5,-5,44472.372077941895,510,,87.20072956459195,205.94011783973843,0.423427598659777,0.005836776268354373,results/basis_a4/qwen3_asr_1p7b/raw/cs_dialogue/L17/Raw_decoder_L17_oracle_local_rho0.5.json
qwen3_asr_1p7b,Raw,encoder,cs_dialogue,17,0.6296296296296297,global,0.5,0.07437771044971188,0.15696649029982362,-0.013069565733974935,-0.07142857142857142,0.9941027801179444,0.9180327868852459,8,170,-162,828909.5919799805,68541,,12.093631431989326,25.934297786578014,0.46631806002660464,1.0,results/basis_a4/qwen3_asr_1p7b/raw/cs_dialogue/L17/Raw_encoder_L17_global_rho0.5.json
qwen3_asr_1p7b,Raw,encoder,cs_dialogue,17,0.6296296296296297,oracle_local,0.5,0.0628527297570249,0.09656084656084656,-0.0015445850412879533,-0.011022927689594356,0.9997191800056164,0.9879459980713597,0,25,-25,48404.61427307129,4245,,11.402735988944944,26.2701173887938,0.43405729103475865,0.061933733094060486,results/basis_a4/qwen3_asr_1p7b/raw/cs_dialogue/L17/Raw_encoder_L17_oracle_local_rho0.5.json
qwen3_asr_1p7b,Raw,decoder,cs_dialogue,18,0.6666666666666666,global,0.5,0.06219925147032614,0.0890652557319224,-0.0008911067545891993,-0.003527336860670194,0.9989469250210615,0.9889103182256509,15,23,-8,1604153.1708984375,13284,,120.75829350334519,269.62276009844214,0.447878708233886,0.15229578675838348,results/basis_a4/qwen3_asr_1p7b/raw/cs_dialogue/L18/Raw_decoder_L18_global_rho0.5.json
qwen3_asr_1p7b,Raw,decoder,cs_dialogue,18,0.6666666666666666,oracle_local,0.5,0.06142695894968217,0.0873015873015873,-0.00011881423394522611,-0.001763668430335097,1.0,0.9980713596914176,0,4,-4,60045.68281555176,509,,117.96794266316653,267.02516809849465,0.4417858567535962,0.00582666529299312,results/basis_a4/qwen3_asr_1p7b/raw/cs_dialogue/L18/Raw_decoder_L18_oracle_local_rho0.5.json
qwen3_asr_1p7b,Raw,encoder,cs_dialogue,18,0.6666666666666666,global,0.5,0.07443711756668449,0.14858906525573193,-0.013128972850947544,-0.06305114638447973,0.9926986801460264,0.9262295081967213,10,153,-143,834740.41015625,68541,,12.178701947101006,25.447041589884954,0.4785900908788535,1.0,results/basis_a4/qwen3_asr_1p7b/raw/cs_dialogue/L18/Raw_encoder_L18_global_rho0.5.json
qwen3_asr_1p7b,Raw,encoder,cs_dialogue,18,0.6666666666666666,oracle_local,0.5,0.06338739380977841,0.09876543209876543,-0.0020792490940414673,-0.013227513227513227,1.0,0.9840887174541948,3,33,-30,48991.08002471924,4245,,11.5408904651871,25.51804995767079,0.4522638087287653,0.061933733094060486,results/basis_a4/qwen3_asr_1p7b/raw/cs_dialogue/L18/Raw_encoder_L18_oracle_local_rho0.5.json
qwen3_asr_1p7b,Raw,decoder,cs_dialogue,19,0.7037037037037037,global,0.5,0.0722390542386978,0.12742504409171077,-0.01093090952296085,-0.041887125220458565,0.9987363100252739,0.9469623915139826,15,110,-95,2228821.1281585693,13750,,162.09608204789595,341.76047543279475,0.4742973330740559,0.15680058386835594,results/basis_a4/qwen3_asr_1p7b/raw/cs_dialogue/L19/Raw_decoder_L19_global_rho0.5.json
qwen3_asr_1p7b,Raw,decoder,cs_dialogue,19,0.7037037037037037,oracle_local,0.5,0.061842808768490465,0.08994708994708994,-0.000534664052753521,-0.004409171075837742,1.0,0.9946962391513983,1,11,-10,80537.62869262695,509,,158.2271683548663,338.1792187643894,0.4678796317910466,0.005825398278703534,results/basis_a4/qwen3_asr_1p7b/raw/cs_dialogue/L19/Raw_decoder_L19_oracle_local_rho0.5.json
qwen3_asr_1p7b,Raw,encoder,cs_dialogue,19,0.7037037037037037,global,0.5,0.06344680092675102,0.10052910052910052,-0.002138656211014077,-0.014991181657848324,0.9975428250491435,0.9811957569913211,5,39,-34,863318.6976928711,68541,,12.595653662667178,25.71935731409707,0.48973438600518054,1.0,results/basis_a4/qwen3_asr_1p7b/raw/cs_dialogue/L19/Raw_encoder_L19_global_rho0.5.json
qwen3_asr_1p7b,Raw,encoder,cs_dialogue,19,0.7037037037037037,oracle_local,0.5,0.061486366066654786,0.08862433862433862,-0.00017822135091784264,-0.0030864197530864196,0.9999297950014041,0.9956605593056895,2,9,-7,51125.708587646484,4245,,12.043747606041574,25.54746127179149,0.4714263964591977,0.061933733094060486,results/basis_a4/qwen3_asr_1p7b/raw/cs_dialogue/L19/Raw_encoder_L19_oracle_local_rho0.5.json
qwen3_asr_1p7b,Raw,decoder,cs_dialogue,20,0.7407407407407407,global,0.5,0.06314976534188796,0.08245149911816578,-0.0018416206261510151,0.0030864197530864196,0.9951558550968829,0.9874638379942141,33,26,7,2877453.965408325,13536,,212.5778638747285,454.61666912051805,0.46759804097366814,0.15473781679755821,results/basis_a4/qwen3_asr_1p7b/raw/cs_dialogue/L20/Raw_decoder_L20_global_rho0.5.json
qwen3_asr_1p7b,Raw,decoder,cs_dialogue,20,0.7407407407407407,oracle_local,0.5,0.06160518030060001,0.0873015873015873,-0.00029703558486306875,-0.001763668430335097,0.9997191800056164,0.9971070395371263,2,6,-4,105492.66105651855,510,,206.84835501278147,452.36518907733995,0.4572596654368492,0.0058345727033520195,results/basis_a4/qwen3_asr_1p7b/raw/cs_dialogue/L20/Raw_decoder_L20_oracle_local_rho0.5.json
qwen3_asr_1p7b,Raw,encoder,cs_dialogue,20,0.7407407407407407,global,0.5,0.06386265074555932,0.09964726631393298,-0.002554506029822372,-0.014109347442680775,0.9974726200505476,0.9792671166827387,11,43,-32,910062.0133666992,68541,,13.277629643085149,27.473552198114085,0.48328769237188735,1.0,results/basis_a4/qwen3_asr_1p7b/raw/cs_dialogue/L20/Raw_encoder_L20_global_rho0.5.json
qwen3_asr_1p7b,Raw,encoder,cs_dialogue,20,0.7407407407407407,oracle_local,0.5,0.06142695894968217,0.0873015873015873,-0.00011881423394522611,-0.001763668430335097,0.9999297950014041,0.9971070395371263,2,6,-4,53581.53249359131,4245,,12.622269138655197,27.15594120093032,0.4648069107699635,0.061933733094060486,results/basis_a4/qwen3_asr_1p7b/raw/cs_dialogue/L20/Raw_encoder_L20_oracle_local_rho0.5.json
qwen3_asr_1p7b,Raw,decoder,cs_dialogue,21,0.7777777777777778,global,0.5,0.13806213984435337,0.24382716049382716,-0.07675399512861641,-0.15828924162257496,0.9844144903117102,0.8249758919961427,4,363,-359,4122438.187637329,14624,,281.8953902924869,609.3727009228596,0.4625993088721775,0.16512166205611697,results/basis_a4/qwen3_asr_1p7b/raw/cs_dialogue/L21/Raw_decoder_L21_global_rho0.5.json
qwen3_asr_1p7b,Raw,decoder,cs_dialogue,21,0.7777777777777778,oracle_local,0.5,0.07336778946117745,0.09656084656084656,-0.012059644745440502,-0.011022927689594356,0.9988767200224656,0.9874638379942141,1,26,-25,139912.0775756836,510,,274.3374070111443,610.6537597057866,0.44925197405370965,0.005823579788752498,results/basis_a4/qwen3_asr_1p7b/raw/cs_dialogue/L21/Raw_decoder_L21_oracle_local_rho0.5.json
qwen3_asr_1p7b,Raw,encoder,cs_dialogue,21,0.7777777777777778,global,0.5,0.06950632685795759,0.13315696649029982,-0.008198182142220643,-0.047619047619047616,0.9969109800617804,0.9450337512054002,6,114,-108,898980.9340515137,68541,,13.115958828314639,27.660420211177776,0.4741778587663822,1.0,results/basis_a4/qwen3_asr_1p7b/raw/cs_dialogue/L21/Raw_encoder_L21_global_rho0.5.json
qwen3_asr_1p7b,Raw,encoder,cs_dialogue,21,0.7777777777777778,oracle_local,0.5,0.06190221588546308,0.08950617283950617,-0.0005940711697261375,-0.003968253968253968,0.9999297950014041,0.993731918997107,4,13,-9,52078.59981536865,4245,,12.26822139349085,27.693179314099996,0.44300516218607217,0.061933733094060486,results/basis_a4/qwen3_asr_1p7b/raw/cs_dialogue/L21/Raw_encoder_L21_oracle_local_rho0.5.json
qwen3_asr_1p7b,Raw,decoder,cs_dialogue,22,0.8148148148148148,global,0.5,0.06000118814233945,0.08509700176366843,0.0013069565733974942,0.0004409171075837742,0.9995085650098287,0.9942140790742526,13,12,1,4843687.305541992,13509,,358.55261718424697,776.6840571409787,0.4616453935002876,0.15447684391080618,results/basis_a4/qwen3_asr_1p7b/raw/cs_dialogue/L22/Raw_decoder_L22_global_rho0.5.json
qwen3_asr_1p7b,Raw,decoder,cs_dialogue,22,0.8148148148148148,oracle_local,0.5,0.061545773183627396,0.08774250440917107,-0.00023762846789045222,-0.002204585537918871,1.0,0.997589199614272,0,5,-5,178103.45379638672,510,,349.2224584242877,769.1330295936734,0.45404688784302893,0.005836642671580128,results/basis_a4/qwen3_asr_1p7b/raw/cs_dialogue/L22/Raw_decoder_L22_oracle_local_rho0.5.json
qwen3_asr_1p7b,Raw,encoder,cs_dialogue,22,0.8148148148148148,global,0.5,0.06297154399097012,0.09567901234567901,-0.0016633992752331725,-0.010141093474426807,0.9969811850603763,0.9821600771456124,14,37,-23,932805.0494995117,68541,,13.609446163602978,28.94429067205213,0.4701944959647573,1.0,results/basis_a4/qwen3_asr_1p7b/raw/cs_dialogue/L22/Raw_encoder_L22_global_rho0.5.json
qwen3_asr_1p7b,Raw,encoder,cs_dialogue,22,0.8148148148148148,oracle_local,0.5,0.06101110913087388,0.08641975308641975,0.0002970355848630618,-0.0008818342151675485,1.0,0.9985535197685632,1,3,-2,54020.5446472168,4245,,12.725687784974511,29.315737523235057,0.4340906577870807,0.061933733094060486,results/basis_a4/qwen3_asr_1p7b/raw/cs_dialogue/L22/Raw_encoder_L22_oracle_local_rho0.5.json
qwen3_asr_1p7b,Raw,decoder,cs_dialogue,23,0.8518518518518519,global,0.5,0.061248737598764334,0.0873015873015873,5.9407116972609586e-05,-0.001763668430335097,0.9990873350182533,0.9918032786885246,13,17,-4,6255934.0955200195,13553,,461.59035604810884,986.3912925858133,0.46795866865172253,0.15490205042631494,results/basis_a4/qwen3_asr_1p7b/raw/cs_dialogue/L23/Raw_decoder_L23_global_rho0.5.json
qwen3_asr_1p7b,Raw,decoder,cs_dialogue,23,0.8518518518518519,oracle_local,0.5,0.06142695894968217,0.0855379188712522,-0.00011881423394522611,0.0,0.9999297950014041,0.9995178399228544,1,1,0,229810.98306274414,510,,450.609770711263,976.4231604482613,0.4614902523455044,0.005835640890678994,results/basis_a4/qwen3_asr_1p7b/raw/cs_dialogue/L23/Raw_decoder_L23_oracle_local_rho0.5.json
qwen3_asr_1p7b,Raw,encoder,cs_dialogue,23,0.8518518518518519,global,0.5,0.07390245351393097,0.16358024691358025,-0.01259430879819403,-0.07804232804232805,0.9976130300477394,0.9103182256509161,9,186,-177,1122964.7276000977,68541,,16.383839272845417,35.204984885230076,0.4653840734844088,1.0,results/basis_a4/qwen3_asr_1p7b/raw/cs_dialogue/L23/Raw_encoder_L23_global_rho0.5.json
qwen3_asr_1p7b,Raw,encoder,cs_dialogue,23,0.8518518518518519,oracle_local,0.5,0.06202103011940831,0.09259259259259259,-0.0007128854036713636,-0.007054673721340388,0.9999297950014041,0.9908389585342333,3,19,-16,64900.30765533447,4245,,15.28864726863003,36.34015651024413,0.4207094502831937,0.061933733094060486,results/basis_a4/qwen3_asr_1p7b/raw/cs_dialogue/L23/Raw_encoder_L23_oracle_local_rho0.5.json
qwen3_asr_1p7b,Raw,decoder,cs_dialogue,24,0.8888888888888888,global,0.5,0.06279332264005227,0.09347442680776014,-0.0014851779243153299,-0.007936507936507936,0.9984554900308902,0.9884281581485053,6,24,-18,7859211.435974121,13492,,582.5090005910258,1259.9373301899896,0.46233172605750766,0.15431244495785343,results/basis_a4/qwen3_asr_1p7b/raw/cs_dialogue/L24/Raw_decoder_L24_global_rho0.5.json
qwen3_asr_1p7b,Raw,decoder,cs_dialogue,24,0.8888888888888888,oracle_local,0.5,0.061486366066654786,0.08686067019400352,-0.00017822135091784264,-0.0013227513227513227,0.9999297950014041,0.9985535197685632,0,3,-3,290009.9603881836,510,,568.6469811533011,1252.8415431602327,0.4538857960591859,0.0058365090809214815,results/basis_a4/qwen3_asr_1p7b/raw/cs_dialogue/L24/Raw_decoder_L24_oracle_local_rho0.5.json
qwen3_asr_1p7b,Raw,decoder,cs_dialogue,25,0.9259259259259259,global,0.5,0.06932810550703974,0.12081128747795414,-0.0080199607913028,-0.03527336860670194,0.9977534400449312,0.9575699132111861,8,88,-80,10439571.17175293,13701,,761.9568769982432,1645.4932683314487,0.46305681807551674,0.15632915725337168,results/basis_a4/qwen3_asr_1p7b/raw/cs_dialogue/L25/Raw_decoder_L25_global_rho0.5.json
qwen3_asr_1p7b,Raw,decoder,cs_dialogue,25,0.9259259259259259,oracle_local,0.5,0.06202103011940831,0.08818342151675485,-0.0007128854036713636,-0.0026455026455026454,0.9997893850042123,0.9966248794599807,1,7,-6,380372.1922607422,510,,745.8278279622396,1635.7975504557292,0.4559414016449981,0.005834973227769896,results/basis_a4/qwen3_asr_1p7b/raw/cs_dialogue/L25/Raw_decoder_L25_oracle_local_rho0.5.json
qwen3_asr_1p7b,Raw,decoder,cs_dialogue,26,0.9629629629629629,global,0.5,0.06386265074555932,0.09171075837742504,-0.002554506029822372,-0.006172839506172839,0.996489750070205,0.9860173577627772,15,29,-14,12189088.542297363,13506,,902.4943389824791,2000.410719955266,0.4511545204090194,0.15444783697553946,results/basis_a4/qwen3_asr_1p7b/raw/cs_dialogue/L26/Raw_decoder_L26_global_rho0.5.json
qwen3_asr_1p7b,Raw,decoder,cs_dialogue,26,0.9629629629629629,oracle_local,0.5,0.06190221588546308,0.0873015873015873,-0.0005940711697261375,-0.001763668430335097,0.9995787700084247,0.9971070395371263,2,6,-4,451166.9608154297,510,,884.6410996380974,1999.0060549268535,0.44254048028407184,0.005834973227769896,results/basis_a4/qwen3_asr_1p7b/raw/cs_dialogue/L26/Raw_decoder_L26_oracle_local_rho0.5.json
qwen3_asr_1p7b,Raw,decoder,cs_dialogue,27,1.0,global,0.5,0.07425889621576665,0.11596119929453262,-0.012950751500029702,-0.03042328042328042,0.9898202752035945,0.9604628736740598,13,82,-69,13435909.155822754,12889,,1042.4322411221005,2449.895995146661,0.4255006103063964,0.14843947944258898,results/basis_a4/qwen3_asr_1p7b/raw/cs_dialogue/L27/Raw_decoder_L27_global_rho0.5.json
qwen3_asr_1p7b,Raw,decoder,cs_dialogue,27,1.0,oracle_local,0.5,0.06172399453454524,0.08774250440917107,-0.00041584981880829486,-0.002204585537918871,0.9999297950014041,0.997589199614272,0,5,-5,521535.5388183594,510,,1022.6187035654106,2474.2955473058364,0.4132969097725209,0.0058383130709526755,results/basis_a4/qwen3_asr_1p7b/raw/cs_dialogue/L27/Raw_decoder_L27_oracle_local_rho0.5.json
qwen3_asr_1p7b,Raw,decoder,seame_dev_man,0,0.0,global,0.5,0.25759162303664923,0.6666666666666666,0.004188481675392652,-0.010101010101010055,0.990578734858681,0.9705882352941176,0,1,-1,2561.0535855293274,882,,2.9036888724822307,7.430160593824322,0.3907975925709696,0.18580155887929217,results/basis_a4/qwen3_asr_1p7b/raw/seame_dev_man/L00/Raw_decoder_L0_global_rho0.5.json
qwen3_asr_1p7b,Raw,decoder,seame_dev_man,0,0.0,oracle_local,0.5,0.2617801047120419,0.6565656565656566,0.0,0.0,1.0,1.0,0,0,0,114.97291994094849,39,,2.9480235882294483,7.493468871483436,0.39341240202494443,0.00820534399326741,results/basis_a4/qwen3_asr_1p7b/raw/seame_dev_man/L00/Raw_decoder_L0_oracle_local_rho0.5.json
qwen3_asr_1p7b,Raw,encoder,seame_dev_man,0,0.0,global,0.5,0.26596858638743454,0.6666666666666666,-0.004188481675392652,-0.010101010101010055,0.9865410497981157,0.9705882352941176,0,1,-1,32468.768630981445,2965,,10.950680819892561,25.019385105281014,0.43768784779531317,1.0,results/basis_a4/qwen3_asr_1p7b/raw/seame_dev_man/L00/Raw_encoder_L0_global_rho0.5.json
qwen3_asr_1p7b,Raw,encoder,seame_dev_man,0,0.0,oracle_local,0.5,0.2649214659685864,0.6565656565656566,-0.003141361256544517,0.0,0.9878869448183042,1.0,0,0,0,6990.435213088989,636,,10.991250335045581,24.620603621380884,0.44642489290963694,0.21450252951096122,results/basis_a4/qwen3_asr_1p7b/raw/seame_dev_man/L00/Raw_encoder_L0_oracle_local_rho0.5.json
qwen3_asr_1p7b,Raw,decoder,seame_dev_man,1,0.037037037037037035,global,0.5,0.2607329842931937,0.6666666666666666,0.0010471204188481908,-0.010101010101010055,0.9932705248990579,0.9705882352941176,0,1,-1,5570.356657028198,885,,6.294188313026213,14.958024554064044,0.42079007761195997,0.1863157894736842,results/basis_a4/qwen3_asr_1p7b/raw/seame_dev_man/L01/Raw_decoder_L1_global_rho0.5.json
qwen3_asr_1p7b,Raw,decoder,seame_dev_man,1,0.037037037037037035,oracle_local,0.5,0.2607329842931937,0.6565656565656566,0.0010471204188481908,0.0,1.0,1.0,0,0,0,247.67441654205322,39,,6.350626065180852,14.894394263243063,0.42637692765077134,0.008210526315789474,results/basis_a4/qwen3_asr_1p7b/raw/seame_dev_man/L01/Raw_decoder_L1_oracle_local_rho0.5.json
qwen3_asr_1p7b,Raw,encoder,seame_dev_man,1,0.037037037037037035,global,0.5,0.2638743455497382,0.6666666666666666,-0.002094240837696326,-0.010101010101010055,0.9851951547779273,0.9705882352941176,0,1,-1,33210.350006103516,2965,,11.200792582159702,25.303921575691003,0.4426504622477209,1.0,results/basis_a4/qwen3_asr_1p7b/raw/seame_dev_man/L01/Raw_encoder_L1_global_rho0.5.json
qwen3_asr_1p7b,Raw,encoder,seame_dev_man,1,0.037037037037037035,oracle_local,0.5,0.26910994764397905,0.6565656565656566,-0.007329842931937169,0.0,0.990578734858681,1.0,0,0,0,7152.456275939941,636,,11.246000433867833,24.92982757616343,0.45110622604629075,0.21450252951096122,results/basis_a4/qwen3_asr_1p7b/raw/seame_dev_man/L01/Raw_encoder_L1_oracle_local_rho0.5.json
qwen3_asr_1p7b,Raw,decoder,seame_dev_man,2,0.07407407407407407,global,0.5,0.25968586387434556,0.6565656565656566,0.002094240837696326,0.0,0.9959623149394348,1.0,0,0,0,8273.420290470123,889,,9.306434522463581,20.843004066844895,0.4465015931780865,0.1870004206983593,results/basis_a4/qwen3_asr_1p7b/raw/seame_dev_man/L02/Raw_decoder_L2_global_rho0.5.json
qwen3_asr_1p7b,Raw,decoder,seame_dev_man,2,0.07407407407407407,oracle_local,0.5,0.2607329842931937,0.6565656565656566,0.0010471204188481908,0.0,1.0,1.0,0,0,0,366.26648139953613,39,,9.391448241013746,21.347574405181103,0.4399304606116947,0.008210526315789474,results/basis_a4/qwen3_asr_1p7b/raw/seame_dev_man/L02/Raw_decoder_L2_oracle_local_rho0.5.json
qwen3_asr_1p7b,Raw,encoder,seame_dev_man,2,0.07407407407407407,global,0.5,0.2837696335078534,0.6868686868686869,-0.021989528795811508,-0.030303030303030276,0.9636608344549125,0.9117647058823529,0,3,-3,33069.73045349121,2965,,11.153366088867188,24.82433490206379,0.4492916379378987,1.0,results/basis_a4/qwen3_asr_1p7b/raw/seame_dev_man/L02/Raw_encoder_L2_global_rho0.5.json
qwen3_asr_1p7b,Raw,encoder,seame_dev_man,2,0.07407407407407407,oracle_local,0.5,0.26910994764397905,0.6666666666666666,-0.007329842931937169,-0.010101010101010055,0.9892328398384926,0.9705882352941176,0,1,-1,7130.817443847656,636,,11.211977112968013,24.54139415573024,0.456859828004111,0.21450252951096122,results/basis_a4/qwen3_asr_1p7b/raw/seame_dev_man/L02/Raw_encoder_L2_oracle_local_rho0.5.json
qwen3_asr_1p7b,Raw,decoder,seame_dev_man,3,0.1111111111111111,global,0.5,0.2649214659685864,0.6565656565656566,-0.003141361256544517,0.0,0.9932705248990579,0.9705882352941176,1,1,0,9906.818305969238,885,,11.194144978496315,25.018444516025696,0.4474356897498502,0.1863157894736842,results/basis_a4/qwen3_asr_1p7b/raw/seame_dev_man/L03/Raw_decoder_L3_global_rho0.5.json
qwen3_asr_1p7b,Raw,decoder,seame_dev_man,3,0.1111111111111111,oracle_local,0.5,0.2617801047120419,0.6565656565656566,0.0,0.0,1.0,1.0,0,0,0,440.256142616272,39,,11.288619041442871,25.637902724437225,0.4403097695929286,0.008201892744479496,results/basis_a4/qwen3_asr_1p7b/raw/seame_dev_man/L03/Raw_decoder_L3_oracle_local_rho0.5.json
qwen3_asr_1p7b,Raw,encoder,seame_dev_man,3,0.1111111111111111,global,0.5,0.2753926701570681,0.6767676767676768,-0.013612565445026203,-0.02020202020202022,0.9744279946164199,0.9411764705882353,0,2,-2,34498.11901855469,2965,,11.635116026493993,25.772663743017496,0.45145182285033525,1.0,results/basis_a4/qwen3_asr_1p7b/raw/seame_dev_man/L03/Raw_encoder_L3_global_rho0.5.json
qwen3_asr_1p7b,Raw,encoder,seame_dev_man,3,0.1111111111111111,oracle_local,0.5,0.2680628272251309,0.6666666666666666,-0.006282722513089034,-0.010101010101010055,0.9892328398384926,0.9705882352941176,0,1,-1,7439.475799560547,636,,11.697288993019727,25.544171219351906,0.45792399732108063,0.21450252951096122,results/basis_a4/qwen3_asr_1p7b/raw/seame_dev_man/L03/Raw_encoder_L3_oracle_local_rho0.5.json
qwen3_asr_1p7b,Raw,decoder,seame_dev_man,4,0.14814814814814814,global,0.5,0.2670157068062827,0.6464646464646465,-0.005235602094240843,0.010101010101010055,0.9892328398384926,1.0,1,0,1,11795.425044059753,886,,13.313120817223197,29.20983801684584,0.45577523605386927,0.186487055356767,results/basis_a4/qwen3_asr_1p7b/raw/seame_dev_man/L04/Raw_decoder_L4_global_rho0.5.json
qwen3_asr_1p7b,Raw,decoder,seame_dev_man,4,0.14814814814814814,oracle_local,0.5,0.2638743455497382,0.6565656565656566,-0.002094240837696326,0.0,0.9973082099596231,1.0,0,0,0,523.2684831619263,39,,13.417140593895546,30.189797572600536,0.4444263185809695,0.008207070707070708,results/basis_a4/qwen3_asr_1p7b/raw/seame_dev_man/L04/Raw_decoder_L4_oracle_local_rho0.5.json
qwen3_asr_1p7b,Raw,encoder,seame_dev_man,4,0.14814814814814814,global,0.5,0.2869109947643979,0.7272727272727273,-0.025130890052356025,-0.07070707070707072,0.9744279946164199,0.7941176470588235,0,7,-7,35688.565017700195,2965,,12.036615520303608,27.235988335183258,0.44193790113923614,1.0,results/basis_a4/qwen3_asr_1p7b/raw/seame_dev_man/L04/Raw_encoder_L4_global_rho0.5.json
qwen3_asr_1p7b,Raw,encoder,seame_dev_man,4,0.14814814814814814,oracle_local,0.5,0.28272251308900526,0.6868686868686869,-0.020942408376963373,-0.030303030303030276,0.9838492597577388,0.9117647058823529,0,3,-3,7690.645414352417,636,,12.092209770994366,26.960609903875387,0.4485139547698512,0.21450252951096122,results/basis_a4/qwen3_asr_1p7b/raw/seame_dev_man/L04/Raw_encoder_L4_oracle_local_rho0.5.json
qwen3_asr_1p7b,Raw,decoder,seame_dev_man,5,0.18518518518518517,global,0.5,0.2617801047120419,0.6565656565656566,0.0,0.0,0.9973082099596231,1.0,0,0,0,13564.227149963379,895,,15.155561061411596,34.31229265948247,0.4416947946852871,0.1880252100840336,results/basis_a4/qwen3_asr_1p7b/raw/seame_dev_man/L05/Raw_decoder_L5_global_rho0.5.json
qwen3_asr_1p7b,Raw,decoder,seame_dev_man,5,0.18518518518518517,oracle_local,0.5,0.2617801047120419,0.6565656565656566,0.0,0.0,1.0,1.0,0,0,0,595.9963827133179,39,,15.281958531110714,35.443947669787285,0.43115847798571216,0.008203618005889778,results/basis_a4/qwen3_asr_1p7b/raw/seame_dev_man/L05/Raw_decoder_L5_oracle_local_rho0.5.json
qwen3_asr_1p7b,Raw,encoder,seame_dev_man,5,0.18518518518518517,global,0.5,0.29109947643979056,0.7171717171717171,-0.029319371727748678,-0.06060606060606055,0.9596231493943472,0.8235294117647058,0,6,-6,37179.501525878906,2965,,12.539460885625264,28.21754035113433,0.4443853266296892,1.0,results/basis_a4/qwen3_asr_1p7b/raw/seame_dev_man/L05/Raw_encoder_L5_global_rho0.5.json
qwen3_asr_1p7b,Raw,encoder,seame_dev_man,5,0.18518518518518517,oracle_local,0.5,0.2712041884816754,0.6666666666666666,-0.009424083769633496,-0.010101010101010055,0.9851951547779273,0.9705882352941176,0,1,-1,8017.311317443848,636,,12.605835404785925,27.96945525115391,0.450700068756822,0.21450252951096122,results/basis_a4/qwen3_asr_1p7b/raw/seame_dev_man/L05/Raw_encoder_L5_oracle_local_rho0.5.json
qwen3_asr_1p7b,Raw,decoder,seame_dev_man,6,0.2222222222222222,global,0.5,0.2617801047120419,0.6666666666666666,0.0,-0.010101010101010055,0.9946164199192463,0.9705882352941176,0,1,-1,14913.17712020874,886,,16.832028352380068,38.74052827245226,0.4344811261737244,0.186487055356767,results/basis_a4/qwen3_asr_1p7b/raw/seame_dev_man/L06/Raw_decoder_L6_global_rho0.5.json
qwen3_asr_1p7b,Raw,decoder,seame_dev_man,6,0.2222222222222222,oracle_local,0.5,0.2607329842931937,0.6565656565656566,0.0010471204188481908,0.0,1.0,1.0,0,0,0,661.7945671081543,39,,16.96909146431165,40.241899490356445,0.42167719911874724,0.008210526315789474,results/basis_a4/qwen3_asr_1p7b/raw/seame_dev_man/L06/Raw_decoder_L6_oracle_local_rho0.5.json
qwen3_asr_1p7b,Raw,encoder,seame_dev_man,6,0.2222222222222222,global,0.5,0.2753926701570681,0.7171717171717171,-0.013612565445026203,-0.06060606060606055,0.9825033647375505,0.7941176470588235,1,7,-6,38691.06994628906,2965,,13.04926473736562,28.796511712162733,0.4531543566040336,1.0,results/basis_a4/qwen3_asr_1p7b/raw/seame_dev_man/L06/Raw_encoder_L6_global_rho0.5.json
qwen3_asr_1p7b,Raw,encoder,seame_dev_man,6,0.2222222222222222,oracle_local,0.5,0.2732984293193717,0.6868686868686869,-0.011518324607329822,-0.030303030303030276,0.9851951547779273,0.9117647058823529,0,3,-3,8350.865886688232,636,,13.130292274667033,28.622415902479638,0.4587415793063617,0.21450252951096122,results/basis_a4/qwen3_asr_1p7b/raw/seame_dev_man/L06/Raw_encoder_L6_oracle_local_rho0.5.json
qwen3_asr_1p7b,Raw,decoder,seame_dev_man,7,0.25925925925925924,global,0.5,0.2649214659685864,0.6565656565656566,-0.003141361256544517,0.0,0.9919246298788694,1.0,0,0,0,15779.923517227173,887,,17.790218170492867,42.69479391190487,0.41668354711351124,0.18665824915824916,results/basis_a4/qwen3_asr_1p7b/raw/seame_dev_man/L07/Raw_decoder_L7_global_rho0.5.json
qwen3_asr_1p7b,Raw,decoder,seame_dev_man,7,0.25925925925925924,oracle_local,0.5,0.2617801047120419,0.6565656565656566,0.0,0.0,1.0,1.0,0,0,0,700.8082141876221,39,,17.96944138942621,44.494800274188705,0.4038548612128556,0.008203618005889778,results/basis_a4/qwen3_asr_1p7b/raw/seame_dev_man/L07/Raw_decoder_L7_oracle_local_rho0.5.json
qwen3_asr_1p7b,Raw,encoder,seame_dev_man,7,0.25925925925925924,global,0.5,0.28900523560209423,0.7373737373737373,-0.02722513089005235,-0.08080808080808077,0.9528936742934051,0.7647058823529411,0,8,-8,39507.247146606445,2965,,13.324535293965074,29.125669894290816,0.4574842516009198,1.0,results/basis_a4/qwen3_asr_1p7b/raw/seame_dev_man/L07/Raw_encoder_L7_global_rho0.5.json
qwen3_asr_1p7b,Raw,encoder,seame_dev_man,7,0.25925925925925924,oracle_local,0.5,0.2649214659685864,0.6767676767676768,-0.003141361256544517,-0.02020202020202022,0.9892328398384926,0.9411764705882353,0,2,-2,8529.548490524292,636,,13.411239764975301,29.01279507043227,0.46225259346498,0.21450252951096122,results/basis_a4/qwen3_asr_1p7b/raw/seame_dev_man/L07/Raw_encoder_L7_oracle_local_rho0.5.json
qwen3_asr_1p7b,Raw,decoder,seame_dev_man,8,0.2962962962962963,global,0.5,0.2670157068062827,0.6666666666666666,-0.005235602094240843,-0.010101010101010055,0.990578734858681,0.9705882352941176,0,1,-1,17068.32225894928,888,,19.22108362494288,45.54198754370749,0.4220519274986857,0.18682937092362717,results/basis_a4/qwen3_asr_1p7b/raw/seame_dev_man/L08/Raw_decoder_L8_global_rho0.5.json
qwen3_asr_1p7b,Raw,decoder,seame_dev_man,8,0.2962962962962963,oracle_local,0.5,0.2607329842931937,0.6565656565656566,0.0010471204188481908,0.0,1.0,1.0,0,0,0,755.8801231384277,39,,19.381541618934044,47.513150435227615,0.4079195220985391,0.008210526315789474,results/basis_a4/qwen3_asr_1p7b/raw/seame_dev_man/L08/Raw_decoder_L8_oracle_local_rho0.5.json
qwen3_asr_1p7b,Raw,encoder,seame_dev_man,8,0.2962962962962963,global,0.5,0.2837696335078534,0.7272727272727273,-0.021989528795811508,-0.07070707070707072,0.9569313593539704,0.7647058823529411,1,8,-7,39315.458404541016,2965,,13.259851063926144,29.635985504716484,0.4474239961352348,1.0,results/basis_a4/qwen3_asr_1p7b/raw/seame_dev_man/L08/Raw_encoder_L8_global_rho0.5.json
qwen3_asr_1p7b,Raw,encoder,seame_dev_man,8,0.2962962962962963,oracle_local,0.5,0.2712041884816754,0.6767676767676768,-0.009424083769633496,-0.02020202020202022,0.990578734858681,0.9411764705882353,0,2,-2,8485.936643600464,636,,13.342667678617081,29.50217450339839,0.45226048259866825,0.21450252951096122,results/basis_a4/qwen3_asr_1p7b/raw/seame_dev_man/L08/Raw_encoder_L8_oracle_local_rho0.5.json
qwen3_asr_1p7b,Raw,decoder,seame_dev_man,9,0.3333333333333333,global,0.5,0.25968586387434556,0.6565656565656566,0.002094240837696326,0.0,0.9946164199192463,1.0,0,0,0,18277.89602279663,884,,20.676352966964515,51.829189641443314,0.39893259203943693,0.186144451463466,results/basis_a4/qwen3_asr_1p7b/raw/seame_dev_man/L09/Raw_decoder_L9_global_rho0.5.json
qwen3_asr_1p7b,Raw,decoder,seame_dev_man,9,0.3333333333333333,oracle_local,0.5,0.2617801047120419,0.6565656565656566,0.0,0.0,1.0,1.0,0,0,0,815.415355682373,39,,20.90808604313777,53.72883684207232,0.38914086498082745,0.00820534399326741,results/basis_a4/qwen3_asr_1p7b/raw/seame_dev_man/L09/Raw_decoder_L9_oracle_local_rho0.5.json
qwen3_asr_1p7b,Raw,encoder,seame_dev_man,9,0.3333333333333333,global,0.5,0.2963350785340314,0.7171717171717171,-0.03455497382198952,-0.06060606060606055,0.9528936742934051,0.8235294117647058,0,6,-6,38922.940673828125,2965,,13.127467343618255,28.840866032257853,0.4551689720043594,1.0,results/basis_a4/qwen3_asr_1p7b/raw/seame_dev_man/L09/Raw_encoder_L9_global_rho0.5.json
qwen3_asr_1p7b,Raw,encoder,seame_dev_man,9,0.3333333333333333,oracle_local,0.5,0.2680628272251309,0.6666666666666666,-0.006282722513089034,-0.010101010101010055,0.9865410497981157,0.9705882352941176,0,1,-1,8394.879043579102,636,,13.199495351539468,28.69295550892188,0.46002564453268585,0.21450252951096122,results/basis_a4/qwen3_asr_1p7b/raw/seame_dev_man/L09/Raw_encoder_L9_oracle_local_rho0.5.json
qwen3_asr_1p7b,Raw,decoder,seame_dev_man,10,0.37037037037037035,global,0.5,0.2638743455497382,0.6666666666666666,-0.002094240837696326,-0.010101010101010055,0.9878869448183042,0.9705882352941176,0,1,-1,22441.176094055176,884,,25.385945807754723,61.33420523906725,0.4138954064670095,0.186144451463466,results/basis_a4/qwen3_asr_1p7b/raw/seame_dev_man/L10/Raw_decoder_L10_global_rho0.5.json
qwen3_asr_1p7b,Raw,decoder,seame_dev_man,10,0.37037037037037035,oracle_local,0.5,0.2607329842931937,0.6565656565656566,0.0010471204188481908,0.0,1.0,1.0,0,0,0,998.5587749481201,39,,25.6040711525159,63.19092735877404,0.4051858743446781,0.008210526315789474,results/basis_a4/qwen3_asr_1p7b/raw/seame_dev_man/L10/Raw_decoder_L10_oracle_local_rho0.5.json
qwen3_asr_1p7b,Raw,encoder,seame_dev_man,10,0.37037037037037035,global,0.5,0.2931937172774869,0.7474747474747475,-0.031413612565445004,-0.09090909090909094,0.9582772543741588,0.7058823529411765,1,10,-9,40359.40237426758,2965,,13.611940092501714,29.408939159579862,0.46285042852583375,1.0,results/basis_a4/qwen3_asr_1p7b/raw/seame_dev_man/L10/Raw_encoder_L10_global_rho0.5.json
qwen3_asr_1p7b,Raw,encoder,seame_dev_man,10,0.37037037037037035,oracle_local,0.5,0.26910994764397905,0.696969696969697,-0.007329842931937169,-0.04040404040404044,0.9825033647375505,0.8823529411764706,0,4,-4,8706.296962738037,636,,13.689146167827102,29.30181960339816,0.4671773409675745,0.21450252951096122,results/basis_a4/qwen3_asr_1p7b/raw/seame_dev_man/L10/Raw_encoder_L10_oracle_local_rho0.5.json
qwen3_asr_1p7b,Raw,decoder,seame_dev_man,11,0.4074074074074074,global,0.5,0.25759162303664923,0.6565656565656566,0.004188481675392652,0.0,0.9986541049798116,1.0,0,0,0,29080.973560333252,889,,32.712006254593085,80.21011483843603,0.40782894177976864,0.1870004206983593,results/basis_a4/qwen3_asr_1p7b/raw/seame_dev_man/L11/Raw_decoder_L11_global_rho0.5.json
qwen3_asr_1p7b,Raw,decoder,seame_dev_man,11,0.4074074074074074,oracle_local,0.5,0.2638743455497382,0.6565656565656566,-0.002094240837696326,0.0,0.9973082099596231,1.0,0,0,0,1284.6163806915283,39,,32.93888155619303,82.50957899827223,0.3992128181490634,0.008203618005889778,results/basis_a4/qwen3_asr_1p7b/raw/seame_dev_man/L11/Raw_decoder_L11_oracle_local_rho0.5.json
qwen3_asr_1p7b,Raw,encoder,seame_dev_man,11,0.4074074074074074,global,0.5,0.32774869109947646,0.7777777777777778,-0.06596858638743458,-0.12121212121212122,0.9165545087483177,0.6470588235294118,0,12,-12,40065.20098876953,2965,,13.512715341912152,29.349228425050065,0.46041126349948,1.0,results/basis_a4/qwen3_asr_1p7b/raw/seame_dev_man/L11/Raw_encoder_L11_global_rho0.5.json
qwen3_asr_1p7b,Raw,encoder,seame_dev_man,11,0.4074074074074074,oracle_local,0.5,0.2649214659685864,0.6666666666666666,-0.003141361256544517,-0.010101010101010055,0.9838492597577388,0.9705882352941176,0,1,-1,8641.104442596436,636,,13.586642205340308,29.19242551791593,0.46541669506022837,0.21450252951096122,results/basis_a4/qwen3_asr_1p7b/raw/seame_dev_man/L11/Raw_encoder_L11_oracle_local_rho0.5.json
qwen3_asr_1p7b,Raw,decoder,seame_dev_man,12,0.4444444444444444,global,0.5,0.27015706806282724,0.6666666666666666,-0.00837696335078536,-0.010101010101010055,0.9932705248990579,0.9705882352941176,0,1,-1,31045.71289253235,891,,34.84367328005875,86.83616746930295,0.4012576129914552,0.18734230445752734,results/basis_a4/qwen3_asr_1p7b/raw/seame_dev_man/L12/Raw_decoder_L12_global_rho0.5.json
qwen3_asr_1p7b,Raw,decoder,seame_dev_man,12,0.4444444444444444,oracle_local,0.5,0.2628272251308901,0.6565656565656566,-0.0010471204188481908,0.0,1.0,1.0,0,0,0,1368.5200538635254,39,,35.090257791372444,89.67383301563753,0.391309890648405,0.008201892744479496,results/basis_a4/qwen3_asr_1p7b/raw/seame_dev_man/L12/Raw_decoder_L12_oracle_local_rho0.5.json
qwen3_asr_1p7b,Raw,encoder,seame_dev_man,12,0.4444444444444444,global,0.5,0.43350785340314135,0.8787878787878788,-0.17172774869109947,-0.2222222222222222,0.775235531628533,0.35294117647058826,0,22,-22,39075.40882873535,2965,,13.178889992828111,28.843210965907595,0.4569148007968127,1.0,results/basis_a4/qwen3_asr_1p7b/raw/seame_dev_man/L12/Raw_encoder_L12_global_rho0.5.json
qwen3_asr_1p7b,Raw,encoder,seame_dev_man,12,0.4444444444444444,oracle_local,0.5,0.27015706806282724,0.6868686868686869,-0.00837696335078536,-0.030303030303030276,0.9878869448183042,0.9117647058823529,0,3,-3,8418.697954177856,636,,13.236946468833107,28.677784038039874,0.46157494077209227,0.21450252951096122,results/basis_a4/qwen3_asr_1p7b/raw/seame_dev_man/L12/Raw_encoder_L12_oracle_local_rho0.5.json
qwen3_asr_1p7b,Raw,decoder,seame_dev_man,13,0.48148148148148145,global,0.5,0.2628272251308901,0.6565656565656566,-0.0010471204188481908,0.0,0.9986541049798116,1.0,0,0,0,33906.089054107666,888,,38.18253271858971,94.44704368522575,0.404274514360078,0.18682937092362717,results/basis_a4/qwen3_asr_1p7b/raw/seame_dev_man/L13/Raw_decoder_L13_global_rho0.5.json
qwen3_asr_1p7b,Raw,decoder,seame_dev_man,13,0.48148148148148145,oracle_local,0.5,0.2628272251308901,0.6565656565656566,-0.0010471204188481908,0.0,0.9973082099596231,1.0,0,0,0,1497.5557823181152,39,,38.398866213285004,97.39767788618039,0.39424827210108837,0.008210526315789474,results/basis_a4/qwen3_asr_1p7b/raw/seame_dev_man/L13/Raw_decoder_L13_oracle_local_rho0.5.json
qwen3_asr_1p7b,Raw,encoder,seame_dev_man,13,0.48148148148148145,global,0.5,0.3769633507853403,0.9090909090909091,-0.11518324607329844,-0.2525252525252525,0.8721399730820996,0.2647058823529412,0,25,-25,37117.03189086914,2965,,12.518391868758563,27.587023503784387,0.45377827249254676,1.0,results/basis_a4/qwen3_asr_1p7b/raw/seame_dev_man/L13/Raw_encoder_L13_global_rho0.5.json
qwen3_asr_1p7b,Raw,encoder,seame_dev_man,13,0.48148148148148145,oracle_local,0.5,0.26910994764397905,0.6767676767676768,-0.007329842931937169,-0.02020202020202022,0.990578734858681,0.9411764705882353,0,2,-2,7995.955642700195,636,,12.572257299843075,27.409140682820254,0.4586884880970831,0.21450252951096122,results/basis_a4/qwen3_asr_1p7b/raw/seame_dev_man/L13/Raw_encoder_L13_oracle_local_rho0.5.json
qwen3_asr_1p7b,Raw,decoder,seame_dev_man,14,0.5185185185185185,global,0.5,0.2628272251308901,0.6565656565656566,-0.0010471204188481908,0.0,0.9959623149394348,1.0,0,0,0,37434.66249847412,886,,42.25131207502722,103.72678042857426,0.40733272449462815,0.186487055356767,results/basis_a4/qwen3_asr_1p7b/raw/seame_dev_man/L14/Raw_decoder_L14_global_rho0.5.json
qwen3_asr_1p7b,Raw,decoder,seame_dev_man,14,0.5185185185185185,oracle_local,0.5,0.2628272251308901,0.6666666666666666,-0.0010471204188481908,-0.010101010101010055,0.9959623149394348,0.9705882352941176,0,1,-1,1657.4607276916504,39,,42.49899301773463,107.44432009183444,0.39554434316686105,0.008207070707070708,results/basis_a4/qwen3_asr_1p7b/raw/seame_dev_man/L14/Raw_decoder_L14_oracle_local_rho0.5.json
qwen3_asr_1p7b,Raw,encoder,seame_dev_man,14,0.5185185185185185,global,0.5,0.3842931937172775,0.9191919191919192,-0.12251308900523561,-0.26262626262626265,0.8748317631224765,0.23529411764705882,0,26,-26,38017.49867248535,2965,,12.822090614666223,27.557600029725048,0.46528328304481,1.0,results/basis_a4/qwen3_asr_1p7b/raw/seame_dev_man/L14/Raw_encoder_L14_global_rho0.5.json
qwen3_asr_1p7b,Raw,encoder,seame_dev_man,14,0.5185185185185185,oracle_local,0.5,0.2712041884816754,0.6868686868686869,-0.009424083769633496,-0.030303030303030276,0.9771197846567967,0.9117647058823529,0,3,-3,8171.23823928833,636,,12.84785886680555,27.415714575809503,0.46863118709814594,0.21450252951096122,results/basis_a4/qwen3_asr_1p7b/raw/seame_dev_man/L14/Raw_encoder_L14_oracle_local_rho0.5.json
qwen3_asr_1p7b,Raw,decoder,seame_dev_man,15,0.5555555555555556,global,0.5,0.2607329842931937,0.6565656565656566,0.0010471204188481908,0.0,0.9932705248990579,0.9705882352941176,1,1,0,45825.858489990234,884,,51.83920643664054,123.42165934014643,0.4200170919252772,0.186144451463466,results/basis_a4/qwen3_asr_1p7b/raw/seame_dev_man/L15/Raw_decoder_L15_global_rho0.5.json
qwen3_asr_1p7b,Raw,decoder,seame_dev_man,15,0.5555555555555556,oracle_local,0.5,0.2617801047120419,0.6565656565656566,0.0,0.0,1.0,1.0,0,0,0,2032.3285026550293,39,,52.11098724756486,128.56605236346905,0.40532462722151485,0.008201892744479496,results/basis_a4/qwen3_asr_1p7b/raw/seame_dev_man/L15/Raw_decoder_L15_oracle_local_rho0.5.json
qwen3_asr_1p7b,Raw,encoder,seame_dev_man,15,0.5555555555555556,global,0.5,0.34973821989528797,0.9191919191919192,-0.08795811518324609,-0.26262626262626265,0.8882907133243607,0.23529411764705882,0,26,-26,36831.200759887695,2965,,12.421990138242055,26.486209142469434,0.46899841617288895,1.0,results/basis_a4/qwen3_asr_1p7b/raw/seame_dev_man/L15/Raw_encoder_L15_global_rho0.5.json
qwen3_asr_1p7b,Raw,encoder,seame_dev_man,15,0.5555555555555556,oracle_local,0.5,0.2680628272251309,0.6868686868686869,-0.006282722513089034,-0.030303030303030276,0.9838492597577388,0.8823529411764706,1,4,-3,7913.3868408203125,636,,12.44243213965458,26.39504255138853,0.47139276685879167,0.21450252951096122,results/basis_a4/qwen3_asr_1p7b/raw/seame_dev_man/L15/Raw_encoder_L15_oracle_local_rho0.5.json
qwen3_asr_1p7b,Raw,decoder,seame_dev_man,16,0.5925925925925926,global,0.5,0.27225130890052357,0.7070707070707071,-0.010471204188481686,-0.0505050505050505,0.9730820995962315,0.8529411764705882,0,5,-5,57564.65486907959,849,,67.80289148301483,152.02810286127635,0.4459891967795196,0.1801018243529911,results/basis_a4/qwen3_asr_1p7b/raw/seame_dev_man/L16/Raw_decoder_L16_global_rho0.5.json
qwen3_asr_1p7b,Raw,decoder,seame_dev_man,16,0.5925925925925926,oracle_local,0.5,0.2607329842931937,0.6565656565656566,0.0010471204188481908,0.0,1.0,1.0,0,0,0,2642.8518867492676,39,,67.76543299357097,157.1633817232572,0.43117825698670975,0.008203618005889778,results/basis_a4/qwen3_asr_1p7b/raw/seame_dev_man/L16/Raw_decoder_L16_oracle_local_rho0.5.json
qwen3_asr_1p7b,Raw,encoder,seame_dev_man,16,0.5925925925925926,global,0.5,0.48900523560209425,0.9797979797979798,-0.22722513089005236,-0.3232323232323232,0.8977119784656796,0.058823529411764705,0,32,-32,35797.721130371094,2965,,12.07343039810155,25.39082161966102,0.47550373040125105,1.0,results/basis_a4/qwen3_asr_1p7b/raw/seame_dev_man/L16/Raw_encoder_L16_global_rho0.5.json
qwen3_asr_1p7b,Raw,encoder,seame_dev_man,16,0.5925925925925926,oracle_local,0.5,0.2743455497382199,0.7070707070707071,-0.012565445026178013,-0.0505050505050505,0.9838492597577388,0.8529411764705882,0,5,-5,7680.477500915527,636,,12.076222485716238,25.334989349797087,0.4766618339159854,0.21450252951096122,results/basis_a4/qwen3_asr_1p7b/raw/seame_dev_man/L16/Raw_encoder_L16_oracle_local_rho0.5.json
qwen3_asr_1p7b,Raw,decoder,seame_dev_man,17,0.6296296296296297,global,0.5,0.2649214659685864,0.6565656565656566,-0.003141361256544517,0.0,0.9878869448183042,0.9705882352941176,1,1,0,79427.0911026001,895,,88.74535318726268,203.84700469118258,0.4353527456619105,0.1880252100840336,results/basis_a4/qwen3_asr_1p7b/raw/seame_dev_man/L17/Raw_decoder_L17_global_rho0.5.json
qwen3_asr_1p7b,Raw,decoder,seame_dev_man,17,0.6296296296296297,oracle_local,0.5,0.25968586387434556,0.6464646464646465,0.002094240837696326,0.010101010101010055,1.0,1.0,1,0,1,3461.377151489258,39,,88.75326029459636,208.62472690680087,0.4254206182100609,0.008207070707070708,results/basis_a4/qwen3_asr_1p7b/raw/seame_dev_man/L17/Raw_decoder_L17_oracle_local_rho0.5.json
qwen3_asr_1p7b,Raw,encoder,seame_dev_man,17,0.6296296296296297,global,0.5,0.47853403141361256,0.9393939393939394,-0.21675392670157068,-0.2828282828282829,0.8990578734858681,0.17647058823529413,0,28,-28,35748.243423461914,2965,,12.056743144506548,25.821213391257377,0.46693170308521426,1.0,results/basis_a4/qwen3_asr_1p7b/raw/seame_dev_man/L17/Raw_encoder_L17_global_rho0.5.json
qwen3_asr_1p7b,Raw,encoder,seame_dev_man,17,0.6296296296296297,oracle_local,0.5,0.2628272251308901,0.6767676767676768,-0.0010471204188481908,-0.02020202020202022,0.9919246298788694,0.9117647058823529,1,3,-2,7659.1777057647705,636,,12.042732241768507,25.790577582593233,0.46694309978914456,0.21450252951096122,results/basis_a4/qwen3_asr_1p7b/raw/seame_dev_man/L17/Raw_encoder_L17_oracle_local_rho0.5.json
qwen3_asr_1p7b,Raw,decoder,seame_dev_man,18,0.6666666666666666,global,0.5,0.2670157068062827,0.6666666666666666,-0.005235602094240843,-0.010101010101010055,0.9878869448183042,0.9705882352941176,0,1,-1,104880.79786682129,869,,120.69136693535246,266.31071368569746,0.45319756484823065,0.18356569497253908,results/basis_a4/qwen3_asr_1p7b/raw/seame_dev_man/L18/Raw_decoder_L18_global_rho0.5.json
qwen3_asr_1p7b,Raw,decoder,seame_dev_man,18,0.6666666666666666,oracle_local,0.5,0.2617801047120419,0.6666666666666666,0.0,-0.010101010101010055,0.9973082099596231,0.9705882352941176,0,1,-1,4685.181831359863,39,,120.13286747076573,269.3367086557242,0.4460322845346858,0.008210526315789474,results/basis_a4/qwen3_asr_1p7b/raw/seame_dev_man/L18/Raw_decoder_L18_oracle_local_rho0.5.json
qwen3_asr_1p7b,Raw,encoder,seame_dev_man,18,0.6666666666666666,global,0.5,0.4701570680628272,0.9292929292929293,-0.20837696335078532,-0.2727272727272727,0.901749663526245,0.20588235294117646,0,27,-27,35919.609130859375,2965,,12.114539335871628,25.309445041186894,0.47865685384081863,1.0,results/basis_a4/qwen3_asr_1p7b/raw/seame_dev_man/L18/Raw_encoder_L18_global_rho0.5.json
qwen3_asr_1p7b,Raw,encoder,seame_dev_man,18,0.6666666666666666,oracle_local,0.5,0.26596858638743454,0.6868686868686869,-0.004188481675392652,-0.030303030303030276,0.9878869448183042,0.9117647058823529,0,3,-3,7687.495510101318,636,,12.087257091354275,25.273110641623443,0.4782655076675531,0.21450252951096122,results/basis_a4/qwen3_asr_1p7b/raw/seame_dev_man/L18/Raw_encoder_L18_oracle_local_rho0.5.json
qwen3_asr_1p7b,Raw,decoder,seame_dev_man,19,0.7037037037037037,global,0.5,0.2712041884816754,0.7272727272727273,-0.009424083769633496,-0.07070707070707072,0.9892328398384926,0.7941176470588235,0,7,-7,145809.6343536377,902,,161.65147932775798,338.0276800185244,0.4782196514761728,0.18921753723515838,results/basis_a4/qwen3_asr_1p7b/raw/seame_dev_man/L19/Raw_decoder_L19_global_rho0.5.json
qwen3_asr_1p7b,Raw,decoder,seame_dev_man,19,0.7037037037037037,oracle_local,0.5,0.2607329842931937,0.6464646464646465,0.0010471204188481908,0.010101010101010055,1.0,1.0,1,0,1,6262.4835205078125,39,,160.57650052584134,340.3526282677284,0.471794507194252,0.008203618005889778,results/basis_a4/qwen3_asr_1p7b/raw/seame_dev_man/L19/Raw_decoder_L19_oracle_local_rho0.5.json
qwen3_asr_1p7b,Raw,encoder,seame_dev_man,19,0.7037037037037037,global,0.5,0.27015706806282724,0.6666666666666666,-0.00837696335078536,-0.010101010101010055,0.971736204576043,0.9117647058823529,2,3,-1,37031.170654296875,2965,,12.489433610218171,25.440936999779325,0.4909187743488576,1.0,results/basis_a4/qwen3_asr_1p7b/raw/seame_dev_man/L19/Raw_encoder_L19_global_rho0.5.json
qwen3_asr_1p7b,Raw,encoder,seame_dev_man,19,0.7037037037037037,oracle_local,0.5,0.2628272251308901,0.6565656565656566,-0.0010471204188481908,0.0,0.9919246298788694,1.0,0,0,0,7927.640518188477,636,,12.464843582057354,25.47480479426354,0.4893008477483685,0.21450252951096122,results/basis_a4/qwen3_asr_1p7b/raw/seame_dev_man/L19/Raw_encoder_L19_oracle_local_rho0.5.json
qwen3_asr_1p7b,Raw,decoder,seame_dev_man,20,0.7407407407407407,global,0.5,0.2607329842931937,0.6262626262626263,0.0010471204188481908,0.030303030303030276,0.9798115746971736,0.9411764705882353,5,2,3,190364.75747680664,896,,212.46066682679313,449.5166301727295,0.47264250656344753,0.18819575719386683,results/basis_a4/qwen3_asr_1p7b/raw/seame_dev_man/L20/Raw_decoder_L20_global_rho0.5.json
qwen3_asr_1p7b,Raw,decoder,seame_dev_man,20,0.7407407407407407,oracle_local,0.5,0.2649214659685864,0.6666666666666666,-0.003141361256544517,-0.010101010101010055,0.9946164199192463,0.9705882352941176,0,1,-1,8239.166442871094,39,,211.26067802233572,449.709477351262,0.4697714606030481,0.008203618005889778,results/basis_a4/qwen3_asr_1p7b/raw/seame_dev_man/L20/Raw_decoder_L20_oracle_local_rho0.5.json
qwen3_asr_1p7b,Raw,encoder,seame_dev_man,20,0.7407407407407407,global,0.5,0.2869109947643979,0.7373737373737373,-0.025130890052356025,-0.08080808080808077,0.9569313593539704,0.7647058823529411,0,8,-8,39044.8722076416,2965,,13.168590963791434,27.339728153736957,0.481665029357341,1.0,results/basis_a4/qwen3_asr_1p7b/raw/seame_dev_man/L20/Raw_encoder_L20_global_rho0.5.json
qwen3_asr_1p7b,Raw,encoder,seame_dev_man,20,0.7407407407407407,oracle_local,0.5,0.2607329842931937,0.6767676767676768,0.0010471204188481908,-0.02020202020202022,0.9946164199192463,0.9411764705882353,0,2,-2,8354.988018035889,636,,13.136773613263976,27.439183037236052,0.47875964803459553,0.21450252951096122,results/basis_a4/qwen3_asr_1p7b/raw/seame_dev_man/L20/Raw_encoder_L20_oracle_local_rho0.5.json
qwen3_asr_1p7b,Raw,decoder,seame_dev_man,21,0.7777777777777778,global,0.5,0.45340314136125653,0.8484848484848485,-0.19162303664921465,-0.19191919191919193,0.9488559892328399,0.4411764705882353,0,19,-19,289186.75692749023,1024,,282.4089423120022,606.7482343018055,0.4654466652663184,0.20944978523215382,results/basis_a4/qwen3_asr_1p7b/raw/seame_dev_man/L21/Raw_decoder_L21_global_rho0.5.json
qwen3_asr_1p7b,Raw,decoder,seame_dev_man,21,0.7777777777777778,oracle_local,0.5,0.2628272251308901,0.6565656565656566,-0.0010471204188481908,0.0,0.9986541049798116,1.0,0,0,0,11000.480163574219,39,,282.0635939378005,617.3578725961538,0.4568883081569012,0.008203618005889778,results/basis_a4/qwen3_asr_1p7b/raw/seame_dev_man/L21/Raw_decoder_L21_oracle_local_rho0.5.json
qwen3_asr_1p7b,Raw,encoder,seame_dev_man,21,0.7777777777777778,global,0.5,0.2848167539267016,0.8080808080808081,-0.0230366492146597,-0.1515151515151515,0.9838492597577388,0.5588235294117647,0,15,-15,38556.364196777344,2965,,13.003832781375158,27.890225924770103,0.46625053581319625,1.0,results/basis_a4/qwen3_asr_1p7b/raw/seame_dev_man/L21/Raw_encoder_L21_global_rho0.5.json
qwen3_asr_1p7b,Raw,encoder,seame_dev_man,21,0.7777777777777778,oracle_local,0.5,0.2638743455497382,0.6868686868686869,-0.002094240837696326,-0.030303030303030276,0.9959623149394348,0.9117647058823529,0,3,-3,8247.90805053711,636,,12.96840888449231,27.971159317208535,0.4636350155323677,0.21450252951096122,results/basis_a4/qwen3_asr_1p7b/raw/seame_dev_man/L21/Raw_encoder_L21_oracle_local_rho0.5.json
qwen3_asr_1p7b,Raw,decoder,seame_dev_man,22,0.8148148148148148,global,0.5,0.25863874345549737,0.6666666666666666,0.003141361256544517,-0.010101010101010055,0.9919246298788694,0.9705882352941176,0,1,-1,321096.5101623535,892,,359.9736661012932,780.1026284256324,0.4614439856814425,0.18751313853268867,results/basis_a4/qwen3_asr_1p7b/raw/seame_dev_man/L22/Raw_decoder_L22_global_rho0.5.json
qwen3_asr_1p7b,Raw,decoder,seame_dev_man,22,0.8148148148148148,oracle_local,0.5,0.2607329842931937,0.6565656565656566,0.0010471204188481908,0.0,1.0,1.0,0,0,0,13981.013916015625,39,,358.48753630809296,778.6287200145232,0.46040882784468357,0.008207070707070708,results/basis_a4/qwen3_asr_1p7b/raw/seame_dev_man/L22/Raw_decoder_L22_oracle_local_rho0.5.json
qwen3_asr_1p7b,Raw,encoder,seame_dev_man,22,0.8148148148148148,global,0.5,0.2712041884816754,0.6767676767676768,-0.009424083769633496,-0.02020202020202022,0.9744279946164199,0.9411764705882353,0,2,-2,40308.564544677734,2965,,13.594794112876134,29.510961986110747,0.46066929703187875,1.0,results/basis_a4/qwen3_asr_1p7b/raw/seame_dev_man/L22/Raw_encoder_L22_global_rho0.5.json
qwen3_asr_1p7b,Raw,encoder,seame_dev_man,22,0.8148148148148148,oracle_local,0.5,0.2638743455497382,0.6666666666666666,-0.002094240837696326,-0.010101010101010055,0.9959623149394348,0.9705882352941176,0,1,-1,8623.68930053711,636,,13.55925990650489,29.547551317035026,0.4588962300469068,0.21450252951096122,results/basis_a4/qwen3_asr_1p7b/raw/seame_dev_man/L22/Raw_encoder_L22_oracle_local_rho0.5.json
qwen3_asr_1p7b,Raw,decoder,seame_dev_man,23,0.8518518518518519,global,0.5,0.2649214659685864,0.6565656565656566,-0.003141361256544517,0.0,0.9878869448183042,1.0,0,0,0,415405.8812561035,895,,464.14064944816033,991.9881603390145,0.4678893035271097,0.1880252100840336,results/basis_a4/qwen3_asr_1p7b/raw/seame_dev_man/L23/Raw_decoder_L23_global_rho0.5.json
qwen3_asr_1p7b,Raw,decoder,seame_dev_man,23,0.8518518518518519,oracle_local,0.5,0.2617801047120419,0.6565656565656566,0.0,0.0,1.0,1.0,0,0,0,18043.476470947266,39,,462.6532428448017,996.7520313752003,0.4641608226335768,0.008207070707070708,results/basis_a4/qwen3_asr_1p7b/raw/seame_dev_man/L23/Raw_decoder_L23_oracle_local_rho0.5.json
qwen3_asr_1p7b,Raw,encoder,seame_dev_man,23,0.8518518518518519,global,0.5,0.2994764397905759,0.8181818181818182,-0.03769633507853404,-0.16161616161616166,0.9825033647375505,0.5294117647058824,0,16,-16,48609.107971191406,2965,,16.39430285706287,37.52490932213718,0.4368912051545274,1.0,results/basis_a4/qwen3_asr_1p7b/raw/seame_dev_man/L23/Raw_encoder_L23_global_rho0.5.json
qwen3_asr_1p7b,Raw,encoder,seame_dev_man,23,0.8518518518518519,oracle_local,0.5,0.2680628272251309,0.696969696969697,-0.006282722513089034,-0.04040404040404044,0.990578734858681,0.8823529411764706,0,4,-4,10411.066413879395,636,,16.369601279684584,37.606087282768584,0.4352912643263812,0.21450252951096122,results/basis_a4/qwen3_asr_1p7b/raw/seame_dev_man/L23/Raw_encoder_L23_oracle_local_rho0.5.json
qwen3_asr_1p7b,Raw,decoder,seame_dev_man,24,0.8888888888888888,global,0.5,0.2617801047120419,0.6565656565656566,0.0,0.0,0.9919246298788694,1.0,0,0,0,524804.3301391602,895,,586.3735532281119,1267.5900627264098,0.4625892632566904,0.1880252100840336,results/basis_a4/qwen3_asr_1p7b/raw/seame_dev_man/L24/Raw_decoder_L24_global_rho0.5.json
qwen3_asr_1p7b,Raw,decoder,seame_dev_man,24,0.8888888888888888,oracle_local,0.5,0.25968586387434556,0.6565656565656566,0.002094240837696326,0.0,1.0,1.0,0,0,0,22792.519958496094,39,,584.423588679387,1264.9011011368189,0.46203105377498793,0.008208798147758366,results/basis_a4/qwen3_asr_1p7b/raw/seame_dev_man/L24/Raw_decoder_L24_oracle_local_rho0.5.json
qwen3_asr_1p7b,Raw,decoder,seame_dev_man,25,0.9259259259259259,global,0.5,0.2837696335078534,0.7777777777777778,-0.021989528795811508,-0.12121212121212122,0.9825033647375505,0.6176470588235294,1,13,-12,673290.785949707,878,,766.8459976648144,1645.5782387978938,0.46600397330545684,0.18511490617752477,results/basis_a4/qwen3_asr_1p7b/raw/seame_dev_man/L25/Raw_decoder_L25_global_rho0.5.json
qwen3_asr_1p7b,Raw,decoder,seame_dev_man,25,0.9259259259259259,oracle_local,0.5,0.2607329842931937,0.6565656565656566,0.0010471204188481908,0.0,1.0,1.0,0,0,0,29753.347045898438,39,,762.9063345102163,1625.1110307742388,0.46944874538618503,0.008207070707070708,results/basis_a4/qwen3_asr_1p7b/raw/seame_dev_man/L25/Raw_decoder_L25_oracle_local_rho0.5.json
qwen3_asr_1p7b,Raw,decoder,seame_dev_man,26,0.9629629629629629,global,0.5,0.27225130890052357,0.6464646464646465,-0.010471204188481686,0.010101010101010055,0.9771197846567967,0.9705882352941176,2,1,1,807983.8981933594,892,,905.8115450598199,1958.4635660487975,0.46251130772235693,0.18751313853268867,results/basis_a4/qwen3_asr_1p7b/raw/seame_dev_man/L26/Raw_decoder_L26_global_rho0.5.json
qwen3_asr_1p7b,Raw,decoder,seame_dev_man,26,0.9629629629629629,oracle_local,0.5,0.2638743455497382,0.6565656565656566,-0.002094240837696326,0.0,0.9973082099596231,1.0,0,0,0,35199.5029296875,39,,902.5513571714744,1948.8617225060095,0.46311718617516806,0.00820534399326741,results/basis_a4/qwen3_asr_1p7b/raw/seame_dev_man/L26/Raw_decoder_L26_oracle_local_rho0.5.json
qwen3_asr_1p7b,Raw,decoder,seame_dev_man,27,1.0,global,0.5,0.2879581151832461,0.7373737373737373,-0.026178010471204216,-0.08080808080808077,0.9730820995962315,0.7352941176470589,1,9,-8,932180.8356323242,887,,1050.9366805324962,2403.2206841332263,0.43730344344615996,0.18665824915824916,results/basis_a4/qwen3_asr_1p7b/raw/seame_dev_man/L27/Raw_decoder_L27_global_rho0.5.json
qwen3_asr_1p7b,Raw,decoder,seame_dev_man,27,1.0,oracle_local,0.5,0.2617801047120419,0.6565656565656566,0.0,0.0,0.9973082099596231,1.0,0,0,0,40793.40594482422,39,,1045.9847678160056,2380.595412034255,0.43937947730571986,0.008201892744479496,results/basis_a4/qwen3_asr_1p7b/raw/seame_dev_man/L27/Raw_decoder_L27_oracle_local_rho0.5.json
qwen3_asr_1p7b,Raw,decoder,seame_dev_sge,0,0.0,global,0.5,0.2681242807825086,0.7954545454545454,0.0023014959723820505,-0.022727272727272707,1.0,0.9,0,2,-2,2267.2097766399384,781,,2.9029574604864767,7.381606385283525,0.39326906759401464,0.18428504011326097,results/basis_a4/qwen3_asr_1p7b/raw/seame_dev_sge/L00/Raw_decoder_L0_global_rho0.5.json
qwen3_asr_1p7b,Raw,decoder,seame_dev_sge,0,0.0,oracle_local,0.5,0.27042577675489066,0.7727272727272727,0.0,0.0,1.0,1.0,0,0,0,104.75630807876587,36,,2.9098974466323853,7.39311487144894,0.39359559498662144,0.008488564017920301,results/basis_a4/qwen3_asr_1p7b/raw/seame_dev_sge/L00/Raw_decoder_L0_oracle_local_rho0.5.json
qwen3_asr_1p7b,Raw,encoder,seame_dev_sge,0,0.0,global,0.5,0.2727272727272727,0.7954545454545454,-0.0023014959723820505,-0.022727272727272707,0.9925149700598802,0.9,0,2,-2,27948.184524536133,2557,,10.930068253631651,24.923208249375183,0.4385498104524992,1.0,results/basis_a4/qwen3_asr_1p7b/raw/seame_dev_sge/L00/Raw_encoder_L0_global_rho0.5.json
qwen3_asr_1p7b,Raw,encoder,seame_dev_sge,0,0.0,oracle_local,0.5,0.2773302646720368,0.7840909090909091,-0.0069044879171461515,-0.011363636363636354,0.9940119760479041,0.95,0,1,-1,6359.193923950195,582,,10.926450041151538,24.5540740416222,0.44499540168486296,0.22761048103245993,results/basis_a4/qwen3_asr_1p7b/raw/seame_dev_sge/L00/Raw_encoder_L0_oracle_local_rho0.5.json
qwen3_asr_1p7b,Raw,decoder,seame_dev_sge,1,0.037037037037037035,global,0.5,0.2646720368239356,0.75,0.005753739930955071,0.022727272727272707,1.0,0.95,3,1,2,4923.126360416412,781,,6.30361889938081,14.864764504182354,0.4240644981363292,0.18428504011326097,results/basis_a4/qwen3_asr_1p7b/raw/seame_dev_sge/L01/Raw_decoder_L1_global_rho0.5.json
qwen3_asr_1p7b,Raw,decoder,seame_dev_sge,1,0.037037037037037035,oracle_local,0.5,0.27042577675489066,0.7727272727272727,0.0,0.0,1.0,1.0,0,0,0,225.96705389022827,36,,6.276862608061896,14.470035447014702,0.4337834990830564,0.008488564017920301,results/basis_a4/qwen3_asr_1p7b/raw/seame_dev_sge/L01/Raw_decoder_L1_oracle_local_rho0.5.json
qwen3_asr_1p7b,Raw,encoder,seame_dev_sge,1,0.037037037037037035,global,0.5,0.27387802071346373,0.7840909090909091,-0.0034522439585730758,-0.011363636363636354,0.9805389221556886,0.9,1,2,-1,28534.796478271484,2557,,11.159482392753807,25.125013259690768,0.44415826879014964,1.0,results/basis_a4/qwen3_asr_1p7b/raw/seame_dev_sge/L01/Raw_encoder_L1_global_rho0.5.json
qwen3_asr_1p7b,Raw,encoder,seame_dev_sge,1,0.037037037037037035,oracle_local,0.5,0.27502876869965476,0.7954545454545454,-0.004602991944764101,-0.022727272727272707,0.9910179640718563,0.9,0,2,-2,6490.52473449707,582,,11.152104354805962,24.799156385598724,0.4496969244196618,0.22761048103245993,results/basis_a4/qwen3_asr_1p7b/raw/seame_dev_sge/L01/Raw_encoder_L1_oracle_local_rho0.5.json
qwen3_asr_1p7b,Raw,decoder,seame_dev_sge,2,0.07407407407407407,global,0.5,0.26927502876869963,0.7954545454545454,0.0011507479861910253,-0.022727272727272707,1.0,0.9,0,2,-2,7261.934820652008,781,,9.298252011078116,20.700618094274542,0.4491775061368753,0.18428504011326097,results/basis_a4/qwen3_asr_1p7b/raw/seame_dev_sge/L02/Raw_decoder_L2_global_rho0.5.json
qwen3_asr_1p7b,Raw,decoder,seame_dev_sge,2,0.07407407407407407,oracle_local,0.5,0.2669735327963176,0.7727272727272727,0.0034522439585730758,0.0,1.0,1.0,0,0,0,333.40008449554443,36,,9.261113458209568,20.107058816485935,0.46059016103420897,0.008486562942008486,results/basis_a4/qwen3_asr_1p7b/raw/seame_dev_sge/L02/Raw_decoder_L2_oracle_local_rho0.5.json
qwen3_asr_1p7b,Raw,encoder,seame_dev_sge,2,0.07407407407407407,global,0.5,0.2612197928653625,0.7727272727272727,0.009205983889528147,0.0,0.9940119760479041,0.95,1,1,0,28443.516830444336,2557,,11.123784446790902,24.74009106053847,0.44962584897408986,1.0,results/basis_a4/qwen3_asr_1p7b/raw/seame_dev_sge/L02/Raw_encoder_L2_global_rho0.5.json
qwen3_asr_1p7b,Raw,encoder,seame_dev_sge,2,0.07407407407407407,oracle_local,0.5,0.2669735327963176,0.7727272727272727,0.0034522439585730758,0.0,0.9970059880239521,1.0,0,0,0,6474.163318634033,582,,11.123991956415864,24.488499356299332,0.4542537210861951,0.22761048103245993,results/basis_a4/qwen3_asr_1p7b/raw/seame_dev_sge/L02/Raw_encoder_L2_oracle_local_rho0.5.json
qwen3_asr_1p7b,Raw,decoder,seame_dev_sge,3,0.1111111111111111,global,0.5,0.2727272727272727,0.7727272727272727,-0.0023014959723820505,0.0,0.9970059880239521,0.9,2,2,0,8757.38519191742,782,,11.1987022914545,25.135782941832872,0.4455282860044424,0.18447747110167492,results/basis_a4/qwen3_asr_1p7b/raw/seame_dev_sge/L03/Raw_decoder_L3_global_rho0.5.json
qwen3_asr_1p7b,Raw,decoder,seame_dev_sge,3,0.1111111111111111,oracle_local,0.5,0.27042577675489066,0.7727272727272727,0.0,0.0,1.0,1.0,0,0,0,404.3830919265747,36,,11.232863664627075,24.898800373077393,0.4511407576395914,0.008488564017920301,results/basis_a4/qwen3_asr_1p7b/raw/seame_dev_sge/L03/Raw_decoder_L3_oracle_local_rho0.5.json
qwen3_asr_1p7b,Raw,encoder,seame_dev_sge,3,0.1111111111111111,global,0.5,0.2612197928653625,0.7727272727272727,0.009205983889528147,0.0,0.9880239520958084,0.85,3,3,0,29712.55760192871,2557,,11.620085100480528,25.8207825446996,0.45002838625686264,1.0,results/basis_a4/qwen3_asr_1p7b/raw/seame_dev_sge/L03/Raw_encoder_L3_global_rho0.5.json
qwen3_asr_1p7b,Raw,encoder,seame_dev_sge,3,0.1111111111111111,oracle_local,0.5,0.27042577675489066,0.7840909090909091,0.0,-0.011363636363636354,0.9985029940119761,0.95,0,1,-1,6767.421569824219,582,,11.627872113100032,25.644627771017067,0.45342331411187686,0.22761048103245993,results/basis_a4/qwen3_asr_1p7b/raw/seame_dev_sge/L03/Raw_encoder_L3_oracle_local_rho0.5.json
qwen3_asr_1p7b,Raw,decoder,seame_dev_sge,4,0.14814814814814814,global,0.5,0.2681242807825086,0.7613636363636364,0.0023014959723820505,0.011363636363636354,0.9940119760479041,0.95,2,1,1,10407.982866287231,782,,13.309441005482393,29.163924053806785,0.4563666048823462,0.18447747110167492,results/basis_a4/qwen3_asr_1p7b/raw/seame_dev_sge/L04/Raw_decoder_L4_global_rho0.5.json
qwen3_asr_1p7b,Raw,decoder,seame_dev_sge,4,0.14814814814814814,oracle_local,0.5,0.2669735327963176,0.7727272727272727,0.0034522439585730758,0.0,1.0,1.0,0,0,0,479.28900718688965,36,,13.313583532969156,28.740486992730034,0.4632344447168503,0.008486562942008486,results/basis_a4/qwen3_asr_1p7b/raw/seame_dev_sge/L04/Raw_decoder_L4_oracle_local_rho0.5.json
qwen3_asr_1p7b,Raw,encoder,seame_dev_sge,4,0.14814814814814814,global,0.5,0.27848101265822783,0.7840909090909091,-0.008055235903337177,-0.011363636363636354,0.9715568862275449,0.85,2,3,-1,30721.15544128418,2557,,12.014530872617982,27.366950412909873,0.439016064681812,1.0,results/basis_a4/qwen3_asr_1p7b/raw/seame_dev_sge/L04/Raw_encoder_L4_global_rho0.5.json
qwen3_asr_1p7b,Raw,encoder,seame_dev_sge,4,0.14814814814814814,oracle_local,0.5,0.27042577675489066,0.7840909090909091,0.0,-0.011363636363636354,0.9925149700598802,0.95,0,1,-1,6978.414409637451,582,,11.990402765700088,27.13702549885229,0.44184661160476857,0.22761048103245993,results/basis_a4/qwen3_asr_1p7b/raw/seame_dev_sge/L04/Raw_encoder_L4_oracle_local_rho0.5.json
qwen3_asr_1p7b,Raw,decoder,seame_dev_sge,5,0.18518518518518517,global,0.5,0.2681242807825086,0.7727272727272727,0.0023014959723820505,0.0,0.9985029940119761,0.95,1,1,0,11895.364436149597,786,,15.134051445482948,34.169374698900995,0.4429127421512256,0.1852462880037709,results/basis_a4/qwen3_asr_1p7b/raw/seame_dev_sge/L05/Raw_decoder_L5_global_rho0.5.json
qwen3_asr_1p7b,Raw,decoder,seame_dev_sge,5,0.18518518518518517,oracle_local,0.5,0.27042577675489066,0.7727272727272727,0.0,0.0,1.0,1.0,0,0,0,543.8291673660278,36,,15.10636576016744,33.490865071614586,0.4510592881929152,0.008488564017920301,results/basis_a4/qwen3_asr_1p7b/raw/seame_dev_sge/L05/Raw_decoder_L5_oracle_local_rho0.5.json
qwen3_asr_1p7b,Raw,encoder,seame_dev_sge,5,0.18518518518518517,global,0.5,0.2807825086306099,0.7727272727272727,-0.010356731875719227,0.0,0.9595808383233533,0.85,3,3,0,31988.11067199707,2557,,12.510015906138863,28.28394952266068,0.44230088503432036,1.0,results/basis_a4/qwen3_asr_1p7b/raw/seame_dev_sge/L05/Raw_encoder_L5_global_rho0.5.json
qwen3_asr_1p7b,Raw,encoder,seame_dev_sge,5,0.18518518518518517,oracle_local,0.5,0.2761795166858458,0.7727272727272727,-0.005753739930955126,0.0,0.9895209580838323,0.95,1,1,0,7272.823165893555,582,,12.496259735212293,28.075374917885693,0.4450968071401044,0.22761048103245993,results/basis_a4/qwen3_asr_1p7b/raw/seame_dev_sge/L05/Raw_encoder_L5_oracle_local_rho0.5.json
qwen3_asr_1p7b,Raw,decoder,seame_dev_sge,6,0.2222222222222222,global,0.5,0.2715765247410817,0.7840909090909091,-0.0011507479861910253,-0.011363636363636354,0.9970059880239521,0.95,0,1,-1,13087.906970977783,779,,16.800907536556846,38.53632716618392,0.43597583817743374,0.18389990557129368,results/basis_a4/qwen3_asr_1p7b/raw/seame_dev_sge/L06/Raw_decoder_L6_global_rho0.5.json
qwen3_asr_1p7b,Raw,decoder,seame_dev_sge,6,0.2222222222222222,oracle_local,0.5,0.27042577675489066,0.7727272727272727,0.0,0.0,1.0,1.0,0,0,0,603.2367429733276,36,,16.756576193703545,37.91201718648275,0.44198587775693404,0.008488564017920301,results/basis_a4/qwen3_asr_1p7b/raw/seame_dev_sge/L06/Raw_decoder_L6_oracle_local_rho0.5.json
qwen3_asr_1p7b,Raw,encoder,seame_dev_sge,6,0.2222222222222222,global,0.5,0.2681242807825086,0.7727272727272727,0.0023014959723820505,0.0,0.9730538922155688,0.8,4,4,0,33239.348205566406,2557,,12.999354010780761,28.765267406071263,0.4519114606957239,1.0,results/basis_a4/qwen3_asr_1p7b/raw/seame_dev_sge/L06/Raw_encoder_L6_global_rho0.5.json
qwen3_asr_1p7b,Raw,encoder,seame_dev_sge,6,0.2222222222222222,oracle_local,0.5,0.27502876869965476,0.7954545454545454,-0.004602991944764101,-0.022727272727272707,0.9940119760479041,0.9,0,2,-2,7557.8361892700195,582,,12.985972833797284,28.60777533095317,0.4539315862057495,0.22761048103245993,results/basis_a4/qwen3_asr_1p7b/raw/seame_dev_sge/L06/Raw_encoder_L6_oracle_local_rho0.5.json
qwen3_asr_1p7b,Raw,decoder,seame_dev_sge,7,0.25925925925925924,global,0.5,0.27042577675489066,0.7840909090909091,0.0,-0.011363636363636354,1.0,0.95,0,1,-1,13856.600396156311,781,,17.742125987396044,42.51723501227424,0.4172925634104404,0.18428504011326097,results/basis_a4/qwen3_asr_1p7b/raw/seame_dev_sge/L07/Raw_decoder_L7_global_rho0.5.json
qwen3_asr_1p7b,Raw,decoder,seame_dev_sge,7,0.25925925925925924,oracle_local,0.5,0.27042577675489066,0.7727272727272727,0.0,0.0,1.0,1.0,0,0,0,637.2001991271973,36,,17.700005531311035,41.86209381951226,0.4228170145436184,0.008488564017920301,results/basis_a4/qwen3_asr_1p7b/raw/seame_dev_sge/L07/Raw_decoder_L7_oracle_local_rho0.5.json
qwen3_asr_1p7b,Raw,encoder,seame_dev_sge,7,0.25925925925925924,global,0.5,0.2807825086306099,0.7727272727272727,-0.010356731875719227,0.0,0.9655688622754491,0.95,1,1,0,33957.71798706055,2557,,13.28029643608156,29.09893722444668,0.4563842429586906,1.0,results/basis_a4/qwen3_asr_1p7b/raw/seame_dev_sge/L07/Raw_encoder_L7_global_rho0.5.json
qwen3_asr_1p7b,Raw,encoder,seame_dev_sge,7,0.25925925925925924,oracle_local,0.5,0.27963176064441886,0.8181818181818182,-0.009205983889528202,-0.045454545454545525,0.9910179640718563,0.8,0,4,-4,7722.056121826172,582,,13.268137666367993,28.971347258263027,0.45797447899437044,0.22761048103245993,results/basis_a4/qwen3_asr_1p7b/raw/seame_dev_sge/L07/Raw_encoder_L7_oracle_local_rho0.5.json
qwen3_asr_1p7b,Raw,decoder,seame_dev_sge,8,0.2962962962962963,global,0.5,0.2646720368239356,0.7613636363636364,0.005753739930955071,0.011363636363636354,1.0,0.95,2,1,1,15019.180545806885,783,,19.18158434968951,45.191772061441746,0.4244485992629509,0.18466981132075472,results/basis_a4/qwen3_asr_1p7b/raw/seame_dev_sge/L08/Raw_decoder_L8_global_rho0.5.json
qwen3_asr_1p7b,Raw,decoder,seame_dev_sge,8,0.2962962962962963,oracle_local,0.5,0.27042577675489066,0.7727272727272727,0.0,0.0,1.0,1.0,0,0,0,689.4656372070312,36,,19.15182325575087,44.80873499976264,0.4274127188784133,0.008488564017920301,results/basis_a4/qwen3_asr_1p7b/raw/seame_dev_sge/L08/Raw_decoder_L8_oracle_local_rho0.5.json
qwen3_asr_1p7b,Raw,encoder,seame_dev_sge,8,0.2962962962962963,global,0.5,0.2612197928653625,0.7727272727272727,0.009205983889528147,0.0,0.9865269461077845,0.8,4,4,0,33797.890533447266,2557,,13.21779058797312,29.63490744759713,0.4460209842512888,1.0,results/basis_a4/qwen3_asr_1p7b/raw/seame_dev_sge/L08/Raw_encoder_L8_global_rho0.5.json
qwen3_asr_1p7b,Raw,encoder,seame_dev_sge,8,0.2962962962962963,oracle_local,0.5,0.27042577675489066,0.7840909090909091,0.0,-0.011363636363636354,0.9970059880239521,0.95,0,1,-1,7686.99259185791,582,,13.207891051302251,29.476447967319555,0.44808285808201176,0.22761048103245993,results/basis_a4/qwen3_asr_1p7b/raw/seame_dev_sge/L08/Raw_encoder_L8_oracle_local_rho0.5.json
qwen3_asr_1p7b,Raw,decoder,seame_dev_sge,9,0.3333333333333333,global,0.5,0.2646720368239356,0.75,0.005753739930955071,0.022727272727272707,1.0,1.0,2,0,2,16120.360637664795,782,,20.61427191517237,51.30863706291179,0.40177001563881537,0.18447747110167492,results/basis_a4/qwen3_asr_1p7b/raw/seame_dev_sge/L09/Raw_decoder_L9_global_rho0.5.json
qwen3_asr_1p7b,Raw,decoder,seame_dev_sge,9,0.3333333333333333,oracle_local,0.5,0.27042577675489066,0.7727272727272727,0.0,0.0,1.0,1.0,0,0,0,738.24778175354,36,,20.506882826487224,50.55623149871826,0.40562522598242173,0.008488564017920301,results/basis_a4/qwen3_asr_1p7b/raw/seame_dev_sge/L09/Raw_decoder_L9_oracle_local_rho0.5.json
qwen3_asr_1p7b,Raw,encoder,seame_dev_sge,9,0.3333333333333333,global,0.5,0.28423475258918296,0.8068181818181818,-0.013808975834292303,-0.03409090909090906,0.9775449101796407,0.7,3,6,-3,33454.09573364258,2557,,13.083338182887204,28.9012925942801,0.4526904165343991,1.0,results/basis_a4/qwen3_asr_1p7b/raw/seame_dev_sge/L09/Raw_encoder_L9_global_rho0.5.json
qwen3_asr_1p7b,Raw,encoder,seame_dev_sge,9,0.3333333333333333,oracle_local,0.5,0.27848101265822783,0.7954545454545454,-0.008055235903337177,-0.022727272727272707,0.9940119760479041,0.85,1,3,-2,7608.796276092529,582,,13.073533120433899,28.74797843330095,0.45476356366296145,0.22761048103245993,results/basis_a4/qwen3_asr_1p7b/raw/seame_dev_sge/L09/Raw_encoder_L9_oracle_local_rho0.5.json
qwen3_asr_1p7b,Raw,decoder,seame_dev_sge,10,0.37037037037037035,global,0.5,0.2715765247410817,0.7840909090909091,-0.0011507479861910253,-0.011363636363636354,0.9925149700598802,0.95,0,1,-1,19826.763387680054,782,,25.35391737554994,60.89508429329719,0.4163540894932415,0.18447747110167492,results/basis_a4/qwen3_asr_1p7b/raw/seame_dev_sge/L10/Raw_decoder_L10_global_rho0.5.json
qwen3_asr_1p7b,Raw,decoder,seame_dev_sge,10,0.37037037037037035,oracle_local,0.5,0.27042577675489066,0.7727272727272727,0.0,0.0,1.0,1.0,0,0,0,909.3195934295654,36,,25.258877595265705,60.14222431182861,0.41998575683370354,0.008488564017920301,results/basis_a4/qwen3_asr_1p7b/raw/seame_dev_sge/L10/Raw_decoder_L10_oracle_local_rho0.5.json
qwen3_asr_1p7b,Raw,encoder,seame_dev_sge,10,0.37037037037037035,global,0.5,0.27387802071346373,0.8068181818181818,-0.0034522439585730758,-0.03409090909090906,0.9805389221556886,0.7,3,6,-3,34699.39758300781,2557,,13.570354940558394,29.410885115270275,0.461405866820125,1.0,results/basis_a4/qwen3_asr_1p7b/raw/seame_dev_sge/L10/Raw_encoder_L10_global_rho0.5.json
qwen3_asr_1p7b,Raw,encoder,seame_dev_sge,10,0.37037037037037035,oracle_local,0.5,0.27502876869965476,0.7954545454545454,-0.004602991944764101,-0.022727272727272707,0.9970059880239521,0.8,2,4,-2,7896.048416137695,582,,13.567093498518377,29.234484721704856,0.4640784206620759,0.22761048103245993,results/basis_a4/qwen3_asr_1p7b/raw/seame_dev_sge/L10/Raw_encoder_L10_oracle_local_rho0.5.json
qwen3_asr_1p7b,Raw,decoder,seame_dev_sge,11,0.4074074074074074,global,0.5,0.26927502876869963,0.7840909090909091,0.0011507479861910253,-0.011363636363636354,1.0,0.95,0,1,-1,25524.90266227722,782,,32.64054048884555,80.06551081567164,0.4076729187926026,0.18447747110167492,results/basis_a4/qwen3_asr_1p7b/raw/seame_dev_sge/L11/Raw_decoder_L11_global_rho0.5.json
qwen3_asr_1p7b,Raw,decoder,seame_dev_sge,11,0.4074074074074074,oracle_local,0.5,0.27042577675489066,0.7727272727272727,0.0,0.0,1.0,1.0,0,0,0,1173.09010887146,36,,32.58583635754056,79.80778333875868,0.40830398984049004,0.008488564017920301,results/basis_a4/qwen3_asr_1p7b/raw/seame_dev_sge/L11/Raw_decoder_L11_oracle_local_rho0.5.json
qwen3_asr_1p7b,Raw,encoder,seame_dev_sge,11,0.4074074074074074,global,0.5,0.30264672036823936,0.8295454545454546,-0.03222094361334871,-0.05681818181818188,0.9326347305389222,0.65,2,7,-5,34493.44389343262,2557,,13.489809891839116,29.480774057065318,0.4575799083744264,1.0,results/basis_a4/qwen3_asr_1p7b/raw/seame_dev_sge/L11/Raw_encoder_L11_global_rho0.5.json
qwen3_asr_1p7b,Raw,encoder,seame_dev_sge,11,0.4074074074074074,oracle_local,0.5,0.27963176064441886,0.7840909090909091,-0.009205983889528202,-0.011363636363636354,0.9940119760479041,0.85,2,3,-1,7859.172966003418,582,,13.503733618562574,29.25338690059701,0.46161265580796684,0.22761048103245993,results/basis_a4/qwen3_asr_1p7b/raw/seame_dev_sge/L11/Raw_encoder_L11_oracle_local_rho0.5.json
qwen3_asr_1p7b,Raw,decoder,seame_dev_sge,12,0.4444444444444444,global,0.5,0.26582278481012656,0.75,0.004602991944764101,0.022727272727272707,1.0,1.0,2,0,2,27199.554861068726,782,,34.782039464282256,86.73829349410504,0.40099981292168424,0.18447747110167492,results/basis_a4/qwen3_asr_1p7b/raw/seame_dev_sge/L12/Raw_decoder_L12_global_rho0.5.json
qwen3_asr_1p7b,Raw,decoder,seame_dev_sge,12,0.4444444444444444,oracle_local,0.5,0.27042577675489066,0.7727272727272727,0.0,0.0,1.0,1.0,0,0,0,1250.6961059570312,36,,34.74155849880643,85.94740253024631,0.4042188300755255,0.008488564017920301,results/basis_a4/qwen3_asr_1p7b/raw/seame_dev_sge/L12/Raw_decoder_L12_oracle_local_rho0.5.json
qwen3_asr_1p7b,Raw,encoder,seame_dev_sge,12,0.4444444444444444,global,0.5,0.43498273878020716,0.9318181818181818,-0.1645569620253165,-0.15909090909090906,0.7574850299401198,0.25,1,15,-14,33623.62057495117,2557,,13.149636517384112,29.02085645524235,0.4531098707463801,1.0,results/basis_a4/qwen3_asr_1p7b/raw/seame_dev_sge/L12/Raw_encoder_L12_global_rho0.5.json
qwen3_asr_1p7b,Raw,encoder,seame_dev_sge,12,0.4444444444444444,oracle_local,0.5,0.2899884925201381,0.8181818181818182,-0.01956271576524743,-0.045454545454545525,0.9790419161676647,0.75,1,5,-4,7653.992778778076,582,,13.151190341543087,28.82967958745268,0.45616845312657506,0.22761048103245993,results/basis_a4/qwen3_asr_1p7b/raw/seame_dev_sge/L12/Raw_encoder_L12_oracle_local_rho0.5.json
qwen3_asr_1p7b,Raw,decoder,seame_dev_sge,13,0.48148148148148145,global,0.5,0.2669735327963176,0.7613636363636364,0.0034522439585730758,0.011363636363636354,0.9955089820359282,0.95,2,1,1,29788.68455696106,781,,38.14172158381698,94.27254111940822,0.4045899381825893,0.18428504011326097,results/basis_a4/qwen3_asr_1p7b/raw/seame_dev_sge/L13/Raw_decoder_L13_global_rho0.5.json
qwen3_asr_1p7b,Raw,decoder,seame_dev_sge,13,0.48148148148148145,oracle_local,0.5,0.27042577675489066,0.7727272727272727,0.0,0.0,1.0,1.0,0,0,0,1369.180576324463,36,,38.032793786790634,92.98024219936795,0.4090416725871808,0.008488564017920301,results/basis_a4/qwen3_asr_1p7b/raw/seame_dev_sge/L13/Raw_decoder_L13_oracle_local_rho0.5.json
qwen3_asr_1p7b,Raw,encoder,seame_dev_sge,13,0.48148148148148145,global,0.5,0.33256616800920596,0.8636363636363636,-0.06214039125431531,-0.09090909090909094,0.8997005988023952,0.55,1,9,-8,31921.74739074707,2557,,12.484062335059471,27.685950967358295,0.45091686934568975,1.0,results/basis_a4/qwen3_asr_1p7b/raw/seame_dev_sge/L13/Raw_encoder_L13_global_rho0.5.json
qwen3_asr_1p7b,Raw,encoder,seame_dev_sge,13,0.48148148148148145,oracle_local,0.5,0.28883774453394706,0.8522727272727273,-0.018411967779056404,-0.07954545454545459,0.9865269461077845,0.6,1,8,-7,7268.698760986328,582,,12.489173128842488,27.488596886703647,0.4543401462183599,0.22761048103245993,results/basis_a4/qwen3_asr_1p7b/raw/seame_dev_sge/L13/Raw_encoder_L13_oracle_local_rho0.5.json
qwen3_asr_1p7b,Raw,decoder,seame_dev_sge,14,0.5185185185185185,global,0.5,0.2600690448791715,0.7613636363636364,0.010356731875719172,0.011363636363636354,1.0,0.9,3,2,1,33140.91773605347,784,,42.271578744966156,103.77672548683323,0.40733197686343847,0.1848620608347088,results/basis_a4/qwen3_asr_1p7b/raw/seame_dev_sge/L14/Raw_decoder_L14_global_rho0.5.json
qwen3_asr_1p7b,Raw,decoder,seame_dev_sge,14,0.5185185185185185,oracle_local,0.5,0.2669735327963176,0.7727272727272727,0.0034522439585730758,0.0,1.0,1.0,0,0,0,1515.0570678710938,36,,42.08491855197482,101.90059619479709,0.41299972839730675,0.008486562942008486,results/basis_a4/qwen3_asr_1p7b/raw/seame_dev_sge/L14/Raw_decoder_L14_oracle_local_rho0.5.json
qwen3_asr_1p7b,Raw,encoder,seame_dev_sge,14,0.5185185185185185,global,0.5,0.334867663981588,0.8977272727272727,-0.06444188722669736,-0.125,0.8937125748502994,0.45,0,11,-11,32706.888427734375,2557,,12.791117883353294,27.628740605312164,0.4629642033301349,1.0,results/basis_a4/qwen3_asr_1p7b/raw/seame_dev_sge/L14/Raw_encoder_L14_global_rho0.5.json
qwen3_asr_1p7b,Raw,encoder,seame_dev_sge,14,0.5185185185185185,oracle_local,0.5,0.285385500575374,0.8522727272727273,-0.014959723820483328,-0.07954545454545459,0.9850299401197605,0.6,1,8,-7,7445.741851806641,582,,12.793370879392853,27.496280303116105,0.4652764206052628,0.22761048103245993,results/basis_a4/qwen3_asr_1p7b/raw/seame_dev_sge/L14/Raw_encoder_L14_oracle_local_rho0.5.json
qwen3_asr_1p7b,Raw,decoder,seame_dev_sge,15,0.5555555555555556,global,0.5,0.26237054085155354,0.7727272727272727,0.008055235903337121,0.0,0.9955089820359282,0.85,3,3,0,40164.37586212158,774,,51.89195847819326,123.85670119292976,0.4189677100907275,0.1829354762467502,results/basis_a4/qwen3_asr_1p7b/raw/seame_dev_sge/L15/Raw_decoder_L15_global_rho0.5.json
qwen3_asr_1p7b,Raw,decoder,seame_dev_sge,15,0.5555555555555556,oracle_local,0.5,0.27042577675489066,0.7727272727272727,0.0,0.0,1.0,1.0,0,0,0,1858.6310501098633,36,,51.628640280829536,120.9990660349528,0.42668627099911377,0.008486562942008486,results/basis_a4/qwen3_asr_1p7b/raw/seame_dev_sge/L15/Raw_decoder_L15_oracle_local_rho0.5.json
qwen3_asr_1p7b,Raw,encoder,seame_dev_sge,15,0.5555555555555556,global,0.5,0.3037974683544304,0.8409090909090909,-0.03337169159953973,-0.06818181818181823,0.905688622754491,0.5,4,10,-6,31776.628479003906,2557,,12.427308752054715,26.66503289214885,0.46605263163630917,1.0,results/basis_a4/qwen3_asr_1p7b/raw/seame_dev_sge/L15/Raw_encoder_L15_global_rho0.5.json
qwen3_asr_1p7b,Raw,encoder,seame_dev_sge,15,0.5555555555555556,oracle_local,0.5,0.28768699654775604,0.8295454545454546,-0.01726121979286538,-0.05681818181818188,0.968562874251497,0.7,1,6,-5,7224.4892501831055,582,,12.413211770074064,26.626675674595784,0.46619457576213214,0.22761048103245993,results/basis_a4/qwen3_asr_1p7b/raw/seame_dev_sge/L15/Raw_encoder_L15_oracle_local_rho0.5.json
qwen3_asr_1p7b,Raw,decoder,seame_dev_sge,16,0.5925925925925926,global,0.5,0.2612197928653625,0.8068181818181818,0.009205983889528147,-0.03409090909090906,0.9895209580838323,0.85,0,3,-3,50936.731716156006,750,,67.915642288208,153.0948090311686,0.4436181913547509,0.17827430473021155,results/basis_a4/qwen3_asr_1p7b/raw/seame_dev_sge/L16/Raw_decoder_L16_global_rho0.5.json
qwen3_asr_1p7b,Raw,decoder,seame_dev_sge,16,0.5925925925925926,oracle_local,0.5,0.27042577675489066,0.7727272727272727,0.0,0.0,1.0,1.0,0,0,0,2434.531410217285,36,,67.6258725060357,150.20518324110242,0.45022329487449025,0.008486562942008486,results/basis_a4/qwen3_asr_1p7b/raw/seame_dev_sge/L16/Raw_decoder_L16_oracle_local_rho0.5.json
qwen3_asr_1p7b,Raw,encoder,seame_dev_sge,16,0.5925925925925926,global,0.5,0.27848101265822783,0.8977272727272727,-0.008055235903337177,-0.125,0.9595808383233533,0.4,1,12,-11,30946.646865844727,2557,,12.102716803224375,25.649281179154343,0.4718540343758437,1.0,results/basis_a4/qwen3_asr_1p7b/raw/seame_dev_sge/L16/Raw_encoder_L16_global_rho0.5.json
qwen3_asr_1p7b,Raw,encoder,seame_dev_sge,16,0.5925925925925926,oracle_local,0.5,0.2899884925201381,0.8863636363636364,-0.01956271576524743,-0.11363636363636365,0.9880239520958084,0.5,0,10,-10,7023.980979919434,582,,12.068695841785969,25.706766344837305,0.46947545560158427,0.22761048103245993,results/basis_a4/qwen3_asr_1p7b/raw/seame_dev_sge/L16/Raw_encoder_L16_oracle_local_rho0.5.json
qwen3_asr_1p7b,Raw,decoder,seame_dev_sge,17,0.6296296296296297,global,0.5,0.2715765247410817,0.7727272727272727,-0.0011507479861910253,0.0,0.9895209580838323,0.95,1,1,0,69349.49074554443,781,,88.79576279839236,204.95513609276844,0.4332448773481866,0.18428504011326097,results/basis_a4/qwen3_asr_1p7b/raw/seame_dev_sge/L17/Raw_decoder_L17_global_rho0.5.json
qwen3_asr_1p7b,Raw,decoder,seame_dev_sge,17,0.6296296296296297,oracle_local,0.5,0.2681242807825086,0.7727272727272727,0.0023014959723820505,0.0,1.0,1.0,0,0,0,3168.199104309082,36,,88.00553067525227,200.72709698147244,0.4384337341528702,0.008486562942008486,results/basis_a4/qwen3_asr_1p7b/raw/seame_dev_sge/L17/Raw_decoder_L17_oracle_local_rho0.5.json
qwen3_asr_1p7b,Raw,encoder,seame_dev_sge,17,0.6296296296296297,global,0.5,0.2945914844649022,0.875,-0.02416570771001153,-0.10227272727272729,0.9341317365269461,0.55,0,9,-9,30894.270797729492,2557,,12.082233397625926,26.00687603881502,0.4645784207066357,1.0,results/basis_a4/qwen3_asr_1p7b/raw/seame_dev_sge/L17/Raw_encoder_L17_global_rho0.5.json
qwen3_asr_1p7b,Raw,encoder,seame_dev_sge,17,0.6296296296296297,oracle_local,0.5,0.2727272727272727,0.8295454545454546,-0.0023014959723820505,-0.05681818181818188,0.9925149700598802,0.7,1,6,-5,6996.733421325684,582,,12.021878730800143,26.035411139943754,0.4617510615131432,0.22761048103245993,results/basis_a4/qwen3_asr_1p7b/raw/seame_dev_sge/L17/Raw_encoder_L17_oracle_local_rho0.5.json
qwen3_asr_1p7b,Raw,decoder,seame_dev_sge,18,0.6666666666666666,global,0.5,0.2612197928653625,0.7613636363636364,0.009205983889528147,0.011363636363636354,0.9925149700598802,1.0,1,0,1,93211.9923248291,771,,120.89752571313761,267.9772339856733,0.45114849465011303,0.18235572374645223,results/basis_a4/qwen3_asr_1p7b/raw/seame_dev_sge/L18/Raw_decoder_L18_global_rho0.5.json
qwen3_asr_1p7b,Raw,decoder,seame_dev_sge,18,0.6666666666666666,oracle_local,0.5,0.27042577675489066,0.7727272727272727,0.0,0.0,1.0,1.0,0,0,0,4312.526679992676,36,,119.79240777757433,262.67127312554254,0.4560544682033809,0.008488564017920301,results/basis_a4/qwen3_asr_1p7b/raw/seame_dev_sge/L18/Raw_decoder_L18_oracle_local_rho0.5.json
qwen3_asr_1p7b,Raw,encoder,seame_dev_sge,18,0.6666666666666666,global,0.5,0.28883774453394706,0.8181818181818182,-0.018411967779056404,-0.045454545454545525,0.9296407185628742,0.75,1,5,-4,31040.02947998047,2557,,12.139237184192597,25.490271600000458,0.47623020165043584,1.0,results/basis_a4/qwen3_asr_1p7b/raw/seame_dev_sge/L18/Raw_encoder_L18_global_rho0.5.json
qwen3_asr_1p7b,Raw,encoder,seame_dev_sge,18,0.6666666666666666,oracle_local,0.5,0.27848101265822783,0.7840909090909091,-0.008055235903337177,-0.011363636363636354,0.9820359281437125,0.85,2,3,-1,7027.81111907959,582,,12.07527683690651,25.490495806297485,0.4737168287610666,0.22761048103245993,results/basis_a4/qwen3_asr_1p7b/raw/seame_dev_sge/L18/Raw_encoder_L18_oracle_local_rho0.5.json
qwen3_asr_1p7b,Raw,decoder,seame_dev_sge,19,0.7037037037037037,global,0.5,0.2807825086306099,0.7840909090909091,-0.010356731875719227,-0.011363636363636354,0.9805389221556886,0.8,3,4,-1,127302.10537719727,785,,162.1682871047099,339.95472322694815,0.47702907482902956,0.18505421970768504,results/basis_a4/qwen3_asr_1p7b/raw/seame_dev_sge/L19/Raw_decoder_L19_global_rho0.5.json
qwen3_asr_1p7b,Raw,decoder,seame_dev_sge,19,0.7037037037037037,oracle_local,0.5,0.2669735327963176,0.7727272727272727,0.0034522439585730758,0.0,1.0,1.0,0,0,0,5769.66667175293,36,,160.2685186598036,333.04300096299914,0.4812247013039897,0.008486562942008486,results/basis_a4/qwen3_asr_1p7b/raw/seame_dev_sge/L19/Raw_decoder_L19_oracle_local_rho0.5.json
qwen3_asr_1p7b,Raw,encoder,seame_dev_sge,19,0.7037037037037037,global,0.5,0.2612197928653625,0.7159090909090909,0.009205983889528147,0.05681818181818177,0.9625748502994012,0.95,6,1,5,32014.239013671875,2557,,12.520234264243987,25.619605525751155,0.48869738652531025,1.0,results/basis_a4/qwen3_asr_1p7b/raw/seame_dev_sge/L19/Raw_encoder_L19_global_rho0.5.json
qwen3_asr_1p7b,Raw,encoder,seame_dev_sge,19,0.7037037037037037,oracle_local,0.5,0.2715765247410817,0.7613636363636364,-0.0011507479861910253,0.011363636363636354,0.9910179640718563,0.95,2,1,1,7255.506904602051,582,,12.466506708938232,25.68058716554412,0.48544476917820073,0.22761048103245993,results/basis_a4/qwen3_asr_1p7b/raw/seame_dev_sge/L19/Raw_encoder_L19_oracle_local_rho0.5.json
qwen3_asr_1p7b,Raw,decoder,seame_dev_sge,20,0.7407407407407407,global,0.5,0.27042577675489066,0.7386363636363636,0.0,0.03409090909090906,0.9820359281437125,1.0,3,0,3,169748.67196655273,797,,212.9845319530147,450.38009746939207,0.47289952009366754,0.18735307945463092,results/basis_a4/qwen3_asr_1p7b/raw/seame_dev_sge/L20/Raw_decoder_L20_global_rho0.5.json
qwen3_asr_1p7b,Raw,decoder,seame_dev_sge,20,0.7407407407407407,oracle_local,0.5,0.27042577675489066,0.7727272727272727,0.0,0.0,1.0,1.0,0,0,0,7602.003829956055,36,,211.16677305433484,445.8991538153754,0.4735751822973148,0.008484562809333018,results/basis_a4/qwen3_asr_1p7b/raw/seame_dev_sge/L20/Raw_decoder_L20_oracle_local_rho0.5.json
qwen3_asr_1p7b,Raw,encoder,seame_dev_sge,20,0.7407407407407407,global,0.5,0.2566168009205984,0.7272727272727273,0.013808975834292248,0.045454545454545414,0.9805389221556886,0.95,5,1,4,33718.80451965332,2557,,13.186861368655972,27.5237025505964,0.47910928206024483,1.0,results/basis_a4/qwen3_asr_1p7b/raw/seame_dev_sge/L20/Raw_encoder_L20_global_rho0.5.json
qwen3_asr_1p7b,Raw,encoder,seame_dev_sge,20,0.7407407407407407,oracle_local,0.5,0.2727272727272727,0.7613636363636364,-0.0023014959723820505,0.011363636363636354,0.9910179640718563,1.0,1,0,1,7636.112350463867,582,,13.120467956123482,27.58303264080454,0.4756716974156757,0.22761048103245993,results/basis_a4/qwen3_asr_1p7b/raw/seame_dev_sge/L20/Raw_encoder_L20_oracle_local_rho0.5.json
qwen3_asr_1p7b,Raw,decoder,seame_dev_sge,21,0.7777777777777778,global,0.5,0.285385500575374,0.8409090909090909,-0.014959723820483328,-0.06818181818181823,0.9865269461077845,0.7,0,6,-6,223629.9443359375,788,,283.7943456039816,612.5083751388007,0.4633313716562175,0.1856301531213192,results/basis_a4/qwen3_asr_1p7b/raw/seame_dev_sge/L21/Raw_decoder_L21_global_rho0.5.json
qwen3_asr_1p7b,Raw,decoder,seame_dev_sge,21,0.7777777777777778,oracle_local,0.5,0.27042577675489066,0.7727272727272727,0.0,0.0,1.0,1.0,0,0,0,10124.794342041016,36,,281.2442872789171,604.9721086290148,0.46488802255077794,0.008488564017920301,results/basis_a4/qwen3_asr_1p7b/raw/seame_dev_sge/L21/Raw_decoder_L21_oracle_local_rho0.5.json
qwen3_asr_1p7b,Raw,encoder,seame_dev_sge,21,0.7777777777777778,global,0.5,0.2646720368239356,0.8068181818181818,0.005753739930955071,-0.03409090909090906,0.9775449101796407,0.75,2,5,-3,33299.63400268555,2557,,13.02293077930604,28.083246928525707,0.4637259648946764,1.0,results/basis_a4/qwen3_asr_1p7b/raw/seame_dev_sge/L21/Raw_encoder_L21_global_rho0.5.json
qwen3_asr_1p7b,Raw,encoder,seame_dev_sge,21,0.7777777777777778,oracle_local,0.5,0.27387802071346373,0.7840909090909091,-0.0034522439585730758,-0.011363636363636354,0.9910179640718563,0.9,1,2,-1,7520.323417663574,582,,12.921517899765592,28.082085049029477,0.46013384964846693,0.22761048103245993,results/basis_a4/qwen3_asr_1p7b/raw/seame_dev_sge/L21/Raw_encoder_L21_oracle_local_rho0.5.json
qwen3_asr_1p7b,Raw,decoder,seame_dev_sge,22,0.8148148148148148,global,0.5,0.2612197928653625,0.7727272727272727,0.009205983889528147,0.0,0.9940119760479041,0.95,1,1,0,284133.0513305664,787,,361.033102071876,783.0270959643276,0.46107357450670344,0.1854382657869934,results/basis_a4/qwen3_asr_1p7b/raw/seame_dev_sge/L22/Raw_decoder_L22_global_rho0.5.json
qwen3_asr_1p7b,Raw,decoder,seame_dev_sge,22,0.8148148148148148,oracle_local,0.5,0.2669735327963176,0.7727272727272727,0.0034522439585730758,0.0,1.0,1.0,0,0,0,12855.025756835938,36,,357.0840488009983,768.8485378689236,0.46444004405699396,0.008486562942008486,results/basis_a4/qwen3_asr_1p7b/raw/seame_dev_sge/L22/Raw_decoder_L22_oracle_local_rho0.5.json
qwen3_asr_1p7b,Raw,encoder,seame_dev_sge,22,0.8148148148148148,global,0.5,0.27387802071346373,0.7386363636363636,-0.0034522439585730758,0.03409090909090906,0.9775449101796407,0.95,4,1,3,34797.600341796875,2557,,13.608760399607695,29.70753157357942,0.45809125426330377,1.0,results/basis_a4/qwen3_asr_1p7b/raw/seame_dev_sge/L22/Raw_encoder_L22_global_rho0.5.json
qwen3_asr_1p7b,Raw,encoder,seame_dev_sge,22,0.8148148148148148,oracle_local,0.5,0.2761795166858458,0.7840909090909091,-0.005753739930955126,-0.011363636363636354,0.9895209580838323,0.95,0,1,-1,7853.977561950684,582,,13.4948068074754,29.47742664035653,0.4578013872147213,0.22761048103245993,results/basis_a4/qwen3_asr_1p7b/raw/seame_dev_sge/L22/Raw_encoder_L22_oracle_local_rho0.5.json
qwen3_asr_1p7b,Raw,decoder,seame_dev_sge,23,0.8518518518518519,global,0.5,0.2761795166858458,0.7954545454545454,-0.005753739930955126,-0.022727272727272707,0.9895209580838323,0.9,0,2,-2,370483.4401855469,796,,465.43145751953125,993.9026571302558,0.4682867624716836,0.18716200329179403,results/basis_a4/qwen3_asr_1p7b/raw/seame_dev_sge/L23/Raw_decoder_L23_global_rho0.5.json
qwen3_asr_1p7b,Raw,decoder,seame_dev_sge,23,0.8518518518518519,oracle_local,0.5,0.2669735327963176,0.7727272727272727,0.0034522439585730758,0.0,1.0,1.0,0,0,0,16558.361297607422,36,,459.95448048909503,965.3907470703125,0.4764438460643285,0.008486562942008486,results/basis_a4/qwen3_asr_1p7b/raw/seame_dev_sge/L23/Raw_decoder_L23_oracle_local_rho0.5.json
qwen3_asr_1p7b,Raw,encoder,seame_dev_sge,23,0.8518518518518519,global,0.5,0.2669735327963176,0.8068181818181818,0.0034522439585730758,-0.03409090909090906,0.9895209580838323,0.8,1,4,-3,41985.86289978027,2557,,16.41996984739158,37.77203857278656,0.43471230221663487,1.0,results/basis_a4/qwen3_asr_1p7b/raw/seame_dev_sge/L23/Raw_encoder_L23_global_rho0.5.json
qwen3_asr_1p7b,Raw,encoder,seame_dev_sge,23,0.8518518518518519,oracle_local,0.5,0.26927502876869963,0.7613636363636364,0.0011507479861910253,0.011363636363636354,0.9940119760479041,0.95,2,1,1,9468.215419769287,582,,16.268411374174033,37.41754963143994,0.4347802444151652,0.22761048103245993,results/basis_a4/qwen3_asr_1p7b/raw/seame_dev_sge/L23/Raw_encoder_L23_oracle_local_rho0.5.json
qwen3_asr_1p7b,Raw,decoder,seame_dev_sge,24,0.8888888888888888,global,0.5,0.26352128883774456,0.75,0.006904487917146096,0.022727272727272707,0.9970059880239521,0.95,3,1,2,463740.03872680664,788,,588.5025872167597,1273.4699072668395,0.46212524054048687,0.1856301531213192,results/basis_a4/qwen3_asr_1p7b/raw/seame_dev_sge/L24/Raw_decoder_L24_global_rho0.5.json
qwen3_asr_1p7b,Raw,decoder,seame_dev_sge,24,0.8888888888888888,oracle_local,0.5,0.2669735327963176,0.7727272727272727,0.0034522439585730758,0.0,1.0,1.0,0,0,0,20938.322509765625,36,,581.6200697157118,1239.160420735677,0.469366241838494,0.008486562942008486,results/basis_a4/qwen3_asr_1p7b/raw/seame_dev_sge/L24/Raw_decoder_L24_oracle_local_rho0.5.json
qwen3_asr_1p7b,Raw,decoder,seame_dev_sge,25,0.9259259259259259,global,0.5,0.27502876869965476,0.8295454545454546,-0.004602991944764101,-0.05681818181818188,0.9895209580838323,0.75,0,5,-5,603064.7109985352,785,,768.2353006350767,1648.0715066897642,0.46614197109573025,0.18505421970768504,results/basis_a4/qwen3_asr_1p7b/raw/seame_dev_sge/L25/Raw_decoder_L25_global_rho0.5.json
qwen3_asr_1p7b,Raw,decoder,seame_dev_sge,25,0.9259259259259259,oracle_local,0.5,0.27042577675489066,0.7727272727272727,0.0,0.0,1.0,1.0,0,0,0,27372.506774902344,36,,760.347410413954,1600.0010138617622,0.47521683038111306,0.008490566037735849,results/basis_a4/qwen3_asr_1p7b/raw/seame_dev_sge/L25/Raw_decoder_L25_oracle_local_rho0.5.json
qwen3_asr_1p7b,Raw,decoder,seame_dev_sge,26,0.9629629629629629,global,0.5,0.25776754890678943,0.75,0.012658227848101222,0.022727272727272707,0.9880239520958084,0.9,4,2,2,729333.9893188477,803,,908.2615060010556,1972.9705915439174,0.460352277876737,0.1884976525821596,results/basis_a4/qwen3_asr_1p7b/raw/seame_dev_sge/L26/Raw_decoder_L26_global_rho0.5.json
qwen3_asr_1p7b,Raw,decoder,seame_dev_sge,26,0.9629629629629629,oracle_local,0.5,0.2681242807825086,0.7727272727272727,0.0023014959723820505,0.0,1.0,1.0,0,0,0,32348.617614746094,36,,898.5727115207249,1928.2601521809895,0.46600180504916816,0.008486562942008486,results/basis_a4/qwen3_asr_1p7b/raw/seame_dev_sge/L26/Raw_decoder_L26_oracle_local_rho0.5.json
qwen3_asr_1p7b,Raw,decoder,seame_dev_sge,27,1.0,global,0.5,0.285385500575374,0.8068181818181818,-0.014959723820483328,-0.03409090909090906,0.9745508982035929,0.8,1,4,-3,815355.1248779297,774,,1053.430393899134,2419.468402872406,0.43539745865186574,0.1829354762467502,results/basis_a4/qwen3_asr_1p7b/raw/seame_dev_sge/L27/Raw_decoder_L27_global_rho0.5.json
qwen3_asr_1p7b,Raw,decoder,seame_dev_sge,27,1.0,oracle_local,0.5,0.26927502876869963,0.7727272727272727,0.0011507479861910253,0.0,1.0,1.0,0,0,0,37520.44860839844,36,,1042.2346835666233,2368.531985812717,0.44003403365861665,0.008482563619227144,results/basis_a4/qwen3_asr_1p7b/raw/seame_dev_sge/L27/Raw_decoder_L27_oracle_local_rho0.5.json
qwen3_asr_1p7b,Conditioning,decoder,cs_dialogue,0,0.0,global,0.5,0.06202103011940831,0.0873015873015873,-0.0007128854036713636,-0.001763668430335097,0.9989469250210615,0.9951783992285439,6,10,-4,44697.66057014465,13380,,3.3406323296072236,7.341210381439448,0.45505198135354347,0.15322774590304739,results/basis_a4/qwen3_asr_1p7b/conditioning/cs_dialogue/L00/Conditioning_decoder_L0_global_rho0.5.json
qwen3_asr_1p7b,Conditioning,decoder,cs_dialogue,0,0.0,oracle_local,0.5,0.06136755183270956,0.08597883597883597,-5.9407116972616525e-05,-0.0004409171075837742,1.0,0.9990356798457087,1,2,-1,1699.458848953247,509,,3.3388189566861435,7.370016497104247,0.4530273382695953,0.005825464949928469,results/basis_a4/qwen3_asr_1p7b/conditioning/cs_dialogue/L00/Conditioning_decoder_L0_oracle_local_rho0.5.json
qwen3_asr_1p7b,Conditioning,decoder,cs_dialogue,1,0.037037037037037035,global,0.5,0.06166458741757262,0.0873015873015873,-0.00035644270183567833,-0.001763668430335097,0.9995787700084247,0.9946962391513983,7,11,-4,91591.33025121689,13308,,6.882426378961293,14.737352162680184,0.46700562645098875,0.15252896881339614,results/basis_a4/qwen3_asr_1p7b/conditioning/cs_dialogue/L01/Conditioning_decoder_L1_global_rho0.5.json
qwen3_asr_1p7b,Conditioning,decoder,cs_dialogue,1,0.037037037037037035,oracle_local,0.5,0.06160518030060001,0.08686067019400352,-0.00029703558486306875,-0.0013227513227513227,0.9999297950014041,0.9985535197685632,0,3,-3,3496.8981971740723,509,,6.87013398266026,14.682504361645412,0.46791295363799573,0.005826398507343094,results/basis_a4/qwen3_asr_1p7b/conditioning/cs_dialogue/L01/Conditioning_decoder_L1_oracle_local_rho0.5.json
qwen3_asr_1p7b,Conditioning,decoder,cs_dialogue,2,0.07407407407407407,global,0.5,0.061308144715736944,0.08597883597883597,0.0,-0.0004409171075837742,0.9995085650098287,0.9985535197685632,2,3,-1,130353.79878902435,13452,,9.69029131646033,20.703376938110654,0.4680536583682876,0.15392537159726752,results/basis_a4/qwen3_asr_1p7b/conditioning/cs_dialogue/L02/Conditioning_decoder_L2_global_rho0.5.json
qwen3_asr_1p7b,Conditioning,decoder,cs_dialogue,2,0.07407407407407407,oracle_local,0.5,0.06142695894968217,0.08597883597883597,-0.00011881423394522611,-0.0004409171075837742,0.9999297950014041,0.9990356798457087,1,2,-1,4945.654205322266,509,,9.716412977057496,20.853480237874628,0.4659372376324167,0.005825598296956726,results/basis_a4/qwen3_asr_1p7b/conditioning/cs_dialogue/L02/Conditioning_decoder_L2_oracle_local_rho0.5.json
qwen3_asr_1p7b,Conditioning,decoder,cs_dialogue,3,0.1111111111111111,global,0.5,0.061842808768490465,0.08818342151675485,-0.000534664052753521,-0.0026455026455026454,0.9992277450154451,0.9946962391513983,5,11,-6,173056.33575630188,13417,,12.898288421875373,25.327088921598044,0.509268493580254,0.153586391629845,results/basis_a4/qwen3_asr_1p7b/conditioning/cs_dialogue/L03/Conditioning_decoder_L3_global_rho0.5.json
qwen3_asr_1p7b,Conditioning,decoder,cs_dialogue,3,0.1111111111111111,oracle_local,0.5,0.06118933048179172,0.0855379188712522,0.00011881423394522611,0.0,1.0,1.0,0,0,0,6578.310778617859,509,,12.923989741881844,25.52243224108383,0.5063776688601767,0.005826598594290162,results/basis_a4/qwen3_asr_1p7b/conditioning/cs_dialogue/L03/Conditioning_decoder_L3_oracle_local_rho0.5.json
qwen3_asr_1p7b,Conditioning,decoder,cs_dialogue,4,0.14814814814814814,global,0.5,0.06160518030060001,0.08641975308641975,-0.00029703558486306875,-0.0008818342151675485,0.9993681550126369,0.9946962391513983,9,11,-2,204006.57060050964,13297,,15.342300564075328,30.12059586717104,0.5093624519160714,0.15242210963112404,results/basis_a4/qwen3_asr_1p7b/conditioning/cs_dialogue/L04/Conditioning_decoder_L4_global_rho0.5.json
qwen3_asr_1p7b,Conditioning,decoder,cs_dialogue,4,0.14814814814814814,oracle_local,0.5,0.06142695894968217,0.08641975308641975,-0.00011881423394522611,-0.0008818342151675485,1.0,0.9990356798457087,0,2,-2,7818.594491004944,509,,15.360696445982208,30.337884738075243,0.5063206145912977,0.005826731993223133,results/basis_a4/qwen3_asr_1p7b/conditioning/cs_dialogue/L04/Conditioning_decoder_L4_oracle_local_rho0.5.json
qwen3_asr_1p7b,Conditioning,decoder,cs_dialogue,5,0.18518518518518517,global,0.5,0.061308144715736944,0.0873015873015873,0.0,-0.001763668430335097,0.9997191800056164,0.996142719382835,4,8,-4,227387.93418884277,13381,,16.993343859864193,34.935301247523974,0.48642328112366257,0.1532374430269577,results/basis_a4/qwen3_asr_1p7b/conditioning/cs_dialogue/L05/Conditioning_decoder_L5_global_rho0.5.json
qwen3_asr_1p7b,Conditioning,decoder,cs_dialogue,5,0.18518518518518517,oracle_local,0.5,0.06142695894968217,0.08686067019400352,-0.00011881423394522611,-0.0013227513227513227,1.0,0.9985535197685632,0,3,-3,8699.149180412292,510,,17.057155255710377,35.288237437079935,0.4833665973293179,0.005836843069034975,results/basis_a4/qwen3_asr_1p7b/conditioning/cs_dialogue/L05/Conditioning_decoder_L5_oracle_local_rho0.5.json
qwen3_asr_1p7b,Conditioning,decoder,cs_dialogue,6,0.2222222222222222,global,0.5,0.061486366066654786,0.08862433862433862,-0.00017822135091784264,-0.0030864197530864196,0.9999297950014041,0.9951783992285439,3,10,-7,254184.31059646606,13504,,18.82289029890892,39.12893024694298,0.4810479146789221,0.15442849791297386,results/basis_a4/qwen3_asr_1p7b/conditioning/cs_dialogue/L06/Conditioning_decoder_L6_global_rho0.5.json
qwen3_asr_1p7b,Conditioning,decoder,cs_dialogue,6,0.2222222222222222,oracle_local,0.5,0.06136755183270956,0.08597883597883597,-5.9407116972616525e-05,-0.0004409171075837742,0.9999297950014041,0.9995178399228544,0,1,-1,9633.503442764282,510,,18.88922243679271,39.50858615800446,0.47810423691827664,0.005836843069034975,results/basis_a4/qwen3_asr_1p7b/conditioning/cs_dialogue/L06/Conditioning_decoder_L6_oracle_local_rho0.5.json
qwen3_asr_1p7b,Conditioning,decoder,cs_dialogue,7,0.25925925925925924,global,0.5,0.061842808768490465,0.08862433862433862,-0.000534664052753521,-0.0030864197530864196,0.9997893850042123,0.9942140790742526,5,12,-7,271948.25700187683,13542,,20.081838502575458,43.00305144625917,0.46698636090212553,0.15479578889612838,results/basis_a4/qwen3_asr_1p7b/conditioning/cs_dialogue/L07/Conditioning_decoder_L7_global_rho0.5.json
qwen3_asr_1p7b,Conditioning,decoder,cs_dialogue,7,0.25925925925925924,oracle_local,0.5,0.06142695894968217,0.08686067019400352,-0.00011881423394522611,-0.0013227513227513227,1.0,0.9980713596914176,1,4,-3,10271.195766448975,510,,20.139599542056814,43.30787776498234,0.46503316674503936,0.005835907998626845,results/basis_a4/qwen3_asr_1p7b/conditioning/cs_dialogue/L07/Conditioning_decoder_L7_oracle_local_rho0.5.json
qwen3_asr_1p7b,Conditioning,decoder,cs_dialogue,8,0.2962962962962963,global,0.5,0.06231806570427137,0.09082892416225749,-0.0010099209885344254,-0.005291005291005291,0.9997191800056164,0.9932497589199615,2,14,-12,293535.30620384216,13397,,21.91052520742272,46.278770051554545,0.4734465756763716,0.15339256680940713,results/basis_a4/qwen3_asr_1p7b/conditioning/cs_dialogue/L08/Conditioning_decoder_L8_global_rho0.5.json
qwen3_asr_1p7b,Conditioning,decoder,cs_dialogue,8,0.2962962962962963,oracle_local,0.5,0.061308144715736944,0.0855379188712522,0.0,0.0,1.0,0.9995178399228544,1,1,0,11182.169359207153,509,,21.968898544611303,46.598151448667636,0.4714542929629337,0.005824931622855704,results/basis_a4/qwen3_asr_1p7b/conditioning/cs_dialogue/L08/Conditioning_decoder_L8_oracle_local_rho0.5.json
qwen3_asr_1p7b,Conditioning,decoder,cs_dialogue,9,0.3333333333333333,global,0.5,0.06196162300243569,0.09303350970017636,-0.0006534782866987471,-0.007495590828924162,0.9999297950014041,0.9898746383799422,4,21,-17,336266.02573013306,13506,,24.89752893011499,52.44614421020309,0.47472563150355146,0.15444783697553946,results/basis_a4/qwen3_asr_1p7b/conditioning/cs_dialogue/L09/Conditioning_decoder_L9_global_rho0.5.json
qwen3_asr_1p7b,Conditioning,decoder,cs_dialogue,9,0.3333333333333333,oracle_local,0.5,0.061308144715736944,0.08641975308641975,0.0,-0.0008818342151675485,1.0,0.9990356798457087,0,2,-2,12734.230159759521,510,,24.96907874462651,53.01434591704724,0.4709872075701208,0.005836175131027853,results/basis_a4/qwen3_asr_1p7b/conditioning/cs_dialogue/L09/Conditioning_decoder_L9_oracle_local_rho0.5.json
qwen3_asr_1p7b,Conditioning,decoder,cs_dialogue,10,0.37037037037037035,global,0.5,0.061308144715736944,0.08597883597883597,0.0,-0.0004409171075837742,0.9994383600112328,0.9946962391513983,10,11,-1,397521.9782886505,13438,,29.58193021942629,62.32245395488373,0.47465926551674537,0.15378981219743873,results/basis_a4/qwen3_asr_1p7b/conditioning/cs_dialogue/L10/Conditioning_decoder_L10_global_rho0.5.json
qwen3_asr_1p7b,Conditioning,decoder,cs_dialogue,10,0.37037037037037035,oracle_local,0.5,0.06136755183270956,0.08641975308641975,-5.9407116972616525e-05,-0.0008818342151675485,1.0,0.9985535197685632,1,3,-2,15120.702516555786,510,,29.64843630697213,62.74130759893679,0.47255050048517877,0.005836175131027853,results/basis_a4/qwen3_asr_1p7b/conditioning/cs_dialogue/L10/Conditioning_decoder_L10_oracle_local_rho0.5.json
qwen3_asr_1p7b,Conditioning,decoder,cs_dialogue,11,0.4074074074074074,global,0.5,0.06481316461712112,0.10008818342151675,-0.0035050199013841807,-0.01455026455026455,0.9994383600112328,0.9802314368370298,8,41,-33,501557.4855117798,13384,,37.474408660473685,80.49456502460679,0.46555203632714764,0.15326653306613228,results/basis_a4/qwen3_asr_1p7b/conditioning/cs_dialogue/L11/Conditioning_decoder_L11_global_rho0.5.json
qwen3_asr_1p7b,Conditioning,decoder,cs_dialogue,11,0.4074074074074074,oracle_local,0.5,0.06136755183270956,0.08641975308641975,-5.9407116972616525e-05,-0.0008818342151675485,1.0,0.9990356798457087,0,2,-2,19131.612720489502,509,,37.58666546265128,81.24606237055511,0.4626275337655416,0.005825531622679516,results/basis_a4/qwen3_asr_1p7b/conditioning/cs_dialogue/L11/Conditioning_decoder_L11_oracle_local_rho0.5.json
qwen3_asr_1p7b,Conditioning,decoder,cs_dialogue,12,0.4444444444444444,global,0.5,0.06208043723638092,0.08818342151675485,-0.0007722925206439732,-0.0026455026455026454,0.9996489750070205,0.9951783992285439,4,10,-6,559127.8113822937,13503,,41.40767321204871,86.92366636013936,0.4763682314145581,0.15441882804995197,results/basis_a4/qwen3_asr_1p7b/conditioning/cs_dialogue/L12/Conditioning_decoder_L12_global_rho0.5.json
qwen3_asr_1p7b,Conditioning,decoder,cs_dialogue,12,0.4444444444444444,oracle_local,0.5,0.06136755183270956,0.08597883597883597,-5.9407116972616525e-05,-0.0004409171075837742,1.0,0.9990356798457087,1,2,-1,21109.22417831421,509,,41.4719531990456,87.34694015113216,0.4747957183993932,0.005825398278703534,results/basis_a4/qwen3_asr_1p7b/conditioning/cs_dialogue/L12/Conditioning_decoder_L12_oracle_local_rho0.5.json
qwen3_asr_1p7b,Conditioning,decoder,cs_dialogue,13,0.48148148148148145,global,0.5,0.062139844353353534,0.09038800705467372,-0.0008316996376165897,-0.0048500881834215165,0.9996489750070205,0.993731918997107,2,13,-11,609585.044631958,13496,,45.16783081149659,94.8257107680976,0.4763247271824563,0.15435113281562726,results/basis_a4/qwen3_asr_1p7b/conditioning/cs_dialogue/L13/Conditioning_decoder_L13_global_rho0.5.json
qwen3_asr_1p7b,Conditioning,decoder,cs_dialogue,13,0.48148148148148145,oracle_local,0.5,0.061308144715736944,0.08597883597883597,0.0,-0.0004409171075837742,1.0,0.9995178399228544,0,1,-1,23020.470680236816,509,,45.226857917950525,95.14012633138181,0.47537100970857676,0.005825865009328251,results/basis_a4/qwen3_asr_1p7b/conditioning/cs_dialogue/L13/Conditioning_decoder_L13_oracle_local_rho0.5.json
qwen3_asr_1p7b,Conditioning,decoder,cs_dialogue,14,0.5185185185185185,global,0.5,0.062139844353353534,0.09082892416225749,-0.0008316996376165897,-0.005291005291005291,0.9990873350182533,0.9922854387656702,4,16,-12,676649.6958274841,13499,,50.12591272149671,103.94474999280636,0.4822361179854273,0.15438014638609332,results/basis_a4/qwen3_asr_1p7b/conditioning/cs_dialogue/L14/Conditioning_decoder_L14_global_rho0.5.json
qwen3_asr_1p7b,Conditioning,decoder,cs_dialogue,14,0.5185185185185185,oracle_local,0.5,0.061486366066654786,0.0873015873015873,-0.00017822135091784264,-0.001763668430335097,1.0,0.997589199614272,1,5,-4,25554.459171295166,509,,50.20522430509856,104.6591533968163,0.47970218251952523,0.005825398278703534,results/basis_a4/qwen3_asr_1p7b/conditioning/cs_dialogue/L14/Conditioning_decoder_L14_oracle_local_rho0.5.json
qwen3_asr_1p7b,Conditioning,decoder,cs_dialogue,15,0.5555555555555556,global,0.5,0.06255569417216182,0.09479717813051146,-0.0012475494564248776,-0.009259259259259259,0.9993681550126369,0.9869816779170685,6,27,-21,796385.470741272,13455,,59.18881239251371,124.26441237705873,0.4763134614350854,0.15395441438967458,results/basis_a4/qwen3_asr_1p7b/conditioning/cs_dialogue/L15/Conditioning_decoder_L15_global_rho0.5.json
qwen3_asr_1p7b,Conditioning,decoder,cs_dialogue,15,0.5555555555555556,oracle_local,0.5,0.06112992336481911,0.0855379188712522,0.0001782213509178357,0.0,1.0,1.0,0,0,0,30176.18825531006,509,,59.285242151886166,125.16793234174988,0.47364561387830423,0.005825598296956726,results/basis_a4/qwen3_asr_1p7b/conditioning/cs_dialogue/L15/Conditioning_decoder_L15_oracle_local_rho0.5.json
qwen3_asr_1p7b,Conditioning,decoder,cs_dialogue,16,0.5925925925925926,global,0.5,0.06166458741757262,0.08641975308641975,-0.00035644270183567833,-0.0008818342151675485,0.9997893850042123,0.993731918997107,11,13,-2,932220.6983337402,13391,,69.6154654868001,153.65469568819597,0.4530643542978172,0.1533344020519397,results/basis_a4/qwen3_asr_1p7b/conditioning/cs_dialogue/L16/Conditioning_decoder_L16_global_rho0.5.json
qwen3_asr_1p7b,Conditioning,decoder,cs_dialogue,16,0.5925925925925926,oracle_local,0.5,0.061308144715736944,0.08597883597883597,0.0,-0.0004409171075837742,1.0,0.9990356798457087,1,2,-1,35338.788833618164,509,,69.427875901018,154.1639121304795,0.4503510253570656,0.005826065059634182,results/basis_a4/qwen3_asr_1p7b/conditioning/cs_dialogue/L16/Conditioning_decoder_L16_oracle_local_rho0.5.json
qwen3_asr_1p7b,Conditioning,decoder,cs_dialogue,17,0.6296296296296297,global,0.5,0.06053585219509297,0.08862433862433862,0.0007722925206439732,-0.0030864197530864196,0.999297950014041,0.9927675988428158,8,15,-7,1257606.635925293,13510,,93.08709370283442,206.38029785833916,0.4510464161008723,0.15448651244697031,results/basis_a4/qwen3_asr_1p7b/conditioning/cs_dialogue/L17/Conditioning_decoder_L17_global_rho0.5.json
qwen3_asr_1p7b,Conditioning,decoder,cs_dialogue,17,0.6296296296296297,oracle_local,0.5,0.06136755183270956,0.0873015873015873,-5.9407116972616525e-05,-0.001763668430335097,1.0,0.9980713596914176,0,4,-4,47264.95365142822,510,,92.67637970868279,206.254851546942,0.4493294534096831,0.005836241917949305,results/basis_a4/qwen3_asr_1p7b/conditioning/cs_dialogue/L17/Conditioning_decoder_L17_oracle_local_rho0.5.json
qwen3_asr_1p7b,Conditioning,decoder,cs_dialogue,18,0.6666666666666666,global,0.5,0.1441810728925325,0.4052028218694885,-0.08287292817679556,-0.31966490299823636,0.990171300196574,0.6470588235294118,7,732,-725,1938906.953842163,15230,,127.30840143415385,267.81372044062977,0.47536175975112593,0.17079543797871505,results/basis_a4/qwen3_asr_1p7b/conditioning/cs_dialogue/L18/Conditioning_decoder_L18_global_rho0.5.json
qwen3_asr_1p7b,Conditioning,decoder,cs_dialogue,18,0.6666666666666666,oracle_local,0.5,0.06338739380977841,0.09832451499118165,-0.0020792490940414673,-0.012786596119929453,1.0,0.9850530376084861,2,31,-29,64646.17007446289,510,,126.75719622443704,266.29760766122854,0.47599825374958554,0.005835507345873953,results/basis_a4/qwen3_asr_1p7b/conditioning/cs_dialogue/L18/Conditioning_decoder_L18_oracle_local_rho0.5.json
qwen3_asr_1p7b,Conditioning,decoder,cs_dialogue,19,0.7037037037037037,global,0.5,0.06303095110794273,0.09567901234567901,-0.001722806392205782,-0.010141093474426807,0.9987363100252739,0.9754098360655737,28,51,-23,2122803.6151885986,13165,,161.24600191330032,342.46164785371366,0.47084397019014035,0.1511376943034923,results/basis_a4/qwen3_asr_1p7b/conditioning/cs_dialogue/L19/Conditioning_decoder_L19_global_rho0.5.json
qwen3_asr_1p7b,Conditioning,decoder,cs_dialogue,19,0.7037037037037037,oracle_local,0.5,0.061783401651517855,0.0890652557319224,-0.0004752569357809114,-0.003527336860670194,0.9999297950014041,0.9956605593056895,1,9,-8,81360.69589233398,509,,159.84419625212965,338.22788740656466,0.47259318998728794,0.005826265123679361,results/basis_a4/qwen3_asr_1p7b/conditioning/cs_dialogue/L19/Conditioning_decoder_L19_oracle_local_rho0.5.json
qwen3_asr_1p7b,Conditioning,decoder,cs_dialogue,20,0.7407407407407407,global,0.5,0.06190221588546308,0.08509700176366843,-0.0005940711697261375,0.0004409171075837742,0.9981746700365066,0.9927675988428158,16,15,1,2884353.9685668945,13470,,214.13169774067518,455.1172865065452,0.4704978344908366,0.15409959844870783,results/basis_a4/qwen3_asr_1p7b/conditioning/cs_dialogue/L20/Conditioning_decoder_L20_global_rho0.5.json
qwen3_asr_1p7b,Conditioning,decoder,cs_dialogue,20,0.7407407407407407,oracle_local,0.5,0.06166458741757262,0.0873015873015873,-0.00035644270183567833,-0.001763668430335097,0.9998595900028082,0.9980713596914176,0,4,-4,107962.90382385254,510,,211.6919682820638,452.48190379423255,0.4678462641421597,0.005836041561770495,results/basis_a4/qwen3_asr_1p7b/conditioning/cs_dialogue/L20/Conditioning_decoder_L20_oracle_local_rho0.5.json
qwen3_asr_1p7b,Conditioning,decoder,cs_dialogue,21,0.7777777777777778,global,0.5,0.061783401651517855,0.0890652557319224,-0.0004752569357809114,-0.003527336860670194,0.9990873350182533,0.9918032786885246,9,17,-8,3913568.0721435547,13590,,287.9741039104897,612.3534902116496,0.4702742917509236,0.15525927956952393,results/basis_a4/qwen3_asr_1p7b/conditioning/cs_dialogue/L21/Conditioning_decoder_L21_global_rho0.5.json
qwen3_asr_1p7b,Conditioning,decoder,cs_dialogue,21,0.7777777777777778,oracle_local,0.5,0.061545773183627396,0.08686067019400352,-0.00023762846789045222,-0.0013227513227513227,0.9999297950014041,0.9985535197685632,0,3,-3,144975.07888793945,509,,284.823337697327,610.2765575476386,0.46671190982965705,0.005824864963837773,results/basis_a4/qwen3_asr_1p7b/conditioning/cs_dialogue/L21/Conditioning_decoder_L21_oracle_local_rho0.5.json
qwen3_asr_1p7b,Conditioning,decoder,cs_dialogue,22,0.8148148148148148,global,0.5,0.06071407354601081,0.0837742504409171,0.0005940711697261306,0.001763668430335097,0.9995787700084247,0.996142719382835,12,8,4,4836901.532012939,13507,,358.1033191687969,776.494760050272,0.46117931194489,0.15445750617509835,results/basis_a4/qwen3_asr_1p7b/conditioning/cs_dialogue/L22/Conditioning_decoder_L22_global_rho0.5.json
qwen3_asr_1p7b,Conditioning,decoder,cs_dialogue,22,0.8148148148148148,oracle_local,0.5,0.061545773183627396,0.0873015873015873,-0.00023762846789045222,-0.001763668430335097,1.0,0.9980713596914176,0,4,-4,180294.5531616211,510,,353.51873168945315,768.74909213197,0.4598623078812887,0.005836308706399341,results/basis_a4/qwen3_asr_1p7b/conditioning/cs_dialogue/L22/Conditioning_decoder_L22_oracle_local_rho0.5.json
qwen3_asr_1p7b,Conditioning,decoder,cs_dialogue,23,0.8518518518518519,global,0.5,0.06208043723638092,0.09082892416225749,-0.0007722925206439732,-0.005291005291005291,0.9987363100252739,0.9879459980713597,13,25,-12,6005901.623138428,13487,,445.31041915462504,987.5196351640845,0.45093829357695053,0.15426408015738666,results/basis_a4/qwen3_asr_1p7b/conditioning/cs_dialogue/L23/Conditioning_decoder_L23_global_rho0.5.json
qwen3_asr_1p7b,Conditioning,decoder,cs_dialogue,23,0.8518518518518519,oracle_local,0.5,0.06142695894968217,0.08641975308641975,-0.00011881423394522611,-0.0008818342151675485,0.9999297950014041,0.9990356798457087,0,2,-2,224128.3825378418,510,,439.46741674086627,976.937882008272,0.4498417195548418,0.005836976674983405,results/basis_a4/qwen3_asr_1p7b/conditioning/cs_dialogue/L23/Conditioning_decoder_L23_oracle_local_rho0.5.json
qwen3_asr_1p7b,Conditioning,decoder,cs_dialogue,24,0.8888888888888888,global,0.5,0.06273391552307966,0.09038800705467372,-0.0014257708073427203,-0.0048500881834215165,0.9983852850322943,0.991321118611379,7,18,-11,7550102.6310424805,13393,,563.7349832780169,1263.2901493568963,0.4462434727010241,0.15335379119243364,results/basis_a4/qwen3_asr_1p7b/conditioning/cs_dialogue/L24/Conditioning_decoder_L24_global_rho0.5.json
qwen3_asr_1p7b,Conditioning,decoder,cs_dialogue,24,0.8888888888888888,oracle_local,0.5,0.061486366066654786,0.08686067019400352,-0.00017822135091784264,-0.0013227513227513227,1.0,0.9985535197685632,0,3,-3,283664.28201293945,509,,557.2972141708044,1254.9967589013,0.44406267204920596,0.005825531622679516,results/basis_a4/qwen3_asr_1p7b/conditioning/cs_dialogue/L24/Conditioning_decoder_L24_oracle_local_rho0.5.json
qwen3_asr_1p7b,Conditioning,decoder,cs_dialogue,25,0.9259259259259259,global,0.5,0.09439790886948256,0.1384479717813051,-0.033089764153745614,-0.05291005291005291,0.9955068800898624,0.9368370298939248,11,131,-120,10033425.656066895,13657,,734.6727433599542,1648.324568746868,0.4457087865398294,0.15590538596771616,results/basis_a4/qwen3_asr_1p7b/conditioning/cs_dialogue/L25/Conditioning_decoder_L25_global_rho0.5.json
qwen3_asr_1p7b,Conditioning,decoder,cs_dialogue,25,0.9259259259259259,oracle_local,0.5,0.062377472821243986,0.09082892416225749,-0.001069328105507042,-0.005291005291005291,1.0,0.9942140790742526,0,12,-12,370507.8634033203,510,,726.486006673177,1637.171556181066,0.44374458127516475,0.005836843069034975,results/basis_a4/qwen3_asr_1p7b/conditioning/cs_dialogue/L25/Conditioning_decoder_L25_oracle_local_rho0.5.json
qwen3_asr_1p7b,Conditioning,decoder,cs_dialogue,26,0.9629629629629629,global,0.5,0.06433790768134022,0.10670194003527336,-0.0030297629656032762,-0.021164021164021163,0.9981746700365066,0.9681774349083896,18,66,-48,12186873.477905273,14066,,866.4064750394763,1997.4087771140848,0.4337652287136166,0.1598281954844501,results/basis_a4/qwen3_asr_1p7b/conditioning/cs_dialogue/L26/Conditioning_decoder_L26_global_rho0.5.json
qwen3_asr_1p7b,Conditioning,decoder,cs_dialogue,26,0.9629629629629629,oracle_local,0.5,0.06166458741757262,0.08818342151675485,-0.00035644270183567833,-0.0026455026455026454,0.9999297950014041,0.9971070395371263,0,6,-6,438417.0784301758,510,,859.6413302552467,2002.8878776999081,0.4292009252372371,0.0058365090809214815,results/basis_a4/qwen3_asr_1p7b/conditioning/cs_dialogue/L26/Conditioning_decoder_L26_oracle_local_rho0.5.json
qwen3_asr_1p7b,Conditioning,decoder,cs_dialogue,27,1.0,global,0.5,0.17376581714489395,0.2156084656084656,-0.112457672429157,-0.1300705467372134,0.9736029205279416,0.8539054966248795,8,303,-295,17489691.1295166,16514,,1059.0826649822334,2421.733485750963,0.4373242023590465,0.18256591675418715,results/basis_a4/qwen3_asr_1p7b/conditioning/cs_dialogue/L27/Conditioning_decoder_L27_global_rho0.5.json
qwen3_asr_1p7b,Conditioning,decoder,cs_dialogue,27,1.0,oracle_local,0.5,0.06303095110794273,0.09347442680776014,-0.001722806392205782,-0.007936507936507936,0.9996489750070205,0.991321118611379,0,18,-18,539649.5921020508,510,,1058.1364551020604,2475.398704139859,0.42746102004999514,0.005834305717619603,results/basis_a4/qwen3_asr_1p7b/conditioning/cs_dialogue/L27/Conditioning_decoder_L27_oracle_local_rho0.5.json
qwen3_asr_1p7b,Conditioning,decoder,seame_dev_man,0,0.0,global,0.5,0.2649214659685864,0.6666666666666666,-0.003141361256544517,-0.010101010101010055,0.9932705248990579,0.9705882352941176,0,1,-1,3040.8983759880066,906,,3.356399973496696,7.406463921464832,0.4531717171765924,0.18989729616432613,results/basis_a4/qwen3_asr_1p7b/conditioning/seame_dev_man/L00/Conditioning_decoder_L0_global_rho0.5.json
qwen3_asr_1p7b,Conditioning,decoder,seame_dev_man,0,0.0,oracle_local,0.5,0.2628272251308901,0.6565656565656566,-0.0010471204188481908,0.0,1.0,1.0,0,0,0,131.18765926361084,39,,3.3637861349643807,7.514943110637176,0.44761298727638305,0.008198444397729661,results/basis_a4/qwen3_asr_1p7b/conditioning/seame_dev_man/L00/Conditioning_decoder_L0_oracle_local_rho0.5.json
qwen3_asr_1p7b,Conditioning,decoder,seame_dev_man,1,0.037037037037037035,global,0.5,0.25863874345549737,0.6767676767676768,0.003141361256544517,-0.02020202020202022,0.9959623149394348,0.9411764705882353,0,2,-2,6078.308910369873,877,,6.930796933146947,14.98398103355138,0.46254709730530585,0.18494306199915647,results/basis_a4/qwen3_asr_1p7b/conditioning/seame_dev_man/L01/Conditioning_decoder_L1_global_rho0.5.json
qwen3_asr_1p7b,Conditioning,decoder,seame_dev_man,1,0.037037037037037035,oracle_local,0.5,0.2617801047120419,0.6565656565656566,0.0,0.0,1.0,1.0,0,0,0,270.47764348983765,39,,6.935324192047119,14.91996386112311,0.4648351870421393,0.008207070707070708,results/basis_a4/qwen3_asr_1p7b/conditioning/seame_dev_man/L01/Conditioning_decoder_L1_oracle_local_rho0.5.json
qwen3_asr_1p7b,Conditioning,decoder,seame_dev_man,2,0.07407407407407407,global,0.5,0.25863874345549737,0.6666666666666666,0.003141361256544517,-0.010101010101010055,0.9919246298788694,0.9705882352941176,0,1,-1,8680.944416046143,895,,9.699379235805745,20.79308438540837,0.4664714025117084,0.1880252100840336,results/basis_a4/qwen3_asr_1p7b/conditioning/seame_dev_man/L02/Conditioning_decoder_L2_global_rho0.5.json
qwen3_asr_1p7b,Conditioning,decoder,seame_dev_man,2,0.07407407407407407,oracle_local,0.5,0.2617801047120419,0.6565656565656566,0.0,0.0,1.0,1.0,0,0,0,380.73453426361084,39,,9.762423955477201,21.378018379211426,0.45665710368040713,0.00820534399326741,results/basis_a4/qwen3_asr_1p7b/conditioning/seame_dev_man/L02/Conditioning_decoder_L2_oracle_local_rho0.5.json
qwen3_asr_1p7b,Conditioning,decoder,seame_dev_man,3,0.1111111111111111,global,0.5,0.2638743455497382,0.6565656565656566,-0.002094240837696326,0.0,0.990578734858681,1.0,0,0,0,11292.900340080261,878,,12.862073280273647,25.04269576887335,0.513605779464864,0.18511490617752477,results/basis_a4/qwen3_asr_1p7b/conditioning/seame_dev_man/L03/Conditioning_decoder_L3_global_rho0.5.json
qwen3_asr_1p7b,Conditioning,decoder,seame_dev_man,3,0.1111111111111111,oracle_local,0.5,0.2617801047120419,0.6565656565656566,0.0,0.0,1.0,1.0,0,0,0,502.86017322540283,39,,12.89385059552315,25.807723069802307,0.4996120952107659,0.008203618005889778,results/basis_a4/qwen3_asr_1p7b/conditioning/seame_dev_man/L03/Conditioning_decoder_L3_oracle_local_rho0.5.json
qwen3_asr_1p7b,Conditioning,decoder,seame_dev_man,4,0.14814814814814814,global,0.5,0.2617801047120419,0.6666666666666666,0.0,-0.010101010101010055,0.9865410497981157,0.9705882352941176,0,1,-1,13291.263570785522,871,,15.259774478513803,29.21553160429822,0.5223171936487635,0.18391047297297297,results/basis_a4/qwen3_asr_1p7b/conditioning/seame_dev_man/L04/Conditioning_decoder_L4_global_rho0.5.json
qwen3_asr_1p7b,Conditioning,decoder,seame_dev_man,4,0.14814814814814814,oracle_local,0.5,0.26596858638743454,0.6565656565656566,-0.004188481675392652,0.0,0.9946164199192463,1.0,0,0,0,595.9944686889648,39,,15.281909453563202,30.136837299053486,0.5070840480677501,0.008207070707070708,results/basis_a4/qwen3_asr_1p7b/conditioning/seame_dev_man/L04/Conditioning_decoder_L4_oracle_local_rho0.5.json
qwen3_asr_1p7b,Conditioning,decoder,seame_dev_man,5,0.18518518518518517,global,0.5,0.2628272251308901,0.6565656565656566,-0.0010471204188481908,0.0,0.9932705248990579,1.0,0,0,0,14805.93602848053,877,,16.882481218335837,34.38879737288541,0.49092967792026343,0.18494306199915647,results/basis_a4/qwen3_asr_1p7b/conditioning/seame_dev_man/L05/Conditioning_decoder_L5_global_rho0.5.json
qwen3_asr_1p7b,Conditioning,decoder,seame_dev_man,5,0.18518518518518517,oracle_local,0.5,0.2638743455497382,0.6565656565656566,-0.002094240837696326,0.0,0.9973082099596231,1.0,0,0,0,660.2382221221924,39,,16.92918518262032,35.213886114267204,0.4807531076713886,0.00820534399326741,results/basis_a4/qwen3_asr_1p7b/conditioning/seame_dev_man/L05/Conditioning_decoder_L5_oracle_local_rho0.5.json
qwen3_asr_1p7b,Conditioning,decoder,seame_dev_man,6,0.2222222222222222,global,0.5,0.27015706806282724,0.6767676767676768,-0.00837696335078536,-0.02020202020202022,0.990578734858681,0.9411764705882353,0,2,-2,16665.31364250183,891,,18.70405571549027,38.734403849985995,0.48287965881517064,0.18734230445752734,results/basis_a4/qwen3_asr_1p7b/conditioning/seame_dev_man/L06/Conditioning_decoder_L6_global_rho0.5.json
qwen3_asr_1p7b,Conditioning,decoder,seame_dev_man,6,0.2222222222222222,oracle_local,0.5,0.2607329842931937,0.6565656565656566,0.0010471204188481908,0.0,1.0,1.0,0,0,0,732.7073383331299,39,,18.787367649567432,40.241899490356445,0.46686085615987466,0.008207070707070708,results/basis_a4/qwen3_asr_1p7b/conditioning/seame_dev_man/L06/Conditioning_decoder_L6_oracle_local_rho0.5.json
qwen3_asr_1p7b,Conditioning,decoder,seame_dev_man,7,0.25925925925925924,global,0.5,0.2628272251308901,0.6565656565656566,-0.0010471204188481908,0.0,0.9959623149394348,1.0,0,0,0,17909.39665031433,895,,20.01049905063054,42.660411672752,0.4690648370702812,0.1880252100840336,results/basis_a4/qwen3_asr_1p7b/conditioning/seame_dev_man/L07/Conditioning_decoder_L7_global_rho0.5.json
qwen3_asr_1p7b,Conditioning,decoder,seame_dev_man,7,0.25925925925925924,oracle_local,0.5,0.2638743455497382,0.6565656565656566,-0.002094240837696326,0.0,0.9973082099596231,1.0,0,0,0,784.9916076660156,39,,20.127989940154247,44.46633539444361,0.4526568191780739,0.00820534399326741,results/basis_a4/qwen3_asr_1p7b/conditioning/seame_dev_man/L07/Conditioning_decoder_L7_oracle_local_rho0.5.json
qwen3_asr_1p7b,Conditioning,decoder,seame_dev_man,8,0.2962962962962963,global,0.5,0.26596858638743454,0.6666666666666666,-0.004188481675392652,-0.010101010101010055,0.9932705248990579,0.9705882352941176,0,1,-1,19411.318201065063,890,,21.81046988883715,45.53946274318052,0.4789355994785696,0.1871713985278654,results/basis_a4/qwen3_asr_1p7b/conditioning/seame_dev_man/L08/Conditioning_decoder_L8_global_rho0.5.json
qwen3_asr_1p7b,Conditioning,decoder,seame_dev_man,8,0.2962962962962963,oracle_local,0.5,0.2617801047120419,0.6565656565656566,0.0,0.0,1.0,1.0,0,0,0,854.8751010894775,39,,21.91987438690968,47.32871481088492,0.463141128477641,0.008201892744479496,results/basis_a4/qwen3_asr_1p7b/conditioning/seame_dev_man/L08/Conditioning_decoder_L8_oracle_local_rho0.5.json
qwen3_asr_1p7b,Conditioning,decoder,seame_dev_man,9,0.3333333333333333,global,0.5,0.26596858638743454,0.6666666666666666,-0.004188481675392652,-0.010101010101010055,0.9959623149394348,0.9411764705882353,1,2,-1,22162.10803604126,893,,24.81759018593646,51.73330494537866,0.47972172302039284,0.1876839007986549,results/basis_a4/qwen3_asr_1p7b/conditioning/seame_dev_man/L09/Conditioning_decoder_L9_global_rho0.5.json
qwen3_asr_1p7b,Conditioning,decoder,seame_dev_man,9,0.3333333333333333,oracle_local,0.5,0.2607329842931937,0.6565656565656566,0.0010471204188481908,0.0,1.0,1.0,0,0,0,971.0866260528564,39,,24.89965707827837,53.74230771187024,0.46331574021297006,0.008207070707070708,results/basis_a4/qwen3_asr_1p7b/conditioning/seame_dev_man/L09/Conditioning_decoder_L9_oracle_local_rho0.5.json
qwen3_asr_1p7b,Conditioning,decoder,seame_dev_man,10,0.37037037037037035,global,0.5,0.2544502617801047,0.6464646464646465,0.007329842931937169,0.010101010101010055,0.9946164199192463,1.0,1,0,1,25905.455266952515,881,,29.40460302718787,61.33770593476485,0.47938869866539946,0.18563000421407502,results/basis_a4/qwen3_asr_1p7b/conditioning/seame_dev_man/L10/Conditioning_decoder_L10_global_rho0.5.json
qwen3_asr_1p7b,Conditioning,decoder,seame_dev_man,10,0.37037037037037035,oracle_local,0.5,0.2649214659685864,0.6565656565656566,-0.003141361256544517,0.0,0.9959623149394348,1.0,0,0,0,1149.8152923583984,39,,29.482443393805088,63.19736715463492,0.4665137919696206,0.008208798147758366,results/basis_a4/qwen3_asr_1p7b/conditioning/seame_dev_man/L10/Conditioning_decoder_L10_oracle_local_rho0.5.json
qwen3_asr_1p7b,Conditioning,decoder,seame_dev_man,11,0.4074074074074074,global,0.5,0.2649214659685864,0.6767676767676768,-0.003141361256544517,-0.02020202020202022,0.9946164199192463,0.9411764705882353,0,2,-2,33084.13152694702,886,,37.341006238089186,80.30794696937028,0.46497274114517184,0.186487055356767,results/basis_a4/qwen3_asr_1p7b/conditioning/seame_dev_man/L11/Conditioning_decoder_L11_global_rho0.5.json
qwen3_asr_1p7b,Conditioning,decoder,seame_dev_man,11,0.4074074074074074,oracle_local,0.5,0.2607329842931937,0.6565656565656566,0.0010471204188481908,0.0,1.0,1.0,0,0,0,1459.929988861084,39,,37.434102278489334,82.50957899827223,0.4536940162944379,0.008207070707070708,results/basis_a4/qwen3_asr_1p7b/conditioning/seame_dev_man/L11/Conditioning_decoder_L11_oracle_local_rho0.5.json
qwen3_asr_1p7b,Conditioning,decoder,seame_dev_man,12,0.4444444444444444,global,0.5,0.2649214659685864,0.6565656565656566,-0.003141361256544517,0.0,0.9946164199192463,1.0,0,0,0,36638.53409194946,888,,41.25961046390705,86.80417967272234,0.4753182464193325,0.18682937092362717,results/basis_a4/qwen3_asr_1p7b/conditioning/seame_dev_man/L12/Conditioning_decoder_L12_global_rho0.5.json
qwen3_asr_1p7b,Conditioning,decoder,seame_dev_man,12,0.4444444444444444,oracle_local,0.5,0.2607329842931937,0.6565656565656566,0.0010471204188481908,0.0,1.0,1.0,0,0,0,1613.745174407959,39,,41.378081395075874,89.67383301563753,0.461428713411417,0.008210526315789474,results/basis_a4/qwen3_asr_1p7b/conditioning/seame_dev_man/L12/Conditioning_decoder_L12_oracle_local_rho0.5.json
qwen3_asr_1p7b,Conditioning,decoder,seame_dev_man,13,0.48148148148148145,global,0.5,0.2680628272251309,0.6666666666666666,-0.006282722513089034,-0.010101010101010055,0.9946164199192463,0.9705882352941176,0,1,-1,40059.92350769043,891,,44.960632444097,94.45072017374264,0.47602212414465095,0.18734230445752734,results/basis_a4/qwen3_asr_1p7b/conditioning/seame_dev_man/L13/Conditioning_decoder_L13_global_rho0.5.json
qwen3_asr_1p7b,Conditioning,decoder,seame_dev_man,13,0.48148148148148145,oracle_local,0.5,0.25968586387434556,0.6565656565656566,0.002094240837696326,0.0,1.0,1.0,0,0,0,1756.4674110412598,39,,45.037625924134865,97.30963741204677,0.46282801089298153,0.008207070707070708,results/basis_a4/qwen3_asr_1p7b/conditioning/seame_dev_man/L13/Conditioning_decoder_L13_oracle_local_rho0.5.json
qwen3_asr_1p7b,Conditioning,decoder,seame_dev_man,14,0.5185185185185185,global,0.5,0.2732984293193717,0.6868686868686869,-0.011518324607329822,-0.030303030303030276,0.9946164199192463,0.9117647058823529,0,3,-3,44387.68793106079,888,,49.98613505750089,103.72016245180423,0.4819326722586653,0.18682937092362717,results/basis_a4/qwen3_asr_1p7b/conditioning/seame_dev_man/L14/Conditioning_decoder_L14_global_rho0.5.json
qwen3_asr_1p7b,Conditioning,decoder,seame_dev_man,14,0.5185185185185185,oracle_local,0.5,0.2617801047120419,0.6565656565656566,0.0,0.0,0.9986541049798116,1.0,0,0,0,1953.1748313903809,39,,50.081405933086685,107.41060775365585,0.4662612658141496,0.008207070707070708,results/basis_a4/qwen3_asr_1p7b/conditioning/seame_dev_man/L14/Conditioning_decoder_L14_oracle_local_rho0.5.json
qwen3_asr_1p7b,Conditioning,decoder,seame_dev_man,15,0.5555555555555556,global,0.5,0.27015706806282724,0.6767676767676768,-0.00837696335078536,-0.02020202020202022,0.990578734858681,0.9411764705882353,0,2,-2,51953.398151397705,880,,59.03795244477012,123.61596749045633,0.47759163838869034,0.18545837723919917,results/basis_a4/qwen3_asr_1p7b/conditioning/seame_dev_man/L15/Conditioning_decoder_L15_global_rho0.5.json
qwen3_asr_1p7b,Conditioning,decoder,seame_dev_man,15,0.5555555555555556,oracle_local,0.5,0.2638743455497382,0.6565656565656566,-0.002094240837696326,0.0,0.9959623149394348,1.0,0,0,0,2309.268283843994,39,,59.21200727805113,128.6503677368164,0.4602552508764123,0.0082122552116235,results/basis_a4/qwen3_asr_1p7b/conditioning/seame_dev_man/L15/Conditioning_decoder_L15_oracle_local_rho0.5.json
qwen3_asr_1p7b,Conditioning,decoder,seame_dev_man,16,0.5925925925925926,global,0.5,0.2670157068062827,0.6565656565656566,-0.005235602094240843,0.0,0.9946164199192463,0.9705882352941176,1,1,0,60940.172050476074,880,,69.25019551190464,152.17568192915482,0.45506742361203256,0.18545837723919917,results/basis_a4/qwen3_asr_1p7b/conditioning/seame_dev_man/L16/Conditioning_decoder_L16_global_rho0.5.json
qwen3_asr_1p7b,Conditioning,decoder,seame_dev_man,16,0.5925925925925926,oracle_local,0.5,0.2628272251308901,0.6565656565656566,-0.0010471204188481908,0.0,1.0,1.0,0,0,0,2710.7768783569336,39,,69.50709944504958,157.54069440792767,0.4412009208558616,0.008201892744479496,results/basis_a4/qwen3_asr_1p7b/conditioning/seame_dev_man/L16/Conditioning_decoder_L16_oracle_local_rho0.5.json
qwen3_asr_1p7b,Conditioning,decoder,seame_dev_man,17,0.6296296296296297,global,0.5,0.2638743455497382,0.6565656565656566,-0.002094240837696326,0.0,0.9892328398384926,1.0,0,0,0,81758.46395111084,880,,92.90734539898959,204.22715953480113,0.45492159618054034,0.18545837723919917,results/basis_a4/qwen3_asr_1p7b/conditioning/seame_dev_man/L17/Conditioning_decoder_L17_global_rho0.5.json
qwen3_asr_1p7b,Conditioning,decoder,seame_dev_man,17,0.6296296296296297,oracle_local,0.5,0.2607329842931937,0.6565656565656566,0.0010471204188481908,0.0,1.0,1.0,0,0,0,3631.1753692626953,39,,93.10706075032552,208.31399692633212,0.4469553756546267,0.008207070707070708,results/basis_a4/qwen3_asr_1p7b/conditioning/seame_dev_man/L17/Conditioning_decoder_L17_oracle_local_rho0.5.json
qwen3_asr_1p7b,Conditioning,decoder,seame_dev_man,18,0.6666666666666666,global,0.5,0.27958115183246074,0.7474747474747475,-0.017801047120418856,-0.09090909090909094,0.9878869448183042,0.7352941176470589,0,9,-9,113250.73141479492,886,,127.82249595349315,265.8933339172777,0.4807284713397897,0.186487055356767,results/basis_a4/qwen3_asr_1p7b/conditioning/seame_dev_man/L18/Conditioning_decoder_L18_global_rho0.5.json
qwen3_asr_1p7b,Conditioning,decoder,seame_dev_man,18,0.6666666666666666,oracle_local,0.5,0.2638743455497382,0.6565656565656566,-0.002094240837696326,0.0,0.9973082099596231,1.0,0,0,0,4979.447639465332,39,,127.67814460167519,268.7764614789914,0.4750346957434552,0.008207070707070708,results/basis_a4/qwen3_asr_1p7b/conditioning/seame_dev_man/L18/Conditioning_decoder_L18_oracle_local_rho0.5.json
qwen3_asr_1p7b,Conditioning,decoder,seame_dev_man,19,0.7037037037037037,global,0.5,0.2712041884816754,0.6767676767676768,-0.009424083769633496,-0.02020202020202022,0.9838492597577388,0.9117647058823529,1,3,-2,142196.84071350098,878,,161.9553994459009,338.67781668209,0.4781990182661569,0.18511490617752477,results/basis_a4/qwen3_asr_1p7b/conditioning/seame_dev_man/L19/Conditioning_decoder_L19_global_rho0.5.json
qwen3_asr_1p7b,Conditioning,decoder,seame_dev_man,19,0.7037037037037037,oracle_local,0.5,0.2617801047120419,0.6565656565656566,0.0,0.0,0.9986541049798116,1.0,0,0,0,6307.698989868164,39,,161.73587153508112,341.498045309996,0.47360701988283666,0.008207070707070708,results/basis_a4/qwen3_asr_1p7b/conditioning/seame_dev_man/L19/Conditioning_decoder_L19_oracle_local_rho0.5.json
qwen3_asr_1p7b,Conditioning,decoder,seame_dev_man,20,0.7407407407407407,global,0.5,0.26596858638743454,0.6565656565656566,-0.004188481675392652,0.0,0.9878869448183042,1.0,0,0,0,191853.78582763672,890,,215.56605149172665,450.2233247221186,0.4787980534433122,0.1871713985278654,results/basis_a4/qwen3_asr_1p7b/conditioning/seame_dev_man/L20/Conditioning_decoder_L20_global_rho0.5.json
qwen3_asr_1p7b,Conditioning,decoder,seame_dev_man,20,0.7407407407407407,oracle_local,0.5,0.2628272251308901,0.6565656565656566,-0.0010471204188481908,0.0,1.0,1.0,0,0,0,8389.087310791016,39,,215.10480284079526,450.1608072916667,0.4778399171063893,0.008201892744479496,results/basis_a4/qwen3_asr_1p7b/conditioning/seame_dev_man/L20/Conditioning_decoder_L20_oracle_local_rho0.5.json
qwen3_asr_1p7b,Conditioning,decoder,seame_dev_man,21,0.7777777777777778,global,0.5,0.26910994764397905,0.6666666666666666,-0.007329842931937169,-0.010101010101010055,0.9838492597577388,0.9411764705882353,1,2,-1,257002.96490478516,887,,289.74404160629666,614.3596632827363,0.471619572252016,0.18665824915824916,results/basis_a4/qwen3_asr_1p7b/conditioning/seame_dev_man/L21/Conditioning_decoder_L21_global_rho0.5.json
qwen3_asr_1p7b,Conditioning,decoder,seame_dev_man,21,0.7777777777777778,oracle_local,0.5,0.2617801047120419,0.6666666666666666,0.0,-0.010101010101010055,0.9973082099596231,0.9705882352941176,0,1,-1,11291.808715820312,39,,289.53355681590546,615.8670419546274,0.47012347973190644,0.008207070707070708,results/basis_a4/qwen3_asr_1p7b/conditioning/seame_dev_man/L21/Conditioning_decoder_L21_oracle_local_rho0.5.json
qwen3_asr_1p7b,Conditioning,decoder,seame_dev_man,22,0.8148148148148148,global,0.5,0.2680628272251309,0.6565656565656566,-0.006282722513089034,0.0,0.9878869448183042,1.0,0,0,0,319853.05252075195,885,,361.41587855452195,779.8499456545727,0.4634428463685599,0.1863157894736842,results/basis_a4/qwen3_asr_1p7b/conditioning/seame_dev_man/L22/Conditioning_decoder_L22_global_rho0.5.json
qwen3_asr_1p7b,Conditioning,decoder,seame_dev_man,22,0.8148148148148148,oracle_local,0.5,0.2628272251308901,0.6666666666666666,-0.0010471204188481908,-0.010101010101010055,0.9973082099596231,0.9705882352941176,0,1,-1,14077.383605957031,39,,360.95855399889825,777.8066781850962,0.4640723255824248,0.008203618005889778,results/basis_a4/qwen3_asr_1p7b/conditioning/seame_dev_man/L22/Conditioning_decoder_L22_oracle_local_rho0.5.json
qwen3_asr_1p7b,Conditioning,decoder,seame_dev_man,23,0.8518518518518519,global,0.5,0.27015706806282724,0.6565656565656566,-0.00837696335078536,0.0,0.9838492597577388,1.0,0,0,0,396834.19104003906,881,,450.4360851759808,992.8338900857291,0.45368725793303305,0.18563000421407502,results/basis_a4/qwen3_asr_1p7b/conditioning/seame_dev_man/L23/Conditioning_decoder_L23_global_rho0.5.json
qwen3_asr_1p7b,Conditioning,decoder,seame_dev_man,23,0.8518518518518519,oracle_local,0.5,0.2607329842931937,0.6565656565656566,0.0010471204188481908,0.0,0.9986541049798116,1.0,0,0,0,17552.723541259766,39,,450.06983439127606,996.3967410356571,0.4516974171588241,0.008210526315789474,results/basis_a4/qwen3_asr_1p7b/conditioning/seame_dev_man/L23/Conditioning_decoder_L23_oracle_local_rho0.5.json
qwen3_asr_1p7b,Conditioning,decoder,seame_dev_man,24,0.8888888888888888,global,0.5,0.2617801047120419,0.6666666666666666,0.0,-0.010101010101010055,0.9892328398384926,0.9705882352941176,0,1,-1,507601.11083984375,889,,570.979877210173,1270.0494207633226,0.44957295981994444,0.1870004206983593,results/basis_a4/qwen3_asr_1p7b/conditioning/seame_dev_man/L24/Conditioning_decoder_L24_global_rho0.5.json
qwen3_asr_1p7b,Conditioning,decoder,seame_dev_man,24,0.8888888888888888,oracle_local,0.5,0.25968586387434556,0.6565656565656566,0.002094240837696326,0.0,1.0,1.0,0,0,0,22199.285034179688,39,,569.2124367738381,1264.9011011368189,0.45000548759287456,0.008207070707070708,results/basis_a4/qwen3_asr_1p7b/conditioning/seame_dev_man/L24/Conditioning_decoder_L24_oracle_local_rho0.5.json
qwen3_asr_1p7b,Conditioning,decoder,seame_dev_man,25,0.9259259259259259,global,0.5,0.2869109947643979,0.7676767676767676,-0.025130890052356025,-0.11111111111111105,0.9865410497981157,0.6764705882352942,0,11,-11,656492.9201049805,885,,741.7999097231418,1643.5538919739804,0.45133896329508705,0.1863157894736842,results/basis_a4/qwen3_asr_1p7b/conditioning/seame_dev_man/L25/Conditioning_decoder_L25_global_rho0.5.json
qwen3_asr_1p7b,Conditioning,decoder,seame_dev_man,25,0.9259259259259259,oracle_local,0.5,0.2607329842931937,0.6565656565656566,0.0010471204188481908,0.0,1.0,1.0,0,0,0,28817.58135986328,39,,738.9123425605969,1625.1110307742388,0.4546842206889475,0.008207070707070708,results/basis_a4/qwen3_asr_1p7b/conditioning/seame_dev_man/L25/Conditioning_decoder_L25_oracle_local_rho0.5.json
qwen3_asr_1p7b,Conditioning,decoder,seame_dev_man,26,0.9629629629629629,global,0.5,0.2617801047120419,0.6666666666666666,0.0,-0.010101010101010055,0.9892328398384926,0.9117647058823529,2,3,-1,788260.493347168,902,,873.90298597247,1958.7529031622437,0.44615274574022395,0.18921753723515838,results/basis_a4/qwen3_asr_1p7b/conditioning/seame_dev_man/L26/Conditioning_decoder_L26_global_rho0.5.json
qwen3_asr_1p7b,Conditioning,decoder,seame_dev_man,26,0.9629629629629629,oracle_local,0.5,0.2638743455497382,0.6666666666666666,-0.002094240837696326,-0.010101010101010055,0.9946164199192463,0.9705882352941176,0,1,-1,33982.266174316406,39,,871.3401583158053,1950.8122934194712,0.4466550478767392,0.00820534399326741,results/basis_a4/qwen3_asr_1p7b/conditioning/seame_dev_man/L26/Conditioning_decoder_L26_oracle_local_rho0.5.json
qwen3_asr_1p7b,Conditioning,decoder,seame_dev_man,27,1.0,global,0.5,0.4157068062827225,0.8080808080808081,-0.1539267015706806,-0.1515151515151515,0.9636608344549125,0.5588235294117647,0,15,-15,1371059.7713012695,1291,,1062.0137655315798,2352.813772802848,0.45138029104038674,0.25038789759503494,results/basis_a4/qwen3_asr_1p7b/conditioning/seame_dev_man/L27/Conditioning_decoder_L27_global_rho0.5.json
qwen3_asr_1p7b,Conditioning,decoder,seame_dev_man,27,1.0,oracle_local,0.5,0.2638743455497382,0.6565656565656566,-0.002094240837696326,0.0,0.9973082099596231,1.0,0,0,0,41684.60076904297,39,,1068.835917154948,2381.181080353566,0.4488679697540027,0.008198444397729661,results/basis_a4/qwen3_asr_1p7b/conditioning/seame_dev_man/L27/Conditioning_decoder_L27_oracle_local_rho0.5.json
qwen3_asr_1p7b,Conditioning,decoder,seame_dev_sge,0,0.0,global,0.5,0.25891829689298046,0.7386363636363636,0.011507479861910197,0.03409090909090906,1.0,1.0,3,0,3,2624.6364715099335,782,,3.356312623414237,7.382370526833302,0.45463887395177127,0.18447747110167492,results/basis_a4/qwen3_asr_1p7b/conditioning/seame_dev_sge/L00/Conditioning_decoder_L0_global_rho0.5.json
qwen3_asr_1p7b,Conditioning,decoder,seame_dev_sge,0,0.0,oracle_local,0.5,0.27042577675489066,0.7727272727272727,0.0,0.0,1.0,1.0,0,0,0,120.96322560310364,36,,3.360089600086212,7.39311487144894,0.45448902911847827,0.008488564017920301,results/basis_a4/qwen3_asr_1p7b/conditioning/seame_dev_sge/L00/Conditioning_decoder_L0_oracle_local_rho0.5.json
qwen3_asr_1p7b,Conditioning,decoder,seame_dev_sge,1,0.037037037037037035,global,0.5,0.26582278481012656,0.75,0.004602991944764101,0.022727272727272707,0.9970059880239521,1.0,2,0,2,5335.9512457847595,771,,6.920818736426407,14.919946011247648,0.4638635241179179,0.18235572374645223,results/basis_a4/qwen3_asr_1p7b/conditioning/seame_dev_sge/L01/Conditioning_decoder_L1_global_rho0.5.json
qwen3_asr_1p7b,Conditioning,decoder,seame_dev_sge,1,0.037037037037037035,oracle_local,0.5,0.26927502876869963,0.7613636363636364,0.0011507479861910253,0.011363636363636354,1.0,1.0,1,0,1,248.19537162780762,36,,6.894315878550212,14.470035447014702,0.4764546641088271,0.008484562809333018,results/basis_a4/qwen3_asr_1p7b/conditioning/seame_dev_sge/L01/Conditioning_decoder_L1_oracle_local_rho0.5.json
qwen3_asr_1p7b,Conditioning,decoder,seame_dev_sge,2,0.07407407407407407,global,0.5,0.27042577675489066,0.7613636363636364,0.0,0.011363636363636354,0.9955089820359282,0.95,2,1,1,7624.197234153748,787,,9.6876711996871,20.64788488875199,0.46918467687528104,0.1854382657869934,results/basis_a4/qwen3_asr_1p7b/conditioning/seame_dev_sge/L02/Conditioning_decoder_L2_global_rho0.5.json
qwen3_asr_1p7b,Conditioning,decoder,seame_dev_sge,2,0.07407407407407407,oracle_local,0.5,0.27042577675489066,0.7727272727272727,0.0,0.0,1.0,1.0,0,0,0,347.62610721588135,36,,9.656280755996704,20.238898091846043,0.47711494529868104,0.008488564017920301,results/basis_a4/qwen3_asr_1p7b/conditioning/seame_dev_sge/L02/Conditioning_decoder_L2_oracle_local_rho0.5.json
qwen3_asr_1p7b,Conditioning,decoder,seame_dev_sge,3,0.1111111111111111,global,0.5,0.26927502876869963,0.75,0.0011507479861910253,0.022727272727272707,0.9985029940119761,0.95,3,1,2,9940.951071739197,772,,12.876879626605177,25.130877074800008,0.5123927664075629,0.18254906597304327,results/basis_a4/qwen3_asr_1p7b/conditioning/seame_dev_sge/L03/Conditioning_decoder_L3_global_rho0.5.json
qwen3_asr_1p7b,Conditioning,decoder,seame_dev_sge,3,0.1111111111111111,oracle_local,0.5,0.27042577675489066,0.7727272727272727,0.0,0.0,1.0,1.0,0,0,0,463.4428119659424,36,,12.8734114434984,24.898800373077393,0.5170293849746344,0.008490566037735849,results/basis_a4/qwen3_asr_1p7b/conditioning/seame_dev_sge/L03/Conditioning_decoder_L3_oracle_local_rho0.5.json
qwen3_asr_1p7b,Conditioning,decoder,seame_dev_sge,4,0.14814814814814814,global,0.5,0.25891829689298046,0.7386363636363636,0.011507479861910197,0.03409090909090906,0.9970059880239521,1.0,3,0,3,11735.982115745544,769,,15.261355157016313,29.2597398844745,0.5215820515586379,0.18196876478939897,results/basis_a4/qwen3_asr_1p7b/conditioning/seame_dev_sge/L04/Conditioning_decoder_L4_global_rho0.5.json
qwen3_asr_1p7b,Conditioning,decoder,seame_dev_sge,4,0.14814814814814814,oracle_local,0.5,0.2669735327963176,0.7727272727272727,0.0034522439585730758,0.0,1.0,1.0,0,0,0,548.8249416351318,36,,15.245137267642551,28.740486992730034,0.5304411602871879,0.008486562942008486,results/basis_a4/qwen3_asr_1p7b/conditioning/seame_dev_sge/L04/Conditioning_decoder_L4_oracle_local_rho0.5.json
qwen3_asr_1p7b,Conditioning,decoder,seame_dev_sge,5,0.18518518518518517,global,0.5,0.26352128883774456,0.7613636363636364,0.006904487917146096,0.011363636363636354,1.0,0.95,2,1,1,13196.661109924316,783,,16.853973320465283,34.176893653236284,0.4931394143501788,0.18466981132075472,results/basis_a4/qwen3_asr_1p7b/conditioning/seame_dev_sge/L05/Conditioning_decoder_L5_global_rho0.5.json
qwen3_asr_1p7b,Conditioning,decoder,seame_dev_sge,5,0.18518518518518517,oracle_local,0.5,0.27042577675489066,0.7727272727272727,0.0,0.0,1.0,1.0,0,0,0,605.2155447006226,36,,16.811542908350628,33.490865071614586,0.5019739822307357,0.008486562942008486,results/basis_a4/qwen3_asr_1p7b/conditioning/seame_dev_sge/L05/Conditioning_decoder_L5_oracle_local_rho0.5.json
qwen3_asr_1p7b,Conditioning,decoder,seame_dev_sge,6,0.2222222222222222,global,0.5,0.26352128883774456,0.7386363636363636,0.006904487917146096,0.03409090909090906,0.9970059880239521,1.0,3,0,3,14499.104553222656,777,,18.66036622036378,38.515028471191876,0.4844957140385133,0.18351440717997167,results/basis_a4/qwen3_asr_1p7b/conditioning/seame_dev_sge/L06/Conditioning_decoder_L6_global_rho0.5.json
qwen3_asr_1p7b,Conditioning,decoder,seame_dev_sge,6,0.2222222222222222,oracle_local,0.5,0.27042577675489066,0.7727272727272727,0.0,0.0,1.0,1.0,0,0,0,670.2987537384033,36,,18.619409826066757,37.91201718648275,0.49112158117256216,0.008488564017920301,results/basis_a4/qwen3_asr_1p7b/conditioning/seame_dev_sge/L06/Conditioning_decoder_L6_oracle_local_rho0.5.json
qwen3_asr_1p7b,Conditioning,decoder,seame_dev_sge,7,0.25925925925925924,global,0.5,0.2669735327963176,0.75,0.0034522439585730758,0.022727272727272707,1.0,0.95,3,1,2,15580.833145141602,781,,19.94985037790218,42.47682377501425,0.46966436293753894,0.18428504011326097,results/basis_a4/qwen3_asr_1p7b/conditioning/seame_dev_sge/L07/Conditioning_decoder_L7_global_rho0.5.json
qwen3_asr_1p7b,Conditioning,decoder,seame_dev_sge,7,0.25925925925925924,oracle_local,0.5,0.27042577675489066,0.7727272727272727,0.0,0.0,1.0,1.0,0,0,0,715.5796737670898,36,,19.87721316019694,41.86209381951226,0.47482606211474326,0.008488564017920301,results/basis_a4/qwen3_asr_1p7b/conditioning/seame_dev_sge/L07/Conditioning_decoder_L7_oracle_local_rho0.5.json
qwen3_asr_1p7b,Conditioning,decoder,seame_dev_sge,8,0.2962962962962963,global,0.5,0.26582278481012656,0.7840909090909091,0.004602991944764101,-0.011363636363636354,1.0,0.95,0,1,-1,17062.335195541382,785,,21.735458847823416,45.244750568365596,0.48039736267262134,0.18505421970768504,results/basis_a4/qwen3_asr_1p7b/conditioning/seame_dev_sge/L08/Conditioning_decoder_L8_global_rho0.5.json
qwen3_asr_1p7b,Conditioning,decoder,seame_dev_sge,8,0.2962962962962963,oracle_local,0.5,0.27042577675489066,0.7727272727272727,0.0,0.0,1.0,1.0,0,0,0,781.1391086578369,36,,21.698308573828804,44.80873499976264,0.48424282841155286,0.008488564017920301,results/basis_a4/qwen3_asr_1p7b/conditioning/seame_dev_sge/L08/Conditioning_decoder_L8_oracle_local_rho0.5.json
qwen3_asr_1p7b,Conditioning,decoder,seame_dev_sge,9,0.3333333333333333,global,0.5,0.2715765247410817,0.7727272727272727,-0.0011507479861910253,0.0,0.9970059880239521,1.0,0,0,0,19345.046977996826,782,,24.737911736568833,51.33017196557711,0.48193705162644884,0.18447747110167492,results/basis_a4/qwen3_asr_1p7b/conditioning/seame_dev_sge/L09/Conditioning_decoder_L9_global_rho0.5.json
qwen3_asr_1p7b,Conditioning,decoder,seame_dev_sge,9,0.3333333333333333,oracle_local,0.5,0.27042577675489066,0.7727272727272727,0.0,0.0,1.0,1.0,0,0,0,888.9140396118164,36,,24.69205665588379,50.55623149871826,0.48840777731840634,0.008488564017920301,results/basis_a4/qwen3_asr_1p7b/conditioning/seame_dev_sge/L09/Conditioning_decoder_L9_oracle_local_rho0.5.json
qwen3_asr_1p7b,Conditioning,decoder,seame_dev_sge,10,0.37037037037037035,global,0.5,0.27042577675489066,0.75,0.0,0.022727272727272707,0.9940119760479041,1.0,2,0,2,23039.41632080078,786,,29.3122345048356,60.8589133536846,0.48164242326323004,0.1852462880037709,results/basis_a4/qwen3_asr_1p7b/conditioning/seame_dev_sge/L10/Conditioning_decoder_L10_global_rho0.5.json
qwen3_asr_1p7b,Conditioning,decoder,seame_dev_sge,10,0.37037037037037035,oracle_local,0.5,0.2669735327963176,0.7727272727272727,0.0034522439585730758,0.0,1.0,1.0,0,0,0,1053.5243339538574,36,,29.264564832051594,60.06259059906006,0.4872344755723801,0.008486562942008486,results/basis_a4/qwen3_asr_1p7b/conditioning/seame_dev_sge/L10/Conditioning_decoder_L10_oracle_local_rho0.5.json
qwen3_asr_1p7b,Conditioning,decoder,seame_dev_sge,11,0.4074074074074074,global,0.5,0.2715765247410817,0.7954545454545454,-0.0011507479861910253,-0.022727272727272707,0.9955089820359282,0.9,0,2,-2,29001.838886260986,778,,37.27742787437145,80.20018514814598,0.4648047608058821,0.18370720188902007,results/basis_a4/qwen3_asr_1p7b/conditioning/seame_dev_sge/L11/Conditioning_decoder_L11_global_rho0.5.json
qwen3_asr_1p7b,Conditioning,decoder,seame_dev_sge,11,0.4074074074074074,oracle_local,0.5,0.27042577675489066,0.7727272727272727,0.0,0.0,1.0,1.0,0,0,0,1341.0401191711426,36,,37.251114421420624,79.80778333875868,0.46676041938543117,0.008488564017920301,results/basis_a4/qwen3_asr_1p7b/conditioning/seame_dev_sge/L11/Conditioning_decoder_L11_oracle_local_rho0.5.json
qwen3_asr_1p7b,Conditioning,decoder,seame_dev_sge,12,0.4444444444444444,global,0.5,0.2681242807825086,0.7727272727272727,0.0023014959723820505,0.0,0.9940119760479041,1.0,0,0,0,32344.53971862793,785,,41.20323531035405,86.65724211285828,0.47547365120035684,0.18505421970768504,results/basis_a4/qwen3_asr_1p7b/conditioning/seame_dev_sge/L12/Conditioning_decoder_L12_global_rho0.5.json
qwen3_asr_1p7b,Conditioning,decoder,seame_dev_sge,12,0.4444444444444444,oracle_local,0.5,0.27042577675489066,0.7727272727272727,0.0,0.0,1.0,1.0,0,0,0,1481.45503616333,36,,41.15152878231473,85.94740253024631,0.47879898136343124,0.008486562942008486,results/basis_a4/qwen3_asr_1p7b/conditioning/seame_dev_sge/L12/Conditioning_decoder_L12_oracle_local_rho0.5.json
qwen3_asr_1p7b,Conditioning,decoder,seame_dev_sge,13,0.48148148148148145,global,0.5,0.26927502876869963,0.7954545454545454,0.0011507479861910253,-0.022727272727272707,0.9985029940119761,0.9,0,2,-2,35069.710430145264,781,,44.90359850210661,94.25775724794434,0.47639154392341443,0.18428504011326097,results/basis_a4/qwen3_asr_1p7b/conditioning/seame_dev_sge/L13/Conditioning_decoder_L13_global_rho0.5.json
qwen3_asr_1p7b,Conditioning,decoder,seame_dev_sge,13,0.48148148148148145,oracle_local,0.5,0.2669735327963176,0.7727272727272727,0.0034522439585730758,0.0,1.0,1.0,0,0,0,1613.8564491271973,36,,44.829345809088814,92.89796405368381,0.4825654282712037,0.008486562942008486,results/basis_a4/qwen3_asr_1p7b/conditioning/seame_dev_sge/L13/Conditioning_decoder_L13_oracle_local_rho0.5.json
qwen3_asr_1p7b,Conditioning,decoder,seame_dev_sge,14,0.5185185185185185,global,0.5,0.2681242807825086,0.7613636363636364,0.0023014959723820505,0.011363636363636354,0.9970059880239521,0.9,3,2,1,38630.29674530029,773,,49.97451066662392,103.95339795071897,0.48073955880033153,0.18274231678486996,results/basis_a4/qwen3_asr_1p7b/conditioning/seame_dev_sge/L14/Conditioning_decoder_L14_global_rho0.5.json
qwen3_asr_1p7b,Conditioning,decoder,seame_dev_sge,14,0.5185185185185185,oracle_local,0.5,0.27042577675489066,0.7727272727272727,0.0,0.0,1.0,1.0,0,0,0,1796.452377319336,36,,49.90145492553711,102.19082450866699,0.4883163940154419,0.008486562942008486,results/basis_a4/qwen3_asr_1p7b/conditioning/seame_dev_sge/L14/Conditioning_decoder_L14_oracle_local_rho0.5.json
qwen3_asr_1p7b,Conditioning,decoder,seame_dev_sge,15,0.5555555555555556,global,0.5,0.26927502876869963,0.7840909090909091,0.0011507479861910253,-0.011363636363636354,0.9970059880239521,0.9,1,2,-1,46101.197410583496,781,,59.02842178051664,123.86536415285704,0.4765530879776218,0.18428504011326097,results/basis_a4/qwen3_asr_1p7b/conditioning/seame_dev_sge/L15/Conditioning_decoder_L15_global_rho0.5.json
qwen3_asr_1p7b,Conditioning,decoder,seame_dev_sge,15,0.5555555555555556,oracle_local,0.5,0.2669735327963176,0.7727272727272727,0.0034522439585730758,0.0,1.0,1.0,0,0,0,2118.5421562194824,36,,58.848393228318955,120.71999804178874,0.4874784143713111,0.008486562942008486,results/basis_a4/qwen3_asr_1p7b/conditioning/seame_dev_sge/L15/Conditioning_decoder_L15_oracle_local_rho0.5.json
qwen3_asr_1p7b,Conditioning,decoder,seame_dev_sge,16,0.5925925925925926,global,0.5,0.2646720368239356,0.7613636363636364,0.005753739930955071,0.011363636363636354,0.9970059880239521,0.95,2,1,1,54423.332946777344,784,,69.4175165137466,152.74091594073238,0.4544788545112725,0.1848620608347088,results/basis_a4/qwen3_asr_1p7b/conditioning/seame_dev_sge/L16/Conditioning_decoder_L16_global_rho0.5.json
qwen3_asr_1p7b,Conditioning,decoder,seame_dev_sge,16,0.5925925925925926,oracle_local,0.5,0.27042577675489066,0.7727272727272727,0.0,0.0,1.0,1.0,0,0,0,2488.9375,36,,69.13715277777777,150.20518324110242,0.4602847337618304,0.008490566037735849,results/basis_a4/qwen3_asr_1p7b/conditioning/seame_dev_sge/L16/Conditioning_decoder_L16_oracle_local_rho0.5.json
qwen3_asr_1p7b,Conditioning,decoder,seame_dev_sge,17,0.6296296296296297,global,0.5,0.2669735327963176,0.7727272727272727,0.0034522439585730758,0.0,0.9940119760479041,0.95,1,1,0,72515.13674163818,779,,93.08746693406698,204.997813644703,0.4540900474938909,0.18389990557129368,results/basis_a4/qwen3_asr_1p7b/conditioning/seame_dev_sge/L17/Conditioning_decoder_L17_global_rho0.5.json
qwen3_asr_1p7b,Conditioning,decoder,seame_dev_sge,17,0.6296296296296297,oracle_local,0.5,0.27042577675489066,0.7727272727272727,0.0,0.0,1.0,1.0,0,0,0,3340.0070571899414,36,,92.77797381083171,201.65512339274088,0.46008240331260286,0.008486562942008486,results/basis_a4/qwen3_asr_1p7b/conditioning/seame_dev_sge/L17/Conditioning_decoder_L17_oracle_local_rho0.5.json
qwen3_asr_1p7b,Conditioning,decoder,seame_dev_sge,18,0.6666666666666666,global,0.5,0.2727272727272727,0.8181818181818182,-0.0023014959723820505,-0.045454545454545525,0.9940119760479041,0.75,1,5,-4,99731.18117523193,779,,128.02462281801274,267.50965914646684,0.4785794398097481,0.18389990557129368,results/basis_a4/qwen3_asr_1p7b/conditioning/seame_dev_sge/L18/Conditioning_decoder_L18_global_rho0.5.json
qwen3_asr_1p7b,Conditioning,decoder,seame_dev_sge,18,0.6666666666666666,oracle_local,0.5,0.2715765247410817,0.7727272727272727,-0.0011507479861910253,0.0,1.0,1.0,0,0,0,4587.567077636719,36,,127.43241882324219,262.67127312554254,0.4851402945853788,0.008488564017920301,results/basis_a4/qwen3_asr_1p7b/conditioning/seame_dev_sge/L18/Conditioning_decoder_L18_oracle_local_rho0.5.json
qwen3_asr_1p7b,Conditioning,decoder,seame_dev_sge,19,0.7037037037037037,global,0.5,0.26582278481012656,0.7613636363636364,0.004602991944764101,0.011363636363636354,0.9835329341317365,1.0,1,0,1,125103.89797973633,771,,162.2618650839641,340.55158559202994,0.4764678009115151,0.18235572374645223,results/basis_a4/qwen3_asr_1p7b/conditioning/seame_dev_sge/L19/Conditioning_decoder_L19_global_rho0.5.json
qwen3_asr_1p7b,Conditioning,decoder,seame_dev_sge,19,0.7037037037037037,oracle_local,0.5,0.2669735327963176,0.7727272727272727,0.0034522439585730758,0.0,1.0,1.0,0,0,0,5800.736282348633,36,,161.13156339857312,333.04300096299914,0.4838160926146433,0.008486562942008486,results/basis_a4/qwen3_asr_1p7b/conditioning/seame_dev_sge/L19/Conditioning_decoder_L19_oracle_local_rho0.5.json
qwen3_asr_1p7b,Conditioning,decoder,seame_dev_sge,20,0.7407407407407407,global,0.5,0.26927502876869963,0.7840909090909091,0.0011507479861910253,-0.011363636363636354,0.9895209580838323,0.95,0,1,-1,171831.98472595215,795,,216.14086129050585,450.98365083130653,0.47926540328477407,0.18697083725305738,results/basis_a4/qwen3_asr_1p7b/conditioning/seame_dev_sge/L20/Conditioning_decoder_L20_global_rho0.5.json
qwen3_asr_1p7b,Conditioning,decoder,seame_dev_sge,20,0.7407407407407407,oracle_local,0.5,0.27042577675489066,0.7727272727272727,0.0,0.0,1.0,1.0,0,0,0,7732.519088745117,36,,214.79219690958658,445.8991538153754,0.48170577376453444,0.008486562942008486,results/basis_a4/qwen3_asr_1p7b/conditioning/seame_dev_sge/L20/Conditioning_decoder_L20_oracle_local_rho0.5.json
qwen3_asr_1p7b,Conditioning,decoder,seame_dev_sge,21,0.7777777777777778,global,0.5,0.27387802071346373,0.7613636363636364,-0.0034522439585730758,0.011363636363636354,0.9865269461077845,1.0,1,0,1,226078.17642211914,779,,290.2158875765329,612.0825230962046,0.4741450321248888,0.18389990557129368,results/basis_a4/qwen3_asr_1p7b/conditioning/seame_dev_sge/L21/Conditioning_decoder_L21_global_rho0.5.json
qwen3_asr_1p7b,Conditioning,decoder,seame_dev_sge,21,0.7777777777777778,oracle_local,0.5,0.27042577675489066,0.7727272727272727,0.0,0.0,1.0,1.0,0,0,0,10394.268005371094,36,,288.7296668158637,604.9721086290148,0.4772611211286776,0.008488564017920301,results/basis_a4/qwen3_asr_1p7b/conditioning/seame_dev_sge/L21/Conditioning_decoder_L21_oracle_local_rho0.5.json
qwen3_asr_1p7b,Conditioning,decoder,seame_dev_sge,22,0.8148148148148148,global,0.5,0.2681242807825086,0.7727272727272727,0.0023014959723820505,0.0,0.9940119760479041,0.95,1,1,0,279790.4429016113,773,,361.95400116637944,784.1591867148336,0.4615823002504812,0.18274231678486996,results/basis_a4/qwen3_asr_1p7b/conditioning/seame_dev_sge/L22/Conditioning_decoder_L22_global_rho0.5.json
qwen3_asr_1p7b,Conditioning,decoder,seame_dev_sge,22,0.8148148148148148,oracle_local,0.5,0.27042577675489066,0.7727272727272727,0.0,0.0,1.0,1.0,0,0,0,12947.26806640625,36,,359.6463351779514,767.2157592773438,0.46876818004456744,0.008488564017920301,results/basis_a4/qwen3_asr_1p7b/conditioning/seame_dev_sge/L22/Conditioning_decoder_L22_oracle_local_rho0.5.json
qwen3_asr_1p7b,Conditioning,decoder,seame_dev_sge,23,0.8518518518518519,global,0.5,0.2727272727272727,0.7613636363636364,-0.0023014959723820505,0.011363636363636354,0.9865269461077845,1.0,1,0,1,350675.1661682129,778,,450.73928813394974,995.4516840054628,0.4527987599762564,0.18370720188902007,results/basis_a4/qwen3_asr_1p7b/conditioning/seame_dev_sge/L23/Conditioning_decoder_L23_global_rho0.5.json
qwen3_asr_1p7b,Conditioning,decoder,seame_dev_sge,23,0.8518518518518519,oracle_local,0.5,0.27042577675489066,0.7727272727272727,0.0,0.0,1.0,1.0,0,0,0,16115.463439941406,36,,447.6517622205946,965.2597503662109,0.4637630047774804,0.008488564017920301,results/basis_a4/qwen3_asr_1p7b/conditioning/seame_dev_sge/L23/Conditioning_decoder_L23_oracle_local_rho0.5.json
qwen3_asr_1p7b,Conditioning,decoder,seame_dev_sge,24,0.8888888888888888,global,0.5,0.26237054085155354,0.75,0.008055235903337121,0.022727272727272707,0.9970059880239521,0.95,3,1,2,442309.4535522461,774,,571.4592423155634,1277.9798662841165,0.4471582513871297,0.1829354762467502,results/basis_a4/qwen3_asr_1p7b/conditioning/seame_dev_sge/L24/Conditioning_decoder_L24_global_rho0.5.json
qwen3_asr_1p7b,Conditioning,decoder,seame_dev_sge,24,0.8888888888888888,oracle_local,0.5,0.2669735327963176,0.7727272727272727,0.0034522439585730758,0.0,1.0,1.0,0,0,0,20382.822692871094,36,,566.1895192464193,1239.160420735677,0.45691381823693034,0.008486562942008486,results/basis_a4/qwen3_asr_1p7b/conditioning/seame_dev_sge/L24/Conditioning_decoder_L24_oracle_local_rho0.5.json
qwen3_asr_1p7b,Conditioning,decoder,seame_dev_sge,25,0.9259259259259259,global,0.5,0.28423475258918296,0.875,-0.013808975834292303,-0.10227272727272729,0.9910179640718563,0.55,0,9,-9,574395.2189941406,774,,742.1126860389413,1649.3747572787972,0.4499357606656402,0.1829354762467502,results/basis_a4/qwen3_asr_1p7b/conditioning/seame_dev_sge/L25/Conditioning_decoder_L25_global_rho0.5.json
qwen3_asr_1p7b,Conditioning,decoder,seame_dev_sge,25,0.9259259259259259,oracle_local,0.5,0.27042577675489066,0.7727272727272727,0.0,0.0,1.0,1.0,0,0,0,26524.886657714844,36,,736.8024071587456,1600.2395731608074,0.4604325624215173,0.008490566037735849,results/basis_a4/qwen3_asr_1p7b/conditioning/seame_dev_sge/L25/Conditioning_decoder_L25_oracle_local_rho0.5.json
qwen3_asr_1p7b,Conditioning,decoder,seame_dev_sge,26,0.9629629629629629,global,0.5,0.26582278481012656,0.7613636363636364,0.004602991944764101,0.011363636363636354,0.9925149700598802,1.0,1,0,1,689149.2579345703,787,,875.6661473120334,1979.1833615527219,0.4424381107494002,0.1854382657869934,results/basis_a4/qwen3_asr_1p7b/conditioning/seame_dev_sge/L26/Conditioning_decoder_L26_global_rho0.5.json
qwen3_asr_1p7b,Conditioning,decoder,seame_dev_sge,26,0.9629629629629629,oracle_local,0.5,0.27042577675489066,0.7727272727272727,0.0,0.0,1.0,1.0,0,0,0,31307.45184326172,36,,869.6514400906033,1929.8145921495225,0.4506398923649669,0.008488564017920301,results/basis_a4/qwen3_asr_1p7b/conditioning/seame_dev_sge/L26/Conditioning_decoder_L26_oracle_local_rho0.5.json
qwen3_asr_1p7b,Conditioning,decoder,seame_dev_sge,27,1.0,global,0.5,0.28308400460299193,0.8295454545454546,-0.012658227848101278,-0.05681818181818188,0.9715568862275449,0.7,1,6,-5,869972.5909423828,810,,1074.040235731337,2425.468968973042,0.44281755383005034,0.18982891961565504,results/basis_a4/qwen3_asr_1p7b/conditioning/seame_dev_sge/L27/Conditioning_decoder_L27_global_rho0.5.json
qwen3_asr_1p7b,Conditioning,decoder,seame_dev_sge,27,1.0,oracle_local,0.5,0.27387802071346373,0.7727272727272727,-0.0034522439585730758,0.0,0.9925149700598802,1.0,0,0,0,38354.82727050781,36,,1065.411868625217,2359.333268907335,0.4515732824462884,0.008484562809333018,results/basis_a4/qwen3_asr_1p7b/conditioning/seame_dev_sge/L27/Conditioning_decoder_L27_oracle_local_rho0.5.json
