model,direction,side,dataset,layer,normalized_depth,scope,rho,mer,pier,mer_gain,pier_gain,matrix_retention,embedded_retention,poi_corrections,poi_corruptions,poi_net_utility,total_intervention_energy,edited_positions_or_frames,mean_intervention_norm,mean_perturbation_norm,original_hidden_norm,relative_perturbation,edited_fraction,path
whisper,Conditioning,decoder,cs_dialogue,0,0.0,global,0.5,0.27677775797540544,0.4488536155202822,-0.014317115190399798,0.021164021164021163,0.9506610213427806,0.9708818635607321,83,35,48,15507.088350176811,13908,1.1149761540247922,,,,,results/basis_a4/whisper/conditioning/cs_dialogue/L00/conditioning_decoder_L0_global_rho0.5.json
whisper,Conditioning,decoder,cs_dialogue,0,0.0,oracle_local,0.5,0.2537872037070041,0.4660493827160494,0.008673439078001555,0.003968253968253954,0.9839281085284715,0.9758735440931781,38,29,9,2006.1132797598839,1804,1.1120361861196695,,,,,results/basis_a4/whisper/conditioning/cs_dialogue/L00/conditioning_decoder_L0_oracle_local_rho0.5.json
whisper,Conditioning,decoder,cs_dialogue,1,0.03225806451612903,global,0.5,0.2730945167231034,0.4810405643738977,-0.010633873938097782,-0.011022927689594342,0.9860019009764106,0.9550748752079867,29,54,-25,24273.829433321953,13773,1.7624213630524905,,,,,results/basis_a4/whisper/conditioning/cs_dialogue/L01/conditioning_decoder_L1_global_rho0.5.json
whisper,Conditioning,decoder,cs_dialogue,1,0.03225806451612903,oracle_local,0.5,0.26976771817263706,0.4876543209876543,-0.007307075387631423,-0.01763668430335097,0.9936922146375183,0.9450915141430949,26,66,-40,3204.929928779602,1822,1.7590175240283217,,,,,results/basis_a4/whisper/conditioning/cs_dialogue/L01/conditioning_decoder_L1_oracle_local_rho0.5.json
whisper,Conditioning,decoder,cs_dialogue,2,0.06451612903225806,global,0.5,0.252420840016634,0.4739858906525573,0.01003980276837163,-0.003968253968253954,0.986952389181716,0.9584026622296173,41,50,-9,27303.349781632423,13836,1.9733557228702243,,,,,results/basis_a4/whisper/conditioning/cs_dialogue/L02/conditioning_decoder_L2_global_rho0.5.json
whisper,Conditioning,decoder,cs_dialogue,2,0.06451612903225806,oracle_local,0.5,0.2650745559318006,0.48148148148148145,-0.0026139131467949883,-0.011463844797178102,0.9912727901149226,0.9667221297836939,14,40,-26,3596.6828503608704,1826,1.9697058326182204,,,,,results/basis_a4/whisper/conditioning/cs_dialogue/L02/conditioning_decoder_L2_oracle_local_rho0.5.json
whisper,Conditioning,decoder,cs_dialogue,3,0.0967741935483871,global,0.5,0.24921285570011287,0.4792768959435626,0.01324778708489277,-0.009259259259259245,0.9880756934243498,0.9467554076539102,43,64,-21,30188.972261428833,13883,2.174528002696019,,,,,results/basis_a4/whisper/conditioning/cs_dialogue/L03/conditioning_decoder_L3_global_rho0.5.json
whisper,Conditioning,decoder,cs_dialogue,3,0.0967741935483871,oracle_local,0.5,0.26703499079189685,0.4898589065255732,-0.004574348006891216,-0.019841269841269826,0.9907543420029379,0.9500831946755408,15,60,-45,3992.9759707450867,1826,2.1867338284474735,,,,,results/basis_a4/whisper/conditioning/cs_dialogue/L03/conditioning_decoder_L3_oracle_local_rho0.5.json
whisper,Conditioning,decoder,cs_dialogue,4,0.12903225806451613,global,0.5,0.2612725004455534,0.49514991181657847,0.0011881423394522472,-0.025132275132275117,0.9883349174803422,0.910981697171381,50,107,-57,31759.378614664078,14017,2.2657757447859086,,,,,results/basis_a4/whisper/conditioning/cs_dialogue/L04/conditioning_decoder_L4_global_rho0.5.json
whisper,Conditioning,decoder,cs_dialogue,4,0.12903225806451613,oracle_local,0.5,0.2729757024891582,0.5008818342151675,-0.010515059704152563,-0.030864197530864168,0.9919640542642357,0.9226289517470881,23,93,-70,4174.449857473373,1833,2.27738671984363,,,,,results/basis_a4/whisper/conditioning/cs_dialogue/L04/conditioning_decoder_L4_oracle_local_rho0.5.json
whisper,Conditioning,decoder,cs_dialogue,5,0.16129032258064516,global,0.5,0.26430226341115665,0.5035273368606702,-0.0018416206261510082,-0.03350970017636684,0.986261125032403,0.8935108153078203,52,128,-76,32978.64095759392,13993,2.356795609061239,,,,,results/basis_a4/whisper/conditioning/cs_dialogue/L05/conditioning_decoder_L5_global_rho0.5.json
whisper,Conditioning,decoder,cs_dialogue,5,0.16129032258064516,oracle_local,0.5,0.27356977365888435,0.5008818342151675,-0.011109130873878714,-0.030864197530864168,0.994124254730839,0.9267886855241264,18,88,-70,4318.550022363663,1821,2.3715266459987165,,,,,results/basis_a4/whisper/conditioning/cs_dialogue/L05/conditioning_decoder_L5_oracle_local_rho0.5.json
whisper,Conditioning,decoder,cs_dialogue,6,0.1935483870967742,global,0.5,0.2767183508584328,0.5185185185185185,-0.014257708073427189,-0.04850088183421514,0.9851378207897693,0.8718801996672213,44,154,-110,34032.74277925491,13767,2.4720522103039815,,,,,results/basis_a4/whisper/conditioning/cs_dialogue/L06/conditioning_decoder_L6_global_rho0.5.json
whisper,Conditioning,decoder,cs_dialogue,6,0.1935483870967742,oracle_local,0.5,0.2758272441038436,0.5013227513227513,-0.01336660131883799,-0.03130511463844793,0.992136870301564,0.9193011647254575,26,97,-71,4521.993942975998,1818,2.4873454031771165,,,,,results/basis_a4/whisper/conditioning/cs_dialogue/L06/conditioning_decoder_L6_oracle_local_rho0.5.json
whisper,Conditioning,decoder,cs_dialogue,7,0.22580645161290322,global,0.5,0.2769559793263233,0.5401234567901234,-0.014495336541317683,-0.07010582010582006,0.9834096604164867,0.826955074875208,49,208,-159,37283.52828001976,13888,2.6845858496558006,,,,,results/basis_a4/whisper/conditioning/cs_dialogue/L07/conditioning_decoder_L7_global_rho0.5.json
whisper,Conditioning,decoder,cs_dialogue,7,0.22580645161290322,oracle_local,0.5,0.278381750133666,0.5132275132275133,-0.015921107348660368,-0.0432098765432099,0.9927417264322129,0.8985024958402662,24,122,-98,4951.63321352005,1829,2.707289892575205,,,,,results/basis_a4/whisper/conditioning/cs_dialogue/L07/conditioning_decoder_L7_oracle_local_rho0.5.json
whisper,Conditioning,decoder,cs_dialogue,8,0.25806451612903225,global,0.5,0.27392621636072,0.548941798941799,-0.011465573575714372,-0.0789241622574956,0.9859154929577465,0.8094841930116472,50,229,-179,39199.74875664711,13674,2.8667360506543154,,,,,results/basis_a4/whisper/conditioning/cs_dialogue/L08/conditioning_decoder_L8_global_rho0.5.json
whisper,Conditioning,decoder,cs_dialogue,8,0.25806451612903225,oracle_local,0.5,0.2785005643676112,0.5141093474426808,-0.016039921582605587,-0.04409171075837742,0.9910135660589303,0.8926788685524126,29,129,-100,5272.4346787929535,1826,2.8874231537748924,,,,,results/basis_a4/whisper/conditioning/cs_dialogue/L08/conditioning_decoder_L8_oracle_local_rho0.5.json
whisper,Conditioning,decoder,cs_dialogue,9,0.2903225806451613,global,0.5,0.27184696726667856,0.533068783068783,-0.009386324481672925,-0.06305114638447967,0.987557245312365,0.829450915141431,62,205,-143,40179.091352939606,13919,2.886636349805274,,,,,results/basis_a4/whisper/conditioning/cs_dialogue/L09/conditioning_decoder_L9_global_rho0.5.json
whisper,Conditioning,decoder,cs_dialogue,9,0.2903225806451613,oracle_local,0.5,0.27778767896393985,0.5119047619047619,-0.015327036178934217,-0.04188712522045851,0.9917048302082433,0.8943427620632279,32,127,-95,5273.360841751099,1822,2.8942704949237643,,,,,results/basis_a4/whisper/conditioning/cs_dialogue/L09/conditioning_decoder_L9_oracle_local_rho0.5.json
whisper,Conditioning,decoder,cs_dialogue,10,0.3225806451612903,global,0.5,0.283609576427256,0.5590828924162258,-0.021148933642250345,-0.08906525573192242,0.9801261557072496,0.7820299500831946,60,262,-202,40993.74536013603,13842,2.9615478514763787,,,,,results/basis_a4/whisper/conditioning/cs_dialogue/L10/conditioning_decoder_L10_global_rho0.5.json
whisper,Conditioning,decoder,cs_dialogue,10,0.3225806451612903,oracle_local,0.5,0.28046099922770745,0.5242504409171076,-0.018000356442701815,-0.054232804232804244,0.9899766698349607,0.8743760399334443,28,151,-123,5427.527184009552,1827,2.970731901483061,,,,,results/basis_a4/whisper/conditioning/cs_dialogue/L10/conditioning_decoder_L10_oracle_local_rho0.5.json
whisper,Conditioning,decoder,cs_dialogue,11,0.3548387096774194,global,0.5,0.27808471454880296,0.5476190476190477,-0.01562407176379732,-0.07760141093474432,0.9832368443791584,0.8053244592346089,58,234,-176,42070.849814891815,13878,3.0314778653186205,,,,,results/basis_a4/whisper/conditioning/cs_dialogue/L11/conditioning_decoder_L11_global_rho0.5.json
whisper,Conditioning,decoder,cs_dialogue,11,0.3548387096774194,oracle_local,0.5,0.27594605833778885,0.5074955908289241,-0.013485415552783209,-0.037477954144620795,0.9853106368270975,0.9051580698835274,29,114,-85,5512.260809659958,1814,3.038732530132281,,,,,results/basis_a4/whisper/conditioning/cs_dialogue/L11/conditioning_decoder_L11_oracle_local_rho0.5.json
whisper,Conditioning,decoder,cs_dialogue,12,0.3870967741935484,global,0.5,0.28075803481257056,0.5736331569664903,-0.018297392027564918,-0.10361552028218696,0.9844465566404562,0.757071547420965,57,292,-235,43987.333359241486,13946,3.1541182675492245,,,,,results/basis_a4/whisper/conditioning/cs_dialogue/L12/conditioning_decoder_L12_global_rho0.5.json
whisper,Conditioning,decoder,cs_dialogue,12,0.3870967741935484,oracle_local,0.5,0.2841442404800095,0.5110229276895943,-0.021683597695003887,-0.04100529100529099,0.9812494599498833,0.8943427620632279,34,127,-93,5725.785229682922,1810,3.1634172539684653,,,,,results/basis_a4/whisper/conditioning/cs_dialogue/L12/conditioning_decoder_L12_oracle_local_rho0.5.json
whisper,Conditioning,decoder,cs_dialogue,13,0.41935483870967744,global,0.5,0.27416384482861045,0.5224867724867724,-0.01170320204360481,-0.05246913580246909,0.9799533396699214,0.848585690515807,63,182,-119,46281.38677787781,14110,3.280041585958739,,,,,results/basis_a4/whisper/conditioning/cs_dialogue/L13/conditioning_decoder_L13_global_rho0.5.json
whisper,Conditioning,decoder,cs_dialogue,13,0.41935483870967744,oracle_local,0.5,0.280995663280461,0.49867724867724866,-0.018535020495455357,-0.02865961199294531,0.991445606152251,0.9209650582362728,30,95,-65,5996.080874443054,1817,3.299989474101846,,,,,results/basis_a4/whisper/conditioning/cs_dialogue/L13/conditioning_decoder_L13_oracle_local_rho0.5.json
whisper,Conditioning,decoder,cs_dialogue,14,0.45161290322580644,global,0.5,0.28568882552129743,0.5238095238095238,-0.02322818273629179,-0.05379188712522048,0.9736455543074397,0.8643926788685524,41,163,-122,46427.99881982803,13633,3.4055599515754444,,,,,results/basis_a4/whisper/conditioning/cs_dialogue/L14/conditioning_decoder_L14_global_rho0.5.json
whisper,Conditioning,decoder,cs_dialogue,14,0.45161290322580644,oracle_local,0.5,0.26156953603041644,0.4929453262786596,0.0008911067545891993,-0.02292768959435626,0.9768426509980126,0.9351081530782029,26,78,-52,6132.427589893341,1792,3.422113610431552,,,,,results/basis_a4/whisper/conditioning/cs_dialogue/L14/conditioning_decoder_L14_oracle_local_rho0.5.json
whisper,Conditioning,decoder,cs_dialogue,15,0.4838709677419355,global,0.5,0.2672132121428147,0.5154320987654321,-0.0047525693578090444,-0.045414462081128704,0.9747688585500734,0.8718801996672213,51,154,-103,45029.24715971947,13455,3.346655307299849,,,,,results/basis_a4/whisper/conditioning/cs_dialogue/L15/conditioning_decoder_L15_global_rho0.5.json
whisper,Conditioning,decoder,cs_dialogue,15,0.4838709677419355,oracle_local,0.5,0.2658468484524446,0.49074074074074076,-0.0033862056674389684,-0.020723104056437402,0.9834960684351508,0.9392678868552413,26,73,-47,6031.7883813381195,1798,3.354721012980044,,,,,results/basis_a4/whisper/conditioning/cs_dialogue/L15/conditioning_decoder_L15_oracle_local_rho0.5.json
whisper,Conditioning,decoder,cs_dialogue,16,0.5161290322580645,global,0.5,0.2683419473652944,0.5079365079365079,-0.005881304580288738,-0.037918871252204556,0.9728678821394625,0.8910149750415973,45,131,-86,46877.92778801918,13422,3.4926186699462956,,,,,results/basis_a4/whisper/conditioning/cs_dialogue/L16/conditioning_decoder_L16_global_rho0.5.json
whisper,Conditioning,decoder,cs_dialogue,16,0.5161290322580645,oracle_local,0.5,0.2694112754708014,0.4929453262786596,-0.006950632685795766,-0.02292768959435626,0.9872116132377085,0.9417637271214643,18,70,-52,6325.634336709976,1811,3.4928958236940786,,,,,results/basis_a4/whisper/conditioning/cs_dialogue/L16/conditioning_decoder_L16_oracle_local_rho0.5.json
whisper,Conditioning,decoder,cs_dialogue,17,0.5483870967741935,global,0.5,0.27006475375750016,0.48059964726631393,-0.007604110972494527,-0.010582010582010581,0.9696707854488896,0.937603993344426,51,75,-24,47366.63479423523,13359,3.545672190600736,,,,,results/basis_a4/whisper/conditioning/cs_dialogue/L17/conditioning_decoder_L17_global_rho0.5.json
whisper,Conditioning,decoder,cs_dialogue,17,0.5483870967741935,oracle_local,0.5,0.2555694172161825,0.4673721340388007,0.006891225568823156,0.002645502645502673,0.9901494858722889,0.9742096505823628,37,31,6,6476.10902428627,1821,3.5563476245394123,,,,,results/basis_a4/whisper/conditioning/cs_dialogue/L17/conditioning_decoder_L17_oracle_local_rho0.5.json
whisper,Conditioning,decoder,cs_dialogue,18,0.5806451612903226,global,0.5,0.2801639636428444,0.48853615520282184,-0.017703320857838767,-0.01851851851851849,0.96068435150782,0.9292845257903494,43,85,-42,46999.799510240555,13517,3.477088075034442,,,,,results/basis_a4/whisper/conditioning/cs_dialogue/L18/conditioning_decoder_L18_global_rho0.5.json
whisper,Conditioning,decoder,cs_dialogue,18,0.5806451612903226,oracle_local,0.5,0.26691617655795163,0.4783950617283951,-0.0044555337729459965,-0.008377425044091724,0.9931737665255336,0.9625623960066556,26,45,-19,6381.900635957718,1818,3.5103963894156864,,,,,results/basis_a4/whisper/conditioning/cs_dialogue/L18/conditioning_decoder_L18_oracle_local_rho0.5.json
whisper,Conditioning,decoder,cs_dialogue,19,0.6129032258064516,global,0.5,0.28871858848690074,0.5233686067019401,-0.026257945701895102,-0.05335097001763672,0.9538581180333535,0.8685524126455907,37,158,-121,48720.52474617958,13489,3.6118707647846082,,,,,results/basis_a4/whisper/conditioning/cs_dialogue/L19/conditioning_decoder_L19_global_rho0.5.json
whisper,Conditioning,decoder,cs_dialogue,19,0.6129032258064516,oracle_local,0.5,0.26370819224143055,0.48544973544973546,-0.0012475494564249123,-0.015432098765432112,0.9891125896483194,0.9517470881863561,23,58,-35,6585.061252593994,1814,3.6301329948147707,,,,,results/basis_a4/whisper/conditioning/cs_dialogue/L19/conditioning_decoder_L19_oracle_local_rho0.5.json
whisper,Conditioning,decoder,cs_dialogue,20,0.6451612903225806,global,0.5,0.272084595734569,0.5035273368606702,-0.009623952949563364,-0.03350970017636684,0.9526484057720557,0.9093178036605657,33,109,-76,49929.56438922882,13650,3.6578435449984483,,,,,results/basis_a4/whisper/conditioning/cs_dialogue/L20/conditioning_decoder_L20_global_rho0.5.json
whisper,Conditioning,decoder,cs_dialogue,20,0.6451612903225806,oracle_local,0.5,0.26780728331254083,0.4775132275132275,-0.005346640527535196,-0.007495590828924148,0.9904951179469454,0.9692179700499168,20,37,-17,6670.001620292664,1818,3.668867777938759,,,,,results/basis_a4/whisper/conditioning/cs_dialogue/L20/conditioning_decoder_L20_oracle_local_rho0.5.json
whisper,Conditioning,decoder,cs_dialogue,21,0.6774193548387096,global,0.5,0.2902631735281887,0.533068783068783,-0.027802530743183063,-0.06305114638447967,0.9400328350470923,0.8494176372712147,38,181,-143,53127.09830856323,13836,3.8397729335475015,,,,,results/basis_a4/whisper/conditioning/cs_dialogue/L21/conditioning_decoder_L21_global_rho0.5.json
whisper,Conditioning,decoder,cs_dialogue,21,0.6774193548387096,oracle_local,0.5,0.2610348719776629,0.47707231040564374,0.001425770807342741,-0.007054673721340388,0.9880756934243498,0.9692179700499168,21,37,-16,6989.079616308212,1817,3.846494010076066,,,,,results/basis_a4/whisper/conditioning/cs_dialogue/L21/conditioning_decoder_L21_oracle_local_rho0.5.json
whisper,Conditioning,decoder,cs_dialogue,22,0.7096774193548387,global,0.5,0.2972732133309571,0.5537918871252204,-0.03481257054595144,-0.08377425044091708,0.9397736109911,0.8061564059900166,43,233,-190,53447.02676010132,13695,3.9026671602848717,,,,,results/basis_a4/whisper/conditioning/cs_dialogue/L22/conditioning_decoder_L22_global_rho0.5.json
whisper,Conditioning,decoder,cs_dialogue,22,0.7096774193548387,oracle_local,0.5,0.27897582130339216,0.5052910052910053,-0.01651517851838652,-0.035273368606701994,0.9804717877819061,0.913477537437604,24,104,-80,7027.960011720657,1797,3.9109404628384294,,,,,results/basis_a4/whisper/conditioning/cs_dialogue/L22/conditioning_decoder_L22_oracle_local_rho0.5.json
whisper,Conditioning,decoder,cs_dialogue,23,0.7419354838709677,global,0.5,0.2948969286520525,0.5595238095238095,-0.03243628586704689,-0.08950617283950618,0.9405512831590772,0.8086522462562395,27,230,-203,53848.456291913986,13508,3.9864122217881244,,,,,results/basis_a4/whisper/conditioning/cs_dialogue/L23/conditioning_decoder_L23_global_rho0.5.json
whisper,Conditioning,decoder,cs_dialogue,23,0.7419354838709677,oracle_local,0.5,0.26982712528960967,0.5048500881834215,-0.007366482504604033,-0.03483245149911812,0.9877300613496932,0.9242928452579035,12,91,-79,7219.995547056198,1812,3.9845450038941492,,,,,results/basis_a4/whisper/conditioning/cs_dialogue/L23/conditioning_decoder_L23_oracle_local_rho0.5.json
whisper,Conditioning,decoder,cs_dialogue,24,0.7741935483870968,global,0.5,0.2907384304639696,0.5458553791887125,-0.02827778767896394,-0.07583774250440917,0.9518707336040785,0.8244592346089851,39,211,-172,56626.55299401283,13819,4.097731600985081,,,,,results/basis_a4/whisper/conditioning/cs_dialogue/L24/conditioning_decoder_L24_global_rho0.5.json
whisper,Conditioning,decoder,cs_dialogue,24,0.7741935483870968,oracle_local,0.5,0.26109427909463556,0.49603174603174605,0.001366363690370076,-0.026014109347442693,0.9891989976669835,0.9284525790349417,27,86,-59,7491.066858768463,1814,4.129584817402681,,,,,results/basis_a4/whisper/conditioning/cs_dialogue/L24/conditioning_decoder_L24_oracle_local_rho0.5.json
whisper,Conditioning,decoder,cs_dialogue,25,0.8064516129032258,global,0.5,0.28153032733321454,0.5515873015873016,-0.0190696845482089,-0.08156966490299827,0.9370949624125119,0.8178036605657238,34,219,-185,59958.38101863861,13538,4.428895037571178,,,,,results/basis_a4/whisper/conditioning/cs_dialogue/L25/conditioning_decoder_L25_global_rho0.5.json
whisper,Conditioning,decoder,cs_dialogue,25,0.8064516129032258,oracle_local,0.5,0.2712528960969524,0.5026455026455027,-0.008792253311946774,-0.03262786596119932,0.9744232264754169,0.9176372712146422,25,99,-74,8007.560304641724,1801,4.446174516736104,,,,,results/basis_a4/whisper/conditioning/cs_dialogue/L25/conditioning_decoder_L25_oracle_local_rho0.5.json
whisper,Conditioning,decoder,cs_dialogue,26,0.8387096774193549,global,0.5,0.29145131586764095,0.5004409171075838,-0.02899067308263531,-0.030423280423280408,0.9152337336904864,0.8801996672212978,75,144,-69,63297.20824146271,13146,4.8149405325926296,,,,,results/basis_a4/whisper/conditioning/cs_dialogue/L26/conditioning_decoder_L26_global_rho0.5.json
whisper,Conditioning,decoder,cs_dialogue,26,0.8387096774193549,oracle_local,0.5,0.2601437652230737,0.4708994708994709,0.0023168775619319404,-0.0008818342151675207,0.980385379763242,0.961730449251248,44,46,-2,8617.138436794281,1789,4.816734732696635,,,,,results/basis_a4/whisper/conditioning/cs_dialogue/L26/conditioning_decoder_L26_oracle_local_rho0.5.json
whisper,Conditioning,decoder,cs_dialogue,27,0.8709677419354839,global,0.5,0.2805204063446801,0.4792768959435626,-0.01805976355967448,-0.009259259259259245,0.9461678043722458,0.9151414309484193,81,102,-21,74565.95166349411,13336,5.59132810914023,,,,,results/basis_a4/whisper/conditioning/cs_dialogue/L27/conditioning_decoder_L27_global_rho0.5.json
whisper,Conditioning,decoder,cs_dialogue,27,0.8709677419354839,oracle_local,0.5,0.2591338442345393,0.4678130511463845,0.003326798550466359,0.0022045855379188573,0.9891125896483194,0.961730449251248,51,46,5,10057.525389194489,1795,5.603078211250412,,,,,results/basis_a4/whisper/conditioning/cs_dialogue/L27/conditioning_decoder_L27_oracle_local_rho0.5.json
whisper,Conditioning,decoder,cs_dialogue,28,0.9032258064516129,global,0.5,0.3113527000534664,0.4149029982363316,-0.04889205726846074,0.055114638447971764,0.9072841959733863,0.9517470881863561,183,58,125,87602.12349319458,13437,6.5194703797867515,,,,,results/basis_a4/whisper/conditioning/cs_dialogue/L28/conditioning_decoder_L28_global_rho0.5.json
whisper,Conditioning,decoder,cs_dialogue,28,0.9032258064516129,oracle_local,0.5,0.25931206558545716,0.4523809523809524,0.0031485771995484746,0.01763668430335097,0.9846193726777845,0.9683860232945092,78,38,40,11812.995591163635,1810,6.526516901195379,,,,,results/basis_a4/whisper/conditioning/cs_dialogue/L28/conditioning_decoder_L28_oracle_local_rho0.5.json
whisper,Conditioning,decoder,cs_dialogue,29,0.9354838709677419,global,0.5,0.3813342838472049,0.3412698412698413,-0.11887364106219928,0.12874779541446207,0.8196664650479565,0.9334442595673876,372,80,292,101047.8894944191,14099,7.167025285085403,,,,,results/basis_a4/whisper/conditioning/cs_dialogue/L29/conditioning_decoder_L29_global_rho0.5.json
whisper,Conditioning,decoder,cs_dialogue,29,0.9354838709677419,oracle_local,0.5,0.2386383888789877,0.37257495590828926,0.023822253906017943,0.09744268077601409,0.9840145165471356,0.9866888519134775,237,16,221,13079.804208755493,1818,7.1946117759931205,,,,,results/basis_a4/whisper/conditioning/cs_dialogue/L29/conditioning_decoder_L29_oracle_local_rho0.5.json
whisper,Conditioning,decoder,cs_dialogue,30,0.967741935483871,global,0.5,0.6980930315451791,0.3412698412698413,-0.43563238876017346,0.12874779541446207,0.547135574181284,0.8527454242928453,469,177,292,120234.1875166893,15975,7.526396714659737,,,,,results/basis_a4/whisper/conditioning/cs_dialogue/L30/conditioning_decoder_L30_global_rho0.5.json
whisper,Conditioning,decoder,cs_dialogue,30,0.967741935483871,oracle_local,0.5,0.2542030535258124,0.3350970017636684,0.008257589259193232,0.13492063492063494,0.9630173680117515,0.9825291181364393,327,21,306,13853.618741989136,1812,7.645484956947647,,,,,results/basis_a4/whisper/conditioning/cs_dialogue/L30/conditioning_decoder_L30_oracle_local_rho0.5.json
whisper,Conditioning,decoder,cs_dialogue,31,1.0,global,0.5,1.1233885819521179,0.4144620811287478,-0.8609279391671123,0.05555555555555558,0.26829689795212996,0.7229617304492513,459,333,126,168708.63350772858,20822,8.10242212600752,,,,,results/basis_a4/whisper/conditioning/cs_dialogue/L31/conditioning_decoder_L31_global_rho0.5.json
whisper,Conditioning,decoder,cs_dialogue,31,1.0,oracle_local,0.5,0.28883740272084596,0.31084656084656087,-0.02637675993584032,0.15917107583774248,0.9248250237622051,0.9717138103161398,395,34,361,15147.168175697327,1804,8.39643468719364,,,,,results/basis_a4/whisper/conditioning/cs_dialogue/L31/conditioning_decoder_L31_oracle_local_rho0.5.json
whisper,Conditioning,decoder,seame_dev_man,0,0.0,global,0.5,0.37905759162303665,0.6363636363636364,-0.014659685863874339,0.0505050505050505,0.9523809523809523,0.967741935483871,6,1,5,1018.1245925426483,909,1.1200490567025834,,,,,results/basis_a4/whisper/conditioning/seame_dev_man/L00/conditioning_decoder_L0_global_rho0.5.json
whisper,Conditioning,decoder,seame_dev_man,0,0.0,oracle_local,0.5,0.6921465968586388,0.6767676767676768,-0.32774869109947646,0.010101010101010055,0.9554531490015361,0.9354838709677419,3,2,1,77.23610997200012,69,1.1193639126376829,,,,,results/basis_a4/whisper/conditioning/seame_dev_man/L00/conditioning_decoder_L0_oracle_local_rho0.5.json
whisper,Conditioning,decoder,seame_dev_man,1,0.03225806451612903,global,0.5,0.3507853403141361,0.6565656565656566,0.013612565445026203,0.030303030303030276,0.9938556067588326,1.0,3,0,3,1625.7139283418655,922,1.7632472107829344,,,,,results/basis_a4/whisper/conditioning/seame_dev_man/L01/conditioning_decoder_L1_global_rho0.5.json
whisper,Conditioning,decoder,seame_dev_man,1,0.03225806451612903,oracle_local,0.5,0.3612565445026178,0.6666666666666666,0.003141361256544517,0.02020202020202022,0.9984639016897081,0.967741935483871,3,1,2,119.56921553611755,68,1.758370816707611,,,,,results/basis_a4/whisper/conditioning/seame_dev_man/L01/conditioning_decoder_L1_oracle_local_rho0.5.json
whisper,Conditioning,decoder,seame_dev_man,2,0.06451612903225806,global,0.5,0.34450261780104713,0.6666666666666666,0.019895287958115182,0.02020202020202022,0.9984639016897081,0.967741935483871,3,1,2,1838.1998888254166,926,1.9850970721656767,,,,,results/basis_a4/whisper/conditioning/seame_dev_man/L02/conditioning_decoder_L2_global_rho0.5.json
whisper,Conditioning,decoder,seame_dev_man,2,0.06451612903225806,oracle_local,0.5,0.362303664921466,0.6565656565656566,0.002094240837696326,0.030303030303030276,0.9984639016897081,1.0,3,0,3,134.64868712425232,68,1.98012775182724,,,,,results/basis_a4/whisper/conditioning/seame_dev_man/L02/conditioning_decoder_L2_oracle_local_rho0.5.json
whisper,Conditioning,decoder,seame_dev_man,3,0.0967741935483871,global,0.5,0.3424083769633508,0.6666666666666666,0.021989528795811508,0.02020202020202022,0.9984639016897081,0.967741935483871,3,1,2,2015.1916794776917,925,2.1785855994353422,,,,,results/basis_a4/whisper/conditioning/seame_dev_man/L03/conditioning_decoder_L3_global_rho0.5.json
whisper,Conditioning,decoder,seame_dev_man,3,0.0967741935483871,oracle_local,0.5,0.3612565445026178,0.6565656565656566,0.003141361256544517,0.030303030303030276,0.9984639016897081,1.0,3,0,3,148.3280589580536,68,2.1812949846772587,,,,,results/basis_a4/whisper/conditioning/seame_dev_man/L03/conditioning_decoder_L3_oracle_local_rho0.5.json
whisper,Conditioning,decoder,seame_dev_man,4,0.12903225806451613,global,0.5,0.34450261780104713,0.6565656565656566,0.019895287958115182,0.030303030303030276,0.9953917050691244,0.967741935483871,4,1,3,2097.884455680847,927,2.2630900277031794,,,,,results/basis_a4/whisper/conditioning/seame_dev_man/L04/conditioning_decoder_L4_global_rho0.5.json
whisper,Conditioning,decoder,seame_dev_man,4,0.12903225806451613,oracle_local,0.5,0.36020942408376966,0.6565656565656566,0.004188481675392652,0.030303030303030276,0.9969278033794163,1.0,3,0,3,156.41267228126526,69,2.2668503229168877,,,,,results/basis_a4/whisper/conditioning/seame_dev_man/L04/conditioning_decoder_L4_oracle_local_rho0.5.json
whisper,Conditioning,decoder,seame_dev_man,5,0.16129032258064516,global,0.5,0.3424083769633508,0.6666666666666666,0.021989528795811508,0.02020202020202022,0.9953917050691244,0.967741935483871,3,1,2,2175.3505659103394,925,2.351730341524691,,,,,results/basis_a4/whisper/conditioning/seame_dev_man/L05/conditioning_decoder_L5_global_rho0.5.json
whisper,Conditioning,decoder,seame_dev_man,5,0.16129032258064516,oracle_local,0.5,0.35602094240837695,0.6565656565656566,0.00837696335078536,0.030303030303030276,0.9984639016897081,1.0,3,0,3,162.3787362575531,69,2.3533150182254072,,,,,results/basis_a4/whisper/conditioning/seame_dev_man/L05/conditioning_decoder_L5_oracle_local_rho0.5.json
whisper,Conditioning,decoder,seame_dev_man,6,0.1935483870967742,global,0.5,0.3549738219895288,0.6868686868686869,0.009424083769633496,0.0,0.9953917050691244,0.9032258064516129,3,3,0,2281.2468798160553,923,2.4715567495298543,,,,,results/basis_a4/whisper/conditioning/seame_dev_man/L06/conditioning_decoder_L6_global_rho0.5.json
whisper,Conditioning,decoder,seame_dev_man,6,0.1935483870967742,oracle_local,0.5,0.35916230366492147,0.6565656565656566,0.005235602094240843,0.030303030303030276,0.9984639016897081,1.0,3,0,3,171.38833904266357,69,2.4838889716328056,,,,,results/basis_a4/whisper/conditioning/seame_dev_man/L06/conditioning_decoder_L6_oracle_local_rho0.5.json
whisper,Conditioning,decoder,seame_dev_man,7,0.22580645161290322,global,0.5,0.3549738219895288,0.7272727272727273,0.009424083769633496,-0.04040404040404044,0.9907834101382489,0.8387096774193549,1,5,-4,2474.721910238266,924,2.678270465625829,,,,,results/basis_a4/whisper/conditioning/seame_dev_man/L07/conditioning_decoder_L7_global_rho0.5.json
whisper,Conditioning,decoder,seame_dev_man,7,0.22580645161290322,oracle_local,0.5,0.35602094240837695,0.6565656565656566,0.00837696335078536,0.030303030303030276,0.9984639016897081,1.0,3,0,3,185.3522834777832,69,2.686264977938887,,,,,results/basis_a4/whisper/conditioning/seame_dev_man/L07/conditioning_decoder_L7_oracle_local_rho0.5.json
whisper,Conditioning,decoder,seame_dev_man,8,0.25806451612903225,global,0.5,0.362303664921466,0.696969696969697,0.002094240837696326,-0.010101010101010166,0.9923195084485407,0.9032258064516129,2,3,-1,2640.9669573307037,922,2.8643893246536916,,,,,results/basis_a4/whisper/conditioning/seame_dev_man/L08/conditioning_decoder_L8_global_rho0.5.json
whisper,Conditioning,decoder,seame_dev_man,8,0.25806451612903225,oracle_local,0.5,0.3581151832460733,0.6565656565656566,0.006282722513089034,0.030303030303030276,0.9984639016897081,1.0,3,0,3,198.40220189094543,69,2.875394230303557,,,,,results/basis_a4/whisper/conditioning/seame_dev_man/L08/conditioning_decoder_L8_oracle_local_rho0.5.json
whisper,Conditioning,decoder,seame_dev_man,9,0.2903225806451613,global,0.5,0.3633507853403141,0.7070707070707071,0.0010471204188481908,-0.02020202020202022,0.989247311827957,0.9032258064516129,1,3,-2,2661.81480884552,921,2.89013551449025,,,,,results/basis_a4/whisper/conditioning/seame_dev_man/L09/conditioning_decoder_L9_global_rho0.5.json
whisper,Conditioning,decoder,seame_dev_man,9,0.2903225806451613,oracle_local,0.5,0.362303664921466,0.6565656565656566,0.002094240837696326,0.030303030303030276,0.9984639016897081,1.0,3,0,3,196.8630073070526,68,2.8950442251037147,,,,,results/basis_a4/whisper/conditioning/seame_dev_man/L09/conditioning_decoder_L9_oracle_local_rho0.5.json
whisper,Conditioning,decoder,seame_dev_man,10,0.3225806451612903,global,0.5,0.35916230366492147,0.7171717171717171,0.005235602094240843,-0.030303030303030276,0.9907834101382489,0.8709677419354839,1,4,-3,2736.7929422855377,923,2.965106112985415,,,,,results/basis_a4/whisper/conditioning/seame_dev_man/L10/conditioning_decoder_L10_global_rho0.5.json
whisper,Conditioning,decoder,seame_dev_man,10,0.3225806451612903,oracle_local,0.5,0.3633507853403141,0.6565656565656566,0.0010471204188481908,0.030303030303030276,0.9969278033794163,1.0,3,0,3,202.20330905914307,68,2.9735780743991627,,,,,results/basis_a4/whisper/conditioning/seame_dev_man/L10/conditioning_decoder_L10_oracle_local_rho0.5.json
whisper,Conditioning,decoder,seame_dev_man,11,0.3548387096774194,global,0.5,0.3612565445026178,0.7171717171717171,0.003141361256544517,-0.030303030303030276,0.9907834101382489,0.8709677419354839,1,4,-3,2800.934939622879,922,3.0378903900465066,,,,,results/basis_a4/whisper/conditioning/seame_dev_man/L11/conditioning_decoder_L11_global_rho0.5.json
whisper,Conditioning,decoder,seame_dev_man,11,0.3548387096774194,oracle_local,0.5,0.3612565445026178,0.6565656565656566,0.003141361256544517,0.030303030303030276,0.9969278033794163,1.0,3,0,3,209.76711225509644,69,3.040103076160818,,,,,results/basis_a4/whisper/conditioning/seame_dev_man/L11/conditioning_decoder_L11_oracle_local_rho0.5.json
whisper,Conditioning,decoder,seame_dev_man,12,0.3870967741935484,global,0.5,0.3612565445026178,0.7070707070707071,0.003141361256544517,-0.02020202020202022,0.9877112135176651,0.9032258064516129,1,3,-2,2912.0190913677216,922,3.158372116450891,,,,,results/basis_a4/whisper/conditioning/seame_dev_man/L12/conditioning_decoder_L12_global_rho0.5.json
whisper,Conditioning,decoder,seame_dev_man,12,0.3870967741935484,oracle_local,0.5,0.3581151832460733,0.6565656565656566,0.006282722513089034,0.030303030303030276,0.9984639016897081,1.0,3,0,3,218.25116229057312,69,3.163060323051784,,,,,results/basis_a4/whisper/conditioning/seame_dev_man/L12/conditioning_decoder_L12_oracle_local_rho0.5.json
whisper,Conditioning,decoder,seame_dev_man,13,0.41935483870967744,global,0.5,0.3539267015706806,0.6666666666666666,0.010471204188481686,0.02020202020202022,0.989247311827957,0.967741935483871,3,1,2,2998.968023300171,918,3.266849698584064,,,,,results/basis_a4/whisper/conditioning/seame_dev_man/L13/conditioning_decoder_L13_global_rho0.5.json
whisper,Conditioning,decoder,seame_dev_man,13,0.41935483870967744,oracle_local,0.5,0.36020942408376966,0.6565656565656566,0.004188481675392652,0.030303030303030276,0.9969278033794163,1.0,3,0,3,226.13381338119507,69,3.2773016432057256,,,,,results/basis_a4/whisper/conditioning/seame_dev_man/L13/conditioning_decoder_L13_oracle_local_rho0.5.json
whisper,Conditioning,decoder,seame_dev_man,14,0.45161290322580644,global,0.5,0.3539267015706806,0.696969696969697,0.010471204188481686,-0.010101010101010166,0.9923195084485407,0.9354838709677419,1,2,-1,3078.894634962082,911,3.379686756270123,,,,,results/basis_a4/whisper/conditioning/seame_dev_man/L14/conditioning_decoder_L14_global_rho0.5.json
whisper,Conditioning,decoder,seame_dev_man,14,0.45161290322580644,oracle_local,0.5,0.35706806282722514,0.6565656565656566,0.007329842931937169,0.030303030303030276,1.0,1.0,3,0,3,230.267427444458,68,3.386285697712618,,,,,results/basis_a4/whisper/conditioning/seame_dev_man/L14/conditioning_decoder_L14_oracle_local_rho0.5.json
whisper,Conditioning,decoder,seame_dev_man,15,0.4838709677419355,global,0.5,0.3507853403141361,0.6868686868686869,0.013612565445026203,0.0,0.9938556067588326,0.967741935483871,1,1,0,3070.415287733078,922,3.3301684248731864,,,,,results/basis_a4/whisper/conditioning/seame_dev_man/L15/conditioning_decoder_L15_global_rho0.5.json
whisper,Conditioning,decoder,seame_dev_man,15,0.4838709677419355,oracle_local,0.5,0.35602094240837695,0.6565656565656566,0.00837696335078536,0.030303030303030276,1.0,1.0,3,0,3,226.3745527267456,68,3.3290375400992,,,,,results/basis_a4/whisper/conditioning/seame_dev_man/L15/conditioning_decoder_L15_oracle_local_rho0.5.json
whisper,Conditioning,decoder,seame_dev_man,16,0.5161290322580645,global,0.5,0.35602094240837695,0.6767676767676768,0.00837696335078536,0.010101010101010055,0.9907834101382489,1.0,1,0,1,3225.0022490024567,924,3.490262174245083,,,,,results/basis_a4/whisper/conditioning/seame_dev_man/L16/conditioning_decoder_L16_global_rho0.5.json
whisper,Conditioning,decoder,seame_dev_man,16,0.5161290322580645,oracle_local,0.5,0.35706806282722514,0.6565656565656566,0.007329842931937169,0.030303030303030276,1.0,1.0,3,0,3,237.04951572418213,68,3.486022290061502,,,,,results/basis_a4/whisper/conditioning/seame_dev_man/L16/conditioning_decoder_L16_oracle_local_rho0.5.json
whisper,Conditioning,decoder,seame_dev_man,17,0.5483870967741935,global,0.5,0.36963350785340315,0.6767676767676768,-0.005235602094240843,0.010101010101010055,0.9846390168970814,1.0,1,0,1,3267.44283246994,923,3.540024737237205,,,,,results/basis_a4/whisper/conditioning/seame_dev_man/L17/conditioning_decoder_L17_global_rho0.5.json
whisper,Conditioning,decoder,seame_dev_man,17,0.5483870967741935,oracle_local,0.5,0.3581151832460733,0.6666666666666666,0.006282722513089034,0.02020202020202022,1.0,0.967741935483871,3,1,2,240.1824882030487,68,3.5320954147507164,,,,,results/basis_a4/whisper/conditioning/seame_dev_man/L17/conditioning_decoder_L17_oracle_local_rho0.5.json
whisper,Conditioning,decoder,seame_dev_man,18,0.5806451612903226,global,0.5,0.36020942408376966,0.7171717171717171,0.004188481675392652,-0.030303030303030276,0.9923195084485407,0.9032258064516129,0,3,-3,3197.673220396042,920,3.4757317613000454,,,,,results/basis_a4/whisper/conditioning/seame_dev_man/L18/conditioning_decoder_L18_global_rho0.5.json
whisper,Conditioning,decoder,seame_dev_man,18,0.5806451612903226,oracle_local,0.5,0.35706806282722514,0.696969696969697,0.007329842931937169,-0.010101010101010166,1.0,0.967741935483871,0,1,-1,239.49778079986572,69,3.4709823304328364,,,,,results/basis_a4/whisper/conditioning/seame_dev_man/L18/conditioning_decoder_L18_oracle_local_rho0.5.json
whisper,Conditioning,decoder,seame_dev_man,19,0.6129032258064516,global,0.5,0.3539267015706806,0.6868686868686869,0.010471204188481686,0.0,0.9923195084485407,0.8709677419354839,4,4,0,3375.857246160507,938,3.5989949319408394,,,,,results/basis_a4/whisper/conditioning/seame_dev_man/L19/conditioning_decoder_L19_global_rho0.5.json
whisper,Conditioning,decoder,seame_dev_man,19,0.6129032258064516,oracle_local,0.5,0.3612565445026178,0.6868686868686869,0.003141361256544517,0.0,1.0,1.0,0,0,0,244.9823338985443,68,3.602681380860946,,,,,results/basis_a4/whisper/conditioning/seame_dev_man/L19/conditioning_decoder_L19_oracle_local_rho0.5.json
whisper,Conditioning,decoder,seame_dev_man,20,0.6451612903225806,global,0.5,0.4513089005235602,0.6868686868686869,-0.0869109947643979,0.0,0.9416282642089093,0.8709677419354839,4,4,0,3988.2623434066772,1091,3.655602514579906,,,,,results/basis_a4/whisper/conditioning/seame_dev_man/L20/conditioning_decoder_L20_global_rho0.5.json
whisper,Conditioning,decoder,seame_dev_man,20,0.6451612903225806,oracle_local,0.5,0.3612565445026178,0.6868686868686869,0.003141361256544517,0.0,1.0,1.0,0,0,0,248.739830493927,68,3.6579386837342205,,,,,results/basis_a4/whisper/conditioning/seame_dev_man/L20/conditioning_decoder_L20_oracle_local_rho0.5.json
whisper,Conditioning,decoder,seame_dev_man,21,0.6774193548387096,global,0.5,0.40104712041884816,0.7373737373737373,-0.03664921465968585,-0.0505050505050505,0.9508448540706606,0.8387096774193549,0,5,-5,3566.3082835674286,931,3.830621142392512,,,,,results/basis_a4/whisper/conditioning/seame_dev_man/L21/conditioning_decoder_L21_global_rho0.5.json
whisper,Conditioning,decoder,seame_dev_man,21,0.6774193548387096,oracle_local,0.5,0.35916230366492147,0.6666666666666666,0.005235602094240843,0.02020202020202022,1.0,0.967741935483871,3,1,2,264.9176113605499,69,3.839385671892028,,,,,results/basis_a4/whisper/conditioning/seame_dev_man/L21/conditioning_decoder_L21_oracle_local_rho0.5.json
whisper,Conditioning,decoder,seame_dev_man,22,0.7096774193548387,global,0.5,0.47958115183246075,0.7575757575757576,-0.11518324607329844,-0.07070707070707072,0.9447004608294931,0.7419354838709677,1,8,-7,4235.1903030872345,1086,3.8998069089201053,,,,,results/basis_a4/whisper/conditioning/seame_dev_man/L22/conditioning_decoder_L22_global_rho0.5.json
whisper,Conditioning,decoder,seame_dev_man,22,0.7096774193548387,oracle_local,0.5,0.3643979057591623,0.696969696969697,0.0,-0.010101010101010166,0.9984639016897081,0.967741935483871,0,1,-1,269.84347128868103,69,3.9107749462127686,,,,,results/basis_a4/whisper/conditioning/seame_dev_man/L22/conditioning_decoder_L22_oracle_local_rho0.5.json
whisper,Conditioning,decoder,seame_dev_man,23,0.7419354838709677,global,0.5,0.4827225130890052,0.7676767676767676,-0.1183246073298429,-0.08080808080808077,0.9324116743471582,0.7419354838709677,0,8,-8,4283.43163228035,1075,3.984587564911953,,,,,results/basis_a4/whisper/conditioning/seame_dev_man/L23/conditioning_decoder_L23_global_rho0.5.json
whisper,Conditioning,decoder,seame_dev_man,23,0.7419354838709677,oracle_local,0.5,0.36020942408376966,0.6666666666666666,0.004188481675392652,0.02020202020202022,0.9984639016897081,0.967741935483871,3,1,2,280.19068241119385,70,4.0027240344456265,,,,,results/basis_a4/whisper/conditioning/seame_dev_man/L23/conditioning_decoder_L23_oracle_local_rho0.5.json
whisper,Conditioning,decoder,seame_dev_man,24,0.7741935483870968,global,0.5,0.4607329842931937,0.7777777777777778,-0.0963350785340314,-0.09090909090909094,0.9400921658986175,0.7096774193548387,0,9,-9,4346.336569070816,1062,4.0925956394263805,,,,,results/basis_a4/whisper/conditioning/seame_dev_man/L24/conditioning_decoder_L24_global_rho0.5.json
whisper,Conditioning,decoder,seame_dev_man,24,0.7741935483870968,oracle_local,0.5,0.3633507853403141,0.6767676767676768,0.0010471204188481908,0.010101010101010055,0.9969278033794163,0.9354838709677419,3,2,1,287.7507469654083,70,4.11072495664869,,,,,results/basis_a4/whisper/conditioning/seame_dev_man/L24/conditioning_decoder_L24_oracle_local_rho0.5.json
whisper,Conditioning,decoder,seame_dev_man,25,0.8064516129032258,global,0.5,0.38848167539267014,0.7676767676767676,-0.024083769633507834,-0.08080808080808077,0.956989247311828,0.7096774193548387,1,9,-8,4101.413214683533,924,4.438758890350144,,,,,results/basis_a4/whisper/conditioning/seame_dev_man/L25/conditioning_decoder_L25_global_rho0.5.json
whisper,Conditioning,decoder,seame_dev_man,25,0.8064516129032258,oracle_local,0.5,0.37277486910994767,0.7373737373737373,-0.00837696335078536,-0.0505050505050505,0.9953917050691244,0.8387096774193549,0,5,-5,302.06585931777954,68,4.442144989967346,,,,,results/basis_a4/whisper/conditioning/seame_dev_man/L25/conditioning_decoder_L25_oracle_local_rho0.5.json
whisper,Conditioning,decoder,seame_dev_man,26,0.8387096774193549,global,0.5,0.39895287958115183,0.7070707070707071,-0.03455497382198952,-0.02020202020202022,0.9278033794162827,0.8709677419354839,2,4,-2,4436.236395359039,921,4.81676047270254,,,,,results/basis_a4/whisper/conditioning/seame_dev_man/L26/conditioning_decoder_L26_global_rho0.5.json
whisper,Conditioning,decoder,seame_dev_man,26,0.8387096774193549,oracle_local,0.5,0.36649214659685864,0.7070707070707071,-0.002094240837696326,-0.02020202020202022,0.9984639016897081,0.9354838709677419,0,2,-2,327.87352085113525,68,4.821669424281401,,,,,results/basis_a4/whisper/conditioning/seame_dev_man/L26/conditioning_decoder_L26_oracle_local_rho0.5.json
whisper,Conditioning,decoder,seame_dev_man,27,0.8709677419354839,global,0.5,0.37591623036649213,0.696969696969697,-0.011518324607329822,-0.010101010101010166,0.9554531490015361,0.9032258064516129,2,3,-1,5110.179236412048,916,5.578798293026254,,,,,results/basis_a4/whisper/conditioning/seame_dev_man/L27/conditioning_decoder_L27_global_rho0.5.json
whisper,Conditioning,decoder,seame_dev_man,27,0.8709677419354839,oracle_local,0.5,0.36858638743455496,0.7171717171717171,-0.004188481675392652,-0.030303030303030276,0.9984639016897081,0.9032258064516129,0,3,-3,378.88928842544556,68,5.5719013003742,,,,,results/basis_a4/whisper/conditioning/seame_dev_man/L27/conditioning_decoder_L27_oracle_local_rho0.5.json
whisper,Conditioning,decoder,seame_dev_man,28,0.9032258064516129,global,0.5,0.41256544502617803,0.6161616161616161,-0.048167539267015724,0.07070707070707072,0.8894009216589862,0.967741935483871,8,1,7,6043.984688282013,930,6.498908266969907,,,,,results/basis_a4/whisper/conditioning/seame_dev_man/L28/conditioning_decoder_L28_global_rho0.5.json
whisper,Conditioning,decoder,seame_dev_man,28,0.9032258064516129,oracle_local,0.5,0.35706806282722514,0.6363636363636364,0.007329842931937169,0.0505050505050505,0.9938556067588326,0.967741935483871,6,1,5,442.2695074081421,68,6.503963344237384,,,,,results/basis_a4/whisper/conditioning/seame_dev_man/L28/conditioning_decoder_L28_oracle_local_rho0.5.json
whisper,Conditioning,decoder,seame_dev_man,29,0.9354838709677419,global,0.5,0.44293193717277485,0.5656565656565656,-0.07853403141361254,0.12121212121212122,0.837173579109063,0.9354838709677419,14,2,12,6708.933707237244,933,7.1907113689573885,,,,,results/basis_a4/whisper/conditioning/seame_dev_man/L29/conditioning_decoder_L29_global_rho0.5.json
whisper,Conditioning,decoder,seame_dev_man,29,0.9354838709677419,oracle_local,0.5,0.35287958115183243,0.6060606060606061,0.011518324607329877,0.08080808080808077,0.989247311827957,0.9354838709677419,10,2,8,489.9645538330078,68,7.2053610857795265,,,,,results/basis_a4/whisper/conditioning/seame_dev_man/L29/conditioning_decoder_L29_oracle_local_rho0.5.json
whisper,Conditioning,decoder,seame_dev_man,30,0.967741935483871,global,0.5,1.382198952879581,0.6363636363636364,-1.0178010471204186,0.0505050505050505,0.6712749615975423,0.7096774193548387,14,9,5,13876.158004283905,1872,7.412477566390975,,,,,results/basis_a4/whisper/conditioning/seame_dev_man/L30/conditioning_decoder_L30_global_rho0.5.json
whisper,Conditioning,decoder,seame_dev_man,30,0.967741935483871,oracle_local,0.5,0.3947643979057592,0.6262626262626263,-0.03036649214659687,0.06060606060606055,0.9831029185867896,0.967741935483871,7,1,6,531.5020184516907,69,7.702927803647691,,,,,results/basis_a4/whisper/conditioning/seame_dev_man/L30/conditioning_decoder_L30_oracle_local_rho0.5.json
whisper,Conditioning,decoder,seame_dev_man,31,1.0,global,0.5,2.6,0.696969696969697,-2.235602094240838,-0.010101010101010166,0.4362519201228879,0.5483870967741935,13,14,-1,25003.67332458496,3116,8.024285405835995,,,,,results/basis_a4/whisper/conditioning/seame_dev_man/L31/conditioning_decoder_L31_global_rho0.5.json
whisper,Conditioning,decoder,seame_dev_man,31,1.0,oracle_local,0.5,0.562303664921466,0.6565656565656566,-0.19790575916230368,0.030303030303030276,0.9231950844854071,0.9354838709677419,5,2,3,594.3605790138245,70,8.490865414483206,,,,,results/basis_a4/whisper/conditioning/seame_dev_man/L31/conditioning_decoder_L31_oracle_local_rho0.5.json
whisper,Conditioning,decoder,seame_dev_sge,0,0.0,global,0.5,0.3141542002301496,0.7954545454545454,-0.011507479861910253,0.03409090909090917,0.9566666666666667,0.9333333333333333,4,1,3,796.1972531080246,709,1.1229862526206271,,,,,results/basis_a4/whisper/conditioning/seame_dev_sge/L00/conditioning_decoder_L0_global_rho0.5.json
whisper,Conditioning,decoder,seame_dev_sge,0,0.0,oracle_local,0.5,0.30724971231300346,0.8295454545454546,-0.004602991944764101,0.0,0.9933333333333333,1.0,0,0,0,42.54496729373932,38,1.1196044024668241,,,,,results/basis_a4/whisper/conditioning/seame_dev_sge/L00/conditioning_decoder_L0_oracle_local_rho0.5.json
whisper,Conditioning,decoder,seame_dev_sge,1,0.03225806451612903,global,0.5,0.30609896432681244,0.8295454545454546,-0.0034522439585730758,0.0,0.985,0.9333333333333333,1,1,0,1266.09949696064,717,1.765829144993919,,,,,results/basis_a4/whisper/conditioning/seame_dev_sge/L01/conditioning_decoder_L1_global_rho0.5.json
whisper,Conditioning,decoder,seame_dev_sge,1,0.03225806451612903,oracle_local,0.5,0.3095512082853855,0.8409090909090909,-0.0069044879171461515,-0.011363636363636354,0.9933333333333333,0.9333333333333333,0,1,-1,67.00855875015259,38,1.7633831250040155,,,,,results/basis_a4/whisper/conditioning/seame_dev_sge/L01/conditioning_decoder_L1_oracle_local_rho0.5.json
whisper,Conditioning,decoder,seame_dev_sge,2,0.06451612903225806,global,0.5,0.31185270425776757,0.8409090909090909,-0.009205983889528202,-0.011363636363636354,0.99,0.9333333333333333,0,1,-1,1415.375218987465,711,1.990682445833284,,,,,results/basis_a4/whisper/conditioning/seame_dev_sge/L02/conditioning_decoder_L2_global_rho0.5.json
whisper,Conditioning,decoder,seame_dev_sge,2,0.06451612903225806,oracle_local,0.5,0.3084004602991945,0.8409090909090909,-0.005753739930955126,-0.011363636363636354,0.9933333333333333,0.9333333333333333,0,1,-1,75.76032161712646,38,1.993692674134907,,,,,results/basis_a4/whisper/conditioning/seame_dev_sge/L02/conditioning_decoder_L2_oracle_local_rho0.5.json
whisper,Conditioning,decoder,seame_dev_sge,3,0.0967741935483871,global,0.5,0.3130034522439586,0.8522727272727273,-0.010356731875719227,-0.022727272727272707,0.9883333333333333,0.8666666666666667,0,2,-2,1541.5700852870941,707,2.1804385930510524,,,,,results/basis_a4/whisper/conditioning/seame_dev_sge/L03/conditioning_decoder_L3_global_rho0.5.json
whisper,Conditioning,decoder,seame_dev_sge,3,0.0967741935483871,oracle_local,0.5,0.3049482163406214,0.8409090909090909,-0.0023014959723820505,-0.011363636363636354,0.9983333333333333,0.9333333333333333,0,1,-1,83.3107807636261,38,2.192388967463845,,,,,results/basis_a4/whisper/conditioning/seame_dev_sge/L03/conditioning_decoder_L3_oracle_local_rho0.5.json
whisper,Conditioning,decoder,seame_dev_sge,4,0.12903225806451613,global,0.5,0.31185270425776757,0.8409090909090909,-0.009205983889528202,-0.011363636363636354,0.9883333333333333,0.8666666666666667,1,2,-1,1596.9821672439575,705,2.2652229322609325,,,,,results/basis_a4/whisper/conditioning/seame_dev_sge/L04/conditioning_decoder_L4_global_rho0.5.json
whisper,Conditioning,decoder,seame_dev_sge,4,0.12903225806451613,oracle_local,0.5,0.3049482163406214,0.8409090909090909,-0.0023014959723820505,-0.011363636363636354,0.9983333333333333,0.9333333333333333,0,1,-1,86.59609842300415,38,2.2788446953422143,,,,,results/basis_a4/whisper/conditioning/seame_dev_sge/L04/conditioning_decoder_L4_oracle_local_rho0.5.json
whisper,Conditioning,decoder,seame_dev_sge,5,0.16129032258064516,global,0.5,0.3141542002301496,0.8522727272727273,-0.011507479861910253,-0.022727272727272707,0.9883333333333333,0.8666666666666667,0,2,-2,1670.241413116455,709,2.3557706814054375,,,,,results/basis_a4/whisper/conditioning/seame_dev_sge/L05/conditioning_decoder_L5_global_rho0.5.json
whisper,Conditioning,decoder,seame_dev_sge,5,0.16129032258064516,oracle_local,0.5,0.3037974683544304,0.8409090909090909,-0.0011507479861910253,-0.011363636363636354,1.0,0.9333333333333333,0,1,-1,90.1401355266571,38,2.3721088296488713,,,,,results/basis_a4/whisper/conditioning/seame_dev_sge/L05/conditioning_decoder_L5_oracle_local_rho0.5.json
whisper,Conditioning,decoder,seame_dev_sge,6,0.1935483870967742,global,0.5,0.3141542002301496,0.8409090909090909,-0.011507479861910253,-0.011363636363636354,0.985,0.8666666666666667,1,2,-1,1751.8112621307373,708,2.4743096922750527,,,,,results/basis_a4/whisper/conditioning/seame_dev_sge/L06/conditioning_decoder_L6_global_rho0.5.json
whisper,Conditioning,decoder,seame_dev_sge,6,0.1935483870967742,oracle_local,0.5,0.3084004602991945,0.8409090909090909,-0.005753739930955126,-0.011363636363636354,0.9933333333333333,0.9333333333333333,0,1,-1,94.81612610816956,38,2.495161213372883,,,,,results/basis_a4/whisper/conditioning/seame_dev_sge/L06/conditioning_decoder_L6_oracle_local_rho0.5.json
whisper,Conditioning,decoder,seame_dev_sge,7,0.22580645161290322,global,0.5,0.3130034522439586,0.8522727272727273,-0.010356731875719227,-0.022727272727272707,0.9883333333333333,0.8666666666666667,0,2,-2,1883.1534197330475,702,2.682554728964455,,,,,results/basis_a4/whisper/conditioning/seame_dev_sge/L07/conditioning_decoder_L7_global_rho0.5.json
whisper,Conditioning,decoder,seame_dev_sge,7,0.22580645161290322,oracle_local,0.5,0.3037974683544304,0.8409090909090909,-0.0011507479861910253,-0.011363636363636354,1.0,0.9333333333333333,0,1,-1,102.89558744430542,38,2.7077786169554057,,,,,results/basis_a4/whisper/conditioning/seame_dev_sge/L07/conditioning_decoder_L7_oracle_local_rho0.5.json
whisper,Conditioning,decoder,seame_dev_sge,8,0.25806451612903225,global,0.5,0.3141542002301496,0.8409090909090909,-0.011507479861910253,-0.011363636363636354,0.9833333333333333,0.8666666666666667,1,2,-1,2023.0452218055725,706,2.865503147033389,,,,,results/basis_a4/whisper/conditioning/seame_dev_sge/L08/conditioning_decoder_L8_global_rho0.5.json
whisper,Conditioning,decoder,seame_dev_sge,8,0.25806451612903225,oracle_local,0.5,0.3049482163406214,0.8409090909090909,-0.0023014959723820505,-0.011363636363636354,1.0,0.9333333333333333,0,1,-1,109.95546507835388,38,2.893564870482997,,,,,results/basis_a4/whisper/conditioning/seame_dev_sge/L08/conditioning_decoder_L8_oracle_local_rho0.5.json
whisper,Conditioning,decoder,seame_dev_sge,9,0.2903225806451613,global,0.5,0.3084004602991945,0.8295454545454546,-0.005753739930955126,0.0,0.99,0.8666666666666667,2,2,0,2046.023360967636,707,2.893951005611932,,,,,results/basis_a4/whisper/conditioning/seame_dev_sge/L09/conditioning_decoder_L9_global_rho0.5.json
whisper,Conditioning,decoder,seame_dev_sge,9,0.2903225806451613,oracle_local,0.5,0.3084004602991945,0.8409090909090909,-0.005753739930955126,-0.011363636363636354,0.995,0.9333333333333333,0,1,-1,110.72259879112244,38,2.91375259976638,,,,,results/basis_a4/whisper/conditioning/seame_dev_sge/L09/conditioning_decoder_L9_oracle_local_rho0.5.json
whisper,Conditioning,decoder,seame_dev_sge,10,0.3225806451612903,global,0.5,0.31530494821634064,0.8522727272727273,-0.012658227848101278,-0.022727272727272707,0.985,0.8666666666666667,0,2,-2,2090.2248361110687,705,2.9648579235618,,,,,results/basis_a4/whisper/conditioning/seame_dev_sge/L10/conditioning_decoder_L10_global_rho0.5.json
whisper,Conditioning,decoder,seame_dev_sge,10,0.3225806451612903,oracle_local,0.5,0.30609896432681244,0.8409090909090909,-0.0034522439585730758,-0.011363636363636354,0.9983333333333333,0.9333333333333333,0,1,-1,113.52190899848938,38,2.9874186578549837,,,,,results/basis_a4/whisper/conditioning/seame_dev_sge/L10/conditioning_decoder_L10_oracle_local_rho0.5.json
whisper,Conditioning,decoder,seame_dev_sge,11,0.3548387096774194,global,0.5,0.31645569620253167,0.8522727272727273,-0.013808975834292303,-0.022727272727272707,0.985,0.8666666666666667,0,2,-2,2149.1003918647766,707,3.0397459573759216,,,,,results/basis_a4/whisper/conditioning/seame_dev_sge/L11/conditioning_decoder_L11_global_rho0.5.json
whisper,Conditioning,decoder,seame_dev_sge,11,0.3548387096774194,oracle_local,0.5,0.30724971231300346,0.8409090909090909,-0.004602991944764101,-0.011363636363636354,0.9983333333333333,0.9333333333333333,0,1,-1,116.19384980201721,38,3.057732889526769,,,,,results/basis_a4/whisper/conditioning/seame_dev_sge/L11/conditioning_decoder_L11_oracle_local_rho0.5.json
whisper,Conditioning,decoder,seame_dev_sge,12,0.3870967741935484,global,0.5,0.3176064441887227,0.8409090909090909,-0.014959723820483328,-0.011363636363636354,0.98,0.8,2,3,-1,2233.4742488861084,707,3.1590866320878477,,,,,results/basis_a4/whisper/conditioning/seame_dev_sge/L12/conditioning_decoder_L12_global_rho0.5.json
whisper,Conditioning,decoder,seame_dev_sge,12,0.3870967741935484,oracle_local,0.5,0.30609896432681244,0.8409090909090909,-0.0034522439585730758,-0.011363636363636354,1.0,0.9333333333333333,0,1,-1,120.49604034423828,38,3.1709484301115336,,,,,results/basis_a4/whisper/conditioning/seame_dev_sge/L12/conditioning_decoder_L12_oracle_local_rho0.5.json
whisper,Conditioning,decoder,seame_dev_sge,13,0.41935483870967744,global,0.5,0.3141542002301496,0.8295454545454546,-0.011507479861910253,0.0,0.98,0.8,3,3,0,2331.0171790122986,712,3.2739005323206443,,,,,results/basis_a4/whisper/conditioning/seame_dev_sge/L13/conditioning_decoder_L13_global_rho0.5.json
whisper,Conditioning,decoder,seame_dev_sge,13,0.41935483870967744,oracle_local,0.5,0.30609896432681244,0.8409090909090909,-0.0034522439585730758,-0.011363636363636354,1.0,0.9333333333333333,0,1,-1,124.98496699333191,38,3.2890780787718925,,,,,results/basis_a4/whisper/conditioning/seame_dev_sge/L13/conditioning_decoder_L13_oracle_local_rho0.5.json
whisper,Conditioning,decoder,seame_dev_sge,14,0.45161290322580644,global,0.5,0.3049482163406214,0.8636363636363636,-0.0023014959723820505,-0.03409090909090906,0.9816666666666667,0.8,0,3,-3,2433.1703596115112,718,3.388816656840545,,,,,results/basis_a4/whisper/conditioning/seame_dev_sge/L14/conditioning_decoder_L14_global_rho0.5.json
whisper,Conditioning,decoder,seame_dev_sge,14,0.45161290322580644,oracle_local,0.5,0.3049482163406214,0.8409090909090909,-0.0023014959723820505,-0.011363636363636354,1.0,0.9333333333333333,0,1,-1,128.92835640907288,38,3.3928514844492863,,,,,results/basis_a4/whisper/conditioning/seame_dev_sge/L14/conditioning_decoder_L14_oracle_local_rho0.5.json
whisper,Conditioning,decoder,seame_dev_sge,15,0.4838709677419355,global,0.5,0.3084004602991945,0.8409090909090909,-0.005753739930955126,-0.011363636363636354,0.9783333333333334,0.8,2,3,-1,2399.580892562866,719,3.337386498696615,,,,,results/basis_a4/whisper/conditioning/seame_dev_sge/L15/conditioning_decoder_L15_global_rho0.5.json
whisper,Conditioning,decoder,seame_dev_sge,15,0.4838709677419355,oracle_local,0.5,0.3095512082853855,0.8409090909090909,-0.0069044879171461515,-0.011363636363636354,0.995,0.9333333333333333,0,1,-1,126.90419960021973,38,3.3395842000057825,,,,,results/basis_a4/whisper/conditioning/seame_dev_sge/L15/conditioning_decoder_L15_oracle_local_rho0.5.json
whisper,Conditioning,decoder,seame_dev_sge,16,0.5161290322580645,global,0.5,0.3176064441887227,0.8522727272727273,-0.014959723820483328,-0.022727272727272707,0.98,0.8,1,3,-2,2474.321272611618,708,3.4948040573610424,,,,,results/basis_a4/whisper/conditioning/seame_dev_sge/L16/conditioning_decoder_L16_global_rho0.5.json
whisper,Conditioning,decoder,seame_dev_sge,16,0.5161290322580645,oracle_local,0.5,0.31070195627157654,0.8409090909090909,-0.008055235903337177,-0.011363636363636354,0.995,0.9333333333333333,0,1,-1,132.82390761375427,38,3.495365989835639,,,,,results/basis_a4/whisper/conditioning/seame_dev_sge/L16/conditioning_decoder_L16_oracle_local_rho0.5.json
whisper,Conditioning,decoder,seame_dev_sge,17,0.5483870967741935,global,0.5,0.31070195627157654,0.8409090909090909,-0.008055235903337177,-0.011363636363636354,0.9766666666666667,0.8666666666666667,1,2,-1,2555.767740249634,720,3.5496774170133802,,,,,results/basis_a4/whisper/conditioning/seame_dev_sge/L17/conditioning_decoder_L17_global_rho0.5.json
whisper,Conditioning,decoder,seame_dev_sge,17,0.5483870967741935,oracle_local,0.5,0.30724971231300346,0.8295454545454546,-0.004602991944764101,0.0,0.995,1.0,0,0,0,134.95195937156677,38,3.551367351883336,,,,,results/basis_a4/whisper/conditioning/seame_dev_sge/L17/conditioning_decoder_L17_oracle_local_rho0.5.json
whisper,Conditioning,decoder,seame_dev_sge,18,0.5806451612903226,global,0.5,0.31185270425776757,0.8181818181818182,-0.009205983889528202,0.011363636363636354,0.9666666666666667,0.9333333333333333,2,1,1,2487.20050239563,714,3.483474092991078,,,,,results/basis_a4/whisper/conditioning/seame_dev_sge/L18/conditioning_decoder_L18_global_rho0.5.json
whisper,Conditioning,decoder,seame_dev_sge,18,0.5806451612903226,oracle_local,0.5,0.3084004602991945,0.8295454545454546,-0.005753739930955126,0.0,0.9933333333333333,1.0,0,0,0,132.30853486061096,38,3.4818035489634465,,,,,results/basis_a4/whisper/conditioning/seame_dev_sge/L18/conditioning_decoder_L18_oracle_local_rho0.5.json
whisper,Conditioning,decoder,seame_dev_sge,19,0.6129032258064516,global,0.5,0.3049482163406214,0.8181818181818182,-0.0023014959723820505,0.011363636363636354,0.9816666666666667,0.9333333333333333,2,1,1,2621.6319711208344,726,3.6110633211030776,,,,,results/basis_a4/whisper/conditioning/seame_dev_sge/L19/conditioning_decoder_L19_global_rho0.5.json
whisper,Conditioning,decoder,seame_dev_sge,19,0.6129032258064516,oracle_local,0.5,0.30724971231300346,0.8295454545454546,-0.004602991944764101,0.0,0.995,1.0,0,0,0,137.17749691009521,38,3.609934129213032,,,,,results/basis_a4/whisper/conditioning/seame_dev_sge/L19/conditioning_decoder_L19_oracle_local_rho0.5.json
whisper,Conditioning,decoder,seame_dev_sge,20,0.6451612903225806,global,0.5,0.3141542002301496,0.8522727272727273,-0.011507479861910253,-0.022727272727272707,0.98,0.8,1,3,-2,2650.8687901496887,723,3.6664851869290302,,,,,results/basis_a4/whisper/conditioning/seame_dev_sge/L20/conditioning_decoder_L20_global_rho0.5.json
whisper,Conditioning,decoder,seame_dev_sge,20,0.6451612903225806,oracle_local,0.5,0.30724971231300346,0.8295454545454546,-0.004602991944764101,0.0,0.995,1.0,0,0,0,139.37933826446533,38,3.6678773227490877,,,,,results/basis_a4/whisper/conditioning/seame_dev_sge/L20/conditioning_decoder_L20_oracle_local_rho0.5.json
whisper,Conditioning,decoder,seame_dev_sge,21,0.6774193548387096,global,0.5,0.3475258918296893,0.8636363636363636,-0.04487917146144993,-0.03409090909090906,0.925,0.8,0,3,-3,2736.7850267887115,709,3.8600635074593956,,,,,results/basis_a4/whisper/conditioning/seame_dev_sge/L21/conditioning_decoder_L21_global_rho0.5.json
whisper,Conditioning,decoder,seame_dev_sge,21,0.6774193548387096,oracle_local,0.5,0.3037974683544304,0.8295454545454546,-0.0011507479861910253,0.0,0.9933333333333333,1.0,0,0,0,147.05165719985962,38,3.8697804526278845,,,,,results/basis_a4/whisper/conditioning/seame_dev_sge/L21/conditioning_decoder_L21_oracle_local_rho0.5.json
whisper,Conditioning,decoder,seame_dev_sge,22,0.7096774193548387,global,0.5,0.3245109321058688,0.875,-0.021864211737629424,-0.045454545454545414,0.965,0.7333333333333333,0,4,-4,2860.7698290348053,729,3.9242384486074147,,,,,results/basis_a4/whisper/conditioning/seame_dev_sge/L22/conditioning_decoder_L22_global_rho0.5.json
whisper,Conditioning,decoder,seame_dev_sge,22,0.7096774193548387,oracle_local,0.5,0.3037974683544304,0.8295454545454546,-0.0011507479861910253,0.0,0.9916666666666667,1.0,0,0,0,149.26815843582153,38,3.9281094325216195,,,,,results/basis_a4/whisper/conditioning/seame_dev_sge/L22/conditioning_decoder_L22_oracle_local_rho0.5.json
whisper,Conditioning,decoder,seame_dev_sge,23,0.7419354838709677,global,0.5,0.34062140391254314,0.8636363636363636,-0.03797468354430378,-0.03409090909090906,0.9316666666666666,0.8,0,3,-3,2860.4457483291626,713,4.011845369325614,,,,,results/basis_a4/whisper/conditioning/seame_dev_sge/L23/conditioning_decoder_L23_global_rho0.5.json
whisper,Conditioning,decoder,seame_dev_sge,23,0.7419354838709677,oracle_local,0.5,0.3037974683544304,0.8295454545454546,-0.0011507479861910253,0.0,0.9933333333333333,1.0,0,0,0,152.5653338432312,38,4.014877206400821,,,,,results/basis_a4/whisper/conditioning/seame_dev_sge/L23/conditioning_decoder_L23_oracle_local_rho0.5.json
whisper,Conditioning,decoder,seame_dev_sge,24,0.7741935483870968,global,0.5,0.33141542002301494,0.8636363636363636,-0.028768699654775576,-0.03409090909090906,0.96,0.8,0,3,-3,2910.7221355438232,706,4.12283588603941,,,,,results/basis_a4/whisper/conditioning/seame_dev_sge/L24/conditioning_decoder_L24_global_rho0.5.json
whisper,Conditioning,decoder,seame_dev_sge,24,0.7741935483870968,oracle_local,0.5,0.30149597238204834,0.8295454545454546,0.0011507479861910253,0.0,0.9933333333333333,1.0,0,0,0,156.89117240905762,38,4.128715063396253,,,,,results/basis_a4/whisper/conditioning/seame_dev_sge/L24/conditioning_decoder_L24_oracle_local_rho0.5.json
whisper,Conditioning,decoder,seame_dev_sge,25,0.8064516129032258,global,0.5,0.34177215189873417,0.8522727272727273,-0.0391254315304948,-0.022727272727272707,0.9433333333333334,0.7333333333333333,2,4,-2,3166.5262064933777,710,4.459896065483631,,,,,results/basis_a4/whisper/conditioning/seame_dev_sge/L25/conditioning_decoder_L25_global_rho0.5.json
whisper,Conditioning,decoder,seame_dev_sge,25,0.8064516129032258,oracle_local,0.5,0.30149597238204834,0.8295454545454546,0.0011507479861910253,0.0,1.0,1.0,0,0,0,169.5165662765503,38,4.460962270435534,,,,,results/basis_a4/whisper/conditioning/seame_dev_sge/L25/conditioning_decoder_L25_oracle_local_rho0.5.json
whisper,Conditioning,decoder,seame_dev_sge,26,0.8387096774193549,global,0.5,0.35558112773302647,0.8068181818181818,-0.052934407364787106,0.022727272727272818,0.92,0.9333333333333333,3,1,2,3383.5183358192444,699,4.840512640657002,,,,,results/basis_a4/whisper/conditioning/seame_dev_sge/L26/conditioning_decoder_L26_global_rho0.5.json
whisper,Conditioning,decoder,seame_dev_sge,26,0.8387096774193549,oracle_local,0.5,0.3037974683544304,0.8295454545454546,-0.0011507479861910253,0.0,0.9983333333333333,1.0,0,0,0,183.89993572235107,38,4.83947199269345,,,,,results/basis_a4/whisper/conditioning/seame_dev_sge/L26/conditioning_decoder_L26_oracle_local_rho0.5.json
whisper,Conditioning,decoder,seame_dev_sge,27,0.8709677419354839,global,0.5,0.3291139240506329,0.8068181818181818,-0.026467203682393525,0.022727272727272818,0.9583333333333334,0.9333333333333333,3,1,2,4915.899196624756,885,5.554688357768086,,,,,results/basis_a4/whisper/conditioning/seame_dev_sge/L27/conditioning_decoder_L27_global_rho0.5.json
whisper,Conditioning,decoder,seame_dev_sge,27,0.8709677419354839,oracle_local,0.5,0.30724971231300346,0.8295454545454546,-0.004602991944764101,0.0,0.9933333333333333,1.0,0,0,0,212.42130708694458,38,5.590034397024858,,,,,results/basis_a4/whisper/conditioning/seame_dev_sge/L27/conditioning_decoder_L27_oracle_local_rho0.5.json
whisper,Conditioning,decoder,seame_dev_sge,28,0.9032258064516129,global,0.5,0.3659378596087457,0.7159090909090909,-0.06329113924050633,0.11363636363636365,0.9016666666666666,1.0,10,0,10,4654.145864486694,712,6.536721719784683,,,,,results/basis_a4/whisper/conditioning/seame_dev_sge/L28/conditioning_decoder_L28_global_rho0.5.json
whisper,Conditioning,decoder,seame_dev_sge,28,0.9032258064516129,oracle_local,0.5,0.3095512082853855,0.8181818181818182,-0.0069044879171461515,0.011363636363636354,0.99,1.0,1,0,1,248.1893286705017,38,6.531298122907939,,,,,results/basis_a4/whisper/conditioning/seame_dev_sge/L28/conditioning_decoder_L28_oracle_local_rho0.5.json
whisper,Conditioning,decoder,seame_dev_sge,29,0.9354838709677419,global,0.5,0.3521288837744534,0.7045454545454546,-0.04948216340621403,0.125,0.9083333333333333,1.0,11,0,11,5327.156466007233,735,7.247831926540453,,,,,results/basis_a4/whisper/conditioning/seame_dev_sge/L29/conditioning_decoder_L29_global_rho0.5.json
whisper,Conditioning,decoder,seame_dev_sge,29,0.9354838709677419,oracle_local,0.5,0.30609896432681244,0.8181818181818182,-0.0034522439585730758,0.011363636363636354,0.9933333333333333,1.0,1,0,1,274.6576132774353,38,7.22783192835356,,,,,results/basis_a4/whisper/conditioning/seame_dev_sge/L29/conditioning_decoder_L29_oracle_local_rho0.5.json
whisper,Conditioning,decoder,seame_dev_sge,30,0.967741935483871,global,0.5,0.8354430379746836,0.7386363636363636,-0.5327963176064442,0.09090909090909094,0.7316666666666667,0.8,11,3,8,9486.291494369507,1263,7.5109196313297755,,,,,results/basis_a4/whisper/conditioning/seame_dev_sge/L30/conditioning_decoder_L30_global_rho0.5.json
whisper,Conditioning,decoder,seame_dev_sge,30,0.967741935483871,oracle_local,0.5,0.3176064441887227,0.8295454545454546,-0.014959723820483328,0.0,0.9983333333333333,1.0,0,0,0,293.8631319999695,38,7.73324031578867,,,,,results/basis_a4/whisper/conditioning/seame_dev_sge/L30/conditioning_decoder_L30_oracle_local_rho0.5.json
whisper,Conditioning,decoder,seame_dev_sge,31,1.0,global,0.5,2.378596087456847,0.7840909090909091,-2.0759493670886076,0.045454545454545525,0.48333333333333334,0.5333333333333333,11,7,4,20340.423321723938,2525,8.055613196722351,,,,,results/basis_a4/whisper/conditioning/seame_dev_sge/L31/conditioning_decoder_L31_global_rho0.5.json
whisper,Conditioning,decoder,seame_dev_sge,31,1.0,oracle_local,0.5,0.34062140391254314,0.7954545454545454,-0.03797468354430378,0.03409090909090917,0.96,1.0,3,0,3,343.42308235168457,40,8.585577058792115,,,,,results/basis_a4/whisper/conditioning/seame_dev_sge/L31/conditioning_decoder_L31_oracle_local_rho0.5.json
whisper,Raw,decoder,cs_dialogue,0,0.0,global,0.5,0.24303451553496108,0.49382716049382713,0.019426127250044556,-0.02380952380952378,0.986261125032403,0.930116472545757,30,84,-54,13773.429879665375,13482,1.021616220120559,,,,,results/basis_a4/whisper/raw/decoder/cs_dialogue/L00/Raw_decoder_L0_global_rho0.5.json
whisper,Raw,decoder,cs_dialogue,0,0.0,oracle_local,0.5,0.2512326976771817,0.48721340388007056,0.011227945107823933,-0.01719576719576721,0.9940378467121749,0.9517470881863561,19,58,-39,1879.2753353714943,1820,1.032568865588733,,,,,results/basis_a4/whisper/raw/decoder/cs_dialogue/L00/Raw_decoder_L0_oracle_local_rho0.5.json
whisper,Raw,decoder,cs_dialogue,1,0.03225806451612903,global,0.5,0.25188617596388047,0.49206349206349204,0.010574466821125172,-0.022045855379188684,0.9843601486217921,0.9367720465890182,26,76,-50,21530.85658276081,13343,1.6136443515521854,,,,,results/basis_a4/whisper/raw/decoder/cs_dialogue/L01/Raw_decoder_L1_global_rho0.5.json
whisper,Raw,decoder,cs_dialogue,1,0.03225806451612903,oracle_local,0.5,0.2596685082872928,0.4876543209876543,0.002792134497712817,-0.01763668430335097,0.9953339669921368,0.956738768718802,12,52,-40,2953.953526377678,1821,1.6221600913661054,,,,,results/basis_a4/whisper/raw/decoder/cs_dialogue/L01/Raw_decoder_L1_oracle_local_rho0.5.json
whisper,Raw,decoder,cs_dialogue,2,0.06451612903225806,global,0.5,0.24600487138359176,0.49514991181657847,0.016455771401413882,-0.025132275132275117,0.9828912123045018,0.9251247920133111,33,90,-57,25222.936789631844,13431,1.8779641716649427,,,,,results/basis_a4/whisper/raw/decoder/cs_dialogue/L02/Raw_decoder_L2_global_rho0.5.json
whisper,Raw,decoder,cs_dialogue,2,0.06451612903225806,oracle_local,0.5,0.26620329115428026,0.49250440917107585,-0.003742648369274626,-0.0224867724867725,0.9948155188801521,0.9475873544093179,12,63,-51,3452.8708300590515,1823,1.894059698331899,,,,,results/basis_a4/whisper/raw/decoder/cs_dialogue/L02/Raw_decoder_L2_oracle_local_rho0.5.json
whisper,Raw,decoder,cs_dialogue,3,0.0967741935483871,global,0.5,0.2547971246955385,0.49559082892416223,0.007663518089467136,-0.025573192239858877,0.9831504363604943,0.9234608985024958,34,92,-58,28377.59208714962,13634,2.0813841929844226,,,,,results/basis_a4/whisper/raw/decoder/cs_dialogue/L03/Raw_decoder_L3_global_rho0.5.json
whisper,Raw,decoder,cs_dialogue,3,0.0967741935483871,oracle_local,0.5,0.26151012891344383,0.48677248677248675,0.0009505138715618089,-0.016754850088183393,0.9960252311414499,0.9542429284525791,17,55,-38,3822.0910184383392,1814,2.1069961512890516,,,,,results/basis_a4/whisper/raw/decoder/cs_dialogue/L03/Raw_decoder_L3_oracle_local_rho0.5.json
whisper,Raw,decoder,cs_dialogue,4,0.12903225806451613,global,0.5,0.24053941662211134,0.4916225749559083,0.021921226162894297,-0.021604938271604923,0.9901494858722889,0.93261231281198,32,81,-49,29112.061584234238,13524,2.1526221224663,,,,,results/basis_a4/whisper/raw/decoder/cs_dialogue/L04/Raw_decoder_L4_global_rho0.5.json
whisper,Raw,decoder,cs_dialogue,4,0.12903225806451613,oracle_local,0.5,0.2559852670349908,0.4828042328042328,0.0064753757500148335,-0.012786596119929439,0.9946427028428239,0.961730449251248,17,46,-29,3970.177817106247,1819,2.1826156223783655,,,,,results/basis_a4/whisper/raw/decoder/cs_dialogue/L04/Raw_decoder_L4_oracle_local_rho0.5.json
whisper,Raw,decoder,cs_dialogue,5,0.16129032258064516,global,0.5,0.24107408067486485,0.49074074074074076,0.021386562110140783,-0.020723104056437402,0.9891989976669835,0.9292845257903494,38,85,-47,30312.5648188591,13538,2.239072597049719,,,,,results/basis_a4/whisper/raw/decoder/cs_dialogue/L05/Raw_decoder_L5_global_rho0.5.json
whisper,Raw,decoder,cs_dialogue,5,0.16129032258064516,oracle_local,0.5,0.2573516307253609,0.48544973544973546,0.0051090120596447575,-0.015432098765432112,0.994124254730839,0.9550748752079867,19,54,-35,4116.754262089729,1814,2.26943454359963,,,,,results/basis_a4/whisper/raw/decoder/cs_dialogue/L05/Raw_decoder_L5_oracle_local_rho0.5.json
whisper,Raw,decoder,cs_dialogue,6,0.1935483870967742,global,0.5,0.2873522247965306,0.49426807760141095,-0.02489158201152497,-0.024250440917107596,0.9733863302514474,0.9159733777038269,46,101,-55,34158.73251223564,14386,2.3744426881854332,,,,,results/basis_a4/whisper/raw/decoder/cs_dialogue/L06/Raw_decoder_L6_global_rho0.5.json
whisper,Raw,decoder,cs_dialogue,6,0.1935483870967742,oracle_local,0.5,0.2818273629180776,0.47442680776014107,-0.019366720133071946,-0.0044091710758377145,0.9929145424695411,0.9625623960066556,35,45,-10,4342.383135318756,1825,2.379388019352743,,,,,results/basis_a4/whisper/raw/decoder/cs_dialogue/L06/Raw_decoder_L6_oracle_local_rho0.5.json
whisper,Raw,decoder,cs_dialogue,7,0.22580645161290322,global,0.5,0.2569357809065526,0.4876543209876543,0.0055248618784530246,-0.01763668430335097,0.9853106368270975,0.9392678868552413,33,73,-40,35266.493049263954,13801,2.555357803729002,,,,,results/basis_a4/whisper/raw/decoder/cs_dialogue/L07/Raw_decoder_L7_global_rho0.5.json
whisper,Raw,decoder,cs_dialogue,7,0.22580645161290322,oracle_local,0.5,0.27054001069328104,0.47971781305114636,-0.008079367908275403,-0.009700176366843005,0.9944698868054955,0.9650582362728786,20,42,-22,4680.4802569150925,1814,2.580198598078882,,,,,results/basis_a4/whisper/raw/decoder/cs_dialogue/L07/Raw_decoder_L7_oracle_local_rho0.5.json
whisper,Raw,decoder,cs_dialogue,8,0.25806451612903225,global,0.5,0.24018297392027566,0.48368606701940037,0.022277668864729983,-0.013668430335097015,0.9840145165471356,0.9392678868552413,42,73,-31,37363.34467339516,13492,2.7692962254221136,,,,,results/basis_a4/whisper/raw/decoder/cs_dialogue/L08/Raw_decoder_L8_global_rho0.5.json
whisper,Raw,decoder,cs_dialogue,8,0.25806451612903225,oracle_local,0.5,0.2653715915166637,0.4880952380952381,-0.0029109487316580362,-0.01807760141093473,0.9879892854056856,0.9484193011647255,21,62,-41,5031.206649780273,1805,2.7873721051414257,,,,,results/basis_a4/whisper/raw/decoder/cs_dialogue/L08/Raw_decoder_L8_oracle_local_rho0.5.json
whisper,Raw,decoder,cs_dialogue,9,0.2903225806451613,global,0.5,0.2373314323055902,0.47883597883597884,0.025129210479415437,-0.008818342151675485,0.98954462974164,0.9367720465890182,56,76,-20,37434.62262511253,13500,2.772935009267595,,,,,results/basis_a4/whisper/raw/decoder/cs_dialogue/L09/Raw_decoder_L9_global_rho0.5.json
whisper,Raw,decoder,cs_dialogue,9,0.2903225806451613,oracle_local,0.5,0.261331907562526,0.49074074074074076,0.0011287352224796376,-0.020723104056437402,0.9872116132377085,0.9484193011647255,15,62,-47,5038.8562178611755,1805,2.7916100929978813,,,,,results/basis_a4/whisper/raw/decoder/cs_dialogue/L09/Raw_decoder_L9_oracle_local_rho0.5.json
whisper,Raw,decoder,cs_dialogue,10,0.3225806451612903,global,0.5,0.24594546426661915,0.4783950617283951,0.016515178518386492,-0.008377425044091724,0.9847921887151128,0.9242928452579035,72,91,-19,38769.07204246521,13404,2.892350943186005,,,,,results/basis_a4/whisper/raw/decoder/cs_dialogue/L10/Raw_decoder_L10_global_rho0.5.json
whisper,Raw,decoder,cs_dialogue,10,0.3225806451612903,oracle_local,0.5,0.25616348838590863,0.48500881834215165,0.006297154399097005,-0.014991181657848296,0.9880756934243498,0.9509151414309485,25,59,-34,5269.403928756714,1817,2.9000571979948893,,,,,results/basis_a4/whisper/raw/decoder/cs_dialogue/L10/Raw_decoder_L10_oracle_local_rho0.5.json
whisper,Raw,decoder,cs_dialogue,11,0.3548387096774194,global,0.5,0.25277728271846966,0.49206349206349204,0.009683360066535973,-0.022045855379188684,0.982286356173853,0.9143094841930116,53,103,-50,39210.34666967392,13342,2.9388657374961715,,,,,results/basis_a4/whisper/raw/decoder/cs_dialogue/L11/Raw_decoder_L11_global_rho0.5.json
whisper,Raw,decoder,cs_dialogue,11,0.3548387096774194,oracle_local,0.5,0.25990613675518326,0.49559082892416223,0.0025545060298223787,-0.025573192239858877,0.9879028773870215,0.9317803660565723,24,82,-58,5336.354919910431,1813,2.9433838499230176,,,,,results/basis_a4/whisper/raw/decoder/cs_dialogue/L11/Raw_decoder_L11_oracle_local_rho0.5.json
whisper,Raw,decoder,cs_dialogue,12,0.3870967741935484,global,0.5,0.24570783579872868,0.45105820105820105,0.016752806986276958,0.018959435626102306,0.9879028773870215,0.9584026622296173,93,50,43,41899.87122821808,13718,3.054371718050596,,,,,results/basis_a4/whisper/raw/decoder/cs_dialogue/L12/Raw_decoder_L12_global_rho0.5.json
whisper,Raw,decoder,cs_dialogue,12,0.3870967741935484,oracle_local,0.5,0.2648369274639102,0.4691358024691358,-0.00237628467890455,0.0008818342151675762,0.9879028773870215,0.9750415973377704,32,30,2,5556.256487369537,1820,3.052888179873372,,,,,results/basis_a4/whisper/raw/decoder/cs_dialogue/L12/Raw_decoder_L12_oracle_local_rho0.5.json
whisper,Raw,decoder,cs_dialogue,13,0.41935483870967744,global,0.5,0.24796530624368798,0.4497354497354497,0.014495336541317655,0.020282186948853642,0.9824591722111812,0.9642262895174709,89,43,46,43458.82171201706,13598,3.1959715922942387,,,,,results/basis_a4/whisper/raw/decoder/cs_dialogue/L13/Raw_decoder_L13_global_rho0.5.json
whisper,Raw,decoder,cs_dialogue,13,0.41935483870967744,oracle_local,0.5,0.25717340937444305,0.45105820105820105,0.005287233410562586,0.018959435626102306,0.9876436533310291,0.9816971713810316,65,22,43,5702.054725408554,1808,3.153791330425085,,,,,results/basis_a4/whisper/raw/decoder/cs_dialogue/L13/Raw_decoder_L13_oracle_local_rho0.5.json
whisper,Raw,decoder,cs_dialogue,14,0.45161290322580644,global,0.5,0.23982653121843997,0.4281305114638448,0.022634111566565668,0.041887125220458565,0.9879892854056856,0.9825291181364393,116,21,95,44686.71101856232,13693,3.263471191014556,,,,,results/basis_a4/whisper/raw/decoder/cs_dialogue/L14/Raw_decoder_L14_global_rho0.5.json
whisper,Raw,decoder,cs_dialogue,14,0.45161290322580644,oracle_local,0.5,0.25444068199370284,0.45458553791887124,0.008019960791302794,0.015432098765432112,0.9930873585068695,0.980865224625624,58,23,35,5884.716356277466,1826,3.222736230162906,,,,,results/basis_a4/whisper/raw/decoder/cs_dialogue/L14/Raw_decoder_L14_oracle_local_rho0.5.json
whisper,Raw,decoder,cs_dialogue,15,0.4838709677419355,global,0.5,0.23216301312897286,0.4351851851851852,0.030297629656032776,0.03483245149911818,0.9870387972003802,0.9733777038269551,111,32,79,43493.05788683891,13437,3.236813119508738,,,,,results/basis_a4/whisper/raw/decoder/cs_dialogue/L15/Raw_decoder_L15_global_rho0.5.json
whisper,Raw,decoder,cs_dialogue,15,0.4838709677419355,oracle_local,0.5,0.24749004930790708,0.4607583774250441,0.01497059347709856,0.009259259259259245,0.9887669575736628,0.978369384359401,47,26,21,5796.110135316849,1810,3.202270792992734,,,,,results/basis_a4/whisper/raw/decoder/cs_dialogue/L15/Raw_decoder_L15_oracle_local_rho0.5.json
whisper,Raw,decoder,cs_dialogue,16,0.5161290322580645,global,0.5,0.22847977187667082,0.43077601410934746,0.03398087090833482,0.03924162257495589,0.9887669575736628,0.9858569051580699,106,17,89,46276.753303050995,13554,3.4142506494799316,,,,,results/basis_a4/whisper/raw/decoder/cs_dialogue/L16/Raw_decoder_L16_global_rho0.5.json
whisper,Raw,decoder,cs_dialogue,16,0.5161290322580645,oracle_local,0.5,0.25093566209231866,0.4656084656084656,0.011524980692686981,0.00440917107583777,0.9871252052190443,0.9858569051580699,27,17,10,6089.553619384766,1812,3.360680805399981,,,,,results/basis_a4/whisper/raw/decoder/cs_dialogue/L16/Raw_decoder_L16_oracle_local_rho0.5.json
whisper,Raw,decoder,cs_dialogue,17,0.5483870967741935,global,0.5,0.24012356680330305,0.44929453262786595,0.022337075981702592,0.020723104056437402,0.9790892594832801,0.9417637271214643,117,70,47,47781.05200386047,13753,3.474227586989055,,,,,results/basis_a4/whisper/raw/decoder/cs_dialogue/L17/Raw_decoder_L17_global_rho0.5.json
whisper,Raw,decoder,cs_dialogue,17,0.5483870967741935,oracle_local,0.5,0.24855937741341413,0.4660493827160494,0.013901265371591504,0.003968253968253954,0.9925689103948846,0.961730449251248,55,46,9,6211.26825428009,1832,3.390430269803543,,,,,results/basis_a4/whisper/raw/decoder/cs_dialogue/L17/Raw_decoder_L17_oracle_local_rho0.5.json
whisper,Raw,decoder,cs_dialogue,18,0.5806451612903226,global,0.5,0.23608388284916532,0.4506172839506173,0.02637675993584032,0.019400352733686066,0.9837552924911431,0.9550748752079867,98,54,44,46738.686205387115,13539,3.4521520204880063,,,,,results/basis_a4/whisper/raw/decoder/cs_dialogue/L18/Raw_decoder_L18_global_rho0.5.json
whisper,Raw,decoder,cs_dialogue,18,0.5806451612903226,oracle_local,0.5,0.24552961444781085,0.468694885361552,0.016931028337194787,0.0013227513227513366,0.9940378467121749,0.9733777038269551,35,32,3,6125.461187839508,1827,3.352742850486868,,,,,results/basis_a4/whisper/raw/decoder/cs_dialogue/L18/Raw_decoder_L18_oracle_local_rho0.5.json
whisper,Raw,decoder,cs_dialogue,19,0.6129032258064516,global,0.5,0.24683657102120835,0.46119929453262787,0.015624071763797293,0.008818342151675485,0.9739911863820963,0.9492512479201332,81,61,20,47523.848385334015,13394,3.548144571101539,,,,,results/basis_a4/whisper/raw/decoder/cs_dialogue/L19/Raw_decoder_L19_global_rho0.5.json
whisper,Raw,decoder,cs_dialogue,19,0.6129032258064516,oracle_local,0.5,0.24618309273450958,0.468694885361552,0.016277550050496054,0.0013227513227513366,0.9930009504882054,0.9708818635607321,38,35,3,6261.662513017654,1815,3.4499517978058702,,,,,results/basis_a4/whisper/raw/decoder/cs_dialogue/L19/Raw_decoder_L19_oracle_local_rho0.5.json
whisper,Raw,decoder,cs_dialogue,20,0.6451612903225806,global,0.5,0.2524802471336066,0.4506172839506173,0.009980395651399021,0.019400352733686066,0.967337768944958,0.961730449251248,90,46,44,47623.272213220596,13243,3.5961090548380725,,,,,results/basis_a4/whisper/raw/decoder/cs_dialogue/L20/Raw_decoder_L20_global_rho0.5.json
whisper,Raw,decoder,cs_dialogue,20,0.6451612903225806,oracle_local,0.5,0.24552961444781085,0.4607583774250441,0.016931028337194787,0.009259259259259245,0.9931737665255336,0.9692179700499168,58,37,21,6347.32923412323,1814,3.4990789603766426,,,,,results/basis_a4/whisper/raw/decoder/cs_dialogue/L20/Raw_decoder_L20_oracle_local_rho0.5.json
whisper,Raw,decoder,cs_dialogue,21,0.6774193548387096,global,0.5,0.2575892591932514,0.4497354497354497,0.004871383591754264,0.020282186948853642,0.9453901322042686,0.9409317803660566,117,71,46,48861.94014215469,12914,3.7836410207646503,,,,,results/basis_a4/whisper/raw/decoder/cs_dialogue/L21/Raw_decoder_L21_global_rho0.5.json
whisper,Raw,decoder,cs_dialogue,21,0.6774193548387096,oracle_local,0.5,0.2575892591932514,0.4638447971781305,0.004871383591754264,0.006172839506172867,0.9890261816296553,0.9650582362728786,56,42,14,6700.198716163635,1818,3.685477841674167,,,,,results/basis_a4/whisper/raw/decoder/cs_dialogue/L21/Raw_decoder_L21_oracle_local_rho0.5.json
whisper,Raw,decoder,cs_dialogue,22,0.7096774193548387,global,0.5,0.31319432067961744,0.43209876543209874,-0.050733677894611806,0.03791887125220461,0.9036550591894927,0.9425956738768719,155,69,86,49895.03261470795,13007,3.8360138859620165,,,,,results/basis_a4/whisper/raw/decoder/cs_dialogue/L22/Raw_decoder_L22_global_rho0.5.json
whisper,Raw,decoder,cs_dialogue,22,0.7096774193548387,oracle_local,0.5,0.25188617596388047,0.4642857142857143,0.010574466821125172,0.005731922398589051,0.9833232523978225,0.9625623960066556,58,45,13,6737.15004491806,1809,3.724239936383671,,,,,results/basis_a4/whisper/raw/decoder/cs_dialogue/L22/Raw_decoder_L22_oracle_local_rho0.5.json
whisper,Raw,decoder,cs_dialogue,23,0.7419354838709677,global,0.5,0.28800570308322937,0.4157848324514991,-0.025545060298223732,0.054232804232804244,0.9226648232956018,0.9575707154742097,174,51,123,51893.88735604286,13116,3.9565330402594436,,,,,results/basis_a4/whisper/raw/decoder/cs_dialogue/L23/Raw_decoder_L23_global_rho0.5.json
whisper,Raw,decoder,cs_dialogue,23,0.7419354838709677,oracle_local,0.5,0.2530743183033327,0.45634920634920634,0.009386324481672925,0.013668430335097015,0.981681500043204,0.9683860232945092,69,38,31,6863.347436666489,1791,3.8321314554251753,,,,,results/basis_a4/whisper/raw/decoder/cs_dialogue/L23/Raw_decoder_L23_oracle_local_rho0.5.json
whisper,Raw,decoder,cs_dialogue,24,0.7741935483870968,global,0.5,0.30481791718647894,0.4497354497354497,-0.0423572744014733,0.020282186948853642,0.8881016158299491,0.9193011647254575,143,97,46,52714.37694597244,12687,4.1549914830907575,,,,,results/basis_a4/whisper/raw/decoder/cs_dialogue/L24/Raw_decoder_L24_global_rho0.5.json
whisper,Raw,decoder,cs_dialogue,24,0.7741935483870968,oracle_local,0.5,0.255034753163429,0.4731040564373898,0.007425889621576642,-0.0030864197530864335,0.9783115873153029,0.9417637271214643,63,70,-7,7197.939855337143,1809,3.978960671828161,,,,,results/basis_a4/whisper/raw/decoder/cs_dialogue/L24/Raw_decoder_L24_oracle_local_rho0.5.json
whisper,Raw,decoder,cs_dialogue,25,0.8064516129032258,global,0.5,0.3307194201865383,0.4400352733686067,-0.06825877740153269,0.029982363315696647,0.8412684697139895,0.9267886855241264,156,88,68,55519.26236367226,12302,4.513027342194135,,,,,results/basis_a4/whisper/raw/decoder/cs_dialogue/L25/Raw_decoder_L25_global_rho0.5.json
whisper,Raw,decoder,cs_dialogue,25,0.8064516129032258,oracle_local,0.5,0.261331907562526,0.4541446208112875,0.0011287352224796376,0.015873015873015872,0.9750280826060659,0.9575707154742097,87,51,36,7822.755096197128,1797,4.353230437505358,,,,,results/basis_a4/whisper/raw/decoder/cs_dialogue/L25/Raw_decoder_L25_oracle_local_rho0.5.json
whisper,Raw,decoder,cs_dialogue,26,0.8387096774193549,global,0.5,0.3630962989366126,0.4312169312169312,-0.10063565615160697,0.03880070546737213,0.8136179037414673,0.9151414309484193,190,102,88,68524.5644774437,13823,4.9572860071940745,,,,,results/basis_a4/whisper/raw/decoder/cs_dialogue/L26/Raw_decoder_L26_global_rho0.5.json
whisper,Raw,decoder,cs_dialogue,26,0.8387096774193549,oracle_local,0.5,0.25455949622764806,0.4620811287477954,0.007901146557357575,0.007936507936507964,0.9798669316512573,0.9500831946755408,78,60,18,8628.052689313889,1798,4.798694487938759,,,,,results/basis_a4/whisper/raw/decoder/cs_dialogue/L26/Raw_decoder_L26_oracle_local_rho0.5.json
whisper,Raw,decoder,cs_dialogue,27,0.8709677419354839,global,0.5,0.3987999762371532,0.4210758377425044,-0.13633933345214755,0.04894179894179895,0.7705003024280653,0.9034941763727121,227,116,111,86894.63762521744,14907,5.829116363132584,,,,,results/basis_a4/whisper/raw/decoder/cs_dialogue/L27/Raw_decoder_L27_global_rho0.5.json
whisper,Raw,decoder,cs_dialogue,27,0.8709677419354839,oracle_local,0.5,0.25164854749599,0.44312169312169314,0.01081209528901561,0.026895943562610214,0.982286356173853,0.9484193011647255,123,62,61,10275.423062324524,1809,5.680167530306536,,,,,results/basis_a4/whisper/raw/decoder/cs_dialogue/L27/Raw_decoder_L27_oracle_local_rho0.5.json
whisper,Raw,decoder,cs_dialogue,28,0.9032258064516129,global,0.5,0.36434384839303746,0.41798941798941797,-0.10188320560803182,0.052028218694885386,0.8270975546530718,0.93261231281198,199,81,118,95180.02101421356,13949,6.823429709241778,,,,,results/basis_a4/whisper/raw/decoder/cs_dialogue/L28/Raw_decoder_L28_global_rho0.5.json
whisper,Raw,decoder,cs_dialogue,28,0.9032258064516129,oracle_local,0.5,0.2585397730648132,0.45634920634920634,0.003920869720192455,0.013668430335097015,0.9783115873153029,0.9642262895174709,74,43,31,12082.7230052948,1812,6.66816942897064,,,,,results/basis_a4/whisper/raw/decoder/cs_dialogue/L28/Raw_decoder_L28_oracle_local_rho0.5.json
whisper,Raw,decoder,cs_dialogue,29,0.9354838709677419,global,0.5,0.3792550347531634,0.40652557319223986,-0.11679439196815777,0.06349206349206349,0.807569342434978,0.9276206322795341,231,87,144,108746.52691698074,14404,7.549744995624878,,,,,results/basis_a4/whisper/raw/decoder/cs_dialogue/L29/Raw_decoder_L29_global_rho0.5.json
whisper,Raw,decoder,cs_dialogue,29,0.9354838709677419,oracle_local,0.5,0.25806451612903225,0.44488536155202824,0.004396126655973387,0.025132275132275117,0.9791756675019442,0.978369384359401,83,26,57,13468.904732704163,1820,7.400497105881408,,,,,results/basis_a4/whisper/raw/decoder/cs_dialogue/L29/Raw_decoder_L29_oracle_local_rho0.5.json
whisper,Raw,decoder,cs_dialogue,30,0.967741935483871,global,0.5,0.334462068555813,0.40343915343915343,-0.07200142577080737,0.06657848324514992,0.843601486217921,0.9575707154742097,202,51,151,106932.35697841644,13287,8.047893202259084,,,,,results/basis_a4/whisper/raw/decoder/cs_dialogue/L30/Raw_decoder_L30_global_rho0.5.json
whisper,Raw,decoder,cs_dialogue,30,0.967741935483871,oracle_local,0.5,0.2662626982712529,0.44841269841269843,-0.0038020554862472355,0.021604938271604923,0.9772746910913332,0.980865224625624,72,23,49,14149.018505096436,1797,7.873688650582324,,,,,results/basis_a4/whisper/raw/decoder/cs_dialogue/L30/Raw_decoder_L30_oracle_local_rho0.5.json
whisper,Raw,decoder,cs_dialogue,31,1.0,global,0.5,0.3122438068080556,0.421957671957672,-0.04978316402304994,0.04805996472663138,0.8807569342434978,0.9584026622296173,159,50,109,115406.72562360764,12976,8.893859866184313,,,,,results/basis_a4/whisper/raw/decoder/cs_dialogue/L31/Raw_decoder_L31_global_rho0.5.json
whisper,Raw,decoder,cs_dialogue,31,1.0,oracle_local,0.5,0.25545060298223726,0.45282186948853614,0.007010039802768375,0.01719576719576721,0.9796941156139289,0.9825291181364393,60,21,39,15808.538031578064,1813,8.719546625249897,,,,,results/basis_a4/whisper/raw/decoder/cs_dialogue/L31/Raw_decoder_L31_oracle_local_rho0.5.json
whisper,Raw,decoder,seame_dev_man,0,0.0,global,0.5,0.3612565445026178,0.6565656565656566,0.003141361256544517,0.030303030303030276,0.9953917050691244,0.967741935483871,4,1,3,957.4529383778572,933,1.0262089371681213,,,,,results/basis_a4/whisper/raw/decoder/seame_dev_man/L00/Raw_decoder_L0_global_rho0.5.json
whisper,Raw,decoder,seame_dev_man,0,0.0,oracle_local,0.5,0.362303664921466,0.6565656565656566,0.002094240837696326,0.030303030303030276,0.9984639016897081,1.0,3,0,3,71.20184922218323,69,1.0319108582925105,,,,,results/basis_a4/whisper/raw/decoder/seame_dev_man/L00/Raw_decoder_L0_oracle_local_rho0.5.json
whisper,Raw,decoder,seame_dev_man,1,0.03225806451612903,global,0.5,0.36544502617801045,0.6767676767676768,-0.0010471204188481353,0.010101010101010055,0.9861751152073732,1.0,1,0,1,1512.488299369812,931,1.6245846394949646,,,,,results/basis_a4/whisper/raw/decoder/seame_dev_man/L01/Raw_decoder_L1_global_rho0.5.json
whisper,Raw,decoder,seame_dev_man,1,0.03225806451612903,oracle_local,0.5,0.3633507853403141,0.6868686868686869,0.0010471204188481908,0.0,0.9969278033794163,1.0,0,0,0,112.31330692768097,69,1.62772908590842,,,,,results/basis_a4/whisper/raw/decoder/seame_dev_man/L01/Raw_decoder_L1_oracle_local_rho0.5.json
whisper,Raw,decoder,seame_dev_man,2,0.06451612903225806,global,0.5,0.362303664921466,0.6767676767676768,0.002094240837696326,0.010101010101010055,0.9769585253456221,1.0,1,0,1,1744.4988079071045,923,1.8900312111669604,,,,,results/basis_a4/whisper/raw/decoder/seame_dev_man/L02/Raw_decoder_L2_global_rho0.5.json
whisper,Raw,decoder,seame_dev_man,2,0.06451612903225806,oracle_local,0.5,0.362303664921466,0.6868686868686869,0.002094240837696326,0.0,0.9969278033794163,1.0,0,0,0,130.91828572750092,69,1.8973664598188538,,,,,results/basis_a4/whisper/raw/decoder/seame_dev_man/L02/Raw_decoder_L2_oracle_local_rho0.5.json
whisper,Raw,decoder,seame_dev_man,3,0.0967741935483871,global,0.5,0.36858638743455496,0.6767676767676768,-0.004188481675392652,0.010101010101010055,0.9754224270353302,1.0,1,0,1,1919.8259762525558,917,2.093594303437902,,,,,results/basis_a4/whisper/raw/decoder/seame_dev_man/L03/Raw_decoder_L3_global_rho0.5.json
whisper,Raw,decoder,seame_dev_man,3,0.0967741935483871,oracle_local,0.5,0.3612565445026178,0.6767676767676768,0.003141361256544517,0.010101010101010055,0.9984639016897081,1.0,1,0,1,145.68361628055573,69,2.1113567576892134,,,,,results/basis_a4/whisper/raw/decoder/seame_dev_man/L03/Raw_decoder_L3_oracle_local_rho0.5.json
whisper,Raw,decoder,seame_dev_man,4,0.12903225806451613,global,0.5,0.3633507853403141,0.6868686868686869,0.0010471204188481908,0.0,0.9861751152073732,1.0,0,0,0,2004.1491907835007,927,2.161973237091155,,,,,results/basis_a4/whisper/raw/decoder/seame_dev_man/L04/Raw_decoder_L4_global_rho0.5.json
whisper,Raw,decoder,seame_dev_man,4,0.12903225806451613,oracle_local,0.5,0.3612565445026178,0.6767676767676768,0.003141361256544517,0.010101010101010055,0.9984639016897081,1.0,1,0,1,150.14725136756897,69,2.1760471212691157,,,,,results/basis_a4/whisper/raw/decoder/seame_dev_man/L04/Raw_decoder_L4_oracle_local_rho0.5.json
whisper,Raw,decoder,seame_dev_man,5,0.16129032258064516,global,0.5,0.3612565445026178,0.6868686868686869,0.003141361256544517,0.0,0.9846390168970814,1.0,0,0,0,2091.567009449005,931,2.2465811057454403,,,,,results/basis_a4/whisper/raw/decoder/seame_dev_man/L05/Raw_decoder_L5_global_rho0.5.json
whisper,Raw,decoder,seame_dev_man,5,0.16129032258064516,oracle_local,0.5,0.35916230366492147,0.6767676767676768,0.005235602094240843,0.010101010101010055,1.0,1.0,1,0,1,155.45694172382355,69,2.2529991554177324,,,,,results/basis_a4/whisper/raw/decoder/seame_dev_man/L05/Raw_decoder_L5_oracle_local_rho0.5.json
whisper,Raw,decoder,seame_dev_man,6,0.1935483870967742,global,0.5,0.3581151832460733,0.6767676767676768,0.006282722513089034,0.010101010101010055,0.9861751152073732,1.0,1,0,1,2206.311846613884,929,2.3749320200364736,,,,,results/basis_a4/whisper/raw/decoder/seame_dev_man/L06/Raw_decoder_L6_global_rho0.5.json
whisper,Raw,decoder,seame_dev_man,6,0.1935483870967742,oracle_local,0.5,0.3612565445026178,0.6868686868686869,0.003141361256544517,0.0,0.9984639016897081,1.0,0,0,0,164.46008253097534,69,2.383479456970657,,,,,results/basis_a4/whisper/raw/decoder/seame_dev_man/L06/Raw_decoder_L6_oracle_local_rho0.5.json
whisper,Raw,decoder,seame_dev_man,7,0.22580645161290322,global,0.5,0.36020942408376966,0.6767676767676768,0.004188481675392652,0.010101010101010055,0.9923195084485407,1.0,1,0,1,2380.968787550926,931,2.5574315655756457,,,,,results/basis_a4/whisper/raw/decoder/seame_dev_man/L07/Raw_decoder_L7_global_rho0.5.json
whisper,Raw,decoder,seame_dev_man,7,0.22580645161290322,oracle_local,0.5,0.3633507853403141,0.6868686868686869,0.0010471204188481908,0.0,1.0,1.0,0,0,0,176.68461108207703,69,2.5606465374214062,,,,,results/basis_a4/whisper/raw/decoder/seame_dev_man/L07/Raw_decoder_L7_oracle_local_rho0.5.json
whisper,Raw,decoder,seame_dev_man,8,0.25806451612903225,global,0.5,0.35916230366492147,0.696969696969697,0.005235602094240843,-0.010101010101010166,0.9938556067588326,0.967741935483871,0,1,-1,2571.10395693779,927,2.7735749265779828,,,,,results/basis_a4/whisper/raw/decoder/seame_dev_man/L08/Raw_decoder_L8_global_rho0.5.json
whisper,Raw,decoder,seame_dev_man,8,0.25806451612903225,oracle_local,0.5,0.3612565445026178,0.6868686868686869,0.003141361256544517,0.0,1.0,1.0,0,0,0,192.38066983222961,69,2.788125649742458,,,,,results/basis_a4/whisper/raw/decoder/seame_dev_man/L08/Raw_decoder_L8_oracle_local_rho0.5.json
whisper,Raw,decoder,seame_dev_man,9,0.2903225806451613,global,0.5,0.3633507853403141,0.696969696969697,0.0010471204188481908,-0.010101010101010166,0.9938556067588326,0.967741935483871,0,1,-1,2579.049024105072,928,2.779147655285638,,,,,results/basis_a4/whisper/raw/decoder/seame_dev_man/L09/Raw_decoder_L9_global_rho0.5.json
whisper,Raw,decoder,seame_dev_man,9,0.2903225806451613,oracle_local,0.5,0.3633507853403141,0.6868686868686869,0.0010471204188481908,0.0,1.0,1.0,0,0,0,192.780259847641,69,2.7939168093861015,,,,,results/basis_a4/whisper/raw/decoder/seame_dev_man/L09/Raw_decoder_L9_oracle_local_rho0.5.json
whisper,Raw,decoder,seame_dev_man,10,0.3225806451612903,global,0.5,0.3612565445026178,0.6868686868686869,0.003141361256544517,0.0,0.9815668202764977,0.9032258064516129,3,3,0,2668.603790998459,921,2.8975068306172194,,,,,results/basis_a4/whisper/raw/decoder/seame_dev_man/L10/Raw_decoder_L10_global_rho0.5.json
whisper,Raw,decoder,seame_dev_man,10,0.3225806451612903,oracle_local,0.5,0.362303664921466,0.6868686868686869,0.002094240837696326,0.0,1.0,1.0,0,0,0,200.1806161403656,69,2.901168349860371,,,,,results/basis_a4/whisper/raw/decoder/seame_dev_man/L10/Raw_decoder_L10_oracle_local_rho0.5.json
whisper,Raw,decoder,seame_dev_man,11,0.3548387096774194,global,0.5,0.36020942408376966,0.6666666666666666,0.004188481675392652,0.02020202020202022,0.978494623655914,0.9354838709677419,4,2,2,2696.571492910385,916,2.9438553416052238,,,,,results/basis_a4/whisper/raw/decoder/seame_dev_man/L11/Raw_decoder_L11_global_rho0.5.json
whisper,Raw,decoder,seame_dev_man,11,0.3548387096774194,oracle_local,0.5,0.362303664921466,0.6868686868686869,0.002094240837696326,0.0,1.0,1.0,0,0,0,203.0612108707428,69,2.9429160995759824,,,,,results/basis_a4/whisper/raw/decoder/seame_dev_man/L11/Raw_decoder_L11_oracle_local_rho0.5.json
whisper,Raw,decoder,seame_dev_man,12,0.3870967741935484,global,0.5,0.362303664921466,0.6868686868686869,0.002094240837696326,0.0,0.9815668202764977,1.0,0,0,0,2801.176787376404,917,3.054718415895751,,,,,results/basis_a4/whisper/raw/decoder/seame_dev_man/L12/Raw_decoder_L12_global_rho0.5.json
whisper,Raw,decoder,seame_dev_man,12,0.3870967741935484,oracle_local,0.5,0.362303664921466,0.6868686868686869,0.002094240837696326,0.0,1.0,1.0,0,0,0,210.06781339645386,69,3.0444610637167226,,,,,results/basis_a4/whisper/raw/decoder/seame_dev_man/L12/Raw_decoder_L12_oracle_local_rho0.5.json
whisper,Raw,decoder,seame_dev_man,13,0.41935483870967744,global,0.5,0.34973821989528797,0.6666666666666666,0.014659685863874339,0.02020202020202022,0.978494623655914,0.967741935483871,3,1,2,2896.0145683288574,903,3.2071036194118023,,,,,results/basis_a4/whisper/raw/decoder/seame_dev_man/L13/Raw_decoder_L13_global_rho0.5.json
whisper,Raw,decoder,seame_dev_man,13,0.41935483870967744,oracle_local,0.5,0.362303664921466,0.6868686868686869,0.002094240837696326,0.0,1.0,1.0,0,0,0,220.15597438812256,69,3.190666295480037,,,,,results/basis_a4/whisper/raw/decoder/seame_dev_man/L13/Raw_decoder_L13_oracle_local_rho0.5.json
whisper,Raw,decoder,seame_dev_man,14,0.45161290322580644,global,0.5,0.34973821989528797,0.6565656565656566,0.014659685863874339,0.030303030303030276,0.9738863287250384,0.967741935483871,4,1,3,2958.081367969513,902,3.279469365819859,,,,,results/basis_a4/whisper/raw/decoder/seame_dev_man/L14/Raw_decoder_L14_global_rho0.5.json
whisper,Raw,decoder,seame_dev_man,14,0.45161290322580644,oracle_local,0.5,0.3612565445026178,0.6868686868686869,0.003141361256544517,0.0,0.9984639016897081,1.0,0,0,0,225.05743789672852,69,3.261701998503312,,,,,results/basis_a4/whisper/raw/decoder/seame_dev_man/L14/Raw_decoder_L14_oracle_local_rho0.5.json
whisper,Raw,decoder,seame_dev_man,15,0.4838709677419355,global,0.5,0.35287958115183243,0.6464646464646465,0.011518324607329877,0.04040404040404033,0.9723502304147466,1.0,4,0,4,2934.002604007721,904,3.2455781017784524,,,,,results/basis_a4/whisper/raw/decoder/seame_dev_man/L15/Raw_decoder_L15_global_rho0.5.json
whisper,Raw,decoder,seame_dev_man,15,0.4838709677419355,oracle_local,0.5,0.36020942408376966,0.6868686868686869,0.004188481675392652,0.0,1.0,1.0,0,0,0,222.57781291007996,69,3.2257654044939126,,,,,results/basis_a4/whisper/raw/decoder/seame_dev_man/L15/Raw_decoder_L15_oracle_local_rho0.5.json
whisper,Raw,decoder,seame_dev_man,16,0.5161290322580645,global,0.5,0.34764397905759165,0.6464646464646465,0.016753926701570665,0.04040404040404033,0.9846390168970814,1.0,4,0,4,3112.4372107982635,912,3.4127600995594993,,,,,results/basis_a4/whisper/raw/decoder/seame_dev_man/L16/Raw_decoder_L16_global_rho0.5.json
whisper,Raw,decoder,seame_dev_man,16,0.5161290322580645,oracle_local,0.5,0.35916230366492147,0.6464646464646465,0.005235602094240843,0.04040404040404033,0.9953917050691244,1.0,4,0,4,232.7371551990509,69,3.3730022492616074,,,,,results/basis_a4/whisper/raw/decoder/seame_dev_man/L16/Raw_decoder_L16_oracle_local_rho0.5.json
whisper,Raw,decoder,seame_dev_man,17,0.5483870967741935,global,0.5,0.35916230366492147,0.6565656565656566,0.005235602094240843,0.030303030303030276,0.9692780337941628,0.967741935483871,4,1,3,3123.6444578170776,901,3.466863993137711,,,,,results/basis_a4/whisper/raw/decoder/seame_dev_man/L17/Raw_decoder_L17_global_rho0.5.json
whisper,Raw,decoder,seame_dev_man,17,0.5483870967741935,oracle_local,0.5,0.35602094240837695,0.696969696969697,0.00837696335078536,-0.010101010101010166,0.9984639016897081,0.9032258064516129,2,3,-1,235.89442038536072,69,3.4187597157298653,,,,,results/basis_a4/whisper/raw/decoder/seame_dev_man/L17/Raw_decoder_L17_oracle_local_rho0.5.json
whisper,Raw,decoder,seame_dev_man,18,0.5806451612903226,global,0.5,0.34973821989528797,0.6565656565656566,0.014659685863874339,0.030303030303030276,0.989247311827957,0.967741935483871,4,1,3,3148.2607893943787,914,3.44448664047525,,,,,results/basis_a4/whisper/raw/decoder/seame_dev_man/L18/Raw_decoder_L18_global_rho0.5.json
whisper,Raw,decoder,seame_dev_man,18,0.5806451612903226,oracle_local,0.5,0.36020942408376966,0.6767676767676768,0.004188481675392652,0.010101010101010055,0.9984639016897081,1.0,1,0,1,234.2257354259491,69,3.3945758757383926,,,,,results/basis_a4/whisper/raw/decoder/seame_dev_man/L18/Raw_decoder_L18_oracle_local_rho0.5.json
whisper,Raw,decoder,seame_dev_man,19,0.6129032258064516,global,0.5,0.36858638743455496,0.6262626262626263,-0.004188481675392652,0.06060606060606055,0.9554531490015361,1.0,6,0,6,3205.074637413025,906,3.537609975069564,,,,,results/basis_a4/whisper/raw/decoder/seame_dev_man/L19/Raw_decoder_L19_global_rho0.5.json
whisper,Raw,decoder,seame_dev_man,19,0.6129032258064516,oracle_local,0.5,0.35706806282722514,0.6767676767676768,0.007329842931937169,0.010101010101010055,1.0,1.0,1,0,1,240.10925030708313,69,3.4798442073490308,,,,,results/basis_a4/whisper/raw/decoder/seame_dev_man/L19/Raw_decoder_L19_oracle_local_rho0.5.json
whisper,Raw,decoder,seame_dev_man,20,0.6451612903225806,global,0.5,0.3581151832460733,0.6262626262626263,0.006282722513089034,0.06060606060606055,0.9615975422427036,1.0,6,0,6,3235.573716402054,902,3.587110550334871,,,,,results/basis_a4/whisper/raw/decoder/seame_dev_man/L20/Raw_decoder_L20_global_rho0.5.json
whisper,Raw,decoder,seame_dev_man,20,0.6451612903225806,oracle_local,0.5,0.3643979057591623,0.696969696969697,0.0,-0.010101010101010166,0.9969278033794163,0.967741935483871,0,1,-1,244.92493343353271,69,3.5496367164280103,,,,,results/basis_a4/whisper/raw/decoder/seame_dev_man/L20/Raw_decoder_L20_oracle_local_rho0.5.json
whisper,Raw,decoder,seame_dev_man,21,0.6774193548387096,global,0.5,0.34973821989528797,0.6262626262626263,0.014659685863874339,0.06060606060606055,0.9600614439324117,1.0,6,0,6,3311.1369988918304,878,3.7712266502184857,,,,,results/basis_a4/whisper/raw/decoder/seame_dev_man/L21/Raw_decoder_L21_global_rho0.5.json
whisper,Raw,decoder,seame_dev_man,21,0.6774193548387096,oracle_local,0.5,0.3549738219895288,0.6565656565656566,0.009424083769633496,0.030303030303030276,0.9969278033794163,0.967741935483871,4,1,3,255.681316614151,69,3.705526327741319,,,,,results/basis_a4/whisper/raw/decoder/seame_dev_man/L21/Raw_decoder_L21_oracle_local_rho0.5.json
whisper,Raw,decoder,seame_dev_man,22,0.7096774193548387,global,0.5,0.5528795811518324,0.5656565656565656,-0.18848167539267013,0.12121212121212122,0.9293394777265745,0.9354838709677419,14,2,12,4079.8516190052032,1064,3.834447010343236,,,,,results/basis_a4/whisper/raw/decoder/seame_dev_man/L22/Raw_decoder_L22_global_rho0.5.json
whisper,Raw,decoder,seame_dev_man,22,0.7096774193548387,oracle_local,0.5,0.362303664921466,0.6666666666666666,0.002094240837696326,0.02020202020202022,0.9938556067588326,0.9354838709677419,4,2,2,264.5439167022705,70,3.779198810032436,,,,,results/basis_a4/whisper/raw/decoder/seame_dev_man/L22/Raw_decoder_L22_oracle_local_rho0.5.json
whisper,Raw,decoder,seame_dev_man,23,0.7419354838709677,global,0.5,0.36649214659685864,0.5757575757575758,-0.002094240837696326,0.11111111111111105,0.9293394777265745,0.967741935483871,12,1,11,3469.752676963806,880,3.9429007692770526,,,,,results/basis_a4/whisper/raw/decoder/seame_dev_man/L23/Raw_decoder_L23_global_rho0.5.json
whisper,Raw,decoder,seame_dev_man,23,0.7419354838709677,oracle_local,0.5,0.362303664921466,0.6868686868686869,0.002094240837696326,0.0,0.9938556067588326,0.9354838709677419,2,2,0,262.5411102771759,68,3.8608986805467045,,,,,results/basis_a4/whisper/raw/decoder/seame_dev_man/L23/Raw_decoder_L23_oracle_local_rho0.5.json
whisper,Raw,decoder,seame_dev_man,24,0.7741935483870968,global,0.5,0.36020942408376966,0.5454545454545454,0.004188481675392652,0.14141414141414144,0.9124423963133641,0.9032258064516129,17,3,14,3622.3750171661377,876,4.13513129813486,,,,,results/basis_a4/whisper/raw/decoder/seame_dev_man/L24/Raw_decoder_L24_global_rho0.5.json
whisper,Raw,decoder,seame_dev_man,24,0.7741935483870968,oracle_local,0.5,0.3518324607329843,0.6767676767676768,0.012565445026178013,0.010101010101010055,0.9953917050691244,0.8709677419354839,5,4,1,275.3437819480896,68,4.049173263942494,,,,,results/basis_a4/whisper/raw/decoder/seame_dev_man/L24/Raw_decoder_L24_oracle_local_rho0.5.json
whisper,Raw,decoder,seame_dev_man,25,0.8064516129032258,global,0.5,0.39267015706806285,0.5757575757575758,-0.028272251308900542,0.11111111111111105,0.8725038402457758,0.967741935483871,12,1,11,3839.6600930690765,852,4.506643301724268,,,,,results/basis_a4/whisper/raw/decoder/seame_dev_man/L25/Raw_decoder_L25_global_rho0.5.json
whisper,Raw,decoder,seame_dev_man,25,0.8064516129032258,oracle_local,0.5,0.3507853403141361,0.6363636363636364,0.013612565445026203,0.0505050505050505,0.9969278033794163,0.967741935483871,6,1,5,299.71051049232483,68,4.407507507240071,,,,,results/basis_a4/whisper/raw/decoder/seame_dev_man/L25/Raw_decoder_L25_oracle_local_rho0.5.json
whisper,Raw,decoder,seame_dev_man,26,0.8387096774193549,global,0.5,0.39895287958115183,0.5656565656565656,-0.03455497382198952,0.12121212121212122,0.8632872503840245,0.8709677419354839,16,4,12,5310.7755789756775,1071,4.958707356653294,,,,,results/basis_a4/whisper/raw/decoder/seame_dev_man/L26/Raw_decoder_L26_global_rho0.5.json
whisper,Raw,decoder,seame_dev_man,26,0.8387096774193549,oracle_local,0.5,0.35706806282722514,0.6565656565656566,0.007329842931937169,0.030303030303030276,0.9938556067588326,0.967741935483871,4,1,3,336.91517972946167,69,4.882828691731328,,,,,results/basis_a4/whisper/raw/decoder/seame_dev_man/L26/Raw_decoder_L26_oracle_local_rho0.5.json
whisper,Raw,decoder,seame_dev_man,27,0.8709677419354839,global,0.5,0.4680628272251309,0.5959595959595959,-0.10366492146596856,0.09090909090909094,0.7711213517665131,0.9354838709677419,11,2,9,5194.954868793488,893,5.817418666062136,,,,,results/basis_a4/whisper/raw/decoder/seame_dev_man/L27/Raw_decoder_L27_global_rho0.5.json
whisper,Raw,decoder,seame_dev_man,27,0.8709677419354839,oracle_local,0.5,0.3507853403141361,0.6161616161616161,0.013612565445026203,0.07070707070707072,0.9877112135176651,0.967741935483871,8,1,7,391.2581157684326,68,5.753795820124009,,,,,results/basis_a4/whisper/raw/decoder/seame_dev_man/L27/Raw_decoder_L27_oracle_local_rho0.5.json
whisper,Raw,decoder,seame_dev_man,28,0.9032258064516129,global,0.5,0.4282722513089005,0.5656565656565656,-0.0638743455497382,0.12121212121212122,0.8233486943164362,0.9354838709677419,14,2,12,7249.395867824554,1068,6.787823846277672,,,,,results/basis_a4/whisper/raw/decoder/seame_dev_man/L28/Raw_decoder_L28_global_rho0.5.json
whisper,Raw,decoder,seame_dev_man,28,0.9032258064516129,oracle_local,0.5,0.3549738219895288,0.6464646464646465,0.009424083769633496,0.04040404040404033,0.9969278033794163,0.967741935483871,5,1,4,459.29785108566284,68,6.754380163024454,,,,,results/basis_a4/whisper/raw/decoder/seame_dev_man/L28/Raw_decoder_L28_oracle_local_rho0.5.json
whisper,Raw,decoder,seame_dev_man,29,0.9354838709677419,global,0.5,0.41151832460732984,0.5656565656565656,-0.04712041884816753,0.12121212121212122,0.8525345622119815,0.9032258064516129,15,3,12,9349.122146606445,1244,7.515371500487496,,,,,results/basis_a4/whisper/raw/decoder/seame_dev_man/L29/Raw_decoder_L29_global_rho0.5.json
whisper,Raw,decoder,seame_dev_man,29,0.9354838709677419,oracle_local,0.5,0.3633507853403141,0.6767676767676768,0.0010471204188481908,0.010101010101010055,0.9969278033794163,0.8709677419354839,5,4,1,510.74296522140503,68,7.5109259591383095,,,,,results/basis_a4/whisper/raw/decoder/seame_dev_man/L29/Raw_decoder_L29_oracle_local_rho0.5.json
whisper,Raw,decoder,seame_dev_man,30,0.967741935483871,global,0.5,0.4157068062827225,0.5555555555555556,-0.051308900523560186,0.13131313131313127,0.8571428571428571,0.9354838709677419,15,2,13,7299.790832042694,910,8.021748167079883,,,,,results/basis_a4/whisper/raw/decoder/seame_dev_man/L30/Raw_decoder_L30_global_rho0.5.json
whisper,Raw,decoder,seame_dev_man,30,0.967741935483871,oracle_local,0.5,0.3633507853403141,0.6767676767676768,0.0010471204188481908,0.010101010101010055,0.9969278033794163,0.9354838709677419,3,2,1,552.1085724830627,69,8.001573514247287,,,,,results/basis_a4/whisper/raw/decoder/seame_dev_man/L30/Raw_decoder_L30_oracle_local_rho0.5.json
whisper,Raw,decoder,seame_dev_man,31,1.0,global,0.5,0.39790575916230364,0.5757575757575758,-0.03350785340314133,0.11111111111111105,0.8878648233486943,0.9032258064516129,14,3,11,8043.215002536774,911,8.82899561200524,,,,,results/basis_a4/whisper/raw/decoder/seame_dev_man/L31/Raw_decoder_L31_global_rho0.5.json
whisper,Raw,decoder,seame_dev_man,31,1.0,oracle_local,0.5,0.36963350785340315,0.6868686868686869,-0.005235602094240843,0.0,0.9923195084485407,0.9354838709677419,2,2,0,600.741473197937,68,8.834433429381427,,,,,results/basis_a4/whisper/raw/decoder/seame_dev_man/L31/Raw_decoder_L31_oracle_local_rho0.5.json
whisper,Raw,decoder,seame_dev_sge,0,0.0,global,0.5,0.3130034522439586,0.8636363636363636,-0.010356731875719227,-0.03409090909090906,0.9866666666666667,0.8,0,3,-3,738.8838772773743,714,1.0348513687358183,,,,,results/basis_a4/whisper/raw/decoder/seame_dev_sge/L00/Raw_decoder_L0_global_rho0.5.json
whisper,Raw,decoder,seame_dev_sge,0,0.0,oracle_local,0.5,0.30264672036823936,0.8295454545454546,0.0,0.0,0.9983333333333333,1.0,0,0,0,39.706932067871094,38,1.0449192649439762,,,,,results/basis_a4/whisper/raw/decoder/seame_dev_sge/L00/Raw_decoder_L0_oracle_local_rho0.5.json
whisper,Raw,decoder,seame_dev_sge,1,0.03225806451612903,global,0.5,0.30724971231300346,0.875,-0.004602991944764101,-0.045454545454545414,0.9883333333333333,0.7333333333333333,0,4,-4,1164.5192638635635,716,1.626423552882072,,,,,results/basis_a4/whisper/raw/decoder/seame_dev_sge/L01/Raw_decoder_L1_global_rho0.5.json
whisper,Raw,decoder,seame_dev_sge,1,0.03225806451612903,oracle_local,0.5,0.3037974683544304,0.8295454545454546,-0.0011507479861910253,0.0,0.9966666666666667,1.0,0,0,0,62.734785199165344,38,1.6509153999780353,,,,,results/basis_a4/whisper/raw/decoder/seame_dev_sge/L01/Raw_decoder_L1_oracle_local_rho0.5.json
whisper,Raw,decoder,seame_dev_sge,2,0.06451612903225806,global,0.5,0.31070195627157654,0.875,-0.008055235903337177,-0.045454545454545414,0.9866666666666667,0.7333333333333333,0,4,-4,1332.2265512943268,703,1.8950591056818304,,,,,results/basis_a4/whisper/raw/decoder/seame_dev_sge/L02/Raw_decoder_L2_global_rho0.5.json
whisper,Raw,decoder,seame_dev_sge,2,0.06451612903225806,oracle_local,0.5,0.3037974683544304,0.8295454545454546,-0.0011507479861910253,0.0,0.9966666666666667,1.0,0,0,0,73.3986828327179,38,1.9315442850715236,,,,,results/basis_a4/whisper/raw/decoder/seame_dev_sge/L02/Raw_decoder_L2_oracle_local_rho0.5.json
whisper,Raw,decoder,seame_dev_sge,3,0.0967741935483871,global,0.5,0.3176064441887227,0.8636363636363636,-0.014959723820483328,-0.03409090909090906,0.98,0.7333333333333333,1,4,-3,1481.673233628273,705,2.101664161174855,,,,,results/basis_a4/whisper/raw/decoder/seame_dev_sge/L03/Raw_decoder_L3_global_rho0.5.json
whisper,Raw,decoder,seame_dev_sge,3,0.0967741935483871,oracle_local,0.5,0.30609896432681244,0.8295454545454546,-0.0034522439585730758,0.0,0.9933333333333333,1.0,0,0,0,81.58241593837738,38,2.1469056825888786,,,,,results/basis_a4/whisper/raw/decoder/seame_dev_sge/L03/Raw_decoder_L3_oracle_local_rho0.5.json
whisper,Raw,decoder,seame_dev_sge,4,0.12903225806451613,global,0.5,0.3176064441887227,0.875,-0.014959723820483328,-0.045454545454545414,0.975,0.7333333333333333,0,4,-4,1525.7005896568298,703,2.170271109042432,,,,,results/basis_a4/whisper/raw/decoder/seame_dev_sge/L04/Raw_decoder_L4_global_rho0.5.json
whisper,Raw,decoder,seame_dev_sge,4,0.12903225806451613,oracle_local,0.5,0.30724971231300346,0.8295454545454546,-0.004602991944764101,0.0,0.9916666666666667,1.0,0,0,0,84.42120957374573,38,2.2216107782564665,,,,,results/basis_a4/whisper/raw/decoder/seame_dev_sge/L04/Raw_decoder_L4_oracle_local_rho0.5.json
whisper,Raw,decoder,seame_dev_sge,5,0.16129032258064516,global,0.5,0.3141542002301496,0.8636363636363636,-0.011507479861910253,-0.03409090909090906,0.985,0.7333333333333333,1,4,-3,1580.1626026630402,701,2.2541549253395723,,,,,results/basis_a4/whisper/raw/decoder/seame_dev_sge/L05/Raw_decoder_L5_global_rho0.5.json
whisper,Raw,decoder,seame_dev_sge,5,0.16129032258064516,oracle_local,0.5,0.30724971231300346,0.8295454545454546,-0.004602991944764101,0.0,0.9916666666666667,1.0,0,0,0,87.5144271850586,38,2.3030112417120683,,,,,results/basis_a4/whisper/raw/decoder/seame_dev_sge/L05/Raw_decoder_L5_oracle_local_rho0.5.json
whisper,Raw,decoder,seame_dev_sge,6,0.1935483870967742,global,0.5,0.3187571921749137,0.875,-0.016110471806674354,-0.045454545454545414,0.9733333333333334,0.7333333333333333,0,4,-4,1687.599469423294,709,2.3802531303572554,,,,,results/basis_a4/whisper/raw/decoder/seame_dev_sge/L06/Raw_decoder_L6_global_rho0.5.json
whisper,Raw,decoder,seame_dev_sge,6,0.1935483870967742,oracle_local,0.5,0.30264672036823936,0.8295454545454546,0.0,0.0,0.9983333333333333,1.0,0,0,0,92.40609526634216,38,2.4317393491142676,,,,,results/basis_a4/whisper/raw/decoder/seame_dev_sge/L06/Raw_decoder_L6_oracle_local_rho0.5.json
whisper,Raw,decoder,seame_dev_sge,7,0.22580645161290322,global,0.5,0.3233601841196778,0.875,-0.020713463751438455,-0.045454545454545414,0.97,0.7333333333333333,0,4,-4,1801.3634535074234,705,2.5551254659679765,,,,,results/basis_a4/whisper/raw/decoder/seame_dev_sge/L07/Raw_decoder_L7_global_rho0.5.json
whisper,Raw,decoder,seame_dev_sge,7,0.22580645161290322,oracle_local,0.5,0.30149597238204834,0.8295454545454546,0.0011507479861910253,0.0,1.0,1.0,0,0,0,99.63400530815125,38,2.621947508109243,,,,,results/basis_a4/whisper/raw/decoder/seame_dev_sge/L07/Raw_decoder_L7_oracle_local_rho0.5.json
whisper,Raw,decoder,seame_dev_sge,8,0.25806451612903225,global,0.5,0.3222094361334868,0.8522727272727273,-0.01956271576524743,-0.022727272727272707,0.9683333333333334,0.7333333333333333,2,4,-2,1980.102358341217,714,2.7732526027187916,,,,,results/basis_a4/whisper/raw/decoder/seame_dev_sge/L08/Raw_decoder_L8_global_rho0.5.json
whisper,Raw,decoder,seame_dev_sge,8,0.25806451612903225,oracle_local,0.5,0.30264672036823936,0.8295454545454546,0.0,0.0,0.9983333333333333,1.0,0,0,0,107.69194197654724,38,2.8339984730670325,,,,,results/basis_a4/whisper/raw/decoder/seame_dev_sge/L08/Raw_decoder_L8_oracle_local_rho0.5.json
whisper,Raw,decoder,seame_dev_sge,9,0.2903225806451613,global,0.5,0.3222094361334868,0.8522727272727273,-0.01956271576524743,-0.022727272727272707,0.9683333333333334,0.7333333333333333,2,4,-2,1967.9688637256622,708,2.7796170391605397,,,,,results/basis_a4/whisper/raw/decoder/seame_dev_sge/L09/Raw_decoder_L9_global_rho0.5.json
whisper,Raw,decoder,seame_dev_sge,9,0.2903225806451613,oracle_local,0.5,0.30609896432681244,0.8295454545454546,-0.0034522439585730758,0.0,0.9933333333333333,1.0,0,0,0,107.87239193916321,38,2.8387471562937687,,,,,results/basis_a4/whisper/raw/decoder/seame_dev_sge/L09/Raw_decoder_L9_oracle_local_rho0.5.json
whisper,Raw,decoder,seame_dev_sge,10,0.3225806451612903,global,0.5,0.31530494821634064,0.8636363636363636,-0.012658227848101278,-0.03409090909090906,0.9783333333333334,0.7333333333333333,1,4,-3,2036.7272472381592,704,2.893078476190567,,,,,results/basis_a4/whisper/raw/decoder/seame_dev_sge/L10/Raw_decoder_L10_global_rho0.5.json
whisper,Raw,decoder,seame_dev_sge,10,0.3225806451612903,oracle_local,0.5,0.3084004602991945,0.8409090909090909,-0.005753739930955126,-0.011363636363636354,0.9933333333333333,0.9333333333333333,0,1,-1,112.10857105255127,38,2.9502255540145073,,,,,results/basis_a4/whisper/raw/decoder/seame_dev_sge/L10/Raw_decoder_L10_oracle_local_rho0.5.json
whisper,Raw,decoder,seame_dev_sge,11,0.3548387096774194,global,0.5,0.31990794016110474,0.8636363636363636,-0.01726121979286538,-0.03409090909090906,0.97,0.7333333333333333,1,4,-3,2077.9832277297974,707,2.93915590909448,,,,,results/basis_a4/whisper/raw/decoder/seame_dev_sge/L11/Raw_decoder_L11_global_rho0.5.json
whisper,Raw,decoder,seame_dev_sge,11,0.3548387096774194,oracle_local,0.5,0.30724971231300346,0.8409090909090909,-0.004602991944764101,-0.011363636363636354,0.995,0.9333333333333333,0,1,-1,113.77120447158813,38,2.9939790650417932,,,,,results/basis_a4/whisper/raw/decoder/seame_dev_sge/L11/Raw_decoder_L11_oracle_local_rho0.5.json
whisper,Raw,decoder,seame_dev_sge,12,0.3870967741935484,global,0.5,0.31185270425776757,0.8636363636363636,-0.009205983889528202,-0.03409090909090906,0.9766666666666667,0.7333333333333333,1,4,-3,2208.24827003479,723,3.0542852974201797,,,,,results/basis_a4/whisper/raw/decoder/seame_dev_sge/L12/Raw_decoder_L12_global_rho0.5.json
whisper,Raw,decoder,seame_dev_sge,12,0.3870967741935484,oracle_local,0.5,0.3095512082853855,0.8409090909090909,-0.0069044879171461515,-0.011363636363636354,0.9933333333333333,0.9333333333333333,0,1,-1,117.95272898674011,38,3.104019183861582,,,,,results/basis_a4/whisper/raw/decoder/seame_dev_sge/L12/Raw_decoder_L12_oracle_local_rho0.5.json
whisper,Raw,decoder,seame_dev_sge,13,0.41935483870967744,global,0.5,0.2945914844649022,0.8295454545454546,0.008055235903337177,0.0,0.98,0.8,3,3,0,2325.165651321411,724,3.211554767018524,,,,,results/basis_a4/whisper/raw/decoder/seame_dev_sge/L13/Raw_decoder_L13_global_rho0.5.json
whisper,Raw,decoder,seame_dev_sge,13,0.41935483870967744,oracle_local,0.5,0.3049482163406214,0.8295454545454546,-0.0023014959723820505,0.0,0.9966666666666667,1.0,0,0,0,124.02273511886597,38,3.263756187338578,,,,,results/basis_a4/whisper/raw/decoder/seame_dev_sge/L13/Raw_decoder_L13_oracle_local_rho0.5.json
whisper,Raw,decoder,seame_dev_sge,14,0.45161290322580644,global,0.5,0.2957422324510932,0.8181818181818182,0.0069044879171461515,0.011363636363636354,0.9783333333333334,0.8,4,3,1,2384.376302242279,727,3.2797473208284442,,,,,results/basis_a4/whisper/raw/decoder/seame_dev_sge/L14/Raw_decoder_L14_global_rho0.5.json
whisper,Raw,decoder,seame_dev_sge,14,0.45161290322580644,oracle_local,0.5,0.3037974683544304,0.8295454545454546,-0.0011507479861910253,0.0,0.9983333333333333,1.0,0,0,0,126.50748229026794,38,3.3291442707965246,,,,,results/basis_a4/whisper/raw/decoder/seame_dev_sge/L14/Raw_decoder_L14_oracle_local_rho0.5.json
whisper,Raw,decoder,seame_dev_sge,15,0.4838709677419355,global,0.5,0.29228998849252014,0.8068181818181818,0.010356731875719227,0.022727272727272818,0.985,1.0,2,0,2,2326.1993248462677,716,3.2488817386121056,,,,,results/basis_a4/whisper/raw/decoder/seame_dev_sge/L15/Raw_decoder_L15_global_rho0.5.json
whisper,Raw,decoder,seame_dev_sge,15,0.4838709677419355,oracle_local,0.5,0.3003452243958573,0.8295454545454546,0.0023014959723820505,0.0,1.0,1.0,0,0,0,125.17231130599976,38,3.2940081922631514,,,,,results/basis_a4/whisper/raw/decoder/seame_dev_sge/L15/Raw_decoder_L15_oracle_local_rho0.5.json
whisper,Raw,decoder,seame_dev_sge,16,0.5161290322580645,global,0.5,0.2899884925201381,0.7954545454545454,0.012658227848101278,0.03409090909090917,0.99,1.0,3,0,3,2451.891417980194,718,3.414890554289964,,,,,results/basis_a4/whisper/raw/decoder/seame_dev_sge/L16/Raw_decoder_L16_global_rho0.5.json
whisper,Raw,decoder,seame_dev_sge,16,0.5161290322580645,oracle_local,0.5,0.30264672036823936,0.8295454545454546,0.0,0.0,1.0,1.0,0,0,0,131.43280267715454,38,3.4587579651882776,,,,,results/basis_a4/whisper/raw/decoder/seame_dev_sge/L16/Raw_decoder_L16_oracle_local_rho0.5.json
whisper,Raw,decoder,seame_dev_sge,17,0.5483870967741935,global,0.5,0.285385500575374,0.7840909090909091,0.01726121979286538,0.045454545454545525,0.9866666666666667,1.0,4,0,4,2481.1745557785034,714,3.4750343918466435,,,,,results/basis_a4/whisper/raw/decoder/seame_dev_sge/L17/Raw_decoder_L17_global_rho0.5.json
whisper,Raw,decoder,seame_dev_sge,17,0.5483870967741935,oracle_local,0.5,0.30609896432681244,0.8409090909090909,-0.0034522439585730758,-0.011363636363636354,0.9983333333333333,0.9333333333333333,0,1,-1,133.2494978904724,38,3.5065657339598,,,,,results/basis_a4/whisper/raw/decoder/seame_dev_sge/L17/Raw_decoder_L17_oracle_local_rho0.5.json
whisper,Raw,decoder,seame_dev_sge,18,0.5806451612903226,global,0.5,0.3084004602991945,0.8068181818181818,-0.005753739930955126,0.022727272727272818,0.9783333333333334,1.0,2,0,2,2412.26478266716,697,3.460925082736241,,,,,results/basis_a4/whisper/raw/decoder/seame_dev_sge/L18/Raw_decoder_L18_global_rho0.5.json
whisper,Raw,decoder,seame_dev_sge,18,0.5806451612903226,oracle_local,0.5,0.30149597238204834,0.8295454545454546,0.0011507479861910253,0.0,0.9983333333333333,1.0,0,0,0,132.661860704422,38,3.491101597484789,,,,,results/basis_a4/whisper/raw/decoder/seame_dev_sge/L18/Raw_decoder_L18_oracle_local_rho0.5.json
whisper,Raw,decoder,seame_dev_sge,19,0.6129032258064516,global,0.5,0.30264672036823936,0.8181818181818182,0.0,0.011363636363636354,0.9883333333333333,1.0,1,0,1,2510.6651215553284,707,3.551152930064114,,,,,results/basis_a4/whisper/raw/decoder/seame_dev_sge/L19/Raw_decoder_L19_global_rho0.5.json
whisper,Raw,decoder,seame_dev_sge,19,0.6129032258064516,oracle_local,0.5,0.3084004602991945,0.8295454545454546,-0.005753739930955126,0.0,0.9916666666666667,1.0,0,0,0,135.59032797813416,38,3.5681665257403723,,,,,results/basis_a4/whisper/raw/decoder/seame_dev_sge/L19/Raw_decoder_L19_oracle_local_rho0.5.json
whisper,Raw,decoder,seame_dev_sge,20,0.6451612903225806,global,0.5,0.2991944764096663,0.7954545454545454,0.0034522439585730758,0.03409090909090917,0.9816666666666667,1.0,3,0,3,2469.489928483963,686,3.59983954589499,,,,,results/basis_a4/whisper/raw/decoder/seame_dev_sge/L20/Raw_decoder_L20_global_rho0.5.json
whisper,Raw,decoder,seame_dev_sge,20,0.6451612903225806,oracle_local,0.5,0.30724971231300346,0.8295454545454546,-0.004602991944764101,0.0,0.9933333333333333,1.0,0,0,0,137.57014274597168,38,3.620266914367676,,,,,results/basis_a4/whisper/raw/decoder/seame_dev_sge/L20/Raw_decoder_L20_oracle_local_rho0.5.json
whisper,Raw,decoder,seame_dev_sge,21,0.6774193548387096,global,0.5,0.29344073647871116,0.8068181818181818,0.009205983889528202,0.022727272727272818,0.9633333333333334,1.0,2,0,2,2680.1686284542084,708,3.785548910246057,,,,,results/basis_a4/whisper/raw/decoder/seame_dev_sge/L21/Raw_decoder_L21_global_rho0.5.json
whisper,Raw,decoder,seame_dev_sge,21,0.6774193548387096,oracle_local,0.5,0.3037974683544304,0.8295454545454546,-0.0011507479861910253,0.0,0.9983333333333333,1.0,0,0,0,144.2694537639618,38,3.7965645727358366,,,,,results/basis_a4/whisper/raw/decoder/seame_dev_sge/L21/Raw_decoder_L21_oracle_local_rho0.5.json
whisper,Raw,decoder,seame_dev_sge,22,0.7096774193548387,global,0.5,0.3141542002301496,0.7727272727272727,-0.011507479861910253,0.05681818181818188,0.945,1.0,5,0,5,2678.737277984619,697,3.8432385623882626,,,,,results/basis_a4/whisper/raw/decoder/seame_dev_sge/L22/Raw_decoder_L22_global_rho0.5.json
whisper,Raw,decoder,seame_dev_sge,22,0.7096774193548387,oracle_local,0.5,0.30264672036823936,0.8295454545454546,0.0,0.0,1.0,1.0,0,0,0,146.25266671180725,38,3.8487543871528223,,,,,results/basis_a4/whisper/raw/decoder/seame_dev_sge/L22/Raw_decoder_L22_oracle_local_rho0.5.json
whisper,Raw,decoder,seame_dev_sge,23,0.7419354838709677,global,0.5,0.3037974683544304,0.7727272727272727,-0.0011507479861910253,0.05681818181818188,0.9466666666666667,1.0,5,0,5,2756.361449956894,695,3.9659876977797035,,,,,results/basis_a4/whisper/raw/decoder/seame_dev_sge/L23/Raw_decoder_L23_global_rho0.5.json
whisper,Raw,decoder,seame_dev_sge,23,0.7419354838709677,oracle_local,0.5,0.3084004602991945,0.8295454545454546,-0.005753739930955126,0.0,0.9916666666666667,1.0,0,0,0,151.18394494056702,38,3.9785248668570268,,,,,results/basis_a4/whisper/raw/decoder/seame_dev_sge/L23/Raw_decoder_L23_oracle_local_rho0.5.json
whisper,Raw,decoder,seame_dev_sge,24,0.7741935483870968,global,0.5,0.3302646720368239,0.7386363636363636,-0.02761795166858455,0.09090909090909094,0.9166666666666666,1.0,8,0,8,2876.9163823127747,690,4.1694440323373545,,,,,results/basis_a4/whisper/raw/decoder/seame_dev_sge/L24/Raw_decoder_L24_global_rho0.5.json
whisper,Raw,decoder,seame_dev_sge,24,0.7741935483870968,oracle_local,0.5,0.30724971231300346,0.8295454545454546,-0.004602991944764101,0.0,0.99,1.0,0,0,0,158.62409496307373,38,4.17431828850194,,,,,results/basis_a4/whisper/raw/decoder/seame_dev_sge/L24/Raw_decoder_L24_oracle_local_rho0.5.json
whisper,Raw,decoder,seame_dev_sge,25,0.8064516129032258,global,0.5,0.33601841196777904,0.7613636363636364,-0.03337169159953968,0.06818181818181823,0.91,1.0,6,0,6,3187.4279956817627,703,4.534036978210189,,,,,results/basis_a4/whisper/raw/decoder/seame_dev_sge/L25/Raw_decoder_L25_global_rho0.5.json
whisper,Raw,decoder,seame_dev_sge,25,0.8064516129032258,oracle_local,0.5,0.3084004602991945,0.8295454545454546,-0.005753739930955126,0.0,0.9883333333333333,1.0,0,0,0,172.41868257522583,38,4.537333751979627,,,,,results/basis_a4/whisper/raw/decoder/seame_dev_sge/L25/Raw_decoder_L25_oracle_local_rho0.5.json
whisper,Raw,decoder,seame_dev_sge,26,0.8387096774193549,global,0.5,0.3578826237054085,0.75,-0.05523590333716916,0.07954545454545459,0.8816666666666667,1.0,7,0,7,3651.7804367542267,731,4.9955956727144,,,,,results/basis_a4/whisper/raw/decoder/seame_dev_sge/L26/Raw_decoder_L26_global_rho0.5.json
whisper,Raw,decoder,seame_dev_sge,26,0.8387096774193549,oracle_local,0.5,0.3049482163406214,0.8295454545454546,-0.0023014959723820505,0.0,0.9916666666666667,1.0,0,0,0,190.28089475631714,38,5.007391967271504,,,,,results/basis_a4/whisper/raw/decoder/seame_dev_sge/L26/Raw_decoder_L26_oracle_local_rho0.5.json
whisper,Raw,decoder,seame_dev_sge,27,0.8709677419354839,global,0.5,0.3693901035673188,0.7613636363636364,-0.06674338319907941,0.06818181818181823,0.875,0.9333333333333333,7,1,6,4251.957905292511,722,5.889138372981317,,,,,results/basis_a4/whisper/raw/decoder/seame_dev_sge/L27/Raw_decoder_L27_global_rho0.5.json
whisper,Raw,decoder,seame_dev_sge,27,0.8709677419354839,oracle_local,0.5,0.2991944764096663,0.8295454545454546,0.0034522439585730758,0.0,0.9983333333333333,1.0,0,0,0,224.15753841400146,38,5.8988825898421435,,,,,results/basis_a4/whisper/raw/decoder/seame_dev_sge/L27/Raw_decoder_L27_oracle_local_rho0.5.json
whisper,Raw,decoder,seame_dev_sge,28,0.9032258064516129,global,0.5,0.5385500575373993,0.7613636363636364,-0.2359033371691599,0.06818181818181823,0.8416666666666667,0.8666666666666667,8,2,6,6110.568161487579,893,6.842741502225733,,,,,results/basis_a4/whisper/raw/decoder/seame_dev_sge/L28/Raw_decoder_L28_global_rho0.5.json
whisper,Raw,decoder,seame_dev_sge,28,0.9032258064516129,oracle_local,0.5,0.30149597238204834,0.8295454545454546,0.0011507479861910253,0.0,0.9983333333333333,1.0,0,0,0,261.38549041748047,38,6.8785655373021175,,,,,results/basis_a4/whisper/raw/decoder/seame_dev_sge/L28/Raw_decoder_L28_oracle_local_rho0.5.json
whisper,Raw,decoder,seame_dev_sge,29,0.9354838709677419,global,0.5,0.3751438434982739,0.7954545454545454,-0.07249712313003454,0.03409090909090917,0.86,0.8666666666666667,5,2,3,5402.264555454254,710,7.608823317541203,,,,,results/basis_a4/whisper/raw/decoder/seame_dev_sge/L29/Raw_decoder_L29_global_rho0.5.json
whisper,Raw,decoder,seame_dev_sge,29,0.9354838709677419,oracle_local,0.5,0.30264672036823936,0.8295454545454546,0.0,0.0,0.9983333333333333,1.0,0,0,0,289.57950735092163,38,7.620513351340043,,,,,results/basis_a4/whisper/raw/decoder/seame_dev_sge/L29/Raw_decoder_L29_oracle_local_rho0.5.json
whisper,Raw,decoder,seame_dev_sge,30,0.967741935483871,global,0.5,0.3762945914844649,0.7954545454545454,-0.07364787111622556,0.03409090909090917,0.8733333333333333,0.8666666666666667,5,2,3,5697.068566799164,704,8.092426941476084,,,,,results/basis_a4/whisper/raw/decoder/seame_dev_sge/L30/Raw_decoder_L30_global_rho0.5.json
whisper,Raw,decoder,seame_dev_sge,30,0.967741935483871,oracle_local,0.5,0.3003452243958573,0.8295454545454546,0.0023014959723820505,0.0,0.9983333333333333,1.0,0,0,0,308.1100115776062,38,8.10815819941069,,,,,results/basis_a4/whisper/raw/decoder/seame_dev_sge/L30/Raw_decoder_L30_oracle_local_rho0.5.json
whisper,Raw,decoder,seame_dev_sge,31,1.0,global,0.5,0.34637514384349827,0.7840909090909091,-0.043728423475258904,0.045454545454545525,0.905,0.9333333333333333,5,1,4,6442.672706604004,721,8.935745778923723,,,,,results/basis_a4/whisper/raw/decoder/seame_dev_sge/L31/Raw_decoder_L31_global_rho0.5.json
whisper,Raw,decoder,seame_dev_sge,31,1.0,oracle_local,0.5,0.3003452243958573,0.8295454545454546,0.0023014959723820505,0.0,1.0,1.0,0,0,0,340.8937931060791,38,8.97088929226524,,,,,results/basis_a4/whisper/raw/decoder/seame_dev_sge/L31/Raw_decoder_L31_oracle_local_rho0.5.json
whisper,Raw,encoder,cs_dialogue,0,0.0,global,0.5,0.2894314738905721,0.5268959435626103,-0.026970831105566473,-0.05687830687830692,0.9546357902013307,0.8344425956738769,70,199,-129,2948677.816772461,245535,9828.926055908203,,,,,results/basis_a4/whisper/raw/encoder/cs_dialogue/L00/Raw_encoder_L0_global_rho0.5.json
whisper,Raw,encoder,cs_dialogue,0,0.0,oracle_local,0.5,0.46367254797124696,0.6225749559082893,-0.20121190518624132,-0.1525573192239859,0.8551801607189147,0.6747088186356073,45,391,-346,951747.8973236084,79516,3172.4929910786946,,,,,results/basis_a4/whisper/raw/encoder/cs_dialogue/L00/Raw_encoder_L0_oracle_local_rho0.5.json
whisper,Raw,encoder,cs_dialogue,1,0.03225806451612903,global,0.5,0.32394700885166045,0.5066137566137566,-0.06148636606665481,-0.036596119929453275,0.9523027736973991,0.8452579034941764,103,186,-83,2612766.6087646484,245535,8709.222029215494,,,,,results/basis_a4/whisper/raw/encoder/cs_dialogue/L01/Raw_encoder_L1_global_rho0.5.json
whisper,Raw,encoder,cs_dialogue,1,0.03225806451612903,oracle_local,0.5,0.5778530267926097,0.6300705467372134,-0.3153923840076041,-0.16005291005291006,0.8474034390391428,0.6613976705490848,44,407,-363,849839.6896209717,79516,2832.798965403239,,,,,results/basis_a4/whisper/raw/encoder/cs_dialogue/L01/Raw_encoder_L1_oracle_local_rho0.5.json
whisper,Raw,encoder,cs_dialogue,2,0.06451612903225806,global,0.5,0.3062436879938217,0.4783950617283951,-0.04378304520881604,-0.008377425044091724,0.9505746133241165,0.8868552412645591,117,136,-19,2598116.487915039,245535,8660.38829305013,,,,,results/basis_a4/whisper/raw/encoder/cs_dialogue/L02/Raw_encoder_L2_global_rho0.5.json
whisper,Raw,encoder,cs_dialogue,2,0.06451612903225806,oracle_local,0.5,0.5537931444187013,0.6247795414462081,-0.2913325016336957,-0.1547619047619047,0.8565626890175408,0.668053244592346,48,399,-351,845090.1723480225,79516,2816.967241160075,,,,,results/basis_a4/whisper/raw/encoder/cs_dialogue/L02/Raw_encoder_L2_oracle_local_rho0.5.json
whisper,Raw,encoder,cs_dialogue,3,0.0967741935483871,global,0.5,0.31949147507871445,0.5004409171075838,-0.05703083229370881,-0.030423280423280408,0.9471182925775512,0.8386023294509152,125,194,-69,2562407.007446289,245535,8541.35669148763,,,,,results/basis_a4/whisper/raw/encoder/cs_dialogue/L03/Raw_encoder_L3_global_rho0.5.json
whisper,Raw,encoder,cs_dialogue,3,0.0967741935483871,oracle_local,0.5,0.5599714845838532,0.6234567901234568,-0.2975108417988475,-0.15343915343915343,0.8503413116737233,0.6572379367720466,64,412,-348,834627.1986083984,79516,2782.0906620279948,,,,,results/basis_a4/whisper/raw/encoder/cs_dialogue/L03/Raw_encoder_L3_oracle_local_rho0.5.json
whisper,Raw,encoder,cs_dialogue,4,0.12903225806451613,global,0.5,0.31236262104200085,0.5026455026455027,-0.049901978256995216,-0.03262786596119932,0.944958092110948,0.8153078202995009,148,222,-74,2540751.4927978516,245535,8469.171642659505,,,,,results/basis_a4/whisper/raw/encoder/cs_dialogue/L04/Raw_encoder_L4_global_rho0.5.json
whisper,Raw,encoder,cs_dialogue,4,0.12903225806451613,oracle_local,0.5,0.5751202994118696,0.6353615520282186,-0.31265965662686396,-0.1653439153439153,0.8495636395057461,0.6397670549084858,58,433,-375,828343.7639160156,79516,2761.145879720052,,,,,results/basis_a4/whisper/raw/encoder/cs_dialogue/L04/Raw_encoder_L4_oracle_local_rho0.5.json
whisper,Raw,encoder,cs_dialogue,5,0.16129032258064516,global,0.5,0.3027386680924375,0.5030864197530864,-0.04027802530743185,-0.03306878306878308,0.9460813963535816,0.8402662229617305,117,192,-75,2538167.482055664,245535,8460.55827351888,,,,,results/basis_a4/whisper/raw/encoder/cs_dialogue/L05/Raw_encoder_L5_global_rho0.5.json
whisper,Raw,encoder,cs_dialogue,5,0.16129032258064516,oracle_local,0.5,0.5919325135151191,0.6318342151675485,-0.32947187073011347,-0.1618165784832451,0.8499092715804026,0.6439267886855241,61,428,-367,828048.7041320801,79516,2760.162347106934,,,,,results/basis_a4/whisper/raw/encoder/cs_dialogue/L05/Raw_encoder_L5_oracle_local_rho0.5.json
whisper,Raw,encoder,cs_dialogue,6,0.1935483870967742,global,0.5,0.28889680983781857,0.49250440917107585,-0.02643616705281293,-0.0224867724867725,0.9465998444655664,0.8419301164725458,139,190,-51,2539545.3040771484,245535,8465.151013590495,,,,,results/basis_a4/whisper/raw/encoder/cs_dialogue/L06/Raw_encoder_L6_global_rho0.5.json
whisper,Raw,encoder,cs_dialogue,6,0.1935483870967742,oracle_local,0.5,0.612546783104616,0.63668430335097,-0.35008614031961033,-0.16666666666666669,0.8501684956363951,0.6239600665557404,74,452,-378,828455.8692779541,79516,2761.519564259847,,,,,results/basis_a4/whisper/raw/encoder/cs_dialogue/L06/Raw_encoder_L6_oracle_local_rho0.5.json
whisper,Raw,encoder,cs_dialogue,7,0.22580645161290322,global,0.5,0.29234242262223015,0.5163139329805997,-0.02988177983722451,-0.046296296296296335,0.9387367147671304,0.7995008319467554,136,241,-105,2513360.651489258,245535,8377.868838297525,,,,,results/basis_a4/whisper/raw/encoder/cs_dialogue/L07/Raw_encoder_L7_global_rho0.5.json
whisper,Raw,encoder,cs_dialogue,7,0.22580645161290322,oracle_local,0.5,0.6313788391849343,0.6569664902998237,-0.3689181963999287,-0.18694885361552033,0.8503413116737233,0.5881863560732113,71,495,-424,820767.9210510254,79516,2735.8930701700847,,,,,results/basis_a4/whisper/raw/encoder/cs_dialogue/L07/Raw_encoder_L7_oracle_local_rho0.5.json
whisper,Raw,encoder,cs_dialogue,8,0.25806451612903225,global,0.5,0.31931325372779656,0.517636684303351,-0.056852610942790927,-0.047619047619047616,0.9264667761168236,0.8119800332778702,118,226,-108,2528559.2758789062,245535,8428.530919596355,,,,,results/basis_a4/whisper/raw/encoder/cs_dialogue/L08/Raw_encoder_L8_global_rho0.5.json
whisper,Raw,encoder,cs_dialogue,8,0.25806451612903225,oracle_local,0.5,0.648488088873047,0.6640211640211641,-0.38602744608804135,-0.19400352733686071,0.8471442149831504,0.5831946755407654,61,501,-440,825670.6522521973,79516,2752.235507507324,,,,,results/basis_a4/whisper/raw/encoder/cs_dialogue/L08/Raw_encoder_L8_oracle_local_rho0.5.json
whisper,Raw,encoder,cs_dialogue,9,0.2903225806451613,global,0.5,0.32947187073011347,0.5216049382716049,-0.06701122794510783,-0.05158730158730157,0.9205046228289986,0.7995008319467554,124,241,-117,2528532.604370117,245535,8428.442014567057,,,,,results/basis_a4/whisper/raw/encoder/cs_dialogue/L09/Raw_encoder_L9_global_rho0.5.json
whisper,Raw,encoder,cs_dialogue,9,0.2903225806451613,oracle_local,0.5,0.6531812511138835,0.6657848324514991,-0.39072060832887784,-0.19576719576719576,0.8389354532100579,0.5640599001663894,80,524,-444,825871.0935668945,79516,2752.9036452229816,,,,,results/basis_a4/whisper/raw/encoder/cs_dialogue/L09/Raw_encoder_L9_oracle_local_rho0.5.json
whisper,Raw,encoder,cs_dialogue,10,0.3225806451612903,global,0.5,0.31919443949385135,0.5268959435626103,-0.05673379670884571,-0.05687830687830692,0.9229240473515943,0.802828618968386,108,237,-129,2563204.419189453,245535,8544.01473063151,,,,,results/basis_a4/whisper/raw/encoder/cs_dialogue/L10/Raw_encoder_L10_global_rho0.5.json
whisper,Raw,encoder,cs_dialogue,10,0.3225806451612903,oracle_local,0.5,0.5347828669874651,0.6291887125220459,-0.2723222242024595,-0.15917107583774254,0.8402315734900199,0.6339434276206323,79,440,-361,835116.4823913574,79516,2783.7216079711916,,,,,results/basis_a4/whisper/raw/encoder/cs_dialogue/L10/Raw_encoder_L10_oracle_local_rho0.5.json
whisper,Raw,encoder,cs_dialogue,11,0.3548387096774194,global,0.5,0.3243034515534961,0.5238095238095238,-0.061842808768490465,-0.05379188712522048,0.9160114058584636,0.8119800332778702,104,226,-122,2561453.9709472656,245535,8538.179903157552,,,,,results/basis_a4/whisper/raw/encoder/cs_dialogue/L11/Raw_encoder_L11_global_rho0.5.json
whisper,Raw,encoder,cs_dialogue,11,0.3548387096774194,oracle_local,0.5,0.5414364640883977,0.6393298059964727,-0.2789758213033921,-0.16931216931216936,0.8387626371727296,0.6231281198003328,69,453,-384,834572.8045501709,79516,2781.9093485005696,,,,,results/basis_a4/whisper/raw/encoder/cs_dialogue/L11/Raw_encoder_L11_oracle_local_rho0.5.json
whisper,Raw,encoder,cs_dialogue,12,0.3870967741935484,global,0.5,0.32127368858789285,0.531305114638448,-0.05881304580288721,-0.06128747795414463,0.9112589648319364,0.7920133111480865,111,250,-139,2556861.2963867188,245535,8522.87098795573,,,,,results/basis_a4/whisper/raw/encoder/cs_dialogue/L12/Raw_encoder_L12_global_rho0.5.json
whisper,Raw,encoder,cs_dialogue,12,0.3870967741935484,oracle_local,0.5,0.6067842927582724,0.6706349206349206,-0.34432364997326675,-0.20061728395061723,0.8226043376825369,0.5690515806988353,63,518,-455,833818.8483276367,79516,2779.3961610921224,,,,,results/basis_a4/whisper/raw/encoder/cs_dialogue/L12/Raw_encoder_L12_oracle_local_rho0.5.json
whisper,Raw,encoder,cs_dialogue,13,0.41935483870967744,global,0.5,0.3532347175191588,0.5462962962962963,-0.09077407473415317,-0.07627865961199293,0.8914715285578502,0.7354409317803661,145,318,-173,2551917.098876953,245535,8506.390329589844,,,,,results/basis_a4/whisper/raw/encoder/cs_dialogue/L13/Raw_encoder_L13_global_rho0.5.json
whisper,Raw,encoder,cs_dialogue,13,0.41935483870967744,oracle_local,0.5,0.6950632685795758,0.6710758377425045,-0.43260262579457015,-0.2010582010582011,0.8072237103603215,0.5482529118136439,87,543,-456,832756.3045806885,79516,2775.854348602295,,,,,results/basis_a4/whisper/raw/encoder/cs_dialogue/L13/Raw_encoder_L13_oracle_local_rho0.5.json
whisper,Raw,encoder,cs_dialogue,14,0.45161290322580644,global,0.5,0.45161290322580644,0.6071428571428571,-0.1891522604408008,-0.13712522045855374,0.8060139980990236,0.6580698835274542,100,411,-311,2541464.1416015625,245535,8471.547138671875,,,,,results/basis_a4/whisper/raw/encoder/cs_dialogue/L14/Raw_encoder_L14_global_rho0.5.json
whisper,Raw,encoder,cs_dialogue,14,0.45161290322580644,oracle_local,0.5,0.8065704271371711,0.718694885361552,-0.5441097843521654,-0.24867724867724866,0.7302341657305798,0.4750415973377704,67,631,-564,830340.1852416992,79516,2767.800617472331,,,,,results/basis_a4/whisper/raw/encoder/cs_dialogue/L14/Raw_encoder_L14_oracle_local_rho0.5.json
whisper,Raw,encoder,cs_dialogue,15,0.4838709677419355,global,0.5,0.3952355492187964,0.5718694885361552,-0.13277490643379075,-0.1018518518518518,0.8725481724704053,0.7071547420965059,121,352,-231,2555832.321411133,245535,8519.441071370442,,,,,results/basis_a4/whisper/raw/encoder/cs_dialogue/L15/Raw_encoder_L15_global_rho0.5.json
whisper,Raw,encoder,cs_dialogue,15,0.4838709677419355,oracle_local,0.5,0.8402542624606428,0.6825396825396826,-0.5777936196756372,-0.2125220458553792,0.7895964745528385,0.5391014975041597,72,554,-482,833687.3614349365,79516,2778.9578714497884,,,,,results/basis_a4/whisper/raw/encoder/cs_dialogue/L15/Raw_encoder_L15_oracle_local_rho0.5.json
whisper,Raw,encoder,cs_dialogue,16,0.5161290322580645,global,0.5,0.3755123863838888,0.5758377425044092,-0.11305174359888315,-0.10582010582010587,0.8850773351767044,0.7021630615640599,118,358,-240,2583386.285888672,245535,8611.287619628907,,,,,results/basis_a4/whisper/raw/encoder/cs_dialogue/L16/Raw_encoder_L16_global_rho0.5.json
whisper,Raw,encoder,cs_dialogue,16,0.5161290322580645,oracle_local,0.5,0.6813402245589022,0.6957671957671958,-0.41887958177389656,-0.22574955908289246,0.8176790806186814,0.5224625623960066,62,574,-512,841006.1593322754,79516,2803.353864440918,,,,,results/basis_a4/whisper/raw/encoder/cs_dialogue/L16/Raw_encoder_L16_oracle_local_rho0.5.json
whisper,Raw,encoder,cs_dialogue,17,0.5483870967741935,global,0.5,0.42030535258123924,0.5970017636684304,-0.1578447097962336,-0.12698412698412703,0.8225179296638728,0.6605657237936772,120,408,-288,2584840.208129883,245535,8616.13402709961,,,,,results/basis_a4/whisper/raw/encoder/cs_dialogue/L17/Raw_encoder_L17_global_rho0.5.json
whisper,Raw,encoder,cs_dialogue,17,0.5483870967741935,oracle_local,0.5,0.6388641359234837,0.7129629629629629,-0.37640349313847804,-0.24294532627865956,0.7954722198219994,0.49584026622296173,55,606,-551,841178.3278045654,79516,2803.9277593485513,,,,,results/basis_a4/whisper/raw/encoder/cs_dialogue/L17/Raw_encoder_L17_oracle_local_rho0.5.json
whisper,Raw,encoder,cs_dialogue,18,0.5806451612903226,global,0.5,0.5087625497534605,0.6375661375661376,-0.24630190696845483,-0.1675485008818342,0.7664391255508511,0.5923460898502496,110,490,-380,2587455.7834472656,245535,8624.852611490885,,,,,results/basis_a4/whisper/raw/encoder/cs_dialogue/L18/Raw_encoder_L18_global_rho0.5.json
whisper,Raw,encoder,cs_dialogue,18,0.5806451612903226,oracle_local,0.5,0.5679914453751559,0.6869488536155203,-0.30553080259015025,-0.21693121693121692,0.8039402056510844,0.5232945091514143,81,573,-492,840711.674407959,79516,2802.37224802653,,,,,results/basis_a4/whisper/raw/encoder/cs_dialogue/L18/Raw_encoder_L18_oracle_local_rho0.5.json
whisper,Raw,encoder,cs_dialogue,19,0.6129032258064516,global,0.5,0.5332382819461772,0.718694885361552,-0.27077763916117153,-0.24867724867724866,0.715976842650998,0.4475873544093178,100,664,-564,2570981.474975586,245535,8569.93824991862,,,,,results/basis_a4/whisper/raw/encoder/cs_dialogue/L19/Raw_encoder_L19_global_rho0.5.json
whisper,Raw,encoder,cs_dialogue,19,0.6129032258064516,oracle_local,0.5,0.6598348482148161,0.7222222222222222,-0.39737420542981045,-0.25220458553791886,0.7287652294132896,0.4800332778702163,53,625,-572,835688.3257446289,79516,2785.627752482096,,,,,results/basis_a4/whisper/raw/encoder/cs_dialogue/L19/Raw_encoder_L19_oracle_local_rho0.5.json
whisper,Raw,encoder,cs_dialogue,20,0.6451612903225806,global,0.5,0.8080556050614863,0.7760141093474426,-0.5455949622764806,-0.3059964726631393,0.4249546357902013,0.3261231281198003,116,810,-694,2578349.9389648438,245535,8594.499796549479,,,,,results/basis_a4/whisper/raw/encoder/cs_dialogue/L20/Raw_encoder_L20_global_rho0.5.json
whisper,Raw,encoder,cs_dialogue,20,0.6451612903225806,oracle_local,0.5,0.5991801817857779,0.7835097001763669,-0.3367195390007723,-0.31349206349206354,0.6863388922492007,0.370216306156406,46,757,-711,835692.7704925537,79516,2785.642568308512,,,,,results/basis_a4/whisper/raw/encoder/cs_dialogue/L20/Raw_encoder_L20_oracle_local_rho0.5.json
whisper,Raw,encoder,cs_dialogue,21,0.6774193548387096,global,0.5,1.5614566625081685,1.0,-1.298996019723163,-0.5299823633156966,0.12261297848440335,0.0,0,1202,-1202,2780831.831176758,245535,9269.43943725586,,,,,results/basis_a4/whisper/raw/encoder/cs_dialogue/L21/Raw_encoder_L21_global_rho0.5.json
whisper,Raw,encoder,cs_dialogue,21,0.6774193548387096,oracle_local,0.5,0.5987643319669697,0.7945326278659612,-0.336303689181964,-0.3245149911816579,0.7069040006912641,0.37603993344425957,14,750,-736,893059.599685669,79516,2976.865332285563,,,,,results/basis_a4/whisper/raw/encoder/cs_dialogue/L21/Raw_encoder_L21_oracle_local_rho0.5.json
whisper,Raw,encoder,cs_dialogue,22,0.7096774193548387,global,0.5,1.5809421968751856,0.9986772486772487,-1.31848155409018,-0.5286596119929454,0.14896742417696363,0.0008319467554076539,2,1201,-1199,2782046.560546875,245535,9273.48853515625,,,,,results/basis_a4/whisper/raw/encoder/cs_dialogue/L22/Raw_encoder_L22_global_rho0.5.json
whisper,Raw,encoder,cs_dialogue,22,0.7096774193548387,oracle_local,0.5,0.5514168597397968,0.7667548500881834,-0.2889562169547912,-0.2967372134038801,0.7363691350557332,0.4209650582362729,23,696,-673,892745.99269104,79516,2975.8199756368003,,,,,results/basis_a4/whisper/raw/encoder/cs_dialogue/L22/Raw_encoder_L22_oracle_local_rho0.5.json
whisper,Raw,encoder,cs_dialogue,23,0.7419354838709677,global,0.5,1.8167884512564605,0.9951499118165785,-1.554327808471455,-0.5251322751322751,0.10325758230363778,0.004991680532445923,5,1196,-1191,2777419.144897461,245535,9258.06381632487,,,,,results/basis_a4/whisper/raw/encoder/cs_dialogue/L23/Raw_encoder_L23_global_rho0.5.json
whisper,Raw,encoder,cs_dialogue,23,0.7419354838709677,oracle_local,0.5,0.6480722390542387,0.7482363315696648,-0.3856115962692331,-0.2782186948853615,0.6996457271234771,0.44342762063227953,38,669,-631,891107.1990814209,79516,2970.357330271403,,,,,results/basis_a4/whisper/raw/encoder/cs_dialogue/L23/Raw_encoder_L23_oracle_local_rho0.5.json
whisper,Raw,encoder,cs_dialogue,24,0.7741935483870968,global,0.5,1.7008851660428919,0.9828042328042328,-1.4384245232578863,-0.5127865961199294,0.08312451395489501,0.020798668885191347,14,1177,-1163,2782808.1407470703,245535,9276.027135823568,,,,,results/basis_a4/whisper/raw/encoder/cs_dialogue/L24/Raw_encoder_L24_global_rho0.5.json
whisper,Raw,encoder,cs_dialogue,24,0.7741935483870968,oracle_local,0.5,0.6581120418226103,0.7288359788359788,-0.39565139903760466,-0.2588183421516755,0.6843515078199257,0.46921797004991683,51,638,-587,892828.0456085205,79516,2976.093485361735,,,,,results/basis_a4/whisper/raw/encoder/cs_dialogue/L24/Raw_encoder_L24_oracle_local_rho0.5.json
whisper,Raw,encoder,cs_dialogue,25,0.8064516129032258,global,0.5,1.505911008138775,0.9664902998236331,-1.2434503653537694,-0.49647266313932975,0.08787695498142227,0.04492512479201331,22,1148,-1126,2782829.591064453,245535,9276.09863688151,,,,,results/basis_a4/whisper/raw/encoder/cs_dialogue/L25/Raw_encoder_L25_global_rho0.5.json
whisper,Raw,encoder,cs_dialogue,25,0.8064516129032258,oracle_local,0.5,0.6525871799441573,0.7103174603174603,-0.39012653715915163,-0.240299823633157,0.7203836516028688,0.5199667221297837,32,577,-545,893023.5618438721,79516,2976.7452061462404,,,,,results/basis_a4/whisper/raw/encoder/cs_dialogue/L25/Raw_encoder_L25_oracle_local_rho0.5.json
whisper,Raw,encoder,cs_dialogue,26,0.8387096774193549,global,0.5,1.4571377651042594,0.9470899470899471,-1.1946771223192538,-0.47707231040564374,0.09651775684783548,0.07820299500831947,26,1108,-1082,2800197.5036621094,245535,9333.991678873697,,,,,results/basis_a4/whisper/raw/encoder/cs_dialogue/L26/Raw_encoder_L26_global_rho0.5.json
whisper,Raw,encoder,cs_dialogue,26,0.8387096774193549,oracle_local,0.5,0.7027861937860156,0.7182539682539683,-0.44032555100100995,-0.2482363315696649,0.6859068521558801,0.4966722129783694,42,605,-563,898601.1316986084,79516,2995.337105662028,,,,,results/basis_a4/whisper/raw/encoder/cs_dialogue/L26/Raw_encoder_L26_oracle_local_rho0.5.json
whisper,Raw,encoder,cs_dialogue,27,0.8709677419354839,global,0.5,1.2763619081565971,0.8884479717813051,-1.0139012653715915,-0.4184303350970017,0.26777844984014515,0.1622296173044925,58,1007,-949,2801217.1970214844,245535,9337.390656738282,,,,,results/basis_a4/whisper/raw/encoder/cs_dialogue/L27/Raw_encoder_L27_global_rho0.5.json
whisper,Raw,encoder,cs_dialogue,27,0.8709677419354839,oracle_local,0.5,0.4963464623061843,0.650352733686067,-0.23388581952117865,-0.1803350970017637,0.7934848353927244,0.5873544093178037,87,496,-409,899106.2006835938,79516,2997.0206689453125,,,,,results/basis_a4/whisper/raw/encoder/cs_dialogue/L27/Raw_encoder_L27_oracle_local_rho0.5.json
whisper,Raw,encoder,cs_dialogue,28,0.9032258064516129,global,0.5,0.7440147329650092,0.722663139329806,-0.48155409018000356,-0.2526455026455026,0.45502462628531926,0.3577371048252912,199,772,-573,2845929.7749023438,245535,9486.432583007812,,,,,results/basis_a4/whisper/raw/encoder/cs_dialogue/L28/Raw_encoder_L28_global_rho0.5.json
whisper,Raw,encoder,cs_dialogue,28,0.9032258064516129,oracle_local,0.5,0.3956513990376047,0.6247795414462081,-0.13319075625259907,-0.1547619047619047,0.8201849131599412,0.6314475873544093,92,443,-351,912901.4825744629,79516,3043.0049419148763,,,,,results/basis_a4/whisper/raw/encoder/cs_dialogue/L28/Raw_encoder_L28_oracle_local_rho0.5.json
whisper,Raw,encoder,cs_dialogue,29,0.9354838709677419,global,0.5,1.002613913146795,0.906084656084656,-0.7401532703617895,-0.4360670194003527,0.22708027304933898,0.13061564059900166,56,1045,-989,2882521.9244384766,245535,9608.406414794921,,,,,results/basis_a4/whisper/raw/encoder/cs_dialogue/L29/Raw_encoder_L29_global_rho0.5.json
whisper,Raw,encoder,cs_dialogue,29,0.9354838709677419,oracle_local,0.5,0.5049010871502406,0.6556437389770723,-0.24244044436523499,-0.18562610229276894,0.7509720902099715,0.5856905158069884,77,498,-421,923852.076461792,79516,3079.506921539307,,,,,results/basis_a4/whisper/raw/encoder/cs_dialogue/L29/Raw_encoder_L29_oracle_local_rho0.5.json
whisper,Raw,encoder,cs_dialogue,30,0.967741935483871,global,0.5,0.9682171924196519,0.958994708994709,-0.7057565496346463,-0.4889770723104056,0.22777153719865204,0.06073211314475874,20,1129,-1109,2967061.8745117188,245535,9890.206248372397,,,,,results/basis_a4/whisper/raw/encoder/cs_dialogue/L30/Raw_encoder_L30_global_rho0.5.json
whisper,Raw,encoder,cs_dialogue,30,0.967741935483871,oracle_local,0.5,0.5811204182261035,0.6838624338624338,-0.31865977544109786,-0.21384479717813049,0.7350730147757711,0.5490848585690515,57,542,-485,950093.8857727051,79516,3166.97961924235,,,,,results/basis_a4/whisper/raw/encoder/cs_dialogue/L30/Raw_encoder_L30_oracle_local_rho0.5.json
whisper,Raw,encoder,cs_dialogue,31,1.0,global,0.5,1.0988534426424286,0.9096119929453262,-0.836392799857423,-0.4395943562610229,0.07120020737924479,0.09234608985024959,94,1091,-997,3130796.0174560547,245535,10435.986724853516,,,,,results/basis_a4/whisper/raw/encoder/cs_dialogue/L31/Raw_encoder_L31_global_rho0.5.json
whisper,Raw,encoder,cs_dialogue,31,1.0,oracle_local,0.5,0.7031426364878512,0.7283950617283951,-0.4406819937028456,-0.2583774250440917,0.6630951352285492,0.4717138103161398,49,635,-586,1002203.8221435547,79516,3340.6794071451823,,,,,results/basis_a4/whisper/raw/encoder/cs_dialogue/L31/Raw_encoder_L31_oracle_local_rho0.5.json
whisper,Raw,encoder,seame_dev_man,0,0.0,global,0.5,0.4607329842931937,0.7272727272727273,-0.0963350785340314,-0.04040404040404044,0.8172043010752689,0.7096774193548387,5,9,-4,137961.44915771484,11400,2759.2289831542967,,,,,results/basis_a4/whisper/raw/encoder/seame_dev_man/L00/Raw_encoder_L0_global_rho0.5.json
whisper,Raw,encoder,seame_dev_man,0,0.0,oracle_local,0.5,0.5015706806282723,0.7575757575757576,-0.13717277486910995,-0.07070707070707072,0.7526881720430108,0.7419354838709677,1,8,-7,28673.116503715515,2367,573.4623300743103,,,,,results/basis_a4/whisper/raw/encoder/seame_dev_man/L00/Raw_encoder_L0_oracle_local_rho0.5.json
whisper,Raw,encoder,seame_dev_man,1,0.03225806451612903,global,0.5,2.2858638743455497,0.696969696969697,-1.9214659685863875,-0.010101010101010166,0.8248847926267281,0.8064516129032258,5,6,-1,119941.86541748047,11400,2398.8373083496094,,,,,results/basis_a4/whisper/raw/encoder/seame_dev_man/L01/Raw_encoder_L1_global_rho0.5.json
whisper,Raw,encoder,seame_dev_man,1,0.03225806451612903,oracle_local,0.5,0.4963350785340314,0.7373737373737373,-0.1319371727748691,-0.0505050505050505,0.7557603686635944,0.7419354838709677,3,8,-5,24914.779970169067,2367,498.29559940338135,,,,,results/basis_a4/whisper/raw/encoder/seame_dev_man/L01/Raw_encoder_L1_oracle_local_rho0.5.json
whisper,Raw,encoder,seame_dev_man,2,0.06451612903225806,global,0.5,2.060732984293194,0.7070707070707071,-1.6963350785340316,-0.02020202020202022,0.8294930875576036,0.8064516129032258,4,6,-2,119242.30340576172,11400,2384.846068115234,,,,,results/basis_a4/whisper/raw/encoder/seame_dev_man/L02/Raw_encoder_L2_global_rho0.5.json
whisper,Raw,encoder,seame_dev_man,2,0.06451612903225806,oracle_local,0.5,0.49109947643979057,0.7777777777777778,-0.12670157068062826,-0.09090909090909094,0.7572964669738863,0.6774193548387096,1,10,-9,24769.805850982666,2367,495.39611701965333,,,,,results/basis_a4/whisper/raw/encoder/seame_dev_man/L02/Raw_encoder_L2_oracle_local_rho0.5.json
whisper,Raw,encoder,seame_dev_man,3,0.0967741935483871,global,0.5,2.0785340314136125,0.7070707070707071,-1.7141361256544503,-0.02020202020202022,0.8110599078341014,0.8064516129032258,4,6,-2,117248.98248291016,11400,2344.979649658203,,,,,results/basis_a4/whisper/raw/encoder/seame_dev_man/L03/Raw_encoder_L3_global_rho0.5.json
whisper,Raw,encoder,seame_dev_man,3,0.0967741935483871,oracle_local,0.5,0.4963350785340314,0.7777777777777778,-0.1319371727748691,-0.09090909090909094,0.7588325652841782,0.6774193548387096,1,10,-9,24351.79986000061,2367,487.0359972000122,,,,,results/basis_a4/whisper/raw/encoder/seame_dev_man/L03/Raw_encoder_L3_oracle_local_rho0.5.json
whisper,Raw,encoder,seame_dev_man,4,0.12903225806451613,global,0.5,2.2900523560209423,0.7070707070707071,-1.92565445026178,-0.02020202020202022,0.8294930875576036,0.8064516129032258,4,6,-2,115988.90020751953,11400,2319.7780041503906,,,,,results/basis_a4/whisper/raw/encoder/seame_dev_man/L04/Raw_encoder_L4_global_rho0.5.json
whisper,Raw,encoder,seame_dev_man,4,0.12903225806451613,oracle_local,0.5,0.5099476439790576,0.7373737373737373,-0.14554973821989525,-0.0505050505050505,0.7188940092165899,0.6774193548387096,5,10,-5,24087.598596572876,2367,481.75197193145755,,,,,results/basis_a4/whisper/raw/encoder/seame_dev_man/L04/Raw_encoder_L4_oracle_local_rho0.5.json
whisper,Raw,encoder,seame_dev_man,5,0.16129032258064516,global,0.5,1.9382198952879581,0.7373737373737373,-1.573821989528796,-0.0505050505050505,0.8617511520737328,0.7096774193548387,4,9,-5,115709.75079345703,11400,2314.1950158691407,,,,,results/basis_a4/whisper/raw/encoder/seame_dev_man/L05/Raw_encoder_L5_global_rho0.5.json
whisper,Raw,encoder,seame_dev_man,5,0.16129032258064516,oracle_local,0.5,0.4952879581151832,0.7474747474747475,-0.13089005235602091,-0.06060606060606066,0.7496159754224271,0.6774193548387096,4,10,-6,24035.78245162964,2367,480.71564903259275,,,,,results/basis_a4/whisper/raw/encoder/seame_dev_man/L05/Raw_encoder_L5_oracle_local_rho0.5.json
whisper,Raw,encoder,seame_dev_man,6,0.1935483870967742,global,0.5,2.364397905759162,0.7373737373737373,-2.0,-0.0505050505050505,0.8648233486943164,0.7096774193548387,4,9,-5,115764.81066894531,11400,2315.296213378906,,,,,results/basis_a4/whisper/raw/encoder/seame_dev_man/L06/Raw_encoder_L6_global_rho0.5.json
whisper,Raw,encoder,seame_dev_man,6,0.1935483870967742,oracle_local,0.5,0.4837696335078534,0.7474747474747475,-0.11937172774869109,-0.06060606060606066,0.7557603686635944,0.6774193548387096,4,10,-6,24049.029101371765,2367,480.9805820274353,,,,,results/basis_a4/whisper/raw/encoder/seame_dev_man/L06/Raw_encoder_L6_oracle_local_rho0.5.json
whisper,Raw,encoder,seame_dev_man,7,0.22580645161290322,global,0.5,2.4408376963350786,0.7272727272727273,-2.0764397905759164,-0.04040404040404044,0.8509984639016898,0.7419354838709677,4,8,-4,114244.78582763672,11400,2284.8957165527345,,,,,results/basis_a4/whisper/raw/encoder/seame_dev_man/L07/Raw_encoder_L7_global_rho0.5.json
whisper,Raw,encoder,seame_dev_man,7,0.22580645161290322,oracle_local,0.5,0.48900523560209425,0.7474747474747475,-0.12460732984293194,-0.06060606060606066,0.7588325652841782,0.6774193548387096,4,10,-6,23732.13195514679,2367,474.6426391029358,,,,,results/basis_a4/whisper/raw/encoder/seame_dev_man/L07/Raw_encoder_L7_oracle_local_rho0.5.json
whisper,Raw,encoder,seame_dev_man,8,0.25806451612903225,global,0.5,2.0366492146596857,0.7373737373737373,-1.6722513089005235,-0.0505050505050505,0.8417818740399385,0.6774193548387096,5,10,-5,115007.74743652344,11400,2300.1549487304687,,,,,results/basis_a4/whisper/raw/encoder/seame_dev_man/L08/Raw_encoder_L8_global_rho0.5.json
whisper,Raw,encoder,seame_dev_man,8,0.25806451612903225,oracle_local,0.5,0.5057591623036649,0.7474747474747475,-0.1413612565445026,-0.06060606060606066,0.738863287250384,0.6774193548387096,4,10,-6,23889.59869003296,2367,477.7919738006592,,,,,results/basis_a4/whisper/raw/encoder/seame_dev_man/L08/Raw_encoder_L8_oracle_local_rho0.5.json
whisper,Raw,encoder,seame_dev_man,9,0.2903225806451613,global,0.5,2.2408376963350785,0.7777777777777778,-1.8764397905759163,-0.09090909090909094,0.8141321044546851,0.5161290322580645,6,15,-9,114922.35064697266,11400,2298.447012939453,,,,,results/basis_a4/whisper/raw/encoder/seame_dev_man/L09/Raw_encoder_L9_global_rho0.5.json
whisper,Raw,encoder,seame_dev_man,9,0.2903225806451613,oracle_local,0.5,0.5057591623036649,0.7575757575757576,-0.1413612565445026,-0.07070707070707072,0.7403993855606759,0.6774193548387096,3,10,-7,23873.875665664673,2367,477.47751331329346,,,,,results/basis_a4/whisper/raw/encoder/seame_dev_man/L09/Raw_encoder_L9_oracle_local_rho0.5.json
whisper,Raw,encoder,seame_dev_man,10,0.3225806451612903,global,0.5,1.1633507853403142,0.7777777777777778,-0.7989528795811519,-0.09090909090909094,0.8033794162826421,0.6129032258064516,3,12,-9,117259.05395507812,11400,2345.1810791015623,,,,,results/basis_a4/whisper/raw/encoder/seame_dev_man/L10/Raw_encoder_L10_global_rho0.5.json
whisper,Raw,encoder,seame_dev_man,10,0.3225806451612903,oracle_local,0.5,0.5099476439790576,0.7575757575757576,-0.14554973821989525,-0.07070707070707072,0.7311827956989247,0.6774193548387096,3,10,-7,24364.78032398224,2367,487.2956064796448,,,,,results/basis_a4/whisper/raw/encoder/seame_dev_man/L10/Raw_encoder_L10_oracle_local_rho0.5.json
whisper,Raw,encoder,seame_dev_man,11,0.3548387096774194,global,0.5,1.2680628272251309,0.7070707070707071,-0.9036649214659686,-0.02020202020202022,0.7818740399385561,0.6451612903225806,9,11,-2,117111.5810546875,11400,2342.23162109375,,,,,results/basis_a4/whisper/raw/encoder/seame_dev_man/L11/Raw_encoder_L11_global_rho0.5.json
whisper,Raw,encoder,seame_dev_man,11,0.3548387096774194,oracle_local,0.5,0.5109947643979058,0.7777777777777778,-0.1465968586387435,-0.09090909090909094,0.7342549923195084,0.6774193548387096,1,10,-9,24335.46084499359,2367,486.7092168998718,,,,,results/basis_a4/whisper/raw/encoder/seame_dev_man/L11/Raw_encoder_L11_oracle_local_rho0.5.json
whisper,Raw,encoder,seame_dev_man,12,0.3870967741935484,global,0.5,1.6596858638743455,0.7878787878787878,-1.2952879581151833,-0.101010101010101,0.7665130568356375,0.5161290322580645,5,15,-10,116662.64776611328,11400,2333.2529553222657,,,,,results/basis_a4/whisper/raw/encoder/seame_dev_man/L12/Raw_encoder_L12_global_rho0.5.json
whisper,Raw,encoder,seame_dev_man,12,0.3870967741935484,oracle_local,0.5,0.5172774869109947,0.7676767676767676,-0.15287958115183242,-0.08080808080808077,0.7342549923195084,0.6774193548387096,2,10,-8,24242.515957832336,2367,484.8503191566467,,,,,results/basis_a4/whisper/raw/encoder/seame_dev_man/L12/Raw_encoder_L12_oracle_local_rho0.5.json
whisper,Raw,encoder,seame_dev_man,13,0.41935483870967744,global,0.5,1.5476439790575915,0.9191919191919192,-1.1832460732984291,-0.23232323232323238,0.6190476190476191,0.22580645161290322,1,24,-23,116237.26275634766,11400,2324.745255126953,,,,,results/basis_a4/whisper/raw/encoder/seame_dev_man/L13/Raw_encoder_L13_global_rho0.5.json
whisper,Raw,encoder,seame_dev_man,13,0.41935483870967744,oracle_local,0.5,0.5256544502617801,0.7777777777777778,-0.16125654450261784,-0.09090909090909094,0.7188940092165899,0.6451612903225806,2,11,-9,24151.2323884964,2367,483.024647769928,,,,,results/basis_a4/whisper/raw/encoder/seame_dev_man/L13/Raw_encoder_L13_oracle_local_rho0.5.json
whisper,Raw,encoder,seame_dev_man,14,0.45161290322580644,global,0.5,2.068062827225131,0.9696969696969697,-1.7036649214659687,-0.2828282828282829,0.4930875576036866,0.0967741935483871,0,28,-28,115467.4058227539,11400,2309.348116455078,,,,,results/basis_a4/whisper/raw/encoder/seame_dev_man/L14/Raw_encoder_L14_global_rho0.5.json
whisper,Raw,encoder,seame_dev_man,14,0.45161290322580644,oracle_local,0.5,0.5172774869109947,0.7777777777777778,-0.15287958115183242,-0.09090909090909094,0.7296466973886329,0.6451612903225806,2,11,-9,23991.675463676453,2367,479.83350927352905,,,,,results/basis_a4/whisper/raw/encoder/seame_dev_man/L14/Raw_encoder_L14_oracle_local_rho0.5.json
whisper,Raw,encoder,seame_dev_man,15,0.4838709677419355,global,0.5,1.881675392670157,0.9595959595959596,-1.5172774869109946,-0.2727272727272727,0.5422427035330261,0.12903225806451613,0,27,-27,116591.83557128906,11400,2331.8367114257812,,,,,results/basis_a4/whisper/raw/encoder/seame_dev_man/L15/Raw_encoder_L15_global_rho0.5.json
whisper,Raw,encoder,seame_dev_man,15,0.4838709677419355,oracle_local,0.5,0.5089005235602094,0.7777777777777778,-0.14450261780104712,-0.09090909090909094,0.7403993855606759,0.6451612903225806,2,11,-9,24227.352310180664,2367,484.54704620361326,,,,,results/basis_a4/whisper/raw/encoder/seame_dev_man/L15/Raw_encoder_L15_oracle_local_rho0.5.json
whisper,Raw,encoder,seame_dev_man,16,0.5161290322580645,global,0.5,1.7340314136125654,0.9696969696969697,-1.3696335078534032,-0.2828282828282829,0.49923195084485406,0.0967741935483871,0,28,-28,118418.6849975586,11400,2368.373699951172,,,,,results/basis_a4/whisper/raw/encoder/seame_dev_man/L16/Raw_encoder_L16_global_rho0.5.json
whisper,Raw,encoder,seame_dev_man,16,0.5161290322580645,oracle_local,0.5,0.48900523560209425,0.7878787878787878,-0.12460732984293194,-0.101010101010101,0.7572964669738863,0.6451612903225806,1,11,-10,24609.657467842102,2367,492.193149356842,,,,,results/basis_a4/whisper/raw/encoder/seame_dev_man/L16/Raw_encoder_L16_oracle_local_rho0.5.json
whisper,Raw,encoder,seame_dev_man,17,0.5483870967741935,global,0.5,1.8649214659685864,0.9696969696969697,-1.500523560209424,-0.2828282828282829,0.4393241167434716,0.03225806451612903,2,30,-28,118601.62518310547,11400,2372.0325036621093,,,,,results/basis_a4/whisper/raw/encoder/seame_dev_man/L17/Raw_encoder_L17_global_rho0.5.json
whisper,Raw,encoder,seame_dev_man,17,0.5483870967741935,oracle_local,0.5,0.4942408376963351,0.7474747474747475,-0.12984293193717278,-0.06060606060606066,0.7419354838709677,0.6451612903225806,5,11,-6,24647.754199028015,2367,492.9550839805603,,,,,results/basis_a4/whisper/raw/encoder/seame_dev_man/L17/Raw_encoder_L17_oracle_local_rho0.5.json
whisper,Raw,encoder,seame_dev_man,18,0.5806451612903226,global,0.5,1.6869109947643979,0.9696969696969697,-1.3225130890052355,-0.2828282828282829,0.46390168970814133,0.0967741935483871,0,28,-28,119135.93951416016,11400,2382.718790283203,,,,,results/basis_a4/whisper/raw/encoder/seame_dev_man/L18/Raw_encoder_L18_global_rho0.5.json
whisper,Raw,encoder,seame_dev_man,18,0.5806451612903226,oracle_local,0.5,0.47853403141361256,0.7474747474747475,-0.11413612565445025,-0.06060606060606066,0.7603686635944701,0.6451612903225806,5,11,-6,24753.750354766846,2367,495.0750070953369,,,,,results/basis_a4/whisper/raw/encoder/seame_dev_man/L18/Raw_encoder_L18_oracle_local_rho0.5.json
whisper,Raw,encoder,seame_dev_man,19,0.6129032258064516,global,0.5,1.4680628272251308,0.9797979797979798,-1.1036649214659686,-0.29292929292929293,0.2980030721966206,0.06451612903225806,0,29,-29,118237.57421875,11400,2364.751484375,,,,,results/basis_a4/whisper/raw/encoder/seame_dev_man/L19/Raw_encoder_L19_global_rho0.5.json
whisper,Raw,encoder,seame_dev_man,19,0.6129032258064516,oracle_local,0.5,0.4774869109947644,0.7474747474747475,-0.11308900523560211,-0.06060606060606066,0.7741935483870968,0.6774193548387096,4,10,-6,24568.771543502808,2367,491.37543087005616,,,,,results/basis_a4/whisper/raw/encoder/seame_dev_man/L19/Raw_encoder_L19_oracle_local_rho0.5.json
whisper,Raw,encoder,seame_dev_man,20,0.6451612903225806,global,0.5,0.806282722513089,0.98989898989899,-0.44188481675392666,-0.3030303030303031,0.30568356374807987,0.03225806451612903,0,30,-30,119299.9345703125,11400,2385.99869140625,,,,,results/basis_a4/whisper/raw/encoder/seame_dev_man/L20/Raw_encoder_L20_global_rho0.5.json
whisper,Raw,encoder,seame_dev_man,20,0.6451612903225806,oracle_local,0.5,0.49109947643979057,0.7373737373737373,-0.12670157068062826,-0.0505050505050505,0.7557603686635944,0.6451612903225806,6,11,-5,24784.97953414917,2367,495.6995906829834,,,,,results/basis_a4/whisper/raw/encoder/seame_dev_man/L20/Raw_encoder_L20_oracle_local_rho0.5.json
whisper,Raw,encoder,seame_dev_man,21,0.6774193548387096,global,0.5,0.8136125654450261,1.0,-0.4492146596858638,-0.31313131313131315,0.2903225806451613,0.0,0,31,-31,131654.1421508789,11400,2633.082843017578,,,,,results/basis_a4/whisper/raw/encoder/seame_dev_man/L21/Raw_encoder_L21_global_rho0.5.json
whisper,Raw,encoder,seame_dev_man,21,0.6774193548387096,oracle_local,0.5,0.43455497382198954,0.7272727272727273,-0.07015706806282723,-0.04040404040404044,0.858678955453149,0.7096774193548387,5,9,-4,27320.063680648804,2367,546.4012736129761,,,,,results/basis_a4/whisper/raw/encoder/seame_dev_man/L21/Raw_encoder_L21_oracle_local_rho0.5.json
whisper,Raw,encoder,seame_dev_man,22,0.7096774193548387,global,0.5,0.8963350785340314,1.0,-0.5319371727748691,-0.31313131313131315,0.37480798771121354,0.0,0,31,-31,131834.94958496094,11400,2636.698991699219,,,,,results/basis_a4/whisper/raw/encoder/seame_dev_man/L22/Raw_encoder_L22_global_rho0.5.json
whisper,Raw,encoder,seame_dev_man,22,0.7096774193548387,oracle_local,0.5,0.7256544502617801,0.7575757575757576,-0.3612565445026178,-0.07070707070707072,0.8125960061443932,0.5161290322580645,8,15,-7,27359.556712150574,2367,547.1911342430114,,,,,results/basis_a4/whisper/raw/encoder/seame_dev_man/L22/Raw_encoder_L22_oracle_local_rho0.5.json
whisper,Raw,encoder,seame_dev_man,23,0.7419354838709677,global,0.5,2.250261780104712,1.0,-1.8858638743455498,-0.31313131313131315,0.2534562211981567,0.0,0,31,-31,131468.0199584961,11400,2629.360399169922,,,,,results/basis_a4/whisper/raw/encoder/seame_dev_man/L23/Raw_encoder_L23_global_rho0.5.json
whisper,Raw,encoder,seame_dev_man,23,0.7419354838709677,oracle_local,0.5,0.45549738219895286,0.7171717171717171,-0.09109947643979055,-0.030303030303030276,0.8187403993855606,0.7096774193548387,6,9,-3,27281.099902153015,2367,545.6219980430603,,,,,results/basis_a4/whisper/raw/encoder/seame_dev_man/L23/Raw_encoder_L23_oracle_local_rho0.5.json
whisper,Raw,encoder,seame_dev_man,24,0.7741935483870968,global,0.5,1.1026178010471204,1.0,-0.7382198952879581,-0.31313131313131315,0.09523809523809523,0.0,0,31,-31,131665.2075805664,11400,2633.304151611328,,,,,results/basis_a4/whisper/raw/encoder/seame_dev_man/L24/Raw_encoder_L24_global_rho0.5.json
whisper,Raw,encoder,seame_dev_man,24,0.7741935483870968,oracle_local,0.5,0.46282722513089003,0.7171717171717171,-0.09842931937172772,-0.030303030303030276,0.8125960061443932,0.7741935483870968,4,7,-3,27323.985405921936,2367,546.4797081184387,,,,,results/basis_a4/whisper/raw/encoder/seame_dev_man/L24/Raw_encoder_L24_oracle_local_rho0.5.json
whisper,Raw,encoder,seame_dev_man,25,0.8064516129032258,global,0.5,1.2712041884816754,0.98989898989899,-0.9068062827225131,-0.3030303030303031,0.19047619047619047,0.03225806451612903,0,30,-30,131617.13409423828,11400,2632.3426818847656,,,,,results/basis_a4/whisper/raw/encoder/seame_dev_man/L25/Raw_encoder_L25_global_rho0.5.json
whisper,Raw,encoder,seame_dev_man,25,0.8064516129032258,oracle_local,0.5,0.6397905759162303,0.696969696969697,-0.27539267015706803,-0.010101010101010166,0.8325652841781874,0.8387096774193549,4,5,-1,27311.450819015503,2367,546.2290163803101,,,,,results/basis_a4/whisper/raw/encoder/seame_dev_man/L25/Raw_encoder_L25_oracle_local_rho0.5.json
whisper,Raw,encoder,seame_dev_man,26,0.8387096774193549,global,0.5,1.3842931937172775,0.98989898989899,-1.0198952879581151,-0.3030303030303031,0.13210445468509985,0.03225806451612903,0,30,-30,132477.14782714844,11400,2649.5429565429686,,,,,results/basis_a4/whisper/raw/encoder/seame_dev_man/L26/Raw_encoder_L26_global_rho0.5.json
whisper,Raw,encoder,seame_dev_man,26,0.8387096774193549,oracle_local,0.5,0.5340314136125655,0.7171717171717171,-0.16963350785340314,-0.030303030303030276,0.7880184331797235,0.7096774193548387,6,9,-3,27491.29121017456,2367,549.8258242034913,,,,,results/basis_a4/whisper/raw/encoder/seame_dev_man/L26/Raw_encoder_L26_oracle_local_rho0.5.json
whisper,Raw,encoder,seame_dev_man,27,0.8709677419354839,global,0.5,1.0356020942408377,1.0,-0.6712041884816754,-0.31313131313131315,0.23963133640552994,0.0,0,31,-31,132473.9998779297,11400,2649.479997558594,,,,,results/basis_a4/whisper/raw/encoder/seame_dev_man/L27/Raw_encoder_L27_global_rho0.5.json
whisper,Raw,encoder,seame_dev_man,27,0.8709677419354839,oracle_local,0.5,0.4418848167539267,0.6464646464646465,-0.0774869109947644,0.04040404040404033,0.8248847926267281,0.9032258064516129,7,3,4,27485.406227111816,2367,549.7081245422363,,,,,results/basis_a4/whisper/raw/encoder/seame_dev_man/L27/Raw_encoder_L27_oracle_local_rho0.5.json
whisper,Raw,encoder,seame_dev_man,28,0.9032258064516129,global,0.5,0.9958115183246073,0.9494949494949495,-0.631413612565445,-0.26262626262626265,0.4147465437788018,0.12903225806451613,1,27,-26,134456.5477294922,11400,2689.130954589844,,,,,results/basis_a4/whisper/raw/encoder/seame_dev_man/L28/Raw_encoder_L28_global_rho0.5.json
whisper,Raw,encoder,seame_dev_man,28,0.9032258064516129,oracle_local,0.5,0.4167539267015707,0.6767676767676768,-0.05235602094240838,0.010101010101010055,0.8725038402457758,0.8387096774193549,6,5,1,27895.274236679077,2367,557.9054847335815,,,,,results/basis_a4/whisper/raw/encoder/seame_dev_man/L28/Raw_encoder_L28_oracle_local_rho0.5.json
whisper,Raw,encoder,seame_dev_man,29,0.9354838709677419,global,0.5,1.1476439790575916,1.0,-0.7832460732984293,-0.31313131313131315,0.22734254992319508,0.0,0,31,-31,136062.27905273438,11400,2721.2455810546876,,,,,results/basis_a4/whisper/raw/encoder/seame_dev_man/L29/Raw_encoder_L29_global_rho0.5.json
whisper,Raw,encoder,seame_dev_man,29,0.9354838709677419,oracle_local,0.5,0.6167539267015707,0.7070707070707071,-0.2523560209424084,-0.02020202020202022,0.8525345622119815,0.7741935483870968,5,7,-2,28226.933411598206,2367,564.5386682319642,,,,,results/basis_a4/whisper/raw/encoder/seame_dev_man/L29/Raw_encoder_L29_oracle_local_rho0.5.json
whisper,Raw,encoder,seame_dev_man,30,0.967741935483871,global,0.5,0.8356020942408376,1.0,-0.47120418848167533,-0.31313131313131315,0.23195084485407066,0.0,0,31,-31,139792.42041015625,11400,2795.848408203125,,,,,results/basis_a4/whisper/raw/encoder/seame_dev_man/L30/Raw_encoder_L30_global_rho0.5.json
whisper,Raw,encoder,seame_dev_man,30,0.967741935483871,oracle_local,0.5,0.8921465968586387,0.6868686868686869,-0.5277486910994764,0.0,0.815668202764977,0.8709677419354839,4,4,0,28998.432651519775,2367,579.9686530303956,,,,,results/basis_a4/whisper/raw/encoder/seame_dev_man/L30/Raw_encoder_L30_oracle_local_rho0.5.json
whisper,Raw,encoder,seame_dev_man,31,1.0,global,0.5,0.9068062827225131,1.0,-0.5424083769633508,-0.31313131313131315,0.13978494623655913,0.0,0,31,-31,147484.87060546875,11400,2949.697412109375,,,,,results/basis_a4/whisper/raw/encoder/seame_dev_man/L31/Raw_encoder_L31_global_rho0.5.json
whisper,Raw,encoder,seame_dev_man,31,1.0,oracle_local,0.5,1.0387434554973822,0.7070707070707071,-0.6743455497382199,-0.02020202020202022,0.837173579109063,0.7741935483870968,5,7,-2,30590.69401550293,2367,611.8138803100586,,,,,results/basis_a4/whisper/raw/encoder/seame_dev_man/L31/Raw_encoder_L31_oracle_local_rho0.5.json
whisper,Raw,encoder,seame_dev_sge,0,0.0,global,0.5,0.5765247410817032,0.8409090909090909,-0.2738780207134638,-0.011363636363636354,0.8316666666666667,0.8666666666666667,1,2,-1,118938.17999267578,9819,2378.7635998535156,,,,,results/basis_a4/whisper/raw/encoder/seame_dev_sge/L00/Raw_encoder_L0_global_rho0.5.json
whisper,Raw,encoder,seame_dev_sge,0,0.0,oracle_local,0.5,0.3970080552359033,0.8977272727272727,-0.09436133486766396,-0.06818181818181812,0.8466666666666667,0.4666666666666667,2,8,-6,26362.956755638123,2176,527.2591351127625,,,,,results/basis_a4/whisper/raw/encoder/seame_dev_sge/L00/Raw_encoder_L0_oracle_local_rho0.5.json
whisper,Raw,encoder,seame_dev_sge,1,0.03225806451612903,global,0.5,0.6110471806674338,0.8522727272727273,-0.30840046029919443,-0.022727272727272707,0.8066666666666666,0.8,1,3,-2,103064.93933105469,9819,2061.2987866210938,,,,,results/basis_a4/whisper/raw/encoder/seame_dev_sge/L01/Raw_encoder_L1_global_rho0.5.json
whisper,Raw,encoder,seame_dev_sge,1,0.03225806451612903,oracle_local,0.5,0.4154200230149597,0.8977272727272727,-0.11277330264672036,-0.06818181818181812,0.8383333333333334,0.4666666666666667,2,8,-6,22833.323278427124,2176,456.6664655685425,,,,,results/basis_a4/whisper/raw/encoder/seame_dev_sge/L01/Raw_encoder_L1_oracle_local_rho0.5.json
whisper,Raw,encoder,seame_dev_sge,2,0.06451612903225806,global,0.5,0.8285385500575374,0.8409090909090909,-0.525891829689298,-0.011363636363636354,0.835,0.8,2,3,-1,102492.80487060547,9819,2049.856097412109,,,,,results/basis_a4/whisper/raw/encoder/seame_dev_sge/L02/Raw_encoder_L2_global_rho0.5.json
whisper,Raw,encoder,seame_dev_sge,2,0.06451612903225806,oracle_local,0.5,0.6006904487917146,0.9090909090909091,-0.29804372842347526,-0.07954545454545447,0.8466666666666667,0.4666666666666667,1,8,-7,22710.47016429901,2176,454.2094032859802,,,,,results/basis_a4/whisper/raw/encoder/seame_dev_sge/L02/Raw_encoder_L2_oracle_local_rho0.5.json
whisper,Raw,encoder,seame_dev_sge,3,0.0967741935483871,global,0.5,1.3659378596087457,0.8409090909090909,-1.0632911392405062,-0.011363636363636354,0.8166666666666667,0.8,2,3,-1,100759.02648925781,9819,2015.1805297851563,,,,,results/basis_a4/whisper/raw/encoder/seame_dev_sge/L03/Raw_encoder_L3_global_rho0.5.json
whisper,Raw,encoder,seame_dev_sge,3,0.0967741935483871,oracle_local,0.5,0.5891829689298044,0.8977272727272727,-0.286536248561565,-0.06818181818181812,0.8466666666666667,0.5333333333333333,1,7,-6,22319.421211242676,2176,446.3884242248535,,,,,results/basis_a4/whisper/raw/encoder/seame_dev_sge/L03/Raw_encoder_L3_oracle_local_rho0.5.json
whisper,Raw,encoder,seame_dev_sge,4,0.12903225806451613,global,0.5,1.385500575373993,0.8522727272727273,-1.0828538550057538,-0.022727272727272707,0.8066666666666666,0.6666666666666666,3,5,-2,99650.58874511719,9819,1993.0117749023439,,,,,results/basis_a4/whisper/raw/encoder/seame_dev_sge/L04/Raw_encoder_L4_global_rho0.5.json
whisper,Raw,encoder,seame_dev_sge,4,0.12903225806451613,oracle_local,0.5,0.6006904487917146,0.9090909090909091,-0.29804372842347526,-0.07954545454545447,0.84,0.4666666666666667,1,8,-7,22075.824875831604,2176,441.51649751663206,,,,,results/basis_a4/whisper/raw/encoder/seame_dev_sge/L04/Raw_encoder_L4_oracle_local_rho0.5.json
whisper,Raw,encoder,seame_dev_sge,5,0.16129032258064516,global,0.5,1.3647871116225547,0.8636363636363636,-1.0621403912543155,-0.03409090909090906,0.8333333333333334,0.6666666666666666,2,5,-3,99402.27655029297,9819,1988.0455310058594,,,,,results/basis_a4/whisper/raw/encoder/seame_dev_sge/L05/Raw_encoder_L5_global_rho0.5.json
whisper,Raw,encoder,seame_dev_sge,5,0.16129032258064516,oracle_local,0.5,0.8227848101265823,0.9204545454545454,-0.520138089758343,-0.09090909090909083,0.8366666666666667,0.4,1,9,-8,22020.699723243713,2176,440.4139944648743,,,,,results/basis_a4/whisper/raw/encoder/seame_dev_sge/L05/Raw_encoder_L5_oracle_local_rho0.5.json
whisper,Raw,encoder,seame_dev_sge,6,0.1935483870967742,global,0.5,1.333716915995397,0.8636363636363636,-1.0310701956271577,-0.03409090909090906,0.8383333333333334,0.6666666666666666,2,5,-3,99453.93710327148,9819,1989.0787420654297,,,,,results/basis_a4/whisper/raw/encoder/seame_dev_sge/L06/Raw_encoder_L6_global_rho0.5.json
whisper,Raw,encoder,seame_dev_sge,6,0.1935483870967742,oracle_local,0.5,0.8250863060989643,0.9090909090909091,-0.5224395857307249,-0.07954545454545447,0.84,0.4,2,9,-7,22035.39197254181,2176,440.70783945083616,,,,,results/basis_a4/whisper/raw/encoder/seame_dev_sge/L06/Raw_encoder_L6_oracle_local_rho0.5.json
whisper,Raw,encoder,seame_dev_sge,7,0.22580645161290322,global,0.5,1.5696202531645569,0.8863636363636364,-1.2669735327963174,-0.05681818181818177,0.8166666666666667,0.6,1,6,-5,98127.0348815918,9819,1962.5406976318359,,,,,results/basis_a4/whisper/raw/encoder/seame_dev_sge/L07/Raw_encoder_L7_global_rho0.5.json
whisper,Raw,encoder,seame_dev_sge,7,0.22580645161290322,oracle_local,0.5,0.6075949367088608,0.9090909090909091,-0.3049482163406214,-0.07954545454545447,0.84,0.4666666666666667,1,8,-7,21741.323356628418,2176,434.8264671325684,,,,,results/basis_a4/whisper/raw/encoder/seame_dev_sge/L07/Raw_encoder_L7_oracle_local_rho0.5.json
whisper,Raw,encoder,seame_dev_sge,8,0.25806451612903225,global,0.5,1.0817031070195626,0.8977272727272727,-0.7790563866513233,-0.06818181818181812,0.8166666666666667,0.6,0,6,-6,98788.34100341797,9819,1975.7668200683593,,,,,results/basis_a4/whisper/raw/encoder/seame_dev_sge/L08/Raw_encoder_L8_global_rho0.5.json
whisper,Raw,encoder,seame_dev_sge,8,0.25806451612903225,oracle_local,0.5,0.5972382048331415,0.9318181818181818,-0.29459148446490213,-0.10227272727272718,0.8316666666666667,0.4,0,9,-9,21885.457149505615,2176,437.7091429901123,,,,,results/basis_a4/whisper/raw/encoder/seame_dev_sge/L08/Raw_encoder_L8_oracle_local_rho0.5.json
whisper,Raw,encoder,seame_dev_sge,9,0.2903225806451613,global,0.5,1.578826237054085,0.8863636363636364,-1.2761795166858456,-0.05681818181818177,0.805,0.6,1,6,-5,98711.37271118164,9819,1974.2274542236328,,,,,results/basis_a4/whisper/raw/encoder/seame_dev_sge/L09/Raw_encoder_L9_global_rho0.5.json
whisper,Raw,encoder,seame_dev_sge,9,0.2903225806451613,oracle_local,0.5,0.6064441887226697,0.9204545454545454,-0.30379746835443033,-0.09090909090909083,0.815,0.4666666666666667,0,8,-8,21868.768092155457,2176,437.37536184310915,,,,,results/basis_a4/whisper/raw/encoder/seame_dev_sge/L09/Raw_encoder_L9_oracle_local_rho0.5.json
whisper,Raw,encoder,seame_dev_sge,10,0.3225806451612903,global,0.5,1.232451093210587,0.8977272727272727,-0.9298043728423476,-0.06818181818181812,0.8266666666666667,0.6,0,6,-6,100791.6096496582,9819,2015.832192993164,,,,,results/basis_a4/whisper/raw/encoder/seame_dev_sge/L10/Raw_encoder_L10_global_rho0.5.json
whisper,Raw,encoder,seame_dev_sge,10,0.3225806451612903,oracle_local,0.5,0.5983889528193326,0.9204545454545454,-0.2957422324510932,-0.09090909090909083,0.825,0.4,1,9,-8,22332.774205207825,2176,446.65548410415647,,,,,results/basis_a4/whisper/raw/encoder/seame_dev_sge/L10/Raw_encoder_L10_oracle_local_rho0.5.json
whisper,Raw,encoder,seame_dev_sge,11,0.3548387096774194,global,0.5,0.8377445339470656,0.8977272727272727,-0.5350978135788262,-0.06818181818181812,0.8216666666666667,0.6,0,6,-6,100673.74423217773,9819,2013.4748846435548,,,,,results/basis_a4/whisper/raw/encoder/seame_dev_sge/L11/Raw_encoder_L11_global_rho0.5.json
whisper,Raw,encoder,seame_dev_sge,11,0.3548387096774194,oracle_local,0.5,0.8216340621403913,0.9204545454545454,-0.5189873417721519,-0.09090909090909083,0.8316666666666667,0.4,1,9,-8,22306.302263259888,2176,446.1260452651978,,,,,results/basis_a4/whisper/raw/encoder/seame_dev_sge/L11/Raw_encoder_L11_oracle_local_rho0.5.json
whisper,Raw,encoder,seame_dev_sge,12,0.3870967741935484,global,0.5,1.7249712313003451,0.8977272727272727,-1.4223245109321057,-0.06818181818181812,0.8016666666666666,0.6,0,6,-6,100267.28448486328,9819,2005.3456896972657,,,,,results/basis_a4/whisper/raw/encoder/seame_dev_sge/L12/Raw_encoder_L12_global_rho0.5.json
whisper,Raw,encoder,seame_dev_sge,12,0.3870967741935484,oracle_local,0.5,0.8331415420023015,0.9318181818181818,-0.5304948216340621,-0.10227272727272718,0.8216666666666667,0.4,0,9,-9,22214.140447616577,2176,444.28280895233155,,,,,results/basis_a4/whisper/raw/encoder/seame_dev_sge/L12/Raw_encoder_L12_oracle_local_rho0.5.json
whisper,Raw,encoder,seame_dev_sge,13,0.41935483870967744,global,0.5,1.1196777905638664,0.9318181818181818,-0.817031070195627,-0.10227272727272718,0.7083333333333334,0.4,0,9,-9,99871.59201049805,9819,1997.431840209961,,,,,results/basis_a4/whisper/raw/encoder/seame_dev_sge/L13/Raw_encoder_L13_global_rho0.5.json
whisper,Raw,encoder,seame_dev_sge,13,0.41935483870967744,oracle_local,0.5,0.8481012658227848,0.9204545454545454,-0.5454545454545454,-0.09090909090909083,0.7916666666666666,0.4,1,9,-8,22119.734466552734,2176,442.3946893310547,,,,,results/basis_a4/whisper/raw/encoder/seame_dev_sge/L13/Raw_encoder_L13_oracle_local_rho0.5.json
whisper,Raw,encoder,seame_dev_sge,14,0.45161290322580644,global,0.5,1.4936708860759493,0.9772727272727273,-1.1910241657077099,-0.1477272727272727,0.48833333333333334,0.13333333333333333,0,13,-13,99203.28518676758,9819,1984.0657037353515,,,,,results/basis_a4/whisper/raw/encoder/seame_dev_sge/L14/Raw_encoder_L14_global_rho0.5.json
whisper,Raw,encoder,seame_dev_sge,14,0.45161290322580644,oracle_local,0.5,0.6823935558112774,0.9318181818181818,-0.379746835443038,-0.10227272727272718,0.77,0.4,0,9,-9,21970.25522994995,2176,439.405104598999,,,,,results/basis_a4/whisper/raw/encoder/seame_dev_sge/L14/Raw_encoder_L14_oracle_local_rho0.5.json
whisper,Raw,encoder,seame_dev_sge,15,0.4838709677419355,global,0.5,2.2508630609896434,0.9545454545454546,-1.948216340621404,-0.125,0.5916666666666667,0.13333333333333333,2,13,-11,100207.53659057617,9819,2004.1507318115234,,,,,results/basis_a4/whisper/raw/encoder/seame_dev_sge/L15/Raw_encoder_L15_global_rho0.5.json
whisper,Raw,encoder,seame_dev_sge,15,0.4838709677419355,oracle_local,0.5,0.6467203682393556,0.9431818181818182,-0.3440736478711163,-0.11363636363636365,0.82,0.3333333333333333,0,10,-10,22198.50128555298,2176,443.9700257110596,,,,,results/basis_a4/whisper/raw/encoder/seame_dev_sge/L15/Raw_encoder_L15_oracle_local_rho0.5.json
whisper,Raw,encoder,seame_dev_sge,16,0.5161290322580645,global,0.5,1.5926352128883774,0.9545454545454546,-1.2899884925201381,-0.125,0.56,0.26666666666666666,0,11,-11,101827.41305541992,9819,2036.5482611083985,,,,,results/basis_a4/whisper/raw/encoder/seame_dev_sge/L16/Raw_encoder_L16_global_rho0.5.json
whisper,Raw,encoder,seame_dev_sge,16,0.5161290322580645,oracle_local,0.5,0.8607594936708861,0.9204545454545454,-0.5581127733026467,-0.09090909090909083,0.825,0.3333333333333333,2,10,-8,22561.744436264038,2176,451.23488872528077,,,,,results/basis_a4/whisper/raw/encoder/seame_dev_sge/L16/Raw_encoder_L16_oracle_local_rho0.5.json
whisper,Raw,encoder,seame_dev_sge,17,0.5483870967741935,global,0.5,1.234752589182969,0.9431818181818182,-0.9321058688147296,-0.11363636363636365,0.4633333333333333,0.2,2,12,-10,101997.05703735352,9819,2039.9411407470702,,,,,results/basis_a4/whisper/raw/encoder/seame_dev_sge/L17/Raw_encoder_L17_global_rho0.5.json
whisper,Raw,encoder,seame_dev_sge,17,0.5483870967741935,oracle_local,0.5,0.669735327963176,0.9431818181818182,-0.36708860759493667,-0.11363636363636365,0.805,0.3333333333333333,0,10,-10,22598.62428665161,2176,451.9724857330322,,,,,results/basis_a4/whisper/raw/encoder/seame_dev_sge/L17/Raw_encoder_L17_oracle_local_rho0.5.json
whisper,Raw,encoder,seame_dev_sge,18,0.5806451612903226,global,0.5,1.048331415420023,0.9659090909090909,-0.7456846950517836,-0.13636363636363635,0.395,0.2,0,12,-12,102498.72219848633,9819,2049.9744439697265,,,,,results/basis_a4/whisper/raw/encoder/seame_dev_sge/L18/Raw_encoder_L18_global_rho0.5.json
whisper,Raw,encoder,seame_dev_sge,18,0.5806451612903226,oracle_local,0.5,0.6524741081703107,0.9318181818181818,-0.34982738780207134,-0.10227272727272718,0.8116666666666666,0.4,0,9,-9,22711.252702713013,2176,454.2250540542602,,,,,results/basis_a4/whisper/raw/encoder/seame_dev_sge/L18/Raw_encoder_L18_oracle_local_rho0.5.json
whisper,Raw,encoder,seame_dev_sge,19,0.6129032258064516,global,0.5,1.7054085155350978,1.0,-1.4027617951668585,-0.17045454545454541,0.2783333333333333,0.0,0,15,-15,101699.58947753906,9819,2033.9917895507813,,,,,results/basis_a4/whisper/raw/encoder/seame_dev_sge/L19/Raw_encoder_L19_global_rho0.5.json
whisper,Raw,encoder,seame_dev_sge,19,0.6129032258064516,oracle_local,0.5,0.41196777905638665,0.9090909090909091,-0.10932105868814729,-0.07954545454545447,0.8233333333333334,0.4,2,9,-7,22534.591024398804,2176,450.6918204879761,,,,,results/basis_a4/whisper/raw/encoder/seame_dev_sge/L19/Raw_encoder_L19_oracle_local_rho0.5.json
whisper,Raw,encoder,seame_dev_sge,20,0.6451612903225806,global,0.5,1.097813578826237,0.9886363636363636,-0.7951668584579977,-0.15909090909090906,0.15333333333333332,0.0,1,15,-14,102696.71774291992,9819,2053.9343548583984,,,,,results/basis_a4/whisper/raw/encoder/seame_dev_sge/L20/Raw_encoder_L20_global_rho0.5.json
whisper,Raw,encoder,seame_dev_sge,20,0.6451612903225806,oracle_local,0.5,0.42692750287687,0.9090909090909091,-0.12428078250863062,-0.07954545454545447,0.7966666666666666,0.4,2,9,-7,22756.70694732666,2176,455.1341389465332,,,,,results/basis_a4/whisper/raw/encoder/seame_dev_sge/L20/Raw_encoder_L20_oracle_local_rho0.5.json
whisper,Raw,encoder,seame_dev_sge,21,0.6774193548387096,global,0.5,1.2036823935558112,1.0,-0.9010356731875718,-0.17045454545454541,0.27666666666666667,0.0,0,15,-15,113612.16107177734,9819,2272.2432214355467,,,,,results/basis_a4/whisper/raw/encoder/seame_dev_sge/L21/Raw_encoder_L21_global_rho0.5.json
whisper,Raw,encoder,seame_dev_sge,21,0.6774193548387096,oracle_local,0.5,0.3970080552359033,0.9204545454545454,-0.09436133486766396,-0.09090909090909083,0.8583333333333333,0.4,1,9,-8,25185.561115264893,2176,503.71122230529784,,,,,results/basis_a4/whisper/raw/encoder/seame_dev_sge/L21/Raw_encoder_L21_oracle_local_rho0.5.json
whisper,Raw,encoder,seame_dev_sge,22,0.7096774193548387,global,0.5,1.3889528193325662,1.0,-1.086306098964327,-0.17045454545454541,0.35333333333333333,0.0,0,15,-15,113777.0492553711,9819,2275.540985107422,,,,,results/basis_a4/whisper/raw/encoder/seame_dev_sge/L22/Raw_encoder_L22_global_rho0.5.json
whisper,Raw,encoder,seame_dev_sge,22,0.7096774193548387,oracle_local,0.5,0.380897583429229,0.9204545454545454,-0.07825086306098966,-0.09090909090909083,0.8883333333333333,0.4,1,9,-8,25219.683256149292,2176,504.39366512298585,,,,,results/basis_a4/whisper/raw/encoder/seame_dev_sge/L22/Raw_encoder_L22_oracle_local_rho0.5.json
whisper,Raw,encoder,seame_dev_sge,23,0.7419354838709677,global,0.5,1.6777905638665132,1.0,-1.375143843498274,-0.17045454545454541,0.18166666666666667,0.0,0,15,-15,113462.90655517578,9819,2269.2581311035156,,,,,results/basis_a4/whisper/raw/encoder/seame_dev_sge/L23/Raw_encoder_L23_global_rho0.5.json
whisper,Raw,encoder,seame_dev_sge,23,0.7419354838709677,oracle_local,0.5,0.5350978135788262,0.8863636363636364,-0.23245109321058688,-0.05681818181818177,0.8483333333333334,0.4666666666666667,3,8,-5,25153.43973350525,2176,503.068794670105,,,,,results/basis_a4/whisper/raw/encoder/seame_dev_sge/L23/Raw_encoder_L23_oracle_local_rho0.5.json
whisper,Raw,encoder,seame_dev_sge,24,0.7741935483870968,global,0.5,1.5362485615650172,0.9659090909090909,-1.2336018411967777,-0.13636363636363635,0.12166666666666667,0.13333333333333333,1,13,-12,113639.33410644531,9819,2272.7866821289062,,,,,results/basis_a4/whisper/raw/encoder/seame_dev_sge/L24/Raw_encoder_L24_global_rho0.5.json
whisper,Raw,encoder,seame_dev_sge,24,0.7741935483870968,oracle_local,0.5,0.39355581127733025,0.8863636363636364,-0.09090909090909088,-0.05681818181818177,0.8633333333333333,0.5333333333333333,2,7,-5,25189.109080314636,2176,503.78218160629274,,,,,results/basis_a4/whisper/raw/encoder/seame_dev_sge/L24/Raw_encoder_L24_oracle_local_rho0.5.json
whisper,Raw,encoder,seame_dev_sge,25,0.8064516129032258,global,0.5,1.433831990794016,0.9431818181818182,-1.1311852704257768,-0.11363636363636365,0.16166666666666665,0.2,2,12,-10,113576.19122314453,9819,2271.523824462891,,,,,results/basis_a4/whisper/raw/encoder/seame_dev_sge/L25/Raw_encoder_L25_global_rho0.5.json
whisper,Raw,encoder,seame_dev_sge,25,0.8064516129032258,oracle_local,0.5,0.4016110471806674,0.8863636363636364,-0.09896432681242806,-0.05681818181818177,0.855,0.5333333333333333,2,7,-5,25168.79602622986,2176,503.3759205245972,,,,,results/basis_a4/whisper/raw/encoder/seame_dev_sge/L25/Raw_encoder_L25_oracle_local_rho0.5.json
whisper,Raw,encoder,seame_dev_sge,26,0.8387096774193549,global,0.5,0.9090909090909091,0.9545454545454546,-0.6064441887226697,-0.125,0.12,0.13333333333333333,2,13,-11,114331.60607910156,9819,2286.6321215820312,,,,,results/basis_a4/whisper/raw/encoder/seame_dev_sge/L26/Raw_encoder_L26_global_rho0.5.json
whisper,Raw,encoder,seame_dev_sge,26,0.8387096774193549,oracle_local,0.5,0.6743383199079401,0.8977272727272727,-0.37169159953970077,-0.06818181818181812,0.86,0.5333333333333333,1,7,-6,25335.895908355713,2176,506.71791816711425,,,,,results/basis_a4/whisper/raw/encoder/seame_dev_sge/L26/Raw_encoder_L26_oracle_local_rho0.5.json
whisper,Raw,encoder,seame_dev_sge,27,0.8709677419354839,global,0.5,0.8504027617951668,0.9886363636363636,-0.5477560414269275,-0.15909090909090906,0.19333333333333333,0.0,1,15,-14,114334.19445800781,9819,2286.6838891601565,,,,,results/basis_a4/whisper/raw/encoder/seame_dev_sge/L27/Raw_encoder_L27_global_rho0.5.json
whisper,Raw,encoder,seame_dev_sge,27,0.8709677419354839,oracle_local,0.5,0.38204833141542005,0.9090909090909091,-0.07940161104718069,-0.07954545454545447,0.8866666666666667,0.5333333333333333,0,7,-7,25340.817806243896,2176,506.8163561248779,,,,,results/basis_a4/whisper/raw/encoder/seame_dev_sge/L27/Raw_encoder_L27_oracle_local_rho0.5.json
whisper,Raw,encoder,seame_dev_sge,28,0.9032258064516129,global,0.5,1.2048331415420024,0.9204545454545454,-0.902186421173763,-0.09090909090909083,0.3416666666666667,0.26666666666666666,3,11,-8,116036.23986816406,9819,2320.724797363281,,,,,results/basis_a4/whisper/raw/encoder/seame_dev_sge/L28/Raw_encoder_L28_global_rho0.5.json
whisper,Raw,encoder,seame_dev_sge,28,0.9032258064516129,oracle_local,0.5,0.383199079401611,0.8977272727272727,-0.08055235903337166,-0.06818181818181812,0.8816666666666667,0.6,0,6,-6,25710.308966636658,2176,514.2061793327332,,,,,results/basis_a4/whisper/raw/encoder/seame_dev_sge/L28/Raw_encoder_L28_oracle_local_rho0.5.json
whisper,Raw,encoder,seame_dev_sge,29,0.9354838709677419,global,0.5,1.0310701956271577,0.9772727272727273,-0.7284234752589184,-0.1477272727272727,0.21166666666666667,0.0,2,15,-13,117433.46826171875,9819,2348.669365234375,,,,,results/basis_a4/whisper/raw/encoder/seame_dev_sge/L29/Raw_encoder_L29_global_rho0.5.json
whisper,Raw,encoder,seame_dev_sge,29,0.9354838709677419,oracle_local,0.5,0.6409666283084005,0.9204545454545454,-0.3383199079401611,-0.09090909090909083,0.8583333333333333,0.4666666666666667,0,8,-8,26022.280809402466,2176,520.4456161880494,,,,,results/basis_a4/whisper/raw/encoder/seame_dev_sge/L29/Raw_encoder_L29_oracle_local_rho0.5.json
whisper,Raw,encoder,seame_dev_sge,30,0.967741935483871,global,0.5,0.9861910241657077,0.9772727272727273,-0.6835443037974683,-0.1477272727272727,0.2633333333333333,0.06666666666666667,1,14,-13,120676.55303955078,9819,2413.5310607910155,,,,,results/basis_a4/whisper/raw/encoder/seame_dev_sge/L30/Raw_encoder_L30_global_rho0.5.json
whisper,Raw,encoder,seame_dev_sge,30,0.967741935483871,oracle_local,0.5,0.903337169159954,0.9090909090909091,-0.6006904487917146,-0.07954545454545447,0.85,0.5333333333333333,0,7,-7,26735.32871246338,2176,534.7065742492675,,,,,results/basis_a4/whisper/raw/encoder/seame_dev_sge/L30/Raw_encoder_L30_oracle_local_rho0.5.json
whisper,Raw,encoder,seame_dev_sge,31,1.0,global,0.5,0.8780207134637514,0.9545454545454546,-0.5753739930955121,-0.125,0.16,0.0,4,15,-11,127303.67852783203,9819,2546.073570556641,,,,,results/basis_a4/whisper/raw/encoder/seame_dev_sge/L31/Raw_encoder_L31_global_rho0.5.json
whisper,Raw,encoder,seame_dev_sge,31,1.0,oracle_local,0.5,0.6754890678941312,0.8977272727272727,-0.37284234752589185,-0.06818181818181812,0.8066666666666666,0.4666666666666667,2,8,-6,28201.045699119568,2176,564.0209139823913,,,,,results/basis_a4/whisper/raw/encoder/seame_dev_sge/L31/Raw_encoder_L31_oracle_local_rho0.5.json
