model,dataset,side,layer,relative_depth,direction,scope,rho,rank_stability_status,mer,pier,en_wer,matrix_cer,matrix_retention,poi_corrections,poi_corruptions,poi_net_utility,corrections,corruptions,outside_harm,edited_positions_or_frames,total_intervention_energy,original_hidden_norm,mean_perturbation_norm,relative_perturbation,edited_fraction,raw_local_mer,raw_local_pier,conditioning_local_mer,conditioning_local_pier,a5_minus_raw_local_mer,a5_minus_conditioning_local_mer,direction_hash,mask_hash,site_hash,model_revision,config_hash,_path
qwen3_asr_1p7b,cs_dialogue,decoder,0,0.0,neg_shared,oracle_local,0.5,NOT_TESTED,0.06136755183270956,0.08597883597883597,0.0992063492063492,,1.0,0,1,-1,0,1,,510,1878.9150748252869,7.3700035431805775,3.6841472055397784,0.4998840480814556,0.005836308706399341,0.06118933048179172,0.0855379188712522,0.06136755183270956,0.08597883597883597,0.00017822135091784264,0.0,sha256:177d616d9f36dc1c4c7a9fa60155cdffbaf77dc5971bfd7e9134e3edd9caa55c,ff8218fe57b5bd55d7d7d290110765dbe90b3d9b9fc16723185f9d931db20c85,2f70a1ed3ba6d07fdd12200ea38d699cc6d27fc02d28a8eff551f8b0ce6a30ed,sha256:5d87c842f212c25fef15bbb1d300fbbb5fafc98eb97fc37f01fcfbf2ce3453e8,sha256:39c3f62c162ab0fe10acb5bc2b0c17040b2744ecee5fb9d4dd08a2d12c78dfb2,results/basis_a5_unique_shared/qwen/neg_shared/decoder/cs_dialogue/L00/neg_shared_decoder_L0_oracle_local_rho0.5.json
qwen3_asr_1p7b,cs_dialogue,decoder,1,0.037037037037037035,neg_shared,oracle_local,0.5,NOT_TESTED,0.1738846313788392,0.21119929453262787,0.23324514991181658,,0.8879528222409435,1,286,-285,1,286,,408,3094.5062832832336,14.192358521854176,7.584574223733416,0.5344125299578834,0.0047051768477621575,0.06136755183270956,0.08597883597883597,0.06160518030060001,0.08686067019400352,0.11251707954612963,0.11227945107823918,sha256:a483a6bec17577392f8dfdc6b2c5e2d104e52b6cebf070df34d9c9869235a137,ff8218fe57b5bd55d7d7d290110765dbe90b3d9b9fc16723185f9d931db20c85,2f70a1ed3ba6d07fdd12200ea38d699cc6d27fc02d28a8eff551f8b0ce6a30ed,sha256:5d87c842f212c25fef15bbb1d300fbbb5fafc98eb97fc37f01fcfbf2ce3453e8,sha256:39c3f62c162ab0fe10acb5bc2b0c17040b2744ecee5fb9d4dd08a2d12c78dfb2,results/basis_a5_unique_shared/qwen/neg_shared/decoder/cs_dialogue/L01/neg_shared_decoder_L1_oracle_local_rho0.5.json
qwen3_asr_1p7b,cs_dialogue,decoder,2,0.07407407407407407,neg_shared,oracle_local,0.5,NOT_TESTED,0.06986276955979326,0.10846560846560846,0.12345679012345678,,0.992277450154451,1,53,-52,1,53,,502,5489.226350784302,20.452526719446677,10.934713846183868,0.534638775745342,0.00574982532901142,0.061248737598764334,0.0855379188712522,0.06142695894968217,0.08597883597883597,0.008614031961028924,0.008435810610111089,sha256:bc0b9796f57ac808ba3f2ce3cede468a779165117185ba7a9dedb7e1bb678a06,ff8218fe57b5bd55d7d7d290110765dbe90b3d9b9fc16723185f9d931db20c85,2f70a1ed3ba6d07fdd12200ea38d699cc6d27fc02d28a8eff551f8b0ce6a30ed,sha256:5d87c842f212c25fef15bbb1d300fbbb5fafc98eb97fc37f01fcfbf2ce3453e8,sha256:39c3f62c162ab0fe10acb5bc2b0c17040b2744ecee5fb9d4dd08a2d12c78dfb2,results/basis_a5_unique_shared/qwen/neg_shared/decoder/cs_dialogue/L02/neg_shared_decoder_L2_oracle_local_rho0.5.json
qwen3_asr_1p7b,cs_dialogue,decoder,3,0.1111111111111111,neg_shared,oracle_local,0.5,NOT_TESTED,0.06534782866987465,0.09303350970017636,0.10890652557319223,,0.9957174950856501,2,19,-17,2,19,,510,6743.8984479904175,25.262988718818217,13.22333029017729,0.5234269958062138,0.005824178334056598,0.061308144715736944,0.08597883597883597,0.06118933048179172,0.0855379188712522,0.004039683954137709,0.004158498188082935,sha256:15b81c203452a8fa151e819e04276b3243648f79f1a26326c2878d23844051c3,ff8218fe57b5bd55d7d7d290110765dbe90b3d9b9fc16723185f9d931db20c85,2f70a1ed3ba6d07fdd12200ea38d699cc6d27fc02d28a8eff551f8b0ce6a30ed,sha256:5d87c842f212c25fef15bbb1d300fbbb5fafc98eb97fc37f01fcfbf2ce3453e8,sha256:39c3f62c162ab0fe10acb5bc2b0c17040b2744ecee5fb9d4dd08a2d12c78dfb2,results/basis_a5_unique_shared/qwen/neg_shared/decoder/cs_dialogue/L03/neg_shared_decoder_L3_oracle_local_rho0.5.json
qwen3_asr_1p7b,cs_dialogue,decoder,4,0.14814814814814814,neg_shared,oracle_local,0.5,NOT_TESTED,0.061248737598764334,0.08686067019400352,0.09964726631393298,,1.0,1,4,-3,1,4,,510,7670.40119934082,30.29186278698491,15.040002351648667,0.49650305289612956,0.005837778439138298,0.061308144715736944,0.0855379188712522,0.06142695894968217,0.08641975308641975,-5.9407116972609586e-05,-0.0001782213509178357,sha256:579ef30d92d4679e77b85b5d6350c59e9488c2e029d50a29586b75f85dbe6d3b,ff8218fe57b5bd55d7d7d290110765dbe90b3d9b9fc16723185f9d931db20c85,2f70a1ed3ba6d07fdd12200ea38d699cc6d27fc02d28a8eff551f8b0ce6a30ed,sha256:5d87c842f212c25fef15bbb1d300fbbb5fafc98eb97fc37f01fcfbf2ce3453e8,sha256:39c3f62c162ab0fe10acb5bc2b0c17040b2744ecee5fb9d4dd08a2d12c78dfb2,results/basis_a5_unique_shared/qwen/neg_shared/decoder/cs_dialogue/L04/neg_shared_decoder_L4_oracle_local_rho0.5.json
qwen3_asr_1p7b,cs_dialogue,decoder,5,0.18518518518518517,neg_shared,oracle_local,0.5,NOT_TESTED,0.061545773183627396,0.0873015873015873,0.10052910052910052,,0.9999297950014041,0,4,-4,0,4,,511,8901.769498825073,35.155174262836255,17.420292561301512,0.4955257064311328,0.005848622540659944,0.061308144715736944,0.08597883597883597,0.06142695894968217,0.08686067019400352,0.00023762846789045222,0.00011881423394522611,sha256:d496b58206ef7e2845ae6b0dc49cc25add676a4b053231b91262f62ccb4fffb5,ff8218fe57b5bd55d7d7d290110765dbe90b3d9b9fc16723185f9d931db20c85,2f70a1ed3ba6d07fdd12200ea38d699cc6d27fc02d28a8eff551f8b0ce6a30ed,sha256:5d87c842f212c25fef15bbb1d300fbbb5fafc98eb97fc37f01fcfbf2ce3453e8,sha256:39c3f62c162ab0fe10acb5bc2b0c17040b2744ecee5fb9d4dd08a2d12c78dfb2,results/basis_a5_unique_shared/qwen/neg_shared/decoder/cs_dialogue/L05/neg_shared_decoder_L5_oracle_local_rho0.5.json
qwen3_asr_1p7b,cs_dialogue,decoder,6,0.2222222222222222,neg_shared,oracle_local,0.5,NOT_TESTED,0.061308144715736944,0.08641975308641975,0.09964726631393298,,1.0,1,3,-2,1,3,,509,9222.655191421509,39.47882059093543,18.11916540554324,0.4589591364262667,0.005825731650089846,0.061308144715736944,0.08597883597883597,0.06136755183270956,0.08597883597883597,0.0,-5.9407116972616525e-05,sha256:b0debc41c44b8915655155df83c5a4d2d00f8e198e3f3c88c6c2d7470069133c,ff8218fe57b5bd55d7d7d290110765dbe90b3d9b9fc16723185f9d931db20c85,2f70a1ed3ba6d07fdd12200ea38d699cc6d27fc02d28a8eff551f8b0ce6a30ed,sha256:5d87c842f212c25fef15bbb1d300fbbb5fafc98eb97fc37f01fcfbf2ce3453e8,sha256:39c3f62c162ab0fe10acb5bc2b0c17040b2744ecee5fb9d4dd08a2d12c78dfb2,results/basis_a5_unique_shared/qwen/neg_shared/decoder/cs_dialogue/L06/neg_shared_decoder_L6_oracle_local_rho0.5.json
qwen3_asr_1p7b,cs_dialogue,decoder,7,0.25925925925925924,neg_shared,oracle_local,0.5,NOT_TESTED,0.061308144715736944,0.08597883597883597,0.0992063492063492,,1.0,0,1,-1,0,1,,510,10484.711904525757,43.29494290445365,20.558258636325014,0.47484203135905356,0.005836575875486381,0.061486366066654786,0.08686067019400352,0.06142695894968217,0.08686067019400352,-0.00017822135091784264,-0.00011881423394522611,sha256:e66edf65d66c788eaf0d990f8cd0d0bc0fb266c4123ca40a32832fee17f4f763,ff8218fe57b5bd55d7d7d290110765dbe90b3d9b9fc16723185f9d931db20c85,2f70a1ed3ba6d07fdd12200ea38d699cc6d27fc02d28a8eff551f8b0ce6a30ed,sha256:5d87c842f212c25fef15bbb1d300fbbb5fafc98eb97fc37f01fcfbf2ce3453e8,sha256:39c3f62c162ab0fe10acb5bc2b0c17040b2744ecee5fb9d4dd08a2d12c78dfb2,results/basis_a5_unique_shared/qwen/neg_shared/decoder/cs_dialogue/L07/neg_shared_decoder_L7_oracle_local_rho0.5.json
qwen3_asr_1p7b,cs_dialogue,decoder,8,0.2962962962962963,neg_shared,oracle_local,0.5,NOT_TESTED,0.061486366066654786,0.08641975308641975,0.09964726631393298,,0.9999297950014041,0,2,-2,0,2,,510,10943.17007637024,46.61595836714202,21.45719622817694,0.4602972239502723,0.0058365090809214815,0.06136755183270956,0.0855379188712522,0.061308144715736944,0.0855379188712522,0.00011881423394522611,0.00017822135091784264,sha256:e1bf87f544682494c5c95cbd19c62371b7d0c7c164f7645bf81c925651ce89d6,ff8218fe57b5bd55d7d7d290110765dbe90b3d9b9fc16723185f9d931db20c85,2f70a1ed3ba6d07fdd12200ea38d699cc6d27fc02d28a8eff551f8b0ce6a30ed,sha256:5d87c842f212c25fef15bbb1d300fbbb5fafc98eb97fc37f01fcfbf2ce3453e8,sha256:39c3f62c162ab0fe10acb5bc2b0c17040b2744ecee5fb9d4dd08a2d12c78dfb2,results/basis_a5_unique_shared/qwen/neg_shared/decoder/cs_dialogue/L08/neg_shared_decoder_L8_oracle_local_rho0.5.json
qwen3_asr_1p7b,cs_dialogue,decoder,9,0.3333333333333333,neg_shared,oracle_local,0.5,NOT_TESTED,0.06136755183270956,0.08641975308641975,0.09964726631393298,,1.0,1,3,-2,1,3,,510,12376.418292999268,53.01806048224954,24.267486849018173,0.45772113555800353,0.005836776268354373,0.061248737598764334,0.0855379188712522,0.061308144715736944,0.08641975308641975,0.00011881423394522611,5.9407116972616525e-05,sha256:ec14813d6e2d5877fa9e165c3665495ae068f361e895f87bb5b244cc9194c34e,ff8218fe57b5bd55d7d7d290110765dbe90b3d9b9fc16723185f9d931db20c85,2f70a1ed3ba6d07fdd12200ea38d699cc6d27fc02d28a8eff551f8b0ce6a30ed,sha256:5d87c842f212c25fef15bbb1d300fbbb5fafc98eb97fc37f01fcfbf2ce3453e8,sha256:39c3f62c162ab0fe10acb5bc2b0c17040b2744ecee5fb9d4dd08a2d12c78dfb2,results/basis_a5_unique_shared/qwen/neg_shared/decoder/cs_dialogue/L09/neg_shared_decoder_L9_oracle_local_rho0.5.json
qwen3_asr_1p7b,cs_dialogue,decoder,10,0.37037037037037035,neg_shared,oracle_local,0.5,NOT_TESTED,0.06136755183270956,0.08641975308641975,0.09964726631393298,,1.0,1,3,-2,1,3,,510,14780.610466003418,62.716190083821616,28.98158914902631,0.4621069792392005,0.005836308706399341,0.061308144715736944,0.08597883597883597,0.06136755183270956,0.08641975308641975,5.9407116972616525e-05,0.0,sha256:8644a5aaa6930c5320d9bd18784c30c0d75e4758eb920af2844d02968e395ad2,ff8218fe57b5bd55d7d7d290110765dbe90b3d9b9fc16723185f9d931db20c85,2f70a1ed3ba6d07fdd12200ea38d699cc6d27fc02d28a8eff551f8b0ce6a30ed,sha256:5d87c842f212c25fef15bbb1d300fbbb5fafc98eb97fc37f01fcfbf2ce3453e8,sha256:39c3f62c162ab0fe10acb5bc2b0c17040b2744ecee5fb9d4dd08a2d12c78dfb2,results/basis_a5_unique_shared/qwen/neg_shared/decoder/cs_dialogue/L10/neg_shared_decoder_L10_oracle_local_rho0.5.json
qwen3_asr_1p7b,cs_dialogue,decoder,11,0.4074074074074074,neg_shared,oracle_local,0.5,NOT_TESTED,0.061248737598764334,0.0855379188712522,0.09876543209876543,,1.0,0,0,0,0,0,,510,19114.624481201172,81.21561090057972,37.479655845492495,0.4614833950011569,0.005837177095374895,0.061308144715736944,0.08597883597883597,0.06136755183270956,0.08641975308641975,-5.9407116972609586e-05,-0.00011881423394522611,sha256:3e4bcf99936f779b14d9b7e8e47f38af2ae4bdd27eb87354bbebdf25385ddab2,ff8218fe57b5bd55d7d7d290110765dbe90b3d9b9fc16723185f9d931db20c85,2f70a1ed3ba6d07fdd12200ea38d699cc6d27fc02d28a8eff551f8b0ce6a30ed,sha256:5d87c842f212c25fef15bbb1d300fbbb5fafc98eb97fc37f01fcfbf2ce3453e8,sha256:39c3f62c162ab0fe10acb5bc2b0c17040b2744ecee5fb9d4dd08a2d12c78dfb2,results/basis_a5_unique_shared/qwen/neg_shared/decoder/cs_dialogue/L11/neg_shared_decoder_L11_oracle_local_rho0.5.json
qwen3_asr_1p7b,cs_dialogue,decoder,12,0.4444444444444444,neg_shared,oracle_local,0.5,NOT_TESTED,0.06136755183270956,0.08641975308641975,0.09964726631393298,,1.0,0,2,-2,0,2,,510,20470.872386932373,87.3311269273945,40.13896546457328,0.45961808666392323,0.005836909871244635,0.061248737598764334,0.0855379188712522,0.06136755183270956,0.08597883597883597,0.00011881423394522611,0.0,sha256:ae98ee09975123553d76b2e5472abab53f5fbbad20471eb036857b3e9257b83f,ff8218fe57b5bd55d7d7d290110765dbe90b3d9b9fc16723185f9d931db20c85,2f70a1ed3ba6d07fdd12200ea38d699cc6d27fc02d28a8eff551f8b0ce6a30ed,sha256:5d87c842f212c25fef15bbb1d300fbbb5fafc98eb97fc37f01fcfbf2ce3453e8,sha256:39c3f62c162ab0fe10acb5bc2b0c17040b2744ecee5fb9d4dd08a2d12c78dfb2,results/basis_a5_unique_shared/qwen/neg_shared/decoder/cs_dialogue/L12/neg_shared_decoder_L12_oracle_local_rho0.5.json
qwen3_asr_1p7b,cs_dialogue,decoder,13,0.48148148148148145,neg_shared,oracle_local,0.5,NOT_TESTED,0.061308144715736944,0.0855379188712522,0.09876543209876543,,1.0,1,1,0,1,1,,510,22105.185470581055,95.19870307772767,43.34350092270795,0.4552950777839791,0.005836308706399341,0.06136755183270956,0.08597883597883597,0.061308144715736944,0.08597883597883597,-5.9407116972616525e-05,0.0,sha256:ba6abf2abaf6dbc9f8135da2ac2705da71c9e7720d9c867866c5d78013c1727c,ff8218fe57b5bd55d7d7d290110765dbe90b3d9b9fc16723185f9d931db20c85,2f70a1ed3ba6d07fdd12200ea38d699cc6d27fc02d28a8eff551f8b0ce6a30ed,sha256:5d87c842f212c25fef15bbb1d300fbbb5fafc98eb97fc37f01fcfbf2ce3453e8,sha256:39c3f62c162ab0fe10acb5bc2b0c17040b2744ecee5fb9d4dd08a2d12c78dfb2,results/basis_a5_unique_shared/qwen/neg_shared/decoder/cs_dialogue/L13/neg_shared_decoder_L13_oracle_local_rho0.5.json
qwen3_asr_1p7b,cs_dialogue,decoder,14,0.5185185185185185,neg_shared,oracle_local,0.5,NOT_TESTED,0.061486366066654786,0.08641975308641975,0.10008818342151675,,1.0,2,4,-2,2,4,,510,24500.929347991943,104.70553662169213,48.0410379372391,0.4588204166396136,0.00583437246176198,0.06136755183270956,0.08597883597883597,0.061486366066654786,0.0873015873015873,0.00011881423394522611,0.0,sha256:e16032563b6c66c1d5bbde70d7dc004b944d006589d98a503fc4e16631728d97,ff8218fe57b5bd55d7d7d290110765dbe90b3d9b9fc16723185f9d931db20c85,2f70a1ed3ba6d07fdd12200ea38d699cc6d27fc02d28a8eff551f8b0ce6a30ed,sha256:5d87c842f212c25fef15bbb1d300fbbb5fafc98eb97fc37f01fcfbf2ce3453e8,sha256:39c3f62c162ab0fe10acb5bc2b0c17040b2744ecee5fb9d4dd08a2d12c78dfb2,results/basis_a5_unique_shared/qwen/neg_shared/decoder/cs_dialogue/L14/neg_shared_decoder_L14_oracle_local_rho0.5.json
qwen3_asr_1p7b,cs_dialogue,decoder,15,0.5555555555555556,neg_shared,oracle_local,0.5,NOT_TESTED,0.061248737598764334,0.08774250440917107,0.10052910052910052,,1.0,1,6,-5,1,6,,509,25489.379470825195,124.69161069978665,50.07736634739724,0.4016097479722661,0.005825664972760152,0.06142695894968217,0.08641975308641975,0.06112992336481911,0.0855379188712522,-0.0001782213509178357,0.00011881423394522611,sha256:992e61a87fcc11ea49129d0eeb9bfb99a615a6a10095b17fc598d7ff67e264e3,ff8218fe57b5bd55d7d7d290110765dbe90b3d9b9fc16723185f9d931db20c85,2f70a1ed3ba6d07fdd12200ea38d699cc6d27fc02d28a8eff551f8b0ce6a30ed,sha256:5d87c842f212c25fef15bbb1d300fbbb5fafc98eb97fc37f01fcfbf2ce3453e8,sha256:39c3f62c162ab0fe10acb5bc2b0c17040b2744ecee5fb9d4dd08a2d12c78dfb2,results/basis_a5_unique_shared/qwen/neg_shared/decoder/cs_dialogue/L15/neg_shared_decoder_L15_oracle_local_rho0.5.json
qwen3_asr_1p7b,cs_dialogue,decoder,16,0.5925925925925926,neg_shared,oracle_local,0.5,NOT_TESTED,0.06166458741757262,0.0873015873015873,0.1009700176366843,,0.9995787700084247,1,5,-4,1,5,,509,36499.51908111572,154.20051760570473,71.70828896093462,0.4650327383744251,0.005826065059634182,0.061783401651517855,0.0873015873015873,0.061308144715736944,0.08597883597883597,-0.00011881423394523305,0.00035644270183567833,sha256:d6f53e3fb4ed47873883bcc6e15e5b0a34f84c91d43e5aa940a3eb342e233125,ff8218fe57b5bd55d7d7d290110765dbe90b3d9b9fc16723185f9d931db20c85,2f70a1ed3ba6d07fdd12200ea38d699cc6d27fc02d28a8eff551f8b0ce6a30ed,sha256:5d87c842f212c25fef15bbb1d300fbbb5fafc98eb97fc37f01fcfbf2ce3453e8,sha256:39c3f62c162ab0fe10acb5bc2b0c17040b2744ecee5fb9d4dd08a2d12c78dfb2,results/basis_a5_unique_shared/qwen/neg_shared/decoder/cs_dialogue/L16/neg_shared_decoder_L16_oracle_local_rho0.5.json
qwen3_asr_1p7b,cs_dialogue,decoder,17,0.6296296296296297,neg_shared,oracle_local,0.5,NOT_TESTED,0.061308144715736944,0.08597883597883597,0.0992063492063492,,0.9999297950014041,1,2,-1,1,2,,510,48470.590812683105,206.34067158418543,95.04037414251589,0.46059932544001697,0.005837577977450924,0.061842808768490465,0.08774250440917107,0.06136755183270956,0.0873015873015873,-0.000534664052753521,-5.9407116972616525e-05,sha256:0e5cf398e945b72f8bc2bb70f5d4573866d27ff637ebb22f51fd922c8d6e01dd,ff8218fe57b5bd55d7d7d290110765dbe90b3d9b9fc16723185f9d931db20c85,2f70a1ed3ba6d07fdd12200ea38d699cc6d27fc02d28a8eff551f8b0ce6a30ed,sha256:5d87c842f212c25fef15bbb1d300fbbb5fafc98eb97fc37f01fcfbf2ce3453e8,sha256:39c3f62c162ab0fe10acb5bc2b0c17040b2744ecee5fb9d4dd08a2d12c78dfb2,results/basis_a5_unique_shared/qwen/neg_shared/decoder/cs_dialogue/L17/neg_shared_decoder_L17_oracle_local_rho0.5.json
qwen3_asr_1p7b,cs_dialogue,decoder,18,0.6666666666666666,neg_shared,oracle_local,0.5,NOT_TESTED,0.061308144715736944,0.08641975308641975,0.10008818342151675,,1.0,2,4,-2,2,4,,510,64173.3171005249,267.02955797980815,125.83003353044099,0.4712213677107454,0.005835039987185794,0.06142695894968217,0.0873015873015873,0.06338739380977841,0.09832451499118165,-0.00011881423394522611,-0.0020792490940414673,sha256:e94585dd21ee39fa68eee068e596929967dd7cbb2f757ff84a22da6b019b8f2b,ff8218fe57b5bd55d7d7d290110765dbe90b3d9b9fc16723185f9d931db20c85,2f70a1ed3ba6d07fdd12200ea38d699cc6d27fc02d28a8eff551f8b0ce6a30ed,sha256:5d87c842f212c25fef15bbb1d300fbbb5fafc98eb97fc37f01fcfbf2ce3453e8,sha256:39c3f62c162ab0fe10acb5bc2b0c17040b2744ecee5fb9d4dd08a2d12c78dfb2,results/basis_a5_unique_shared/qwen/neg_shared/decoder/cs_dialogue/L18/neg_shared_decoder_L18_oracle_local_rho0.5.json
qwen3_asr_1p7b,cs_dialogue,decoder,19,0.7037037037037037,neg_shared,oracle_local,0.5,NOT_TESTED,0.06166458741757262,0.08818342151675485,0.10141093474426807,,0.9996489750070205,1,7,-6,1,7,,510,79911.42892456055,338.1664680032169,156.68907632266774,0.4633489454110429,0.005837310716615733,0.061842808768490465,0.08994708994708994,0.061783401651517855,0.0890652557319224,-0.00017822135091784264,-0.00011881423394523305,sha256:d518f85d68810aff92c2245eb3be05671312aad35b4e89e7cf05a1735ea67c68,ff8218fe57b5bd55d7d7d290110765dbe90b3d9b9fc16723185f9d931db20c85,2f70a1ed3ba6d07fdd12200ea38d699cc6d27fc02d28a8eff551f8b0ce6a30ed,sha256:5d87c842f212c25fef15bbb1d300fbbb5fafc98eb97fc37f01fcfbf2ce3453e8,sha256:39c3f62c162ab0fe10acb5bc2b0c17040b2744ecee5fb9d4dd08a2d12c78dfb2,results/basis_a5_unique_shared/qwen/neg_shared/decoder/cs_dialogue/L19/neg_shared_decoder_L19_oracle_local_rho0.5.json
qwen3_asr_1p7b,cs_dialogue,decoder,20,0.7407407407407407,neg_shared,oracle_local,0.5,NOT_TESTED,0.06166458741757262,0.0873015873015873,0.10052910052910052,,0.9998595900028082,0,4,-4,0,4,,510,106866.97297668457,452.74910116756666,209.54308426800895,0.46282385481855465,0.0058367094692027745,0.06160518030060001,0.0873015873015873,0.06166458741757262,0.0873015873015873,5.9407116972609586e-05,0.0,sha256:c85639472eee8975858fd7052dadef323d46e59f13ff869ff54ff6562849bd02,ff8218fe57b5bd55d7d7d290110765dbe90b3d9b9fc16723185f9d931db20c85,2f70a1ed3ba6d07fdd12200ea38d699cc6d27fc02d28a8eff551f8b0ce6a30ed,sha256:5d87c842f212c25fef15bbb1d300fbbb5fafc98eb97fc37f01fcfbf2ce3453e8,sha256:39c3f62c162ab0fe10acb5bc2b0c17040b2744ecee5fb9d4dd08a2d12c78dfb2,results/basis_a5_unique_shared/qwen/neg_shared/decoder/cs_dialogue/L20/neg_shared_decoder_L20_oracle_local_rho0.5.json
qwen3_asr_1p7b,cs_dialogue,decoder,21,0.7777777777777778,neg_shared,oracle_local,0.5,NOT_TESTED,0.06142695894968217,0.08641975308641975,0.09964726631393298,,0.9999297950014041,0,2,-2,0,2,,510,146854.61645507812,610.3127886005476,287.95022834329046,0.4718076267147584,0.00583584121934753,0.07336778946117745,0.09656084656084656,0.061545773183627396,0.08686067019400352,-0.011940830511495276,-0.00011881423394522611,sha256:2bc6ef508eea0c60fd7a569178e6fd71eb39aa9766681050a71574659d2d2477,ff8218fe57b5bd55d7d7d290110765dbe90b3d9b9fc16723185f9d931db20c85,2f70a1ed3ba6d07fdd12200ea38d699cc6d27fc02d28a8eff551f8b0ce6a30ed,sha256:5d87c842f212c25fef15bbb1d300fbbb5fafc98eb97fc37f01fcfbf2ce3453e8,sha256:39c3f62c162ab0fe10acb5bc2b0c17040b2744ecee5fb9d4dd08a2d12c78dfb2,results/basis_a5_unique_shared/qwen/neg_shared/decoder/cs_dialogue/L21/neg_shared_decoder_L21_oracle_local_rho0.5.json
qwen3_asr_1p7b,cs_dialogue,decoder,22,0.8148148148148148,neg_shared,oracle_local,0.5,NOT_TESTED,0.06142695894968217,0.08686067019400352,0.10008818342151675,,0.9999297950014041,0,3,-3,0,3,,510,173927.65185546875,768.482807114545,341.0346114813113,0.44377650134009944,0.0058367094692027745,0.061545773183627396,0.08774250440917107,0.061545773183627396,0.0873015873015873,-0.00011881423394522611,-0.00011881423394522611,sha256:02b33c6976a34364ae5bddce34cc3b4e293a631dda87b80fa9a1cb036f29e9ff,ff8218fe57b5bd55d7d7d290110765dbe90b3d9b9fc16723185f9d931db20c85,2f70a1ed3ba6d07fdd12200ea38d699cc6d27fc02d28a8eff551f8b0ce6a30ed,sha256:5d87c842f212c25fef15bbb1d300fbbb5fafc98eb97fc37f01fcfbf2ce3453e8,sha256:39c3f62c162ab0fe10acb5bc2b0c17040b2744ecee5fb9d4dd08a2d12c78dfb2,results/basis_a5_unique_shared/qwen/neg_shared/decoder/cs_dialogue/L22/neg_shared_decoder_L22_oracle_local_rho0.5.json
qwen3_asr_1p7b,cs_dialogue,decoder,23,0.8518518518518519,neg_shared,oracle_local,0.5,NOT_TESTED,0.06142695894968217,0.08641975308641975,0.09964726631393298,,0.9999297950014041,0,2,-2,0,2,,509,215080.76348876953,978.5326305456855,422.5555274828478,0.4318256890904157,0.005824864963837773,0.06142695894968217,0.0855379188712522,0.06142695894968217,0.08641975308641975,0.0,0.0,sha256:6ca86b555cc0d3014775a2d589f2e6dcc5f3e219fa8df2bc3aeec62fe5208948,ff8218fe57b5bd55d7d7d290110765dbe90b3d9b9fc16723185f9d931db20c85,2f70a1ed3ba6d07fdd12200ea38d699cc6d27fc02d28a8eff551f8b0ce6a30ed,sha256:5d87c842f212c25fef15bbb1d300fbbb5fafc98eb97fc37f01fcfbf2ce3453e8,sha256:39c3f62c162ab0fe10acb5bc2b0c17040b2744ecee5fb9d4dd08a2d12c78dfb2,results/basis_a5_unique_shared/qwen/neg_shared/decoder/cs_dialogue/L23/neg_shared_decoder_L23_oracle_local_rho0.5.json
qwen3_asr_1p7b,cs_dialogue,decoder,24,0.8888888888888888,neg_shared,oracle_local,0.5,STABLE,0.06142695894968217,0.08641975308641975,0.09964726631393298,,1.0,0,2,-2,0,2,,509,299798.6837463379,1254.7663260049576,588.9954494034143,0.4694064840572452,0.005823598732308959,0.061486366066654786,0.08686067019400352,0.061486366066654786,0.08686067019400352,-5.9407116972616525e-05,-5.9407116972616525e-05,sha256:1ce972d21c818cf6a447a859309355bb794cfee4aa0146585ffa6a668fa32841,ff8218fe57b5bd55d7d7d290110765dbe90b3d9b9fc16723185f9d931db20c85,2f70a1ed3ba6d07fdd12200ea38d699cc6d27fc02d28a8eff551f8b0ce6a30ed,sha256:5d87c842f212c25fef15bbb1d300fbbb5fafc98eb97fc37f01fcfbf2ce3453e8,sha256:39c3f62c162ab0fe10acb5bc2b0c17040b2744ecee5fb9d4dd08a2d12c78dfb2,results/basis_a5_unique_shared/qwen/neg_shared/decoder/cs_dialogue/L24/neg_shared_decoder_L24_oracle_local_rho0.5.json
qwen3_asr_1p7b,cs_dialogue,decoder,25,0.9259259259259259,neg_shared,oracle_local,0.5,NOT_TESTED,0.061248737598764334,0.08686067019400352,0.10008818342151675,,1.0,0,3,-3,0,3,,510,387367.61114501953,1636.5395704082414,759.5443355784697,0.4641160832970255,0.005833972019812626,0.06202103011940831,0.08818342151675485,0.062377472821243986,0.09082892416225749,-0.0007722925206439732,-0.0011287352224796515,sha256:46c0cc85d4f4085494a748af8fe80258f625f86ef738ef6d2c2a13de8f466023,ff8218fe57b5bd55d7d7d290110765dbe90b3d9b9fc16723185f9d931db20c85,2f70a1ed3ba6d07fdd12200ea38d699cc6d27fc02d28a8eff551f8b0ce6a30ed,sha256:5d87c842f212c25fef15bbb1d300fbbb5fafc98eb97fc37f01fcfbf2ce3453e8,sha256:39c3f62c162ab0fe10acb5bc2b0c17040b2744ecee5fb9d4dd08a2d12c78dfb2,results/basis_a5_unique_shared/qwen/neg_shared/decoder/cs_dialogue/L25/neg_shared_decoder_L25_oracle_local_rho0.5.json
qwen3_asr_1p7b,cs_dialogue,decoder,26,0.9629629629629629,neg_shared,oracle_local,0.5,STABLE,0.06172399453454524,0.08818342151675485,0.10141093474426807,,0.9996489750070205,0,6,-6,0,6,,510,465473.57067871094,2002.8365234375,912.6932758406097,0.4557003355791314,0.005833304738702261,0.06190221588546308,0.0873015873015873,0.06166458741757262,0.08818342151675485,-0.00017822135091784264,5.9407116972616525e-05,sha256:2337928c0266b538849e71988390a0054136bde5b66eeae0e004caa4ab5bf194,ff8218fe57b5bd55d7d7d290110765dbe90b3d9b9fc16723185f9d931db20c85,2f70a1ed3ba6d07fdd12200ea38d699cc6d27fc02d28a8eff551f8b0ce6a30ed,sha256:5d87c842f212c25fef15bbb1d300fbbb5fafc98eb97fc37f01fcfbf2ce3453e8,sha256:39c3f62c162ab0fe10acb5bc2b0c17040b2744ecee5fb9d4dd08a2d12c78dfb2,results/basis_a5_unique_shared/qwen/neg_shared/decoder/cs_dialogue/L26/neg_shared_decoder_L26_oracle_local_rho0.5.json
qwen3_asr_1p7b,cs_dialogue,decoder,27,1.0,neg_shared,oracle_local,0.5,STABLE,0.06362502227766886,0.08862433862433862,0.10185185185185185,,0.9976130300477394,0,7,-7,0,7,,510,566232.0239868164,2426.3981569776347,1110.258870562385,0.45757489032440724,0.005816008849456602,0.06172399453454524,0.08774250440917107,0.06303095110794273,0.09347442680776014,0.0019010277431236247,0.0005940711697261375,sha256:1910557b168b123471ade92c5c07e02d991d78c0efa5319fbe2b77803f776101,ff8218fe57b5bd55d7d7d290110765dbe90b3d9b9fc16723185f9d931db20c85,2f70a1ed3ba6d07fdd12200ea38d699cc6d27fc02d28a8eff551f8b0ce6a30ed,sha256:5d87c842f212c25fef15bbb1d300fbbb5fafc98eb97fc37f01fcfbf2ce3453e8,sha256:39c3f62c162ab0fe10acb5bc2b0c17040b2744ecee5fb9d4dd08a2d12c78dfb2,results/basis_a5_unique_shared/qwen/neg_shared/decoder/cs_dialogue/L27/neg_shared_decoder_L27_oracle_local_rho0.5.json
qwen3_asr_1p7b,seame_dev_man,decoder,0,0.0,neg_shared,oracle_local,0.5,NOT_TESTED,0.2628272251308901,0.6565656565656566,0.6666666666666666,,0.9986541049798116,0,0,0,0,0,,39,143.68917179107666,7.50524596678905,3.6843377382327347,0.4909016645871495,0.008207070707070708,0.2617801047120419,0.6565656565656566,0.2628272251308901,0.6565656565656566,0.0010471204188481908,0.0,sha256:177d616d9f36dc1c4c7a9fa60155cdffbaf77dc5971bfd7e9134e3edd9caa55c,1ac288740082396cdf2d7e93e57ebccc068dcbb9579b2adbd2303d396a62216e,2f70a1ed3ba6d07fdd12200ea38d699cc6d27fc02d28a8eff551f8b0ce6a30ed,sha256:5d87c842f212c25fef15bbb1d300fbbb5fafc98eb97fc37f01fcfbf2ce3453e8,sha256:39c3f62c162ab0fe10acb5bc2b0c17040b2744ecee5fb9d4dd08a2d12c78dfb2,results/basis_a5_unique_shared/qwen/neg_shared/decoder/seame_dev_man/L00/neg_shared_decoder_L0_oracle_local_rho0.5.json
qwen3_asr_1p7b,seame_dev_man,decoder,1,0.037037037037037035,neg_shared,oracle_local,0.5,NOT_TESTED,0.3057591623036649,0.6565656565656566,0.6666666666666666,,0.9327052489905787,0,0,0,0,0,,36,271.1165246963501,14.661280817455715,7.531014574898614,0.513666893681771,0.007662835249042145,0.2607329842931937,0.6565656565656566,0.2617801047120419,0.6565656565656566,0.04502617801047121,0.043979057591623016,sha256:a483a6bec17577392f8dfdc6b2c5e2d104e52b6cebf070df34d9c9869235a137,1ac288740082396cdf2d7e93e57ebccc068dcbb9579b2adbd2303d396a62216e,2f70a1ed3ba6d07fdd12200ea38d699cc6d27fc02d28a8eff551f8b0ce6a30ed,sha256:5d87c842f212c25fef15bbb1d300fbbb5fafc98eb97fc37f01fcfbf2ce3453e8,sha256:39c3f62c162ab0fe10acb5bc2b0c17040b2744ecee5fb9d4dd08a2d12c78dfb2,results/basis_a5_unique_shared/qwen/neg_shared/decoder/seame_dev_man/L01/neg_shared_decoder_L1_oracle_local_rho0.5.json
qwen3_asr_1p7b,seame_dev_man,decoder,2,0.07407407407407407,neg_shared,oracle_local,0.5,NOT_TESTED,0.2649214659685864,0.6565656565656566,0.6666666666666666,,0.9946164199192463,0,0,0,0,0,,39,424.61450958251953,21.204701276925896,10.88755152775691,0.5134498895112617,0.00819327731092437,0.2607329842931937,0.6565656565656566,0.2617801047120419,0.6565656565656566,0.004188481675392708,0.003141361256544517,sha256:bc0b9796f57ac808ba3f2ce3cede468a779165117185ba7a9dedb7e1bb678a06,1ac288740082396cdf2d7e93e57ebccc068dcbb9579b2adbd2303d396a62216e,2f70a1ed3ba6d07fdd12200ea38d699cc6d27fc02d28a8eff551f8b0ce6a30ed,sha256:5d87c842f212c25fef15bbb1d300fbbb5fafc98eb97fc37f01fcfbf2ce3453e8,sha256:39c3f62c162ab0fe10acb5bc2b0c17040b2744ecee5fb9d4dd08a2d12c78dfb2,results/basis_a5_unique_shared/qwen/neg_shared/decoder/seame_dev_man/L02/neg_shared_decoder_L2_oracle_local_rho0.5.json
qwen3_asr_1p7b,seame_dev_man,decoder,3,0.1111111111111111,neg_shared,oracle_local,0.5,NOT_TESTED,0.27015706806282724,0.6565656565656566,0.6666666666666666,,0.9878869448183042,0,0,0,0,0,,39,516.9902200698853,25.39789635095841,13.256159488971416,0.5219392703156372,0.008207070707070708,0.2617801047120419,0.6565656565656566,0.2617801047120419,0.6565656565656566,0.00837696335078536,0.00837696335078536,sha256:15b81c203452a8fa151e819e04276b3243648f79f1a26326c2878d23844051c3,1ac288740082396cdf2d7e93e57ebccc068dcbb9579b2adbd2303d396a62216e,2f70a1ed3ba6d07fdd12200ea38d699cc6d27fc02d28a8eff551f8b0ce6a30ed,sha256:5d87c842f212c25fef15bbb1d300fbbb5fafc98eb97fc37f01fcfbf2ce3453e8,sha256:39c3f62c162ab0fe10acb5bc2b0c17040b2744ecee5fb9d4dd08a2d12c78dfb2,results/basis_a5_unique_shared/qwen/neg_shared/decoder/seame_dev_man/L03/neg_shared_decoder_L3_oracle_local_rho0.5.json
qwen3_asr_1p7b,seame_dev_man,decoder,4,0.14814814814814814,neg_shared,oracle_local,0.5,NOT_TESTED,0.2638743455497382,0.6565656565656566,0.6666666666666666,,0.9973082099596231,0,0,0,0,0,,39,592.5834808349609,30.157833001552483,15.19444822653746,0.5038309027626511,0.008207070707070708,0.2638743455497382,0.6565656565656566,0.26596858638743454,0.6565656565656566,0.0,-0.002094240837696326,sha256:579ef30d92d4679e77b85b5d6350c59e9488c2e029d50a29586b75f85dbe6d3b,1ac288740082396cdf2d7e93e57ebccc068dcbb9579b2adbd2303d396a62216e,2f70a1ed3ba6d07fdd12200ea38d699cc6d27fc02d28a8eff551f8b0ce6a30ed,sha256:5d87c842f212c25fef15bbb1d300fbbb5fafc98eb97fc37f01fcfbf2ce3453e8,sha256:39c3f62c162ab0fe10acb5bc2b0c17040b2744ecee5fb9d4dd08a2d12c78dfb2,results/basis_a5_unique_shared/qwen/neg_shared/decoder/seame_dev_man/L04/neg_shared_decoder_L4_oracle_local_rho0.5.json
qwen3_asr_1p7b,seame_dev_man,decoder,5,0.18518518518518517,neg_shared,oracle_local,0.5,NOT_TESTED,0.2638743455497382,0.6565656565656566,0.6666666666666666,,0.9973082099596231,0,0,0,0,0,,39,685.4017677307129,35.456366759080154,17.57440430078751,0.4956628641677398,0.00820534399326741,0.2617801047120419,0.6565656565656566,0.2638743455497382,0.6565656565656566,0.002094240837696326,0.0,sha256:d496b58206ef7e2845ae6b0dc49cc25add676a4b053231b91262f62ccb4fffb5,1ac288740082396cdf2d7e93e57ebccc068dcbb9579b2adbd2303d396a62216e,2f70a1ed3ba6d07fdd12200ea38d699cc6d27fc02d28a8eff551f8b0ce6a30ed,sha256:5d87c842f212c25fef15bbb1d300fbbb5fafc98eb97fc37f01fcfbf2ce3453e8,sha256:39c3f62c162ab0fe10acb5bc2b0c17040b2744ecee5fb9d4dd08a2d12c78dfb2,results/basis_a5_unique_shared/qwen/neg_shared/decoder/seame_dev_man/L05/neg_shared_decoder_L5_oracle_local_rho0.5.json
qwen3_asr_1p7b,seame_dev_man,decoder,6,0.2222222222222222,neg_shared,oracle_local,0.5,NOT_TESTED,0.2628272251308901,0.6565656565656566,0.6666666666666666,,1.0,0,0,0,0,0,,39,708.6404113769531,40.241899490356445,18.170266958383415,0.4515260757693043,0.008201892744479496,0.2607329842931937,0.6565656565656566,0.2607329842931937,0.6565656565656566,0.0020942408376963817,0.0020942408376963817,sha256:b0debc41c44b8915655155df83c5a4d2d00f8e198e3f3c88c6c2d7470069133c,1ac288740082396cdf2d7e93e57ebccc068dcbb9579b2adbd2303d396a62216e,2f70a1ed3ba6d07fdd12200ea38d699cc6d27fc02d28a8eff551f8b0ce6a30ed,sha256:5d87c842f212c25fef15bbb1d300fbbb5fafc98eb97fc37f01fcfbf2ce3453e8,sha256:39c3f62c162ab0fe10acb5bc2b0c17040b2744ecee5fb9d4dd08a2d12c78dfb2,results/basis_a5_unique_shared/qwen/neg_shared/decoder/seame_dev_man/L06/neg_shared_decoder_L6_oracle_local_rho0.5.json
qwen3_asr_1p7b,seame_dev_man,decoder,7,0.25925925925925924,neg_shared,oracle_local,0.5,NOT_TESTED,0.2628272251308901,0.6565656565656566,0.6666666666666666,,1.0,0,0,0,0,0,,39,815.5884437561035,44.30875357603416,20.91252419887445,0.4719727482965279,0.008200168208578638,0.2617801047120419,0.6565656565656566,0.2638743455497382,0.6565656565656566,0.0010471204188481908,-0.0010471204188481353,sha256:e66edf65d66c788eaf0d990f8cd0d0bc0fb266c4123ca40a32832fee17f4f763,1ac288740082396cdf2d7e93e57ebccc068dcbb9579b2adbd2303d396a62216e,2f70a1ed3ba6d07fdd12200ea38d699cc6d27fc02d28a8eff551f8b0ce6a30ed,sha256:5d87c842f212c25fef15bbb1d300fbbb5fafc98eb97fc37f01fcfbf2ce3453e8,sha256:39c3f62c162ab0fe10acb5bc2b0c17040b2744ecee5fb9d4dd08a2d12c78dfb2,results/basis_a5_unique_shared/qwen/neg_shared/decoder/seame_dev_man/L07/neg_shared_decoder_L7_oracle_local_rho0.5.json
qwen3_asr_1p7b,seame_dev_man,decoder,8,0.2962962962962963,neg_shared,oracle_local,0.5,NOT_TESTED,0.2638743455497382,0.6565656565656566,0.6666666666666666,,0.9973082099596231,0,0,0,0,0,,39,843.6944961547852,47.32871481088492,21.633192209097054,0.4570838717159025,0.008208798147758366,0.2607329842931937,0.6565656565656566,0.2617801047120419,0.6565656565656566,0.003141361256544517,0.002094240837696326,sha256:e1bf87f544682494c5c95cbd19c62371b7d0c7c164f7645bf81c925651ce89d6,1ac288740082396cdf2d7e93e57ebccc068dcbb9579b2adbd2303d396a62216e,2f70a1ed3ba6d07fdd12200ea38d699cc6d27fc02d28a8eff551f8b0ce6a30ed,sha256:5d87c842f212c25fef15bbb1d300fbbb5fafc98eb97fc37f01fcfbf2ce3453e8,sha256:39c3f62c162ab0fe10acb5bc2b0c17040b2744ecee5fb9d4dd08a2d12c78dfb2,results/basis_a5_unique_shared/qwen/neg_shared/decoder/seame_dev_man/L08/neg_shared_decoder_L8_oracle_local_rho0.5.json
qwen3_asr_1p7b,seame_dev_man,decoder,9,0.3333333333333333,neg_shared,oracle_local,0.5,NOT_TESTED,0.2617801047120419,0.6565656565656566,0.6666666666666666,,1.0,0,0,0,0,0,,39,955.9507122039795,53.74230771187024,24.511556723178963,0.45609423500370105,0.008207070707070708,0.2617801047120419,0.6565656565656566,0.2607329842931937,0.6565656565656566,0.0,0.0010471204188481908,sha256:ec14813d6e2d5877fa9e165c3665495ae068f361e895f87bb5b244cc9194c34e,1ac288740082396cdf2d7e93e57ebccc068dcbb9579b2adbd2303d396a62216e,2f70a1ed3ba6d07fdd12200ea38d699cc6d27fc02d28a8eff551f8b0ce6a30ed,sha256:5d87c842f212c25fef15bbb1d300fbbb5fafc98eb97fc37f01fcfbf2ce3453e8,sha256:39c3f62c162ab0fe10acb5bc2b0c17040b2744ecee5fb9d4dd08a2d12c78dfb2,results/basis_a5_unique_shared/qwen/neg_shared/decoder/seame_dev_man/L09/neg_shared_decoder_L9_oracle_local_rho0.5.json
qwen3_asr_1p7b,seame_dev_man,decoder,10,0.37037037037037035,neg_shared,oracle_local,0.5,NOT_TESTED,0.2638743455497382,0.6565656565656566,0.6666666666666666,,0.9973082099596231,0,0,0,0,0,,39,1138.9837245941162,63.19736715463492,29.20471088702862,0.4621191072021857,0.008203618005889778,0.2607329842931937,0.6565656565656566,0.2649214659685864,0.6565656565656566,0.003141361256544517,-0.0010471204188481908,sha256:8644a5aaa6930c5320d9bd18784c30c0d75e4758eb920af2844d02968e395ad2,1ac288740082396cdf2d7e93e57ebccc068dcbb9579b2adbd2303d396a62216e,2f70a1ed3ba6d07fdd12200ea38d699cc6d27fc02d28a8eff551f8b0ce6a30ed,sha256:5d87c842f212c25fef15bbb1d300fbbb5fafc98eb97fc37f01fcfbf2ce3453e8,sha256:39c3f62c162ab0fe10acb5bc2b0c17040b2744ecee5fb9d4dd08a2d12c78dfb2,results/basis_a5_unique_shared/qwen/neg_shared/decoder/seame_dev_man/L10/neg_shared_decoder_L10_oracle_local_rho0.5.json
qwen3_asr_1p7b,seame_dev_man,decoder,11,0.4074074074074074,neg_shared,oracle_local,0.5,NOT_TESTED,0.2607329842931937,0.6565656565656566,0.6666666666666666,,1.0,0,0,0,0,0,,39,1466.498291015625,82.58191680908203,37.60252028245192,0.45533600738989566,0.008208798147758366,0.2638743455497382,0.6565656565656566,0.2607329842931937,0.6565656565656566,-0.003141361256544517,0.0,sha256:3e4bcf99936f779b14d9b7e8e47f38af2ae4bdd27eb87354bbebdf25385ddab2,1ac288740082396cdf2d7e93e57ebccc068dcbb9579b2adbd2303d396a62216e,2f70a1ed3ba6d07fdd12200ea38d699cc6d27fc02d28a8eff551f8b0ce6a30ed,sha256:5d87c842f212c25fef15bbb1d300fbbb5fafc98eb97fc37f01fcfbf2ce3453e8,sha256:39c3f62c162ab0fe10acb5bc2b0c17040b2744ecee5fb9d4dd08a2d12c78dfb2,results/basis_a5_unique_shared/qwen/neg_shared/decoder/seame_dev_man/L11/neg_shared_decoder_L11_oracle_local_rho0.5.json
qwen3_asr_1p7b,seame_dev_man,decoder,12,0.4444444444444444,neg_shared,oracle_local,0.5,NOT_TESTED,0.2628272251308901,0.6565656565656566,0.6666666666666666,,0.9973082099596231,0,0,0,0,0,,39,1577.7841758728027,89.2035180116311,40.456004509559044,0.4535247646206515,0.00820534399326741,0.2628272251308901,0.6565656565656566,0.2607329842931937,0.6565656565656566,0.0,0.0020942408376963817,sha256:ae98ee09975123553d76b2e5472abab53f5fbbad20471eb036857b3e9257b83f,1ac288740082396cdf2d7e93e57ebccc068dcbb9579b2adbd2303d396a62216e,2f70a1ed3ba6d07fdd12200ea38d699cc6d27fc02d28a8eff551f8b0ce6a30ed,sha256:5d87c842f212c25fef15bbb1d300fbbb5fafc98eb97fc37f01fcfbf2ce3453e8,sha256:39c3f62c162ab0fe10acb5bc2b0c17040b2744ecee5fb9d4dd08a2d12c78dfb2,results/basis_a5_unique_shared/qwen/neg_shared/decoder/seame_dev_man/L12/neg_shared_decoder_L12_oracle_local_rho0.5.json
qwen3_asr_1p7b,seame_dev_man,decoder,13,0.48148148148148145,neg_shared,oracle_local,0.5,NOT_TESTED,0.2617801047120419,0.6565656565656566,0.6666666666666666,,1.0,0,0,0,0,0,,39,1707.8930854797363,97.30963741204677,43.79213039691631,0.4500287079632559,0.008207070707070708,0.2628272251308901,0.6565656565656566,0.25968586387434556,0.6565656565656566,-0.0010471204188481908,0.002094240837696326,sha256:ba6abf2abaf6dbc9f8135da2ac2705da71c9e7720d9c867866c5d78013c1727c,1ac288740082396cdf2d7e93e57ebccc068dcbb9579b2adbd2303d396a62216e,2f70a1ed3ba6d07fdd12200ea38d699cc6d27fc02d28a8eff551f8b0ce6a30ed,sha256:5d87c842f212c25fef15bbb1d300fbbb5fafc98eb97fc37f01fcfbf2ce3453e8,sha256:39c3f62c162ab0fe10acb5bc2b0c17040b2744ecee5fb9d4dd08a2d12c78dfb2,results/basis_a5_unique_shared/qwen/neg_shared/decoder/seame_dev_man/L13/neg_shared_decoder_L13_oracle_local_rho0.5.json
qwen3_asr_1p7b,seame_dev_man,decoder,14,0.5185185185185185,neg_shared,oracle_local,0.5,NOT_TESTED,0.2638743455497382,0.6565656565656566,0.6666666666666666,,0.9973082099596231,0,0,0,0,0,,39,1881.7041091918945,107.41060775365585,48.24882331261268,0.4491997980615697,0.008201892744479496,0.2628272251308901,0.6666666666666666,0.2617801047120419,0.6565656565656566,0.0010471204188481353,0.002094240837696326,sha256:e16032563b6c66c1d5bbde70d7dc004b944d006589d98a503fc4e16631728d97,1ac288740082396cdf2d7e93e57ebccc068dcbb9579b2adbd2303d396a62216e,2f70a1ed3ba6d07fdd12200ea38d699cc6d27fc02d28a8eff551f8b0ce6a30ed,sha256:5d87c842f212c25fef15bbb1d300fbbb5fafc98eb97fc37f01fcfbf2ce3453e8,sha256:39c3f62c162ab0fe10acb5bc2b0c17040b2744ecee5fb9d4dd08a2d12c78dfb2,results/basis_a5_unique_shared/qwen/neg_shared/decoder/seame_dev_man/L14/neg_shared_decoder_L14_oracle_local_rho0.5.json
qwen3_asr_1p7b,seame_dev_man,decoder,15,0.5555555555555556,neg_shared,oracle_local,0.5,NOT_TESTED,0.2617801047120419,0.6565656565656566,0.6666666666666666,,0.9973082099596231,0,0,0,0,0,,39,2056.175151824951,128.56605236346905,52.72243979038336,0.4100805680906478,0.008210526315789474,0.2617801047120419,0.6565656565656566,0.2638743455497382,0.6565656565656566,0.0,-0.002094240837696326,sha256:992e61a87fcc11ea49129d0eeb9bfb99a615a6a10095b17fc598d7ff67e264e3,1ac288740082396cdf2d7e93e57ebccc068dcbb9579b2adbd2303d396a62216e,2f70a1ed3ba6d07fdd12200ea38d699cc6d27fc02d28a8eff551f8b0ce6a30ed,sha256:5d87c842f212c25fef15bbb1d300fbbb5fafc98eb97fc37f01fcfbf2ce3453e8,sha256:39c3f62c162ab0fe10acb5bc2b0c17040b2744ecee5fb9d4dd08a2d12c78dfb2,results/basis_a5_unique_shared/qwen/neg_shared/decoder/seame_dev_man/L15/neg_shared_decoder_L15_oracle_local_rho0.5.json
qwen3_asr_1p7b,seame_dev_man,decoder,16,0.5925925925925926,neg_shared,oracle_local,0.5,NOT_TESTED,0.2638743455497382,0.6565656565656566,0.6666666666666666,,0.9973082099596231,0,0,0,0,0,,39,2818.6785736083984,157.8321055876903,72.27380957970253,0.4579157663175681,0.0082122552116235,0.2607329842931937,0.6565656565656566,0.2628272251308901,0.6565656565656566,0.003141361256544517,0.0010471204188481353,sha256:d6f53e3fb4ed47873883bcc6e15e5b0a34f84c91d43e5aa940a3eb342e233125,1ac288740082396cdf2d7e93e57ebccc068dcbb9579b2adbd2303d396a62216e,2f70a1ed3ba6d07fdd12200ea38d699cc6d27fc02d28a8eff551f8b0ce6a30ed,sha256:5d87c842f212c25fef15bbb1d300fbbb5fafc98eb97fc37f01fcfbf2ce3453e8,sha256:39c3f62c162ab0fe10acb5bc2b0c17040b2744ecee5fb9d4dd08a2d12c78dfb2,results/basis_a5_unique_shared/qwen/neg_shared/decoder/seame_dev_man/L16/neg_shared_decoder_L16_oracle_local_rho0.5.json
qwen3_asr_1p7b,seame_dev_man,decoder,17,0.6296296296296297,neg_shared,oracle_local,0.5,NOT_TESTED,0.2607329842931937,0.6565656565656566,0.6666666666666666,,1.0,0,0,0,0,0,,39,3645.688446044922,208.77489921374197,93.47919092422876,0.44775110071314445,0.008208798147758366,0.25968586387434556,0.6464646464646465,0.2607329842931937,0.6565656565656566,0.0010471204188481353,0.0,sha256:0e5cf398e945b72f8bc2bb70f5d4573866d27ff637ebb22f51fd922c8d6e01dd,1ac288740082396cdf2d7e93e57ebccc068dcbb9579b2adbd2303d396a62216e,2f70a1ed3ba6d07fdd12200ea38d699cc6d27fc02d28a8eff551f8b0ce6a30ed,sha256:5d87c842f212c25fef15bbb1d300fbbb5fafc98eb97fc37f01fcfbf2ce3453e8,sha256:39c3f62c162ab0fe10acb5bc2b0c17040b2744ecee5fb9d4dd08a2d12c78dfb2,results/basis_a5_unique_shared/qwen/neg_shared/decoder/seame_dev_man/L17/neg_shared_decoder_L17_oracle_local_rho0.5.json
qwen3_asr_1p7b,seame_dev_man,decoder,18,0.6666666666666666,neg_shared,oracle_local,0.5,NOT_TESTED,0.2607329842931937,0.6464646464646465,0.6565656565656566,,1.0,1,0,1,1,0,,39,4941.252281188965,269.160639836238,126.69877644074269,0.47071806828007406,0.00820534399326741,0.2617801047120419,0.6666666666666666,0.2638743455497382,0.6565656565656566,-0.0010471204188481908,-0.003141361256544517,sha256:e94585dd21ee39fa68eee068e596929967dd7cbb2f757ff84a22da6b019b8f2b,1ac288740082396cdf2d7e93e57ebccc068dcbb9579b2adbd2303d396a62216e,2f70a1ed3ba6d07fdd12200ea38d699cc6d27fc02d28a8eff551f8b0ce6a30ed,sha256:5d87c842f212c25fef15bbb1d300fbbb5fafc98eb97fc37f01fcfbf2ce3453e8,sha256:39c3f62c162ab0fe10acb5bc2b0c17040b2744ecee5fb9d4dd08a2d12c78dfb2,results/basis_a5_unique_shared/qwen/neg_shared/decoder/seame_dev_man/L18/neg_shared_decoder_L18_oracle_local_rho0.5.json
qwen3_asr_1p7b,seame_dev_man,decoder,19,0.7037037037037037,neg_shared,oracle_local,0.5,NOT_TESTED,0.2628272251308901,0.6565656565656566,0.6666666666666666,,1.0,0,0,0,0,0,,39,6366.294952392578,341.62103506234973,163.23833211263022,0.47783454576454093,0.008201892744479496,0.2607329842931937,0.6464646464646465,0.2617801047120419,0.6565656565656566,0.0020942408376963817,0.0010471204188481908,sha256:d518f85d68810aff92c2245eb3be05671312aad35b4e89e7cf05a1735ea67c68,1ac288740082396cdf2d7e93e57ebccc068dcbb9579b2adbd2303d396a62216e,2f70a1ed3ba6d07fdd12200ea38d699cc6d27fc02d28a8eff551f8b0ce6a30ed,sha256:5d87c842f212c25fef15bbb1d300fbbb5fafc98eb97fc37f01fcfbf2ce3453e8,sha256:39c3f62c162ab0fe10acb5bc2b0c17040b2744ecee5fb9d4dd08a2d12c78dfb2,results/basis_a5_unique_shared/qwen/neg_shared/decoder/seame_dev_man/L19/neg_shared_decoder_L19_oracle_local_rho0.5.json
qwen3_asr_1p7b,seame_dev_man,decoder,20,0.7407407407407407,neg_shared,oracle_local,0.5,NOT_TESTED,0.2607329842931937,0.6565656565656566,0.6666666666666666,,1.0,0,0,0,0,0,,39,8524.737777709961,449.96139369866785,218.58301994128104,0.4857817203928004,0.008207070707070708,0.2649214659685864,0.6666666666666666,0.2628272251308901,0.6565656565656566,-0.004188481675392708,-0.0020942408376963817,sha256:c85639472eee8975858fd7052dadef323d46e59f13ff869ff54ff6562849bd02,1ac288740082396cdf2d7e93e57ebccc068dcbb9579b2adbd2303d396a62216e,2f70a1ed3ba6d07fdd12200ea38d699cc6d27fc02d28a8eff551f8b0ce6a30ed,sha256:5d87c842f212c25fef15bbb1d300fbbb5fafc98eb97fc37f01fcfbf2ce3453e8,sha256:39c3f62c162ab0fe10acb5bc2b0c17040b2744ecee5fb9d4dd08a2d12c78dfb2,results/basis_a5_unique_shared/qwen/neg_shared/decoder/seame_dev_man/L20/neg_shared_decoder_L20_oracle_local_rho0.5.json
qwen3_asr_1p7b,seame_dev_man,decoder,21,0.7777777777777778,neg_shared,oracle_local,0.5,NOT_TESTED,0.2607329842931937,0.6565656565656566,0.6666666666666666,,0.9986541049798116,0,0,0,0,0,,39,11596.827056884766,616.1077176607572,297.3545399201222,0.4826340125215771,0.00820534399326741,0.2628272251308901,0.6565656565656566,0.2617801047120419,0.6666666666666666,-0.0020942408376963817,-0.0010471204188481908,sha256:2bc6ef508eea0c60fd7a569178e6fd71eb39aa9766681050a71574659d2d2477,1ac288740082396cdf2d7e93e57ebccc068dcbb9579b2adbd2303d396a62216e,2f70a1ed3ba6d07fdd12200ea38d699cc6d27fc02d28a8eff551f8b0ce6a30ed,sha256:5d87c842f212c25fef15bbb1d300fbbb5fafc98eb97fc37f01fcfbf2ce3453e8,sha256:39c3f62c162ab0fe10acb5bc2b0c17040b2744ecee5fb9d4dd08a2d12c78dfb2,results/basis_a5_unique_shared/qwen/neg_shared/decoder/seame_dev_man/L21/neg_shared_decoder_L21_oracle_local_rho0.5.json
qwen3_asr_1p7b,seame_dev_man,decoder,22,0.8148148148148148,neg_shared,oracle_local,0.5,NOT_TESTED,0.2617801047120419,0.6565656565656566,0.6666666666666666,,1.0,0,0,0,0,0,,39,13828.982299804688,779.4157824394031,354.5892897385817,0.45494240394875485,0.008203618005889778,0.2607329842931937,0.6565656565656566,0.2628272251308901,0.6666666666666666,0.0010471204188481908,-0.0010471204188481908,sha256:02b33c6976a34364ae5bddce34cc3b4e293a631dda87b80fa9a1cb036f29e9ff,1ac288740082396cdf2d7e93e57ebccc068dcbb9579b2adbd2303d396a62216e,2f70a1ed3ba6d07fdd12200ea38d699cc6d27fc02d28a8eff551f8b0ce6a30ed,sha256:5d87c842f212c25fef15bbb1d300fbbb5fafc98eb97fc37f01fcfbf2ce3453e8,sha256:39c3f62c162ab0fe10acb5bc2b0c17040b2744ecee5fb9d4dd08a2d12c78dfb2,results/basis_a5_unique_shared/qwen/neg_shared/decoder/seame_dev_man/L22/neg_shared_decoder_L22_oracle_local_rho0.5.json
qwen3_asr_1p7b,seame_dev_man,decoder,23,0.8518518518518519,neg_shared,oracle_local,0.5,NOT_TESTED,0.2628272251308901,0.6666666666666666,0.6767676767676768,,0.9973082099596231,0,1,-1,0,1,,39,17148.655212402344,998.6909523988381,439.7091080103165,0.4402854626390105,0.008201892744479496,0.2617801047120419,0.6565656565656566,0.2607329842931937,0.6565656565656566,0.0010471204188481908,0.0020942408376963817,sha256:6ca86b555cc0d3014775a2d589f2e6dcc5f3e219fa8df2bc3aeec62fe5208948,1ac288740082396cdf2d7e93e57ebccc068dcbb9579b2adbd2303d396a62216e,2f70a1ed3ba6d07fdd12200ea38d699cc6d27fc02d28a8eff551f8b0ce6a30ed,sha256:5d87c842f212c25fef15bbb1d300fbbb5fafc98eb97fc37f01fcfbf2ce3453e8,sha256:39c3f62c162ab0fe10acb5bc2b0c17040b2744ecee5fb9d4dd08a2d12c78dfb2,results/basis_a5_unique_shared/qwen/neg_shared/decoder/seame_dev_man/L23/neg_shared_decoder_L23_oracle_local_rho0.5.json
qwen3_asr_1p7b,seame_dev_man,decoder,24,0.8888888888888888,neg_shared,oracle_local,0.5,STABLE,0.2607329842931937,0.6565656565656566,0.6666666666666666,,1.0,0,0,0,0,0,,39,22853.06805419922,1263.0115810296475,585.9761039538262,0.4639514892461395,0.008203618005889778,0.25968586387434556,0.6565656565656566,0.25968586387434556,0.6565656565656566,0.0010471204188481353,0.0010471204188481353,sha256:1ce972d21c818cf6a447a859309355bb794cfee4aa0146585ffa6a668fa32841,1ac288740082396cdf2d7e93e57ebccc068dcbb9579b2adbd2303d396a62216e,2f70a1ed3ba6d07fdd12200ea38d699cc6d27fc02d28a8eff551f8b0ce6a30ed,sha256:5d87c842f212c25fef15bbb1d300fbbb5fafc98eb97fc37f01fcfbf2ce3453e8,sha256:39c3f62c162ab0fe10acb5bc2b0c17040b2744ecee5fb9d4dd08a2d12c78dfb2,results/basis_a5_unique_shared/qwen/neg_shared/decoder/seame_dev_man/L24/neg_shared_decoder_L24_oracle_local_rho0.5.json
qwen3_asr_1p7b,seame_dev_man,decoder,25,0.9259259259259259,neg_shared,oracle_local,0.5,NOT_TESTED,0.2607329842931937,0.6565656565656566,0.6666666666666666,,1.0,0,0,0,0,0,,39,29379.29541015625,1622.8858235677083,753.3152669270834,0.46418254198007314,0.008207070707070708,0.2607329842931937,0.6565656565656566,0.2607329842931937,0.6565656565656566,0.0,0.0,sha256:46c0cc85d4f4085494a748af8fe80258f625f86ef738ef6d2c2a13de8f466023,1ac288740082396cdf2d7e93e57ebccc068dcbb9579b2adbd2303d396a62216e,2f70a1ed3ba6d07fdd12200ea38d699cc6d27fc02d28a8eff551f8b0ce6a30ed,sha256:5d87c842f212c25fef15bbb1d300fbbb5fafc98eb97fc37f01fcfbf2ce3453e8,sha256:39c3f62c162ab0fe10acb5bc2b0c17040b2744ecee5fb9d4dd08a2d12c78dfb2,results/basis_a5_unique_shared/qwen/neg_shared/decoder/seame_dev_man/L25/neg_shared_decoder_L25_oracle_local_rho0.5.json
qwen3_asr_1p7b,seame_dev_man,decoder,26,0.9629629629629629,neg_shared,oracle_local,0.5,STABLE,0.2617801047120419,0.6565656565656566,0.6666666666666666,,0.9986541049798116,0,0,0,0,0,,39,35138.69519042969,1945.950426933093,900.992184369992,0.46300880633942815,0.00819327731092437,0.2638743455497382,0.6565656565656566,0.2638743455497382,0.6666666666666666,-0.002094240837696326,-0.002094240837696326,sha256:2337928c0266b538849e71988390a0054136bde5b66eeae0e004caa4ab5bf194,1ac288740082396cdf2d7e93e57ebccc068dcbb9579b2adbd2303d396a62216e,2f70a1ed3ba6d07fdd12200ea38d699cc6d27fc02d28a8eff551f8b0ce6a30ed,sha256:5d87c842f212c25fef15bbb1d300fbbb5fafc98eb97fc37f01fcfbf2ce3453e8,sha256:39c3f62c162ab0fe10acb5bc2b0c17040b2744ecee5fb9d4dd08a2d12c78dfb2,results/basis_a5_unique_shared/qwen/neg_shared/decoder/seame_dev_man/L26/neg_shared_decoder_L26_oracle_local_rho0.5.json
qwen3_asr_1p7b,seame_dev_man,decoder,27,1.0,neg_shared,oracle_local,0.5,STABLE,0.2628272251308901,0.6565656565656566,0.6666666666666666,,0.9973082099596231,0,0,0,0,0,,39,43149.335998535156,2376.1504250550884,1106.3932307316707,0.46562423787038665,0.00819672131147541,0.2617801047120419,0.6565656565656566,0.2638743455497382,0.6565656565656566,0.0010471204188481908,-0.0010471204188481353,sha256:1910557b168b123471ade92c5c07e02d991d78c0efa5319fbe2b77803f776101,1ac288740082396cdf2d7e93e57ebccc068dcbb9579b2adbd2303d396a62216e,2f70a1ed3ba6d07fdd12200ea38d699cc6d27fc02d28a8eff551f8b0ce6a30ed,sha256:5d87c842f212c25fef15bbb1d300fbbb5fafc98eb97fc37f01fcfbf2ce3453e8,sha256:39c3f62c162ab0fe10acb5bc2b0c17040b2744ecee5fb9d4dd08a2d12c78dfb2,results/basis_a5_unique_shared/qwen/neg_shared/decoder/seame_dev_man/L27/neg_shared_decoder_L27_oracle_local_rho0.5.json
qwen3_asr_1p7b,seame_dev_sge,decoder,0,0.0,neg_shared,oracle_local,0.5,NOT_TESTED,0.26927502876869963,0.7613636363636364,0.7954545454545454,,1.0,1,0,1,1,0,,36,132.011137008667,7.39311487144894,3.6669760280185275,0.4959987896549286,0.008484562809333018,0.27042577675489066,0.7727272727272727,0.27042577675489066,0.7727272727272727,-0.0011507479861910253,-0.0011507479861910253,sha256:177d616d9f36dc1c4c7a9fa60155cdffbaf77dc5971bfd7e9134e3edd9caa55c,6a0a8a1a8fb2d3b2a6e91486b635c65f2ac7fcd9bcd1f12e8259a5c4b2047838,2f70a1ed3ba6d07fdd12200ea38d699cc6d27fc02d28a8eff551f8b0ce6a30ed,sha256:5d87c842f212c25fef15bbb1d300fbbb5fafc98eb97fc37f01fcfbf2ce3453e8,sha256:39c3f62c162ab0fe10acb5bc2b0c17040b2744ecee5fb9d4dd08a2d12c78dfb2,results/basis_a5_unique_shared/qwen/neg_shared/decoder/seame_dev_sge/L00/neg_shared_decoder_L0_oracle_local_rho0.5.json
qwen3_asr_1p7b,seame_dev_sge,decoder,1,0.037037037037037035,neg_shared,oracle_local,0.5,NOT_TESTED,0.35097813578826237,0.7840909090909091,0.8181818181818182,,0.8832335329341318,0,1,-1,0,1,,29,219.1679720878601,14.347881876189133,7.557516278891728,0.5267339349534038,0.006949436855978912,0.27042577675489066,0.7727272727272727,0.26927502876869963,0.7613636363636364,0.08055235903337171,0.08170310701956274,sha256:a483a6bec17577392f8dfdc6b2c5e2d104e52b6cebf070df34d9c9869235a137,6a0a8a1a8fb2d3b2a6e91486b635c65f2ac7fcd9bcd1f12e8259a5c4b2047838,2f70a1ed3ba6d07fdd12200ea38d699cc6d27fc02d28a8eff551f8b0ce6a30ed,sha256:5d87c842f212c25fef15bbb1d300fbbb5fafc98eb97fc37f01fcfbf2ce3453e8,sha256:39c3f62c162ab0fe10acb5bc2b0c17040b2744ecee5fb9d4dd08a2d12c78dfb2,results/basis_a5_unique_shared/qwen/neg_shared/decoder/seame_dev_sge/L01/neg_shared_decoder_L1_oracle_local_rho0.5.json
qwen3_asr_1p7b,seame_dev_sge,decoder,2,0.07407407407407407,neg_shared,oracle_local,0.5,NOT_TESTED,0.26927502876869963,0.7727272727272727,0.8068181818181818,,0.9940119760479041,0,0,0,0,0,,37,406.0108404159546,19.749461818385768,10.973265957187962,0.5556235434715693,0.008703834391907786,0.2669735327963176,0.7727272727272727,0.27042577675489066,0.7727272727272727,0.0023014959723820505,-0.0011507479861910253,sha256:bc0b9796f57ac808ba3f2ce3cede468a779165117185ba7a9dedb7e1bb678a06,6a0a8a1a8fb2d3b2a6e91486b635c65f2ac7fcd9bcd1f12e8259a5c4b2047838,2f70a1ed3ba6d07fdd12200ea38d699cc6d27fc02d28a8eff551f8b0ce6a30ed,sha256:5d87c842f212c25fef15bbb1d300fbbb5fafc98eb97fc37f01fcfbf2ce3453e8,sha256:39c3f62c162ab0fe10acb5bc2b0c17040b2744ecee5fb9d4dd08a2d12c78dfb2,results/basis_a5_unique_shared/qwen/neg_shared/decoder/seame_dev_sge/L02/neg_shared_decoder_L2_oracle_local_rho0.5.json
qwen3_asr_1p7b,seame_dev_sge,decoder,3,0.1111111111111111,neg_shared,oracle_local,0.5,NOT_TESTED,0.27042577675489066,0.7727272727272727,0.8068181818181818,,0.9985029940119761,0,0,0,0,0,,37,491.0129165649414,24.740033330144108,13.270619366620037,0.5364026470591152,0.008709981167608287,0.27042577675489066,0.7727272727272727,0.27042577675489066,0.7727272727272727,0.0,0.0,sha256:15b81c203452a8fa151e819e04276b3243648f79f1a26326c2878d23844051c3,6a0a8a1a8fb2d3b2a6e91486b635c65f2ac7fcd9bcd1f12e8259a5c4b2047838,2f70a1ed3ba6d07fdd12200ea38d699cc6d27fc02d28a8eff551f8b0ce6a30ed,sha256:5d87c842f212c25fef15bbb1d300fbbb5fafc98eb97fc37f01fcfbf2ce3453e8,sha256:39c3f62c162ab0fe10acb5bc2b0c17040b2744ecee5fb9d4dd08a2d12c78dfb2,results/basis_a5_unique_shared/qwen/neg_shared/decoder/seame_dev_sge/L03/neg_shared_decoder_L3_oracle_local_rho0.5.json
qwen3_asr_1p7b,seame_dev_sge,decoder,4,0.14814814814814814,neg_shared,oracle_local,0.5,NOT_TESTED,0.27042577675489066,0.7727272727272727,0.8068181818181818,,1.0,0,0,0,0,0,,36,548.0298490524292,28.907447814941406,15.223051362567478,0.5266134686127196,0.008488564017920301,0.2669735327963176,0.7727272727272727,0.2669735327963176,0.7727272727272727,0.0034522439585730758,0.0034522439585730758,sha256:579ef30d92d4679e77b85b5d6350c59e9488c2e029d50a29586b75f85dbe6d3b,6a0a8a1a8fb2d3b2a6e91486b635c65f2ac7fcd9bcd1f12e8259a5c4b2047838,2f70a1ed3ba6d07fdd12200ea38d699cc6d27fc02d28a8eff551f8b0ce6a30ed,sha256:5d87c842f212c25fef15bbb1d300fbbb5fafc98eb97fc37f01fcfbf2ce3453e8,sha256:39c3f62c162ab0fe10acb5bc2b0c17040b2744ecee5fb9d4dd08a2d12c78dfb2,results/basis_a5_unique_shared/qwen/neg_shared/decoder/seame_dev_sge/L04/neg_shared_decoder_L4_oracle_local_rho0.5.json
qwen3_asr_1p7b,seame_dev_sge,decoder,5,0.18518518518518517,neg_shared,oracle_local,0.5,NOT_TESTED,0.27042577675489066,0.7727272727272727,0.8068181818181818,,1.0,0,0,0,0,0,,36,637.0937004089355,33.490865071614586,17.697047233581543,0.5284141569869689,0.008486562942008486,0.27042577675489066,0.7727272727272727,0.27042577675489066,0.7727272727272727,0.0,0.0,sha256:d496b58206ef7e2845ae6b0dc49cc25add676a4b053231b91262f62ccb4fffb5,6a0a8a1a8fb2d3b2a6e91486b635c65f2ac7fcd9bcd1f12e8259a5c4b2047838,2f70a1ed3ba6d07fdd12200ea38d699cc6d27fc02d28a8eff551f8b0ce6a30ed,sha256:5d87c842f212c25fef15bbb1d300fbbb5fafc98eb97fc37f01fcfbf2ce3453e8,sha256:39c3f62c162ab0fe10acb5bc2b0c17040b2744ecee5fb9d4dd08a2d12c78dfb2,results/basis_a5_unique_shared/qwen/neg_shared/decoder/seame_dev_sge/L05/neg_shared_decoder_L5_oracle_local_rho0.5.json
qwen3_asr_1p7b,seame_dev_sge,decoder,6,0.2222222222222222,neg_shared,oracle_local,0.5,NOT_TESTED,0.27042577675489066,0.7727272727272727,0.8068181818181818,,1.0,0,0,0,0,0,,36,637.473955154419,37.91201718648275,17.707609865400528,0.46707116053202374,0.008488564017920301,0.27042577675489066,0.7727272727272727,0.27042577675489066,0.7727272727272727,0.0,0.0,sha256:b0debc41c44b8915655155df83c5a4d2d00f8e198e3f3c88c6c2d7470069133c,6a0a8a1a8fb2d3b2a6e91486b635c65f2ac7fcd9bcd1f12e8259a5c4b2047838,2f70a1ed3ba6d07fdd12200ea38d699cc6d27fc02d28a8eff551f8b0ce6a30ed,sha256:5d87c842f212c25fef15bbb1d300fbbb5fafc98eb97fc37f01fcfbf2ce3453e8,sha256:39c3f62c162ab0fe10acb5bc2b0c17040b2744ecee5fb9d4dd08a2d12c78dfb2,results/basis_a5_unique_shared/qwen/neg_shared/decoder/seame_dev_sge/L06/neg_shared_decoder_L6_oracle_local_rho0.5.json
qwen3_asr_1p7b,seame_dev_sge,decoder,7,0.25925925925925924,neg_shared,oracle_local,0.5,NOT_TESTED,0.27042577675489066,0.7727272727272727,0.8068181818181818,,1.0,0,0,0,0,0,,36,755.2223720550537,41.86209381951226,20.97839922375149,0.5011311501569778,0.008488564017920301,0.27042577675489066,0.7727272727272727,0.27042577675489066,0.7727272727272727,0.0,0.0,sha256:e66edf65d66c788eaf0d990f8cd0d0bc0fb266c4123ca40a32832fee17f4f763,6a0a8a1a8fb2d3b2a6e91486b635c65f2ac7fcd9bcd1f12e8259a5c4b2047838,2f70a1ed3ba6d07fdd12200ea38d699cc6d27fc02d28a8eff551f8b0ce6a30ed,sha256:5d87c842f212c25fef15bbb1d300fbbb5fafc98eb97fc37f01fcfbf2ce3453e8,sha256:39c3f62c162ab0fe10acb5bc2b0c17040b2744ecee5fb9d4dd08a2d12c78dfb2,results/basis_a5_unique_shared/qwen/neg_shared/decoder/seame_dev_sge/L07/neg_shared_decoder_L7_oracle_local_rho0.5.json
qwen3_asr_1p7b,seame_dev_sge,decoder,8,0.2962962962962963,neg_shared,oracle_local,0.5,NOT_TESTED,0.27042577675489066,0.7727272727272727,0.8068181818181818,,1.0,0,0,0,0,0,,36,781.1898250579834,44.80873499976264,21.69971736272176,0.4842742684620913,0.008488564017920301,0.27042577675489066,0.7727272727272727,0.27042577675489066,0.7727272727272727,0.0,0.0,sha256:e1bf87f544682494c5c95cbd19c62371b7d0c7c164f7645bf81c925651ce89d6,6a0a8a1a8fb2d3b2a6e91486b635c65f2ac7fcd9bcd1f12e8259a5c4b2047838,2f70a1ed3ba6d07fdd12200ea38d699cc6d27fc02d28a8eff551f8b0ce6a30ed,sha256:5d87c842f212c25fef15bbb1d300fbbb5fafc98eb97fc37f01fcfbf2ce3453e8,sha256:39c3f62c162ab0fe10acb5bc2b0c17040b2744ecee5fb9d4dd08a2d12c78dfb2,results/basis_a5_unique_shared/qwen/neg_shared/decoder/seame_dev_sge/L08/neg_shared_decoder_L8_oracle_local_rho0.5.json
qwen3_asr_1p7b,seame_dev_sge,decoder,9,0.3333333333333333,neg_shared,oracle_local,0.5,NOT_TESTED,0.27042577675489066,0.7727272727272727,0.8068181818181818,,1.0,0,0,0,0,0,,36,856.085859298706,50.55623149871826,23.78016275829739,0.4703705567710339,0.008488564017920301,0.27042577675489066,0.7727272727272727,0.27042577675489066,0.7727272727272727,0.0,0.0,sha256:ec14813d6e2d5877fa9e165c3665495ae068f361e895f87bb5b244cc9194c34e,6a0a8a1a8fb2d3b2a6e91486b635c65f2ac7fcd9bcd1f12e8259a5c4b2047838,2f70a1ed3ba6d07fdd12200ea38d699cc6d27fc02d28a8eff551f8b0ce6a30ed,sha256:5d87c842f212c25fef15bbb1d300fbbb5fafc98eb97fc37f01fcfbf2ce3453e8,sha256:39c3f62c162ab0fe10acb5bc2b0c17040b2744ecee5fb9d4dd08a2d12c78dfb2,results/basis_a5_unique_shared/qwen/neg_shared/decoder/seame_dev_sge/L09/neg_shared_decoder_L9_oracle_local_rho0.5.json
qwen3_asr_1p7b,seame_dev_sge,decoder,10,0.37037037037037035,neg_shared,oracle_local,0.5,NOT_TESTED,0.27042577675489066,0.7727272727272727,0.8068181818181818,,1.0,0,0,0,0,0,,36,1027.250072479248,60.14222431182861,28.534724235534668,0.4744540888209639,0.008488564017920301,0.27042577675489066,0.7727272727272727,0.2669735327963176,0.7727272727272727,0.0,0.0034522439585730758,sha256:8644a5aaa6930c5320d9bd18784c30c0d75e4758eb920af2844d02968e395ad2,6a0a8a1a8fb2d3b2a6e91486b635c65f2ac7fcd9bcd1f12e8259a5c4b2047838,2f70a1ed3ba6d07fdd12200ea38d699cc6d27fc02d28a8eff551f8b0ce6a30ed,sha256:5d87c842f212c25fef15bbb1d300fbbb5fafc98eb97fc37f01fcfbf2ce3453e8,sha256:39c3f62c162ab0fe10acb5bc2b0c17040b2744ecee5fb9d4dd08a2d12c78dfb2,results/basis_a5_unique_shared/qwen/neg_shared/decoder/seame_dev_sge/L10/neg_shared_decoder_L10_oracle_local_rho0.5.json
qwen3_asr_1p7b,seame_dev_sge,decoder,11,0.4074074074074074,neg_shared,oracle_local,0.5,NOT_TESTED,0.2669735327963176,0.7727272727272727,0.8068181818181818,,1.0,0,0,0,0,0,,36,1341.571002960205,79.75321578979492,37.26586119333903,0.4672646842424566,0.008486562942008486,0.27042577675489066,0.7727272727272727,0.27042577675489066,0.7727272727272727,-0.0034522439585730758,-0.0034522439585730758,sha256:3e4bcf99936f779b14d9b7e8e47f38af2ae4bdd27eb87354bbebdf25385ddab2,6a0a8a1a8fb2d3b2a6e91486b635c65f2ac7fcd9bcd1f12e8259a5c4b2047838,2f70a1ed3ba6d07fdd12200ea38d699cc6d27fc02d28a8eff551f8b0ce6a30ed,sha256:5d87c842f212c25fef15bbb1d300fbbb5fafc98eb97fc37f01fcfbf2ce3453e8,sha256:39c3f62c162ab0fe10acb5bc2b0c17040b2744ecee5fb9d4dd08a2d12c78dfb2,results/basis_a5_unique_shared/qwen/neg_shared/decoder/seame_dev_sge/L11/neg_shared_decoder_L11_oracle_local_rho0.5.json
qwen3_asr_1p7b,seame_dev_sge,decoder,12,0.4444444444444444,neg_shared,oracle_local,0.5,NOT_TESTED,0.27042577675489066,0.7727272727272727,0.8068181818181818,,1.0,0,0,0,0,0,,36,1452.4033508300781,85.94740253024631,40.344537523057724,0.4694096195502804,0.008488564017920301,0.27042577675489066,0.7727272727272727,0.27042577675489066,0.7727272727272727,0.0,0.0,sha256:ae98ee09975123553d76b2e5472abab53f5fbbad20471eb036857b3e9257b83f,6a0a8a1a8fb2d3b2a6e91486b635c65f2ac7fcd9bcd1f12e8259a5c4b2047838,2f70a1ed3ba6d07fdd12200ea38d699cc6d27fc02d28a8eff551f8b0ce6a30ed,sha256:5d87c842f212c25fef15bbb1d300fbbb5fafc98eb97fc37f01fcfbf2ce3453e8,sha256:39c3f62c162ab0fe10acb5bc2b0c17040b2744ecee5fb9d4dd08a2d12c78dfb2,results/basis_a5_unique_shared/qwen/neg_shared/decoder/seame_dev_sge/L12/neg_shared_decoder_L12_oracle_local_rho0.5.json
qwen3_asr_1p7b,seame_dev_sge,decoder,13,0.48148148148148145,neg_shared,oracle_local,0.5,NOT_TESTED,0.27042577675489066,0.7727272727272727,0.8068181818181818,,1.0,0,0,0,0,0,,36,1572.3228569030762,92.98024219936795,43.675634913974335,0.469730276893936,0.008486562942008486,0.27042577675489066,0.7727272727272727,0.2669735327963176,0.7727272727272727,0.0,0.0034522439585730758,sha256:ba6abf2abaf6dbc9f8135da2ac2705da71c9e7720d9c867866c5d78013c1727c,6a0a8a1a8fb2d3b2a6e91486b635c65f2ac7fcd9bcd1f12e8259a5c4b2047838,2f70a1ed3ba6d07fdd12200ea38d699cc6d27fc02d28a8eff551f8b0ce6a30ed,sha256:5d87c842f212c25fef15bbb1d300fbbb5fafc98eb97fc37f01fcfbf2ce3453e8,sha256:39c3f62c162ab0fe10acb5bc2b0c17040b2744ecee5fb9d4dd08a2d12c78dfb2,results/basis_a5_unique_shared/qwen/neg_shared/decoder/seame_dev_sge/L13/neg_shared_decoder_L13_oracle_local_rho0.5.json
qwen3_asr_1p7b,seame_dev_sge,decoder,14,0.5185185185185185,neg_shared,oracle_local,0.5,NOT_TESTED,0.27042577675489066,0.7727272727272727,0.8068181818181818,,1.0,0,0,0,0,0,,36,1702.6344757080078,102.10525025261774,47.295402103000214,0.4632024502754468,0.008486562942008486,0.2669735327963176,0.7727272727272727,0.27042577675489066,0.7727272727272727,0.0034522439585730758,0.0,sha256:e16032563b6c66c1d5bbde70d7dc004b944d006589d98a503fc4e16631728d97,6a0a8a1a8fb2d3b2a6e91486b635c65f2ac7fcd9bcd1f12e8259a5c4b2047838,2f70a1ed3ba6d07fdd12200ea38d699cc6d27fc02d28a8eff551f8b0ce6a30ed,sha256:5d87c842f212c25fef15bbb1d300fbbb5fafc98eb97fc37f01fcfbf2ce3453e8,sha256:39c3f62c162ab0fe10acb5bc2b0c17040b2744ecee5fb9d4dd08a2d12c78dfb2,results/basis_a5_unique_shared/qwen/neg_shared/decoder/seame_dev_sge/L14/neg_shared_decoder_L14_oracle_local_rho0.5.json
qwen3_asr_1p7b,seame_dev_sge,decoder,15,0.5555555555555556,neg_shared,oracle_local,0.5,NOT_TESTED,0.27042577675489066,0.7727272727272727,0.8068181818181818,,1.0,0,0,0,0,0,,36,1931.9011726379395,120.74729304843478,53.663921462164986,0.44443167302010683,0.008482563619227144,0.27042577675489066,0.7727272727272727,0.2669735327963176,0.7727272727272727,0.0,0.0034522439585730758,sha256:992e61a87fcc11ea49129d0eeb9bfb99a615a6a10095b17fc598d7ff67e264e3,6a0a8a1a8fb2d3b2a6e91486b635c65f2ac7fcd9bcd1f12e8259a5c4b2047838,2f70a1ed3ba6d07fdd12200ea38d699cc6d27fc02d28a8eff551f8b0ce6a30ed,sha256:5d87c842f212c25fef15bbb1d300fbbb5fafc98eb97fc37f01fcfbf2ce3453e8,sha256:39c3f62c162ab0fe10acb5bc2b0c17040b2744ecee5fb9d4dd08a2d12c78dfb2,results/basis_a5_unique_shared/qwen/neg_shared/decoder/seame_dev_sge/L15/neg_shared_decoder_L15_oracle_local_rho0.5.json
qwen3_asr_1p7b,seame_dev_sge,decoder,16,0.5925925925925926,neg_shared,oracle_local,0.5,NOT_TESTED,0.27042577675489066,0.7727272727272727,0.8068181818181818,,1.0,0,0,0,0,0,,36,2558.7351150512695,150.44479200575086,71.07597541809082,0.4724389224146349,0.008490566037735849,0.27042577675489066,0.7727272727272727,0.27042577675489066,0.7727272727272727,0.0,0.0,sha256:d6f53e3fb4ed47873883bcc6e15e5b0a34f84c91d43e5aa940a3eb342e233125,6a0a8a1a8fb2d3b2a6e91486b635c65f2ac7fcd9bcd1f12e8259a5c4b2047838,2f70a1ed3ba6d07fdd12200ea38d699cc6d27fc02d28a8eff551f8b0ce6a30ed,sha256:5d87c842f212c25fef15bbb1d300fbbb5fafc98eb97fc37f01fcfbf2ce3453e8,sha256:39c3f62c162ab0fe10acb5bc2b0c17040b2744ecee5fb9d4dd08a2d12c78dfb2,results/basis_a5_unique_shared/qwen/neg_shared/decoder/seame_dev_sge/L16/neg_shared_decoder_L16_oracle_local_rho0.5.json
qwen3_asr_1p7b,seame_dev_sge,decoder,17,0.6296296296296297,neg_shared,oracle_local,0.5,NOT_TESTED,0.2669735327963176,0.7727272727272727,0.8068181818181818,,1.0,0,0,0,0,0,,36,3395.7098846435547,200.84170065985785,94.32527457343207,0.46964984992424347,0.008488564017920301,0.2681242807825086,0.7727272727272727,0.27042577675489066,0.7727272727272727,-0.0011507479861910253,-0.0034522439585730758,sha256:0e5cf398e945b72f8bc2bb70f5d4573866d27ff637ebb22f51fd922c8d6e01dd,6a0a8a1a8fb2d3b2a6e91486b635c65f2ac7fcd9bcd1f12e8259a5c4b2047838,2f70a1ed3ba6d07fdd12200ea38d699cc6d27fc02d28a8eff551f8b0ce6a30ed,sha256:5d87c842f212c25fef15bbb1d300fbbb5fafc98eb97fc37f01fcfbf2ce3453e8,sha256:39c3f62c162ab0fe10acb5bc2b0c17040b2744ecee5fb9d4dd08a2d12c78dfb2,results/basis_a5_unique_shared/qwen/neg_shared/decoder/seame_dev_sge/L17/neg_shared_decoder_L17_oracle_local_rho0.5.json
qwen3_asr_1p7b,seame_dev_sge,decoder,18,0.6666666666666666,neg_shared,oracle_local,0.5,NOT_TESTED,0.27042577675489066,0.7727272727272727,0.8068181818181818,,1.0,0,0,0,0,0,,36,4509.294746398926,262.67127312554254,125.25818739997015,0.4768629089489492,0.008486562942008486,0.27042577675489066,0.7727272727272727,0.2715765247410817,0.7727272727272727,0.0,-0.0011507479861910253,sha256:e94585dd21ee39fa68eee068e596929967dd7cbb2f757ff84a22da6b019b8f2b,6a0a8a1a8fb2d3b2a6e91486b635c65f2ac7fcd9bcd1f12e8259a5c4b2047838,2f70a1ed3ba6d07fdd12200ea38d699cc6d27fc02d28a8eff551f8b0ce6a30ed,sha256:5d87c842f212c25fef15bbb1d300fbbb5fafc98eb97fc37f01fcfbf2ce3453e8,sha256:39c3f62c162ab0fe10acb5bc2b0c17040b2744ecee5fb9d4dd08a2d12c78dfb2,results/basis_a5_unique_shared/qwen/neg_shared/decoder/seame_dev_sge/L18/neg_shared_decoder_L18_oracle_local_rho0.5.json
qwen3_asr_1p7b,seame_dev_sge,decoder,19,0.7037037037037037,neg_shared,oracle_local,0.5,NOT_TESTED,0.27502876869965476,0.7727272727272727,0.8068181818181818,,0.9910179640718563,0,0,0,0,0,,36,5861.29704284668,332.88476223415796,162.8138067457411,0.48909960808363623,0.008480565371024734,0.2669735327963176,0.7727272727272727,0.2669735327963176,0.7727272727272727,0.008055235903337177,0.008055235903337177,sha256:d518f85d68810aff92c2245eb3be05671312aad35b4e89e7cf05a1735ea67c68,6a0a8a1a8fb2d3b2a6e91486b635c65f2ac7fcd9bcd1f12e8259a5c4b2047838,2f70a1ed3ba6d07fdd12200ea38d699cc6d27fc02d28a8eff551f8b0ce6a30ed,sha256:5d87c842f212c25fef15bbb1d300fbbb5fafc98eb97fc37f01fcfbf2ce3453e8,sha256:39c3f62c162ab0fe10acb5bc2b0c17040b2744ecee5fb9d4dd08a2d12c78dfb2,results/basis_a5_unique_shared/qwen/neg_shared/decoder/seame_dev_sge/L19/neg_shared_decoder_L19_oracle_local_rho0.5.json
qwen3_asr_1p7b,seame_dev_sge,decoder,20,0.7407407407407407,neg_shared,oracle_local,0.5,NOT_TESTED,0.2669735327963176,0.7727272727272727,0.8068181818181818,,1.0,0,0,0,0,0,,36,7876.759078979492,444.5406748453776,218.7988633049859,0.49219087405463996,0.008486562942008486,0.27042577675489066,0.7727272727272727,0.27042577675489066,0.7727272727272727,-0.0034522439585730758,-0.0034522439585730758,sha256:c85639472eee8975858fd7052dadef323d46e59f13ff869ff54ff6562849bd02,6a0a8a1a8fb2d3b2a6e91486b635c65f2ac7fcd9bcd1f12e8259a5c4b2047838,2f70a1ed3ba6d07fdd12200ea38d699cc6d27fc02d28a8eff551f8b0ce6a30ed,sha256:5d87c842f212c25fef15bbb1d300fbbb5fafc98eb97fc37f01fcfbf2ce3453e8,sha256:39c3f62c162ab0fe10acb5bc2b0c17040b2744ecee5fb9d4dd08a2d12c78dfb2,results/basis_a5_unique_shared/qwen/neg_shared/decoder/seame_dev_sge/L20/neg_shared_decoder_L20_oracle_local_rho0.5.json
qwen3_asr_1p7b,seame_dev_sge,decoder,21,0.7777777777777778,neg_shared,oracle_local,0.5,NOT_TESTED,0.27042577675489066,0.7727272727272727,0.8068181818181818,,1.0,0,0,0,0,0,,36,10687.269165039062,604.9721086290148,296.8685879177517,0.4907145035008541,0.008488564017920301,0.27042577675489066,0.7727272727272727,0.27042577675489066,0.7727272727272727,0.0,0.0,sha256:2bc6ef508eea0c60fd7a569178e6fd71eb39aa9766681050a71574659d2d2477,6a0a8a1a8fb2d3b2a6e91486b635c65f2ac7fcd9bcd1f12e8259a5c4b2047838,2f70a1ed3ba6d07fdd12200ea38d699cc6d27fc02d28a8eff551f8b0ce6a30ed,sha256:5d87c842f212c25fef15bbb1d300fbbb5fafc98eb97fc37f01fcfbf2ce3453e8,sha256:39c3f62c162ab0fe10acb5bc2b0c17040b2744ecee5fb9d4dd08a2d12c78dfb2,results/basis_a5_unique_shared/qwen/neg_shared/decoder/seame_dev_sge/L21/neg_shared_decoder_L21_oracle_local_rho0.5.json
qwen3_asr_1p7b,seame_dev_sge,decoder,22,0.8148148148148148,neg_shared,oracle_local,0.5,NOT_TESTED,0.2669735327963176,0.7727272727272727,0.8068181818181818,,1.0,0,0,0,0,0,,36,12760.707824707031,768.8485378689236,354.464106241862,0.46103242548182155,0.008486562942008486,0.2669735327963176,0.7727272727272727,0.27042577675489066,0.7727272727272727,0.0,-0.0034522439585730758,sha256:02b33c6976a34364ae5bddce34cc3b4e293a631dda87b80fa9a1cb036f29e9ff,6a0a8a1a8fb2d3b2a6e91486b635c65f2ac7fcd9bcd1f12e8259a5c4b2047838,2f70a1ed3ba6d07fdd12200ea38d699cc6d27fc02d28a8eff551f8b0ce6a30ed,sha256:5d87c842f212c25fef15bbb1d300fbbb5fafc98eb97fc37f01fcfbf2ce3453e8,sha256:39c3f62c162ab0fe10acb5bc2b0c17040b2744ecee5fb9d4dd08a2d12c78dfb2,results/basis_a5_unique_shared/qwen/neg_shared/decoder/seame_dev_sge/L22/neg_shared_decoder_L22_oracle_local_rho0.5.json
qwen3_asr_1p7b,seame_dev_sge,decoder,23,0.8518518518518519,neg_shared,oracle_local,0.5,NOT_TESTED,0.27042577675489066,0.7727272727272727,0.8068181818181818,,1.0,0,0,0,0,0,,36,15863.149322509766,965.9671512179905,440.6430367363824,0.4561677239032139,0.008490566037735849,0.2669735327963176,0.7727272727272727,0.27042577675489066,0.7727272727272727,0.0034522439585730758,0.0,sha256:6ca86b555cc0d3014775a2d589f2e6dcc5f3e219fa8df2bc3aeec62fe5208948,6a0a8a1a8fb2d3b2a6e91486b635c65f2ac7fcd9bcd1f12e8259a5c4b2047838,2f70a1ed3ba6d07fdd12200ea38d699cc6d27fc02d28a8eff551f8b0ce6a30ed,sha256:5d87c842f212c25fef15bbb1d300fbbb5fafc98eb97fc37f01fcfbf2ce3453e8,sha256:39c3f62c162ab0fe10acb5bc2b0c17040b2744ecee5fb9d4dd08a2d12c78dfb2,results/basis_a5_unique_shared/qwen/neg_shared/decoder/seame_dev_sge/L23/neg_shared_decoder_L23_oracle_local_rho0.5.json
qwen3_asr_1p7b,seame_dev_sge,decoder,24,0.8888888888888888,neg_shared,oracle_local,0.5,STABLE,0.27042577675489066,0.7727272727272727,0.8068181818181818,,1.0,0,0,0,0,0,,36,21004.028869628906,1242.1869371202256,583.4452463785807,0.4696919835038578,0.008486562942008486,0.2669735327963176,0.7727272727272727,0.2669735327963176,0.7727272727272727,0.0034522439585730758,0.0034522439585730758,sha256:1ce972d21c818cf6a447a859309355bb794cfee4aa0146585ffa6a668fa32841,6a0a8a1a8fb2d3b2a6e91486b635c65f2ac7fcd9bcd1f12e8259a5c4b2047838,2f70a1ed3ba6d07fdd12200ea38d699cc6d27fc02d28a8eff551f8b0ce6a30ed,sha256:5d87c842f212c25fef15bbb1d300fbbb5fafc98eb97fc37f01fcfbf2ce3453e8,sha256:39c3f62c162ab0fe10acb5bc2b0c17040b2744ecee5fb9d4dd08a2d12c78dfb2,results/basis_a5_unique_shared/qwen/neg_shared/decoder/seame_dev_sge/L24/neg_shared_decoder_L24_oracle_local_rho0.5.json
qwen3_asr_1p7b,seame_dev_sge,decoder,25,0.9259259259259259,neg_shared,oracle_local,0.5,NOT_TESTED,0.2669735327963176,0.7727272727272727,0.8068181818181818,,1.0,0,0,0,0,0,,36,27048.82196044922,1596.186550564236,751.3561655680338,0.4707195191579812,0.008484562809333018,0.27042577675489066,0.7727272727272727,0.27042577675489066,0.7727272727272727,-0.0034522439585730758,-0.0034522439585730758,sha256:46c0cc85d4f4085494a748af8fe80258f625f86ef738ef6d2c2a13de8f466023,6a0a8a1a8fb2d3b2a6e91486b635c65f2ac7fcd9bcd1f12e8259a5c4b2047838,2f70a1ed3ba6d07fdd12200ea38d699cc6d27fc02d28a8eff551f8b0ce6a30ed,sha256:5d87c842f212c25fef15bbb1d300fbbb5fafc98eb97fc37f01fcfbf2ce3453e8,sha256:39c3f62c162ab0fe10acb5bc2b0c17040b2744ecee5fb9d4dd08a2d12c78dfb2,results/basis_a5_unique_shared/qwen/neg_shared/decoder/seame_dev_sge/L25/neg_shared_decoder_L25_oracle_local_rho0.5.json
qwen3_asr_1p7b,seame_dev_sge,decoder,26,0.9629629629629629,neg_shared,oracle_local,0.5,STABLE,0.2681242807825086,0.7727272727272727,0.8068181818181818,,1.0,0,0,0,0,0,,36,32347.442932128906,1924.870364718967,898.5400814480251,0.4668055043692321,0.008482563619227144,0.2681242807825086,0.7727272727272727,0.27042577675489066,0.7727272727272727,0.0,-0.0023014959723820505,sha256:2337928c0266b538849e71988390a0054136bde5b66eeae0e004caa4ab5bf194,6a0a8a1a8fb2d3b2a6e91486b635c65f2ac7fcd9bcd1f12e8259a5c4b2047838,2f70a1ed3ba6d07fdd12200ea38d699cc6d27fc02d28a8eff551f8b0ce6a30ed,sha256:5d87c842f212c25fef15bbb1d300fbbb5fafc98eb97fc37f01fcfbf2ce3453e8,sha256:39c3f62c162ab0fe10acb5bc2b0c17040b2744ecee5fb9d4dd08a2d12c78dfb2,results/basis_a5_unique_shared/qwen/neg_shared/decoder/seame_dev_sge/L26/neg_shared_decoder_L26_oracle_local_rho0.5.json
qwen3_asr_1p7b,seame_dev_sge,decoder,27,1.0,neg_shared,oracle_local,0.5,STABLE,0.2727272727272727,0.7727272727272727,0.8068181818181818,,0.9910179640718563,0,0,0,0,0,,36,39753.8359375,2362.1512485080293,1104.273220486111,0.4674862463542869,0.008478568064060292,0.26927502876869963,0.7727272727272727,0.27387802071346373,0.7727272727272727,0.0034522439585730758,-0.0011507479861910253,sha256:1910557b168b123471ade92c5c07e02d991d78c0efa5319fbe2b77803f776101,6a0a8a1a8fb2d3b2a6e91486b635c65f2ac7fcd9bcd1f12e8259a5c4b2047838,2f70a1ed3ba6d07fdd12200ea38d699cc6d27fc02d28a8eff551f8b0ce6a30ed,sha256:5d87c842f212c25fef15bbb1d300fbbb5fafc98eb97fc37f01fcfbf2ce3453e8,sha256:39c3f62c162ab0fe10acb5bc2b0c17040b2744ecee5fb9d4dd08a2d12c78dfb2,results/basis_a5_unique_shared/qwen/neg_shared/decoder/seame_dev_sge/L27/neg_shared_decoder_L27_oracle_local_rho0.5.json
qwen3_asr_1p7b,cs_dialogue,encoder,0,0.0,neg_shared,oracle_local,0.5,NOT_TESTED,0.061545773183627396,0.08818342151675485,0.10185185185185185,,0.9996489750070205,2,8,-6,2,8,,4245,45650.715576171875,23.50099993055364,10.75399660216063,0.45759740580992747,0.061933733094060486,0.06160518030060001,0.08862433862433862,,,-5.9407116972616525e-05,,sha256:868be81efdb4a2c4e248bf30fa2157fb49307a0b1621dedfae6be7ab3466fb55,d1179ed50602de77c1ad3cac0e00938c113ab7ad172479ad08a02bb7d3cb4177,8b4ab88bc21aaca167fa57e6b715893bc9ebdc581173b7787befd9aba9516451,sha256:5d87c842f212c25fef15bbb1d300fbbb5fafc98eb97fc37f01fcfbf2ce3453e8,sha256:39c3f62c162ab0fe10acb5bc2b0c17040b2744ecee5fb9d4dd08a2d12c78dfb2,results/basis_a5_unique_shared/qwen/neg_shared/encoder/cs_dialogue/L00/neg_shared_encoder_L0_oracle_local_rho0.5.json
qwen3_asr_1p7b,cs_dialogue,encoder,1,0.043478260869565216,neg_shared,oracle_local,0.5,NOT_TESTED,0.061248737598764334,0.0873015873015873,0.10185185185185185,,1.0,4,8,-4,4,8,,4245,45944.457176208496,24.064415529788032,10.823193681085629,0.44975925834093855,0.061933733094060486,0.06118933048179172,0.08641975308641975,,,5.9407116972616525e-05,,sha256:ea8acfb31b113688e2c4aa5769d49cb338b13dd651454249929fc01940921f03,d1179ed50602de77c1ad3cac0e00938c113ab7ad172479ad08a02bb7d3cb4177,8b4ab88bc21aaca167fa57e6b715893bc9ebdc581173b7787befd9aba9516451,sha256:5d87c842f212c25fef15bbb1d300fbbb5fafc98eb97fc37f01fcfbf2ce3453e8,sha256:39c3f62c162ab0fe10acb5bc2b0c17040b2744ecee5fb9d4dd08a2d12c78dfb2,results/basis_a5_unique_shared/qwen/neg_shared/encoder/cs_dialogue/L01/neg_shared_encoder_L1_oracle_local_rho0.5.json
qwen3_asr_1p7b,cs_dialogue,encoder,2,0.08695652173913043,neg_shared,oracle_local,0.5,NOT_TESTED,0.06101110913087388,0.08597883597883597,0.09876543209876543,,1.0,0,1,-1,0,1,,4245,47122.35446929932,24.07307186778218,11.100672430930345,0.4611240514670983,0.061933733094060486,0.06136755183270956,0.0873015873015873,,,-0.00035644270183567833,,sha256:8404de8da57709323fbf34258d006f520dfae1f9df9375c07da560bef057a83c,d1179ed50602de77c1ad3cac0e00938c113ab7ad172479ad08a02bb7d3cb4177,8b4ab88bc21aaca167fa57e6b715893bc9ebdc581173b7787befd9aba9516451,sha256:5d87c842f212c25fef15bbb1d300fbbb5fafc98eb97fc37f01fcfbf2ce3453e8,sha256:39c3f62c162ab0fe10acb5bc2b0c17040b2744ecee5fb9d4dd08a2d12c78dfb2,results/basis_a5_unique_shared/qwen/neg_shared/encoder/cs_dialogue/L02/neg_shared_encoder_L2_oracle_local_rho0.5.json
qwen3_asr_1p7b,cs_dialogue,encoder,3,0.13043478260869565,neg_shared,oracle_local,0.5,NOT_TESTED,0.06142695894968217,0.08818342151675485,0.1009700176366843,,0.9999297950014041,1,7,-6,1,7,,4245,49583.15791320801,25.02994462766973,11.680366999577858,0.4666557267036708,0.061933733094060486,0.06118933048179172,0.08686067019400352,,,0.00023762846789045222,,sha256:b706a3b0a691a0fb565ec488c498776bb496b296f8340c349c8e806a3b915231,d1179ed50602de77c1ad3cac0e00938c113ab7ad172479ad08a02bb7d3cb4177,8b4ab88bc21aaca167fa57e6b715893bc9ebdc581173b7787befd9aba9516451,sha256:5d87c842f212c25fef15bbb1d300fbbb5fafc98eb97fc37f01fcfbf2ce3453e8,sha256:39c3f62c162ab0fe10acb5bc2b0c17040b2744ecee5fb9d4dd08a2d12c78dfb2,results/basis_a5_unique_shared/qwen/neg_shared/encoder/cs_dialogue/L03/neg_shared_encoder_L3_oracle_local_rho0.5.json
qwen3_asr_1p7b,cs_dialogue,encoder,4,0.17391304347826086,neg_shared,oracle_local,0.5,NOT_TESTED,0.06166458741757262,0.08774250440917107,0.10185185185185185,,0.9998595900028082,1,6,-5,1,6,,4245,53274.69763946533,27.040538630581015,12.549987665362858,0.4641175176580866,0.061933733094060486,0.06112992336481911,0.08774250440917107,,,0.000534664052753514,,sha256:f3d25cc0346f2e34f34f859eb5c2bb21fbb136dee71115f0e4410156c3f42ad1,d1179ed50602de77c1ad3cac0e00938c113ab7ad172479ad08a02bb7d3cb4177,8b4ab88bc21aaca167fa57e6b715893bc9ebdc581173b7787befd9aba9516451,sha256:5d87c842f212c25fef15bbb1d300fbbb5fafc98eb97fc37f01fcfbf2ce3453e8,sha256:39c3f62c162ab0fe10acb5bc2b0c17040b2744ecee5fb9d4dd08a2d12c78dfb2,results/basis_a5_unique_shared/qwen/neg_shared/encoder/cs_dialogue/L04/neg_shared_encoder_L4_oracle_local_rho0.5.json
qwen3_asr_1p7b,cs_dialogue,encoder,5,0.21739130434782608,neg_shared,oracle_local,0.5,NOT_TESTED,0.06166458741757262,0.08862433862433862,0.10185185185185185,,0.9998595900028082,1,8,-7,1,8,,4245,56085.425354003906,27.764669300164716,13.212114335454395,0.4758606772015834,0.061933733094060486,0.061248737598764334,0.08818342151675485,,,0.0004158498188082879,,sha256:e78bda24738bac80fdc1465944df1dbfa680667f9c6017de7198eeb997247114,d1179ed50602de77c1ad3cac0e00938c113ab7ad172479ad08a02bb7d3cb4177,8b4ab88bc21aaca167fa57e6b715893bc9ebdc581173b7787befd9aba9516451,sha256:5d87c842f212c25fef15bbb1d300fbbb5fafc98eb97fc37f01fcfbf2ce3453e8,sha256:39c3f62c162ab0fe10acb5bc2b0c17040b2744ecee5fb9d4dd08a2d12c78dfb2,results/basis_a5_unique_shared/qwen/neg_shared/encoder/cs_dialogue/L05/neg_shared_encoder_L5_oracle_local_rho0.5.json
qwen3_asr_1p7b,cs_dialogue,encoder,6,0.2608695652173913,neg_shared,oracle_local,0.5,NOT_TESTED,0.06118933048179172,0.0873015873015873,0.10052910052910052,,0.9999297950014041,1,5,-4,1,5,,4245,58366.45231628418,28.364170012457212,13.749458731751279,0.4847474375492982,0.061933733094060486,0.061248737598764334,0.08686067019400352,,,-5.9407116972616525e-05,,sha256:9e5754ccd7677db1f198ccc087041ca15e2c9116d3e29ace0249b9b3f67ff332,d1179ed50602de77c1ad3cac0e00938c113ab7ad172479ad08a02bb7d3cb4177,8b4ab88bc21aaca167fa57e6b715893bc9ebdc581173b7787befd9aba9516451,sha256:5d87c842f212c25fef15bbb1d300fbbb5fafc98eb97fc37f01fcfbf2ce3453e8,sha256:39c3f62c162ab0fe10acb5bc2b0c17040b2744ecee5fb9d4dd08a2d12c78dfb2,results/basis_a5_unique_shared/qwen/neg_shared/encoder/cs_dialogue/L06/neg_shared_encoder_L6_oracle_local_rho0.5.json
qwen3_asr_1p7b,cs_dialogue,encoder,7,0.30434782608695654,neg_shared,oracle_local,0.5,NOT_TESTED,0.061545773183627396,0.08818342151675485,0.10141093474426807,,0.9997893850042123,1,7,-6,1,7,,4245,59900.5786819458,28.780209210399182,14.110854813179223,0.49029715906583937,0.061933733094060486,0.061486366066654786,0.08774250440917107,,,5.9407116972609586e-05,,sha256:ad840d0af48b6333433fc75a146ecf0fc40a4627f488d8e6e047b0ada3afb61b,d1179ed50602de77c1ad3cac0e00938c113ab7ad172479ad08a02bb7d3cb4177,8b4ab88bc21aaca167fa57e6b715893bc9ebdc581173b7787befd9aba9516451,sha256:5d87c842f212c25fef15bbb1d300fbbb5fafc98eb97fc37f01fcfbf2ce3453e8,sha256:39c3f62c162ab0fe10acb5bc2b0c17040b2744ecee5fb9d4dd08a2d12c78dfb2,results/basis_a5_unique_shared/qwen/neg_shared/encoder/cs_dialogue/L07/neg_shared_encoder_L7_oracle_local_rho0.5.json
qwen3_asr_1p7b,cs_dialogue,encoder,8,0.34782608695652173,neg_shared,oracle_local,0.5,NOT_TESTED,0.06136755183270956,0.08774250440917107,0.10052910052910052,,0.9999297950014041,0,5,-5,0,5,,4245,61109.58094787598,29.13762059655431,14.395661000677498,0.49405753475902786,0.061933733094060486,0.061248737598764334,0.08641975308641975,,,0.00011881423394522611,,sha256:b3d0e638e33a24ab682a979f15bb75bea08c91e1feff661b9d76fe2dd005db09,d1179ed50602de77c1ad3cac0e00938c113ab7ad172479ad08a02bb7d3cb4177,8b4ab88bc21aaca167fa57e6b715893bc9ebdc581173b7787befd9aba9516451,sha256:5d87c842f212c25fef15bbb1d300fbbb5fafc98eb97fc37f01fcfbf2ce3453e8,sha256:39c3f62c162ab0fe10acb5bc2b0c17040b2744ecee5fb9d4dd08a2d12c78dfb2,results/basis_a5_unique_shared/qwen/neg_shared/encoder/cs_dialogue/L08/neg_shared_encoder_L8_oracle_local_rho0.5.json
qwen3_asr_1p7b,cs_dialogue,encoder,9,0.391304347826087,neg_shared,oracle_local,0.5,NOT_TESTED,0.06160518030060001,0.08950617283950617,0.10185185185185185,,0.9998595900028082,1,10,-9,1,10,,4245,60534.74599456787,28.603600563795183,14.260246406258627,0.49854725017760315,0.061933733094060486,0.06142695894968217,0.0873015873015873,,,0.00017822135091784264,,sha256:119a945bc79e40a72974beece9f8353701aa9c866df40c63a44ba1d6ca5f61b9,d1179ed50602de77c1ad3cac0e00938c113ab7ad172479ad08a02bb7d3cb4177,8b4ab88bc21aaca167fa57e6b715893bc9ebdc581173b7787befd9aba9516451,sha256:5d87c842f212c25fef15bbb1d300fbbb5fafc98eb97fc37f01fcfbf2ce3453e8,sha256:39c3f62c162ab0fe10acb5bc2b0c17040b2744ecee5fb9d4dd08a2d12c78dfb2,results/basis_a5_unique_shared/qwen/neg_shared/encoder/cs_dialogue/L09/neg_shared_encoder_L9_oracle_local_rho0.5.json
qwen3_asr_1p7b,cs_dialogue,encoder,10,0.43478260869565216,neg_shared,oracle_local,0.5,NOT_TESTED,0.061783401651517855,0.08818342151675485,0.10141093474426807,,0.9998595900028082,1,7,-6,1,7,,4245,62067.7604675293,29.433721456538944,14.62138055772186,0.49675609587158065,0.061933733094060486,0.061486366066654786,0.08686067019400352,,,0.00029703558486306875,,sha256:6d14b8f32b0d9b922bed5c5c4d3b17024660ee74834d68b42e9d7f978206425e,d1179ed50602de77c1ad3cac0e00938c113ab7ad172479ad08a02bb7d3cb4177,8b4ab88bc21aaca167fa57e6b715893bc9ebdc581173b7787befd9aba9516451,sha256:5d87c842f212c25fef15bbb1d300fbbb5fafc98eb97fc37f01fcfbf2ce3453e8,sha256:39c3f62c162ab0fe10acb5bc2b0c17040b2744ecee5fb9d4dd08a2d12c78dfb2,results/basis_a5_unique_shared/qwen/neg_shared/encoder/cs_dialogue/L10/neg_shared_encoder_L10_oracle_local_rho0.5.json
qwen3_asr_1p7b,cs_dialogue,encoder,11,0.4782608695652174,neg_shared,oracle_local,0.5,NOT_TESTED,0.06172399453454524,0.08862433862433862,0.10185185185185185,,0.9999297950014041,3,10,-7,3,10,,4245,62084.93518066406,29.287382142479203,14.625426426540415,0.49937636472217517,0.061933733094060486,0.06118933048179172,0.08686067019400352,,,0.000534664052753521,,sha256:3a58165b03c3225b9617d1b04c295eb68f3e5dc3600780e258a1ca1e32b5f5a0,d1179ed50602de77c1ad3cac0e00938c113ab7ad172479ad08a02bb7d3cb4177,8b4ab88bc21aaca167fa57e6b715893bc9ebdc581173b7787befd9aba9516451,sha256:5d87c842f212c25fef15bbb1d300fbbb5fafc98eb97fc37f01fcfbf2ce3453e8,sha256:39c3f62c162ab0fe10acb5bc2b0c17040b2744ecee5fb9d4dd08a2d12c78dfb2,results/basis_a5_unique_shared/qwen/neg_shared/encoder/cs_dialogue/L11/neg_shared_encoder_L11_oracle_local_rho0.5.json
qwen3_asr_1p7b,cs_dialogue,encoder,12,0.5217391304347826,neg_shared,oracle_local,0.5,NOT_TESTED,0.06142695894968217,0.08818342151675485,0.10052910052910052,,0.9999297950014041,4,10,-6,4,10,,4245,60704.78088378906,29.024368972688457,14.300301739408495,0.4926998327806847,0.061933733094060486,0.06142695894968217,0.0890652557319224,,,0.0,,sha256:33547fad5b724d4d4337e6e6c8ae136b38a79a3be6dd7e909e92b6dd8ae6ee41,d1179ed50602de77c1ad3cac0e00938c113ab7ad172479ad08a02bb7d3cb4177,8b4ab88bc21aaca167fa57e6b715893bc9ebdc581173b7787befd9aba9516451,sha256:5d87c842f212c25fef15bbb1d300fbbb5fafc98eb97fc37f01fcfbf2ce3453e8,sha256:39c3f62c162ab0fe10acb5bc2b0c17040b2744ecee5fb9d4dd08a2d12c78dfb2,results/basis_a5_unique_shared/qwen/neg_shared/encoder/cs_dialogue/L12/neg_shared_encoder_L12_oracle_local_rho0.5.json
qwen3_asr_1p7b,cs_dialogue,encoder,13,0.5652173913043478,neg_shared,oracle_local,0.5,NOT_TESTED,0.06118933048179172,0.08818342151675485,0.10052910052910052,,0.9999297950014041,4,10,-6,4,10,,4245,58447.314697265625,27.794632209625064,13.768507584750441,0.49536570518038786,0.061933733094060486,0.06202103011940831,0.09215167548500881,,,-0.0008316996376165897,,sha256:75d8f68cb89cea3671b14f9898b9ed71b0cc3938b9def7d1bd10a0e70364fd80,d1179ed50602de77c1ad3cac0e00938c113ab7ad172479ad08a02bb7d3cb4177,8b4ab88bc21aaca167fa57e6b715893bc9ebdc581173b7787befd9aba9516451,sha256:5d87c842f212c25fef15bbb1d300fbbb5fafc98eb97fc37f01fcfbf2ce3453e8,sha256:39c3f62c162ab0fe10acb5bc2b0c17040b2744ecee5fb9d4dd08a2d12c78dfb2,results/basis_a5_unique_shared/qwen/neg_shared/encoder/cs_dialogue/L13/neg_shared_encoder_L13_oracle_local_rho0.5.json
qwen3_asr_1p7b,cs_dialogue,encoder,14,0.6086956521739131,neg_shared,oracle_local,0.5,NOT_TESTED,0.06202103011940831,0.08994708994708994,0.1027336860670194,,0.9997893850042123,3,13,-10,3,13,,4245,57644.978744506836,27.759871343785658,13.579500293170044,0.4891773497433719,0.061933733094060486,0.0629121368739975,0.09567901234567901,,,-0.0008911067545891993,,sha256:1a8c8b6551cbb5c54f12ccf73951b246e75ce7bb96de581a7366633708e636ba,d1179ed50602de77c1ad3cac0e00938c113ab7ad172479ad08a02bb7d3cb4177,8b4ab88bc21aaca167fa57e6b715893bc9ebdc581173b7787befd9aba9516451,sha256:5d87c842f212c25fef15bbb1d300fbbb5fafc98eb97fc37f01fcfbf2ce3453e8,sha256:39c3f62c162ab0fe10acb5bc2b0c17040b2744ecee5fb9d4dd08a2d12c78dfb2,results/basis_a5_unique_shared/qwen/neg_shared/encoder/cs_dialogue/L14/neg_shared_encoder_L14_oracle_local_rho0.5.json
qwen3_asr_1p7b,cs_dialogue,encoder,15,0.6521739130434783,neg_shared,oracle_local,0.5,NOT_TESTED,0.06142695894968217,0.08862433862433862,0.10185185185185185,,0.9999297950014041,1,8,-7,1,8,,4245,55622.43452453613,26.70714438790006,13.10304700224644,0.490619544041665,0.061933733094060486,0.06196162300243569,0.09391534391534391,,,-0.000534664052753521,,sha256:7fecd0706dfb642b7bf29f7c2422bed78e495385ce843a156e02daa39fe5ebff,d1179ed50602de77c1ad3cac0e00938c113ab7ad172479ad08a02bb7d3cb4177,8b4ab88bc21aaca167fa57e6b715893bc9ebdc581173b7787befd9aba9516451,sha256:5d87c842f212c25fef15bbb1d300fbbb5fafc98eb97fc37f01fcfbf2ce3453e8,sha256:39c3f62c162ab0fe10acb5bc2b0c17040b2744ecee5fb9d4dd08a2d12c78dfb2,results/basis_a5_unique_shared/qwen/neg_shared/encoder/cs_dialogue/L15/neg_shared_encoder_L15_oracle_local_rho0.5.json
qwen3_asr_1p7b,cs_dialogue,encoder,16,0.6956521739130435,neg_shared,oracle_local,0.5,NOT_TESTED,0.061545773183627396,0.08818342151675485,0.10052910052910052,,0.9998595900028082,2,8,-6,2,8,,4245,52821.33676147461,25.835673528341015,12.44318887196104,0.4816281974732033,0.061933733094060486,0.0629121368739975,0.09700176366843033,,,-0.0013663636903701107,,sha256:136ef74c64ea0998fadfce07a4b9966a2c479a4ccc06aadcf13a57ac41220650,d1179ed50602de77c1ad3cac0e00938c113ab7ad172479ad08a02bb7d3cb4177,8b4ab88bc21aaca167fa57e6b715893bc9ebdc581173b7787befd9aba9516451,sha256:5d87c842f212c25fef15bbb1d300fbbb5fafc98eb97fc37f01fcfbf2ce3453e8,sha256:39c3f62c162ab0fe10acb5bc2b0c17040b2744ecee5fb9d4dd08a2d12c78dfb2,results/basis_a5_unique_shared/qwen/neg_shared/encoder/cs_dialogue/L16/neg_shared_encoder_L16_oracle_local_rho0.5.json
qwen3_asr_1p7b,cs_dialogue,encoder,17,0.7391304347826086,neg_shared,oracle_local,0.5,NOT_TESTED,0.061308144715736944,0.08818342151675485,0.1009700176366843,,0.9998595900028082,1,7,-6,1,7,,4245,53234.6266708374,26.2701173887938,12.540548096781485,0.47736932085925815,0.061933733094060486,0.0628527297570249,0.09656084656084656,,,-0.0015445850412879533,,sha256:80e514809c2ebf38edc47605137c1fe4f097a9a9c3103845382e69c2122eb77b,d1179ed50602de77c1ad3cac0e00938c113ab7ad172479ad08a02bb7d3cb4177,8b4ab88bc21aaca167fa57e6b715893bc9ebdc581173b7787befd9aba9516451,sha256:5d87c842f212c25fef15bbb1d300fbbb5fafc98eb97fc37f01fcfbf2ce3453e8,sha256:39c3f62c162ab0fe10acb5bc2b0c17040b2744ecee5fb9d4dd08a2d12c78dfb2,results/basis_a5_unique_shared/qwen/neg_shared/encoder/cs_dialogue/L17/neg_shared_encoder_L17_oracle_local_rho0.5.json
qwen3_asr_1p7b,cs_dialogue,encoder,18,0.782608695652174,neg_shared,oracle_local,0.5,NOT_TESTED,0.061248737598764334,0.0873015873015873,0.09964726631393298,,1.0,1,5,-4,1,5,,4245,52454.17042541504,25.51804995767079,12.35669503543346,0.4842335153325071,0.061933733094060486,0.06338739380977841,0.09876543209876543,,,-0.002138656211014077,,sha256:be0e5ad28bb0f72614ceb3af1cd71bcaa6f01e2791fd9b33a413b416c5634167,d1179ed50602de77c1ad3cac0e00938c113ab7ad172479ad08a02bb7d3cb4177,8b4ab88bc21aaca167fa57e6b715893bc9ebdc581173b7787befd9aba9516451,sha256:5d87c842f212c25fef15bbb1d300fbbb5fafc98eb97fc37f01fcfbf2ce3453e8,sha256:39c3f62c162ab0fe10acb5bc2b0c17040b2744ecee5fb9d4dd08a2d12c78dfb2,results/basis_a5_unique_shared/qwen/neg_shared/encoder/cs_dialogue/L18/neg_shared_encoder_L18_oracle_local_rho0.5.json
qwen3_asr_1p7b,cs_dialogue,encoder,19,0.8260869565217391,neg_shared,oracle_local,0.5,NOT_TESTED,0.061308144715736944,0.0873015873015873,0.09964726631393298,,1.0,0,4,-4,0,4,,4245,53223.93421173096,25.54746127179149,12.538029260714007,0.490773980526903,0.061933733094060486,0.061486366066654786,0.08862433862433862,,,-0.00017822135091784264,,sha256:150ada9840534eca432ff2bc0f38dff2cc302661000273e536d0ca1769f5b046,d1179ed50602de77c1ad3cac0e00938c113ab7ad172479ad08a02bb7d3cb4177,8b4ab88bc21aaca167fa57e6b715893bc9ebdc581173b7787befd9aba9516451,sha256:5d87c842f212c25fef15bbb1d300fbbb5fafc98eb97fc37f01fcfbf2ce3453e8,sha256:39c3f62c162ab0fe10acb5bc2b0c17040b2744ecee5fb9d4dd08a2d12c78dfb2,results/basis_a5_unique_shared/qwen/neg_shared/encoder/cs_dialogue/L19/neg_shared_encoder_L19_oracle_local_rho0.5.json
qwen3_asr_1p7b,cs_dialogue,encoder,20,0.8695652173913043,neg_shared,oracle_local,0.5,NOT_TESTED,0.06172399453454524,0.0890652557319224,0.10229276895943562,,1.0,1,9,-8,1,9,,4245,57021.767082214355,27.15594120093032,13.432689536446256,0.4946501186261985,0.061933733094060486,0.06142695894968217,0.0873015873015873,,,0.00029703558486306875,,sha256:4ff8190b7768329795c6cfccc49027e8c5d77187fda272eee7296383a18a355d,d1179ed50602de77c1ad3cac0e00938c113ab7ad172479ad08a02bb7d3cb4177,8b4ab88bc21aaca167fa57e6b715893bc9ebdc581173b7787befd9aba9516451,sha256:5d87c842f212c25fef15bbb1d300fbbb5fafc98eb97fc37f01fcfbf2ce3453e8,sha256:39c3f62c162ab0fe10acb5bc2b0c17040b2744ecee5fb9d4dd08a2d12c78dfb2,results/basis_a5_unique_shared/qwen/neg_shared/encoder/cs_dialogue/L20/neg_shared_encoder_L20_oracle_local_rho0.5.json
qwen3_asr_1p7b,cs_dialogue,encoder,21,0.9130434782608695,neg_shared,oracle_local,0.5,NOT_TESTED,0.06118933048179172,0.0873015873015873,0.10008818342151675,,1.0,2,6,-4,2,6,,4245,58049.027572631836,27.693179314099996,13.674682584836711,0.49379243999890754,0.061933733094060486,0.06190221588546308,0.08950617283950617,,,-0.0007128854036713636,,sha256:47b209fbb58609493341345b2abac980c1b616865fabd443ba35ed868d11b599,d1179ed50602de77c1ad3cac0e00938c113ab7ad172479ad08a02bb7d3cb4177,8b4ab88bc21aaca167fa57e6b715893bc9ebdc581173b7787befd9aba9516451,sha256:5d87c842f212c25fef15bbb1d300fbbb5fafc98eb97fc37f01fcfbf2ce3453e8,sha256:39c3f62c162ab0fe10acb5bc2b0c17040b2744ecee5fb9d4dd08a2d12c78dfb2,results/basis_a5_unique_shared/qwen/neg_shared/encoder/cs_dialogue/L21/neg_shared_encoder_L21_oracle_local_rho0.5.json
qwen3_asr_1p7b,cs_dialogue,encoder,22,0.9565217391304348,neg_shared,oracle_local,0.5,NOT_TESTED,0.061486366066654786,0.0873015873015873,0.10008818342151675,,0.9998595900028082,1,5,-4,1,5,,4245,61299.600814819336,29.315737523235057,14.440424220216569,0.49258266856739946,0.061933733094060486,0.06101110913087388,0.08641975308641975,,,0.00047525693578090444,,sha256:1f273307b482acaa998022f53822ee22e4235541e5780b5cf2fe4c7bac24916c,d1179ed50602de77c1ad3cac0e00938c113ab7ad172479ad08a02bb7d3cb4177,8b4ab88bc21aaca167fa57e6b715893bc9ebdc581173b7787befd9aba9516451,sha256:5d87c842f212c25fef15bbb1d300fbbb5fafc98eb97fc37f01fcfbf2ce3453e8,sha256:39c3f62c162ab0fe10acb5bc2b0c17040b2744ecee5fb9d4dd08a2d12c78dfb2,results/basis_a5_unique_shared/qwen/neg_shared/encoder/cs_dialogue/L22/neg_shared_encoder_L22_oracle_local_rho0.5.json
qwen3_asr_1p7b,cs_dialogue,encoder,23,1.0,neg_shared,oracle_local,0.5,NOT_TESTED,0.06136755183270956,0.0873015873015873,0.10008818342151675,,1.0,1,5,-4,1,5,,4245,75132.12016296387,36.34015651024413,17.69896823626946,0.487036103746009,0.061933733094060486,0.06202103011940831,0.09259259259259259,,,-0.0006534782866987471,,sha256:44c02841f13f7ec66fbf5eb10ffe73e31784e47ef6a9fe1cc564aed25c00eec5,d1179ed50602de77c1ad3cac0e00938c113ab7ad172479ad08a02bb7d3cb4177,8b4ab88bc21aaca167fa57e6b715893bc9ebdc581173b7787befd9aba9516451,sha256:5d87c842f212c25fef15bbb1d300fbbb5fafc98eb97fc37f01fcfbf2ce3453e8,sha256:39c3f62c162ab0fe10acb5bc2b0c17040b2744ecee5fb9d4dd08a2d12c78dfb2,results/basis_a5_unique_shared/qwen/neg_shared/encoder/cs_dialogue/L23/neg_shared_encoder_L23_oracle_local_rho0.5.json
qwen3_asr_1p7b,seame_dev_man,encoder,0,0.0,neg_shared,oracle_local,0.5,NOT_TESTED,0.2670157068062827,0.6565656565656566,0.6666666666666666,,0.9825033647375505,1,1,0,1,1,,636,6977.255416870117,24.620603621380884,10.970527385015908,0.4455832015218727,0.21450252951096122,0.2649214659685864,0.6565656565656566,,,0.002094240837696326,,sha256:868be81efdb4a2c4e248bf30fa2157fb49307a0b1621dedfae6be7ab3466fb55,90c54e06be3d19143155f8244930003fd646c5ef32a0ee4bb22f177c9a01abea,8b4ab88bc21aaca167fa57e6b715893bc9ebdc581173b7787befd9aba9516451,sha256:5d87c842f212c25fef15bbb1d300fbbb5fafc98eb97fc37f01fcfbf2ce3453e8,sha256:39c3f62c162ab0fe10acb5bc2b0c17040b2744ecee5fb9d4dd08a2d12c78dfb2,results/basis_a5_unique_shared/qwen/neg_shared/encoder/seame_dev_man/L00/neg_shared_encoder_L0_oracle_local_rho0.5.json
qwen3_asr_1p7b,seame_dev_man,encoder,1,0.043478260869565216,neg_shared,oracle_local,0.5,NOT_TESTED,0.2806282722513089,0.696969696969697,0.7070707070707071,,0.9784656796769852,0,4,-4,0,4,,636,6976.986801147461,24.92982757616343,10.970105033250725,0.44003934643092973,0.21450252951096122,0.26910994764397905,0.6565656565656566,,,0.011518324607329822,,sha256:ea8acfb31b113688e2c4aa5769d49cb338b13dd651454249929fc01940921f03,90c54e06be3d19143155f8244930003fd646c5ef32a0ee4bb22f177c9a01abea,8b4ab88bc21aaca167fa57e6b715893bc9ebdc581173b7787befd9aba9516451,sha256:5d87c842f212c25fef15bbb1d300fbbb5fafc98eb97fc37f01fcfbf2ce3453e8,sha256:39c3f62c162ab0fe10acb5bc2b0c17040b2744ecee5fb9d4dd08a2d12c78dfb2,results/basis_a5_unique_shared/qwen/neg_shared/encoder/seame_dev_man/L01/neg_shared_encoder_L1_oracle_local_rho0.5.json
qwen3_asr_1p7b,seame_dev_man,encoder,2,0.08695652173913043,neg_shared,oracle_local,0.5,NOT_TESTED,0.2743455497382199,0.6767676767676768,0.696969696969697,,0.9825033647375505,0,2,-2,0,2,,636,7142.129957199097,24.54139415573024,11.229764083646378,0.4575846022596197,0.21450252951096122,0.26910994764397905,0.6666666666666666,,,0.005235602094240843,,sha256:8404de8da57709323fbf34258d006f520dfae1f9df9375c07da560bef057a83c,90c54e06be3d19143155f8244930003fd646c5ef32a0ee4bb22f177c9a01abea,8b4ab88bc21aaca167fa57e6b715893bc9ebdc581173b7787befd9aba9516451,sha256:5d87c842f212c25fef15bbb1d300fbbb5fafc98eb97fc37f01fcfbf2ce3453e8,sha256:39c3f62c162ab0fe10acb5bc2b0c17040b2744ecee5fb9d4dd08a2d12c78dfb2,results/basis_a5_unique_shared/qwen/neg_shared/encoder/seame_dev_man/L02/neg_shared_encoder_L2_oracle_local_rho0.5.json
qwen3_asr_1p7b,seame_dev_man,encoder,3,0.13043478260869565,neg_shared,oracle_local,0.5,NOT_TESTED,0.26910994764397905,0.6565656565656566,0.6767676767676768,,0.9865410497981157,0,0,0,0,0,,636,7459.990886688232,25.544171219351906,11.72954541932112,0.4591867678382527,0.21450252951096122,0.2680628272251309,0.6666666666666666,,,0.0010471204188481353,,sha256:b706a3b0a691a0fb565ec488c498776bb496b296f8340c349c8e806a3b915231,90c54e06be3d19143155f8244930003fd646c5ef32a0ee4bb22f177c9a01abea,8b4ab88bc21aaca167fa57e6b715893bc9ebdc581173b7787befd9aba9516451,sha256:5d87c842f212c25fef15bbb1d300fbbb5fafc98eb97fc37f01fcfbf2ce3453e8,sha256:39c3f62c162ab0fe10acb5bc2b0c17040b2744ecee5fb9d4dd08a2d12c78dfb2,results/basis_a5_unique_shared/qwen/neg_shared/encoder/seame_dev_man/L03/neg_shared_encoder_L3_oracle_local_rho0.5.json
qwen3_asr_1p7b,seame_dev_man,encoder,4,0.17391304347826086,neg_shared,oracle_local,0.5,NOT_TESTED,0.26910994764397905,0.6666666666666666,0.6868686868686869,,0.9851951547779273,0,1,-1,0,1,,636,8073.33028793335,26.960609903875387,12.693915547065014,0.4708319133848808,0.21450252951096122,0.28272251308900526,0.6868686868686869,,,-0.013612565445026203,,sha256:f3d25cc0346f2e34f34f859eb5c2bb21fbb136dee71115f0e4410156c3f42ad1,90c54e06be3d19143155f8244930003fd646c5ef32a0ee4bb22f177c9a01abea,8b4ab88bc21aaca167fa57e6b715893bc9ebdc581173b7787befd9aba9516451,sha256:5d87c842f212c25fef15bbb1d300fbbb5fafc98eb97fc37f01fcfbf2ce3453e8,sha256:39c3f62c162ab0fe10acb5bc2b0c17040b2744ecee5fb9d4dd08a2d12c78dfb2,results/basis_a5_unique_shared/qwen/neg_shared/encoder/seame_dev_man/L04/neg_shared_encoder_L4_oracle_local_rho0.5.json
qwen3_asr_1p7b,seame_dev_man,encoder,5,0.21739130434782608,neg_shared,oracle_local,0.5,NOT_TESTED,0.2649214659685864,0.6666666666666666,0.6868686868686869,,0.990578734858681,0,1,-1,0,1,,636,8433.995223999023,27.96945525115391,13.26099877987268,0.4741243138557581,0.21450252951096122,0.2712041884816754,0.6666666666666666,,,-0.0062827225130889786,,sha256:e78bda24738bac80fdc1465944df1dbfa680667f9c6017de7198eeb997247114,90c54e06be3d19143155f8244930003fd646c5ef32a0ee4bb22f177c9a01abea,8b4ab88bc21aaca167fa57e6b715893bc9ebdc581173b7787befd9aba9516451,sha256:5d87c842f212c25fef15bbb1d300fbbb5fafc98eb97fc37f01fcfbf2ce3453e8,sha256:39c3f62c162ab0fe10acb5bc2b0c17040b2744ecee5fb9d4dd08a2d12c78dfb2,results/basis_a5_unique_shared/qwen/neg_shared/encoder/seame_dev_man/L05/neg_shared_encoder_L5_oracle_local_rho0.5.json
qwen3_asr_1p7b,seame_dev_man,encoder,6,0.2608695652173913,neg_shared,oracle_local,0.5,NOT_TESTED,0.27015706806282724,0.6767676767676768,0.696969696969697,,0.9865410497981157,0,2,-2,0,2,,636,8784.533407211304,28.622415902479638,13.812159445300791,0.4825644170764847,0.21450252951096122,0.2732984293193717,0.6868686868686869,,,-0.0031413612565444615,,sha256:9e5754ccd7677db1f198ccc087041ca15e2c9116d3e29ace0249b9b3f67ff332,90c54e06be3d19143155f8244930003fd646c5ef32a0ee4bb22f177c9a01abea,8b4ab88bc21aaca167fa57e6b715893bc9ebdc581173b7787befd9aba9516451,sha256:5d87c842f212c25fef15bbb1d300fbbb5fafc98eb97fc37f01fcfbf2ce3453e8,sha256:39c3f62c162ab0fe10acb5bc2b0c17040b2744ecee5fb9d4dd08a2d12c78dfb2,results/basis_a5_unique_shared/qwen/neg_shared/encoder/seame_dev_man/L06/neg_shared_encoder_L6_oracle_local_rho0.5.json
qwen3_asr_1p7b,seame_dev_man,encoder,7,0.30434782608695654,neg_shared,oracle_local,0.5,NOT_TESTED,0.2638743455497382,0.6565656565656566,0.6666666666666666,,0.9865410497981157,1,1,0,1,1,,636,9012.881572723389,29.01279507043227,14.171197441388976,0.48844647359851345,0.21450252951096122,0.2649214659685864,0.6767676767676768,,,-0.0010471204188481908,,sha256:ad840d0af48b6333433fc75a146ecf0fc40a4627f488d8e6e047b0ada3afb61b,90c54e06be3d19143155f8244930003fd646c5ef32a0ee4bb22f177c9a01abea,8b4ab88bc21aaca167fa57e6b715893bc9ebdc581173b7787befd9aba9516451,sha256:5d87c842f212c25fef15bbb1d300fbbb5fafc98eb97fc37f01fcfbf2ce3453e8,sha256:39c3f62c162ab0fe10acb5bc2b0c17040b2744ecee5fb9d4dd08a2d12c78dfb2,results/basis_a5_unique_shared/qwen/neg_shared/encoder/seame_dev_man/L07/neg_shared_encoder_L7_oracle_local_rho0.5.json
qwen3_asr_1p7b,seame_dev_man,encoder,8,0.34782608695652173,neg_shared,oracle_local,0.5,NOT_TESTED,0.27015706806282724,0.6767676767676768,0.6868686868686869,,0.9865410497981157,0,2,-2,0,2,,636,9128.703716278076,29.50217450339839,14.353307729996976,0.48651694227974956,0.21450252951096122,0.2712041884816754,0.6767676767676768,,,-0.0010471204188481353,,sha256:b3d0e638e33a24ab682a979f15bb75bea08c91e1feff661b9d76fe2dd005db09,90c54e06be3d19143155f8244930003fd646c5ef32a0ee4bb22f177c9a01abea,8b4ab88bc21aaca167fa57e6b715893bc9ebdc581173b7787befd9aba9516451,sha256:5d87c842f212c25fef15bbb1d300fbbb5fafc98eb97fc37f01fcfbf2ce3453e8,sha256:39c3f62c162ab0fe10acb5bc2b0c17040b2744ecee5fb9d4dd08a2d12c78dfb2,results/basis_a5_unique_shared/qwen/neg_shared/encoder/seame_dev_man/L08/neg_shared_encoder_L8_oracle_local_rho0.5.json
qwen3_asr_1p7b,seame_dev_man,encoder,9,0.391304347826087,neg_shared,oracle_local,0.5,NOT_TESTED,0.27015706806282724,0.6666666666666666,0.6767676767676768,,0.9811574697173621,0,1,-1,0,1,,636,9083.599283218384,28.69295550892188,14.282388810091799,0.4977663874901554,0.21450252951096122,0.2680628272251309,0.6666666666666666,,,0.002094240837696326,,sha256:119a945bc79e40a72974beece9f8353701aa9c866df40c63a44ba1d6ca5f61b9,90c54e06be3d19143155f8244930003fd646c5ef32a0ee4bb22f177c9a01abea,8b4ab88bc21aaca167fa57e6b715893bc9ebdc581173b7787befd9aba9516451,sha256:5d87c842f212c25fef15bbb1d300fbbb5fafc98eb97fc37f01fcfbf2ce3453e8,sha256:39c3f62c162ab0fe10acb5bc2b0c17040b2744ecee5fb9d4dd08a2d12c78dfb2,results/basis_a5_unique_shared/qwen/neg_shared/encoder/seame_dev_man/L09/neg_shared_encoder_L9_oracle_local_rho0.5.json
qwen3_asr_1p7b,seame_dev_man,encoder,10,0.43478260869565216,neg_shared,oracle_local,0.5,NOT_TESTED,0.27015706806282724,0.6767676767676768,0.696969696969697,,0.9919246298788694,0,2,-2,0,2,,636,9337.06761932373,29.30181960339816,14.680923929754293,0.5010243093589906,0.21450252951096122,0.26910994764397905,0.696969696969697,,,0.0010471204188481908,,sha256:6d14b8f32b0d9b922bed5c5c4d3b17024660ee74834d68b42e9d7f978206425e,90c54e06be3d19143155f8244930003fd646c5ef32a0ee4bb22f177c9a01abea,8b4ab88bc21aaca167fa57e6b715893bc9ebdc581173b7787befd9aba9516451,sha256:5d87c842f212c25fef15bbb1d300fbbb5fafc98eb97fc37f01fcfbf2ce3453e8,sha256:39c3f62c162ab0fe10acb5bc2b0c17040b2744ecee5fb9d4dd08a2d12c78dfb2,results/basis_a5_unique_shared/qwen/neg_shared/encoder/seame_dev_man/L10/neg_shared_encoder_L10_oracle_local_rho0.5.json
qwen3_asr_1p7b,seame_dev_man,encoder,11,0.4782608695652174,neg_shared,oracle_local,0.5,NOT_TESTED,0.2649214659685864,0.6666666666666666,0.6767676767676768,,0.9878869448183042,0,1,-1,0,1,,636,9348.84928894043,29.19242551791593,14.699448567516399,0.5035363902357163,0.21450252951096122,0.2649214659685864,0.6666666666666666,,,0.0,,sha256:3a58165b03c3225b9617d1b04c295eb68f3e5dc3600780e258a1ca1e32b5f5a0,90c54e06be3d19143155f8244930003fd646c5ef32a0ee4bb22f177c9a01abea,8b4ab88bc21aaca167fa57e6b715893bc9ebdc581173b7787befd9aba9516451,sha256:5d87c842f212c25fef15bbb1d300fbbb5fafc98eb97fc37f01fcfbf2ce3453e8,sha256:39c3f62c162ab0fe10acb5bc2b0c17040b2744ecee5fb9d4dd08a2d12c78dfb2,results/basis_a5_unique_shared/qwen/neg_shared/encoder/seame_dev_man/L11/neg_shared_encoder_L11_oracle_local_rho0.5.json
qwen3_asr_1p7b,seame_dev_man,encoder,12,0.5217391304347826,neg_shared,oracle_local,0.5,NOT_TESTED,0.27225130890052357,0.6868686868686869,0.7070707070707071,,0.9851951547779273,0,3,-3,0,3,,636,9162.553199768066,28.677784038039874,14.40653018831457,0.5023585563377182,0.21450252951096122,0.27015706806282724,0.6868686868686869,,,0.002094240837696326,,sha256:33547fad5b724d4d4337e6e6c8ae136b38a79a3be6dd7e909e92b6dd8ae6ee41,90c54e06be3d19143155f8244930003fd646c5ef32a0ee4bb22f177c9a01abea,8b4ab88bc21aaca167fa57e6b715893bc9ebdc581173b7787befd9aba9516451,sha256:5d87c842f212c25fef15bbb1d300fbbb5fafc98eb97fc37f01fcfbf2ce3453e8,sha256:39c3f62c162ab0fe10acb5bc2b0c17040b2744ecee5fb9d4dd08a2d12c78dfb2,results/basis_a5_unique_shared/qwen/neg_shared/encoder/seame_dev_man/L12/neg_shared_encoder_L12_oracle_local_rho0.5.json
qwen3_asr_1p7b,seame_dev_man,encoder,13,0.5652173913043478,neg_shared,oracle_local,0.5,NOT_TESTED,0.2806282722513089,0.6868686868686869,0.7070707070707071,,0.971736204576043,0,3,-3,0,3,,636,8805.951606750488,27.409140682820254,13.84583585967058,0.505153956480985,0.21450252951096122,0.26910994764397905,0.6767676767676768,,,0.011518324607329822,,sha256:75d8f68cb89cea3671b14f9898b9ed71b0cc3938b9def7d1bd10a0e70364fd80,90c54e06be3d19143155f8244930003fd646c5ef32a0ee4bb22f177c9a01abea,8b4ab88bc21aaca167fa57e6b715893bc9ebdc581173b7787befd9aba9516451,sha256:5d87c842f212c25fef15bbb1d300fbbb5fafc98eb97fc37f01fcfbf2ce3453e8,sha256:39c3f62c162ab0fe10acb5bc2b0c17040b2744ecee5fb9d4dd08a2d12c78dfb2,results/basis_a5_unique_shared/qwen/neg_shared/encoder/seame_dev_man/L13/neg_shared_encoder_L13_oracle_local_rho0.5.json
qwen3_asr_1p7b,seame_dev_man,encoder,14,0.6086956521739131,neg_shared,oracle_local,0.5,NOT_TESTED,0.2680628272251309,0.6767676767676768,0.6868686868686869,,0.9811574697173621,0,2,-2,0,2,,636,8691.106494903564,27.415714575809503,13.665261784439567,0.49844631066071976,0.21450252951096122,0.2712041884816754,0.6868686868686869,,,-0.0031413612565444615,,sha256:1a8c8b6551cbb5c54f12ccf73951b246e75ce7bb96de581a7366633708e636ba,90c54e06be3d19143155f8244930003fd646c5ef32a0ee4bb22f177c9a01abea,8b4ab88bc21aaca167fa57e6b715893bc9ebdc581173b7787befd9aba9516451,sha256:5d87c842f212c25fef15bbb1d300fbbb5fafc98eb97fc37f01fcfbf2ce3453e8,sha256:39c3f62c162ab0fe10acb5bc2b0c17040b2744ecee5fb9d4dd08a2d12c78dfb2,results/basis_a5_unique_shared/qwen/neg_shared/encoder/seame_dev_man/L14/neg_shared_encoder_L14_oracle_local_rho0.5.json
qwen3_asr_1p7b,seame_dev_man,encoder,15,0.6521739130434783,neg_shared,oracle_local,0.5,NOT_TESTED,0.26910994764397905,0.6666666666666666,0.6767676767676768,,0.9838492597577388,0,1,-1,0,1,,636,8427.77039718628,26.39504255138853,13.251211316330627,0.502034095627307,0.21450252951096122,0.2680628272251309,0.6868686868686869,,,0.0010471204188481353,,sha256:7fecd0706dfb642b7bf29f7c2422bed78e495385ce843a156e02daa39fe5ebff,90c54e06be3d19143155f8244930003fd646c5ef32a0ee4bb22f177c9a01abea,8b4ab88bc21aaca167fa57e6b715893bc9ebdc581173b7787befd9aba9516451,sha256:5d87c842f212c25fef15bbb1d300fbbb5fafc98eb97fc37f01fcfbf2ce3453e8,sha256:39c3f62c162ab0fe10acb5bc2b0c17040b2744ecee5fb9d4dd08a2d12c78dfb2,results/basis_a5_unique_shared/qwen/neg_shared/encoder/seame_dev_man/L15/neg_shared_encoder_L15_oracle_local_rho0.5.json
qwen3_asr_1p7b,seame_dev_man,encoder,16,0.6956521739130435,neg_shared,oracle_local,0.5,NOT_TESTED,0.27015706806282724,0.6868686868686869,0.696969696969697,,0.9838492597577388,0,3,-3,0,3,,636,7973.694183349609,25.334989349797087,12.537255005266681,0.4948592964522835,0.21450252951096122,0.2743455497382199,0.7070707070707071,,,-0.004188481675392652,,sha256:136ef74c64ea0998fadfce07a4b9966a2c479a4ccc06aadcf13a57ac41220650,90c54e06be3d19143155f8244930003fd646c5ef32a0ee4bb22f177c9a01abea,8b4ab88bc21aaca167fa57e6b715893bc9ebdc581173b7787befd9aba9516451,sha256:5d87c842f212c25fef15bbb1d300fbbb5fafc98eb97fc37f01fcfbf2ce3453e8,sha256:39c3f62c162ab0fe10acb5bc2b0c17040b2744ecee5fb9d4dd08a2d12c78dfb2,results/basis_a5_unique_shared/qwen/neg_shared/encoder/seame_dev_man/L16/neg_shared_encoder_L16_oracle_local_rho0.5.json
qwen3_asr_1p7b,seame_dev_man,encoder,17,0.7391304347826086,neg_shared,oracle_local,0.5,NOT_TESTED,0.2670157068062827,0.6666666666666666,0.6767676767676768,,0.9892328398384926,0,1,-1,0,1,,636,8007.978843688965,25.790577582593233,12.591161703913468,0.4882078217748635,0.21450252951096122,0.2628272251308901,0.6767676767676768,,,0.004188481675392652,,sha256:80e514809c2ebf38edc47605137c1fe4f097a9a9c3103845382e69c2122eb77b,90c54e06be3d19143155f8244930003fd646c5ef32a0ee4bb22f177c9a01abea,8b4ab88bc21aaca167fa57e6b715893bc9ebdc581173b7787befd9aba9516451,sha256:5d87c842f212c25fef15bbb1d300fbbb5fafc98eb97fc37f01fcfbf2ce3453e8,sha256:39c3f62c162ab0fe10acb5bc2b0c17040b2744ecee5fb9d4dd08a2d12c78dfb2,results/basis_a5_unique_shared/qwen/neg_shared/encoder/seame_dev_man/L17/neg_shared_encoder_L17_oracle_local_rho0.5.json
qwen3_asr_1p7b,seame_dev_man,encoder,18,0.782608695652174,neg_shared,oracle_local,0.5,NOT_TESTED,0.27225130890052357,0.6767676767676768,0.6868686868686869,,0.9865410497981157,0,2,-2,0,2,,636,7883.109203338623,25.273110641623443,12.394825791412929,0.4904353075952322,0.21450252951096122,0.26596858638743454,0.6868686868686869,,,0.006282722513089034,,sha256:be0e5ad28bb0f72614ceb3af1cd71bcaa6f01e2791fd9b33a413b416c5634167,90c54e06be3d19143155f8244930003fd646c5ef32a0ee4bb22f177c9a01abea,8b4ab88bc21aaca167fa57e6b715893bc9ebdc581173b7787befd9aba9516451,sha256:5d87c842f212c25fef15bbb1d300fbbb5fafc98eb97fc37f01fcfbf2ce3453e8,sha256:39c3f62c162ab0fe10acb5bc2b0c17040b2744ecee5fb9d4dd08a2d12c78dfb2,results/basis_a5_unique_shared/qwen/neg_shared/encoder/seame_dev_man/L18/neg_shared_encoder_L18_oracle_local_rho0.5.json
qwen3_asr_1p7b,seame_dev_man,encoder,19,0.8260869565217391,neg_shared,oracle_local,0.5,NOT_TESTED,0.2712041884816754,0.6868686868686869,0.696969696969697,,0.9892328398384926,0,3,-3,0,3,,636,7977.125114440918,25.47480479426354,12.542649551007733,0.4923550799428347,0.21450252951096122,0.2628272251308901,0.6565656565656566,,,0.008376963350785305,,sha256:150ada9840534eca432ff2bc0f38dff2cc302661000273e536d0ca1769f5b046,90c54e06be3d19143155f8244930003fd646c5ef32a0ee4bb22f177c9a01abea,8b4ab88bc21aaca167fa57e6b715893bc9ebdc581173b7787befd9aba9516451,sha256:5d87c842f212c25fef15bbb1d300fbbb5fafc98eb97fc37f01fcfbf2ce3453e8,sha256:39c3f62c162ab0fe10acb5bc2b0c17040b2744ecee5fb9d4dd08a2d12c78dfb2,results/basis_a5_unique_shared/qwen/neg_shared/encoder/seame_dev_man/L19/neg_shared_encoder_L19_oracle_local_rho0.5.json
qwen3_asr_1p7b,seame_dev_man,encoder,20,0.8695652173913043,neg_shared,oracle_local,0.5,NOT_TESTED,0.2617801047120419,0.6565656565656566,0.6666666666666666,,0.9932705248990579,0,0,0,0,0,,636,8520.663793563843,27.439183037236052,13.39727011566642,0.48825324345428933,0.21450252951096122,0.2607329842931937,0.6767676767676768,,,0.0010471204188481908,,sha256:4ff8190b7768329795c6cfccc49027e8c5d77187fda272eee7296383a18a355d,90c54e06be3d19143155f8244930003fd646c5ef32a0ee4bb22f177c9a01abea,8b4ab88bc21aaca167fa57e6b715893bc9ebdc581173b7787befd9aba9516451,sha256:5d87c842f212c25fef15bbb1d300fbbb5fafc98eb97fc37f01fcfbf2ce3453e8,sha256:39c3f62c162ab0fe10acb5bc2b0c17040b2744ecee5fb9d4dd08a2d12c78dfb2,results/basis_a5_unique_shared/qwen/neg_shared/encoder/seame_dev_man/L20/neg_shared_encoder_L20_oracle_local_rho0.5.json
qwen3_asr_1p7b,seame_dev_man,encoder,21,0.9130434782608695,neg_shared,oracle_local,0.5,NOT_TESTED,0.26910994764397905,0.696969696969697,0.7070707070707071,,0.9919246298788694,0,4,-4,0,4,,636,8677.143947601318,27.971159317208535,13.643308093712765,0.48776341155509667,0.21450252951096122,0.2638743455497382,0.6868686868686869,,,0.005235602094240843,,sha256:47b209fbb58609493341345b2abac980c1b616865fabd443ba35ed868d11b599,90c54e06be3d19143155f8244930003fd646c5ef32a0ee4bb22f177c9a01abea,8b4ab88bc21aaca167fa57e6b715893bc9ebdc581173b7787befd9aba9516451,sha256:5d87c842f212c25fef15bbb1d300fbbb5fafc98eb97fc37f01fcfbf2ce3453e8,sha256:39c3f62c162ab0fe10acb5bc2b0c17040b2744ecee5fb9d4dd08a2d12c78dfb2,results/basis_a5_unique_shared/qwen/neg_shared/encoder/seame_dev_man/L21/neg_shared_encoder_L21_oracle_local_rho0.5.json
qwen3_asr_1p7b,seame_dev_man,encoder,22,0.9565217391304348,neg_shared,oracle_local,0.5,NOT_TESTED,0.2628272251308901,0.6565656565656566,0.6767676767676768,,0.9986541049798116,0,0,0,0,0,,636,9182.27922821045,29.547551317035026,14.437545956305737,0.4886207253317154,0.21450252951096122,0.2638743455497382,0.6666666666666666,,,-0.0010471204188481353,,sha256:1f273307b482acaa998022f53822ee22e4235541e5780b5cf2fe4c7bac24916c,90c54e06be3d19143155f8244930003fd646c5ef32a0ee4bb22f177c9a01abea,8b4ab88bc21aaca167fa57e6b715893bc9ebdc581173b7787befd9aba9516451,sha256:5d87c842f212c25fef15bbb1d300fbbb5fafc98eb97fc37f01fcfbf2ce3453e8,sha256:39c3f62c162ab0fe10acb5bc2b0c17040b2744ecee5fb9d4dd08a2d12c78dfb2,results/basis_a5_unique_shared/qwen/neg_shared/encoder/seame_dev_man/L22/neg_shared_encoder_L22_oracle_local_rho0.5.json
qwen3_asr_1p7b,seame_dev_man,encoder,23,1.0,neg_shared,oracle_local,0.5,NOT_TESTED,0.2649214659685864,0.6666666666666666,0.6767676767676768,,0.9946164199192463,0,1,-1,0,1,,636,11209.589427947998,37.606087282768584,17.62514060998113,0.46867786264106004,0.21450252951096122,0.2680628272251309,0.696969696969697,,,-0.003141361256544517,,sha256:44c02841f13f7ec66fbf5eb10ffe73e31784e47ef6a9fe1cc564aed25c00eec5,90c54e06be3d19143155f8244930003fd646c5ef32a0ee4bb22f177c9a01abea,8b4ab88bc21aaca167fa57e6b715893bc9ebdc581173b7787befd9aba9516451,sha256:5d87c842f212c25fef15bbb1d300fbbb5fafc98eb97fc37f01fcfbf2ce3453e8,sha256:39c3f62c162ab0fe10acb5bc2b0c17040b2744ecee5fb9d4dd08a2d12c78dfb2,results/basis_a5_unique_shared/qwen/neg_shared/encoder/seame_dev_man/L23/neg_shared_encoder_L23_oracle_local_rho0.5.json
qwen3_asr_1p7b,seame_dev_sge,encoder,0,0.0,neg_shared,oracle_local,0.5,NOT_TESTED,0.2669735327963176,0.75,0.7840909090909091,,0.9850299401197605,2,0,2,2,0,,582,6364.101943969727,24.5540740416222,10.93488306524008,0.4453388487264515,0.22761048103245993,0.2773302646720368,0.7840909090909091,,,-0.010356731875719227,,sha256:868be81efdb4a2c4e248bf30fa2157fb49307a0b1621dedfae6be7ab3466fb55,ad094de2d46740670176cedef56225306d00052a070380541fe2fbab4fcdacfd,8b4ab88bc21aaca167fa57e6b715893bc9ebdc581173b7787befd9aba9516451,sha256:5d87c842f212c25fef15bbb1d300fbbb5fafc98eb97fc37f01fcfbf2ce3453e8,sha256:39c3f62c162ab0fe10acb5bc2b0c17040b2744ecee5fb9d4dd08a2d12c78dfb2,results/basis_a5_unique_shared/qwen/neg_shared/encoder/seame_dev_sge/L00/neg_shared_encoder_L0_oracle_local_rho0.5.json
qwen3_asr_1p7b,seame_dev_sge,encoder,1,0.043478260869565216,neg_shared,oracle_local,0.5,NOT_TESTED,0.27042577675489066,0.7613636363636364,0.7954545454545454,,0.9910179640718563,1,0,1,1,0,,582,6385.165363311768,24.799156385598724,10.971074507408535,0.4423970854822956,0.22761048103245993,0.27502876869965476,0.7954545454545454,,,-0.004602991944764101,,sha256:ea8acfb31b113688e2c4aa5769d49cb338b13dd651454249929fc01940921f03,ad094de2d46740670176cedef56225306d00052a070380541fe2fbab4fcdacfd,8b4ab88bc21aaca167fa57e6b715893bc9ebdc581173b7787befd9aba9516451,sha256:5d87c842f212c25fef15bbb1d300fbbb5fafc98eb97fc37f01fcfbf2ce3453e8,sha256:39c3f62c162ab0fe10acb5bc2b0c17040b2744ecee5fb9d4dd08a2d12c78dfb2,results/basis_a5_unique_shared/qwen/neg_shared/encoder/seame_dev_sge/L01/neg_shared_encoder_L1_oracle_local_rho0.5.json
qwen3_asr_1p7b,seame_dev_sge,encoder,2,0.08695652173913043,neg_shared,oracle_local,0.5,NOT_TESTED,0.2681242807825086,0.7727272727272727,0.8068181818181818,,0.9910179640718563,0,0,0,0,0,,582,6538.501289367676,24.488499356299332,11.234538297882604,0.45876793569193014,0.22761048103245993,0.2669735327963176,0.7727272727272727,,,0.0011507479861910253,,sha256:8404de8da57709323fbf34258d006f520dfae1f9df9375c07da560bef057a83c,ad094de2d46740670176cedef56225306d00052a070380541fe2fbab4fcdacfd,8b4ab88bc21aaca167fa57e6b715893bc9ebdc581173b7787befd9aba9516451,sha256:5d87c842f212c25fef15bbb1d300fbbb5fafc98eb97fc37f01fcfbf2ce3453e8,sha256:39c3f62c162ab0fe10acb5bc2b0c17040b2744ecee5fb9d4dd08a2d12c78dfb2,results/basis_a5_unique_shared/qwen/neg_shared/encoder/seame_dev_sge/L02/neg_shared_encoder_L2_oracle_local_rho0.5.json
qwen3_asr_1p7b,seame_dev_sge,encoder,3,0.13043478260869565,neg_shared,oracle_local,0.5,NOT_TESTED,0.27042577675489066,0.7727272727272727,0.8068181818181818,,0.9955089820359282,0,0,0,0,0,,582,6791.8735427856445,25.644627771017067,11.669885812346468,0.4550616182284965,0.22761048103245993,0.27042577675489066,0.7840909090909091,,,0.0,,sha256:b706a3b0a691a0fb565ec488c498776bb496b296f8340c349c8e806a3b915231,ad094de2d46740670176cedef56225306d00052a070380541fe2fbab4fcdacfd,8b4ab88bc21aaca167fa57e6b715893bc9ebdc581173b7787befd9aba9516451,sha256:5d87c842f212c25fef15bbb1d300fbbb5fafc98eb97fc37f01fcfbf2ce3453e8,sha256:39c3f62c162ab0fe10acb5bc2b0c17040b2744ecee5fb9d4dd08a2d12c78dfb2,results/basis_a5_unique_shared/qwen/neg_shared/encoder/seame_dev_sge/L03/neg_shared_encoder_L3_oracle_local_rho0.5.json
qwen3_asr_1p7b,seame_dev_sge,encoder,4,0.17391304347826086,neg_shared,oracle_local,0.5,NOT_TESTED,0.26927502876869963,0.7386363636363636,0.7727272727272727,,0.9910179640718563,3,0,3,3,0,,582,7365.909385681152,27.13702549885229,12.656201693610228,0.466381317073439,0.22761048103245993,0.27042577675489066,0.7840909090909091,,,-0.0011507479861910253,,sha256:f3d25cc0346f2e34f34f859eb5c2bb21fbb136dee71115f0e4410156c3f42ad1,ad094de2d46740670176cedef56225306d00052a070380541fe2fbab4fcdacfd,8b4ab88bc21aaca167fa57e6b715893bc9ebdc581173b7787befd9aba9516451,sha256:5d87c842f212c25fef15bbb1d300fbbb5fafc98eb97fc37f01fcfbf2ce3453e8,sha256:39c3f62c162ab0fe10acb5bc2b0c17040b2744ecee5fb9d4dd08a2d12c78dfb2,results/basis_a5_unique_shared/qwen/neg_shared/encoder/seame_dev_sge/L04/neg_shared_encoder_L4_oracle_local_rho0.5.json
qwen3_asr_1p7b,seame_dev_sge,encoder,5,0.21739130434782608,neg_shared,oracle_local,0.5,NOT_TESTED,0.27042577675489066,0.7840909090909091,0.8181818181818182,,0.9940119760479041,1,2,-1,1,2,,582,7724.499141693115,28.075374917885693,13.272335295005353,0.47273937868413224,0.22761048103245993,0.2761795166858458,0.7727272727272727,,,-0.005753739930955126,,sha256:e78bda24738bac80fdc1465944df1dbfa680667f9c6017de7198eeb997247114,ad094de2d46740670176cedef56225306d00052a070380541fe2fbab4fcdacfd,8b4ab88bc21aaca167fa57e6b715893bc9ebdc581173b7787befd9aba9516451,sha256:5d87c842f212c25fef15bbb1d300fbbb5fafc98eb97fc37f01fcfbf2ce3453e8,sha256:39c3f62c162ab0fe10acb5bc2b0c17040b2744ecee5fb9d4dd08a2d12c78dfb2,results/basis_a5_unique_shared/qwen/neg_shared/encoder/seame_dev_sge/L05/neg_shared_encoder_L5_oracle_local_rho0.5.json
qwen3_asr_1p7b,seame_dev_sge,encoder,6,0.2608695652173913,neg_shared,oracle_local,0.5,NOT_TESTED,0.2727272727272727,0.7954545454545454,0.8295454545454546,,0.9955089820359282,0,2,-2,0,2,,582,8061.677139282227,28.60777533095317,13.851678933474616,0.48419280329314224,0.22761048103245993,0.27502876869965476,0.7954545454545454,,,-0.0023014959723820505,,sha256:9e5754ccd7677db1f198ccc087041ca15e2c9116d3e29ace0249b9b3f67ff332,ad094de2d46740670176cedef56225306d00052a070380541fe2fbab4fcdacfd,8b4ab88bc21aaca167fa57e6b715893bc9ebdc581173b7787befd9aba9516451,sha256:5d87c842f212c25fef15bbb1d300fbbb5fafc98eb97fc37f01fcfbf2ce3453e8,sha256:39c3f62c162ab0fe10acb5bc2b0c17040b2744ecee5fb9d4dd08a2d12c78dfb2,results/basis_a5_unique_shared/qwen/neg_shared/encoder/seame_dev_sge/L06/neg_shared_encoder_L6_oracle_local_rho0.5.json
qwen3_asr_1p7b,seame_dev_sge,encoder,7,0.30434782608695654,neg_shared,oracle_local,0.5,NOT_TESTED,0.2773302646720368,0.7954545454545454,0.8295454545454546,,0.9940119760479041,1,3,-2,1,3,,582,8266.843864440918,28.971347258263027,14.204199079795393,0.49028438177807415,0.22761048103245993,0.27963176064441886,0.8181818181818182,,,-0.0023014959723820505,,sha256:ad840d0af48b6333433fc75a146ecf0fc40a4627f488d8e6e047b0ada3afb61b,ad094de2d46740670176cedef56225306d00052a070380541fe2fbab4fcdacfd,8b4ab88bc21aaca167fa57e6b715893bc9ebdc581173b7787befd9aba9516451,sha256:5d87c842f212c25fef15bbb1d300fbbb5fafc98eb97fc37f01fcfbf2ce3453e8,sha256:39c3f62c162ab0fe10acb5bc2b0c17040b2744ecee5fb9d4dd08a2d12c78dfb2,results/basis_a5_unique_shared/qwen/neg_shared/encoder/seame_dev_sge/L07/neg_shared_encoder_L7_oracle_local_rho0.5.json
qwen3_asr_1p7b,seame_dev_sge,encoder,8,0.34782608695652173,neg_shared,oracle_local,0.5,NOT_TESTED,0.2807825086306099,0.7613636363636364,0.7954545454545454,,0.9835329341317365,2,1,1,2,1,,582,8365.186882019043,29.476447967319555,14.373173336802479,0.48761551435023553,0.22761048103245993,0.27042577675489066,0.7840909090909091,,,0.010356731875719227,,sha256:b3d0e638e33a24ab682a979f15bb75bea08c91e1feff661b9d76fe2dd005db09,ad094de2d46740670176cedef56225306d00052a070380541fe2fbab4fcdacfd,8b4ab88bc21aaca167fa57e6b715893bc9ebdc581173b7787befd9aba9516451,sha256:5d87c842f212c25fef15bbb1d300fbbb5fafc98eb97fc37f01fcfbf2ce3453e8,sha256:39c3f62c162ab0fe10acb5bc2b0c17040b2744ecee5fb9d4dd08a2d12c78dfb2,results/basis_a5_unique_shared/qwen/neg_shared/encoder/seame_dev_sge/L08/neg_shared_encoder_L8_oracle_local_rho0.5.json
qwen3_asr_1p7b,seame_dev_sge,encoder,9,0.391304347826087,neg_shared,oracle_local,0.5,NOT_TESTED,0.27848101265822783,0.8068181818181818,0.8409090909090909,,0.9925149700598802,0,3,-3,0,3,,582,8317.11211013794,28.74797843330095,14.290570635975842,0.4970982801149592,0.22761048103245993,0.27848101265822783,0.7954545454545454,,,0.0,,sha256:119a945bc79e40a72974beece9f8353701aa9c866df40c63a44ba1d6ca5f61b9,ad094de2d46740670176cedef56225306d00052a070380541fe2fbab4fcdacfd,8b4ab88bc21aaca167fa57e6b715893bc9ebdc581173b7787befd9aba9516451,sha256:5d87c842f212c25fef15bbb1d300fbbb5fafc98eb97fc37f01fcfbf2ce3453e8,sha256:39c3f62c162ab0fe10acb5bc2b0c17040b2744ecee5fb9d4dd08a2d12c78dfb2,results/basis_a5_unique_shared/qwen/neg_shared/encoder/seame_dev_sge/L09/neg_shared_encoder_L9_oracle_local_rho0.5.json
qwen3_asr_1p7b,seame_dev_sge,encoder,10,0.43478260869565216,neg_shared,oracle_local,0.5,NOT_TESTED,0.2773302646720368,0.7840909090909091,0.8181818181818182,,0.9910179640718563,1,2,-1,1,2,,582,8554.19662475586,29.234484721704856,14.69793234494134,0.5027600959913278,0.22761048103245993,0.27502876869965476,0.7954545454545454,,,0.0023014959723820505,,sha256:6d14b8f32b0d9b922bed5c5c4d3b17024660ee74834d68b42e9d7f978206425e,ad094de2d46740670176cedef56225306d00052a070380541fe2fbab4fcdacfd,8b4ab88bc21aaca167fa57e6b715893bc9ebdc581173b7787befd9aba9516451,sha256:5d87c842f212c25fef15bbb1d300fbbb5fafc98eb97fc37f01fcfbf2ce3453e8,sha256:39c3f62c162ab0fe10acb5bc2b0c17040b2744ecee5fb9d4dd08a2d12c78dfb2,results/basis_a5_unique_shared/qwen/neg_shared/encoder/seame_dev_sge/L10/neg_shared_encoder_L10_oracle_local_rho0.5.json
qwen3_asr_1p7b,seame_dev_sge,encoder,11,0.4782608695652174,neg_shared,oracle_local,0.5,NOT_TESTED,0.27502876869965476,0.7727272727272727,0.8068181818181818,,0.9895209580838323,2,2,0,2,2,,582,8542.276279449463,29.25338690059701,14.677450651975022,0.5017350880378053,0.22761048103245993,0.27963176064441886,0.7840909090909091,,,-0.004602991944764101,,sha256:3a58165b03c3225b9617d1b04c295eb68f3e5dc3600780e258a1ca1e32b5f5a0,ad094de2d46740670176cedef56225306d00052a070380541fe2fbab4fcdacfd,8b4ab88bc21aaca167fa57e6b715893bc9ebdc581173b7787befd9aba9516451,sha256:5d87c842f212c25fef15bbb1d300fbbb5fafc98eb97fc37f01fcfbf2ce3453e8,sha256:39c3f62c162ab0fe10acb5bc2b0c17040b2744ecee5fb9d4dd08a2d12c78dfb2,results/basis_a5_unique_shared/qwen/neg_shared/encoder/seame_dev_sge/L11/neg_shared_encoder_L11_oracle_local_rho0.5.json
qwen3_asr_1p7b,seame_dev_sge,encoder,12,0.5217391304347826,neg_shared,oracle_local,0.5,NOT_TESTED,0.26352128883774456,0.7613636363636364,0.7954545454545454,,0.9940119760479041,2,1,1,2,1,,582,8360.92679977417,28.82967958745268,14.365853607859398,0.4983008418210703,0.22761048103245993,0.2899884925201381,0.8181818181818182,,,-0.026467203682393525,,sha256:33547fad5b724d4d4337e6e6c8ae136b38a79a3be6dd7e909e92b6dd8ae6ee41,ad094de2d46740670176cedef56225306d00052a070380541fe2fbab4fcdacfd,8b4ab88bc21aaca167fa57e6b715893bc9ebdc581173b7787befd9aba9516451,sha256:5d87c842f212c25fef15bbb1d300fbbb5fafc98eb97fc37f01fcfbf2ce3453e8,sha256:39c3f62c162ab0fe10acb5bc2b0c17040b2744ecee5fb9d4dd08a2d12c78dfb2,results/basis_a5_unique_shared/qwen/neg_shared/encoder/seame_dev_sge/L12/neg_shared_encoder_L12_oracle_local_rho0.5.json
qwen3_asr_1p7b,seame_dev_sge,encoder,13,0.5652173913043478,neg_shared,oracle_local,0.5,NOT_TESTED,0.27387802071346373,0.7727272727272727,0.8068181818181818,,0.9925149700598802,3,3,0,3,3,,582,8040.131378173828,27.488596886703647,13.814658725384584,0.5025596170776834,0.22761048103245993,0.28883774453394706,0.8522727272727273,,,-0.014959723820483328,,sha256:75d8f68cb89cea3671b14f9898b9ed71b0cc3938b9def7d1bd10a0e70364fd80,ad094de2d46740670176cedef56225306d00052a070380541fe2fbab4fcdacfd,8b4ab88bc21aaca167fa57e6b715893bc9ebdc581173b7787befd9aba9516451,sha256:5d87c842f212c25fef15bbb1d300fbbb5fafc98eb97fc37f01fcfbf2ce3453e8,sha256:39c3f62c162ab0fe10acb5bc2b0c17040b2744ecee5fb9d4dd08a2d12c78dfb2,results/basis_a5_unique_shared/qwen/neg_shared/encoder/seame_dev_sge/L13/neg_shared_encoder_L13_oracle_local_rho0.5.json
qwen3_asr_1p7b,seame_dev_sge,encoder,14,0.6086956521739131,neg_shared,oracle_local,0.5,NOT_TESTED,0.28768699654775604,0.8295454545454546,0.8636363636363636,,0.9835329341317365,0,5,-5,0,5,,582,7914.169086456299,27.496280303116105,13.598228670887112,0.49454793597467245,0.22761048103245993,0.285385500575374,0.8522727272727273,,,0.0023014959723820505,,sha256:1a8c8b6551cbb5c54f12ccf73951b246e75ce7bb96de581a7366633708e636ba,ad094de2d46740670176cedef56225306d00052a070380541fe2fbab4fcdacfd,8b4ab88bc21aaca167fa57e6b715893bc9ebdc581173b7787befd9aba9516451,sha256:5d87c842f212c25fef15bbb1d300fbbb5fafc98eb97fc37f01fcfbf2ce3453e8,sha256:39c3f62c162ab0fe10acb5bc2b0c17040b2744ecee5fb9d4dd08a2d12c78dfb2,results/basis_a5_unique_shared/qwen/neg_shared/encoder/seame_dev_sge/L14/neg_shared_encoder_L14_oracle_local_rho0.5.json
qwen3_asr_1p7b,seame_dev_sge,encoder,15,0.6521739130434783,neg_shared,oracle_local,0.5,NOT_TESTED,0.2727272727272727,0.7840909090909091,0.8181818181818182,,0.9925149700598802,0,1,-1,0,1,,582,7657.969863891602,26.626675674595784,13.15802382111959,0.49416697682893684,0.22761048103245993,0.28768699654775604,0.8295454545454546,,,-0.014959723820483328,,sha256:7fecd0706dfb642b7bf29f7c2422bed78e495385ce843a156e02daa39fe5ebff,ad094de2d46740670176cedef56225306d00052a070380541fe2fbab4fcdacfd,8b4ab88bc21aaca167fa57e6b715893bc9ebdc581173b7787befd9aba9516451,sha256:5d87c842f212c25fef15bbb1d300fbbb5fafc98eb97fc37f01fcfbf2ce3453e8,sha256:39c3f62c162ab0fe10acb5bc2b0c17040b2744ecee5fb9d4dd08a2d12c78dfb2,results/basis_a5_unique_shared/qwen/neg_shared/encoder/seame_dev_sge/L15/neg_shared_encoder_L15_oracle_local_rho0.5.json
qwen3_asr_1p7b,seame_dev_sge,encoder,16,0.6956521739130435,neg_shared,oracle_local,0.5,NOT_TESTED,0.2715765247410817,0.7954545454545454,0.8295454545454546,,0.9925149700598802,0,2,-2,0,2,,582,7221.400470733643,25.706766344837305,12.407904588889421,0.4826707654493192,0.22761048103245993,0.2899884925201381,0.8863636363636364,,,-0.018411967779056404,,sha256:136ef74c64ea0998fadfce07a4b9966a2c479a4ccc06aadcf13a57ac41220650,ad094de2d46740670176cedef56225306d00052a070380541fe2fbab4fcdacfd,8b4ab88bc21aaca167fa57e6b715893bc9ebdc581173b7787befd9aba9516451,sha256:5d87c842f212c25fef15bbb1d300fbbb5fafc98eb97fc37f01fcfbf2ce3453e8,sha256:39c3f62c162ab0fe10acb5bc2b0c17040b2744ecee5fb9d4dd08a2d12c78dfb2,results/basis_a5_unique_shared/qwen/neg_shared/encoder/seame_dev_sge/L16/neg_shared_encoder_L16_oracle_local_rho0.5.json
qwen3_asr_1p7b,seame_dev_sge,encoder,17,0.7391304347826086,neg_shared,oracle_local,0.5,NOT_TESTED,0.2681242807825086,0.7613636363636364,0.7954545454545454,,0.9955089820359282,1,0,1,1,0,,582,7254.550090789795,26.035411139943754,12.464862698951539,0.4787657330222774,0.22761048103245993,0.2727272727272727,0.8295454545454546,,,-0.004602991944764101,,sha256:80e514809c2ebf38edc47605137c1fe4f097a9a9c3103845382e69c2122eb77b,ad094de2d46740670176cedef56225306d00052a070380541fe2fbab4fcdacfd,8b4ab88bc21aaca167fa57e6b715893bc9ebdc581173b7787befd9aba9516451,sha256:5d87c842f212c25fef15bbb1d300fbbb5fafc98eb97fc37f01fcfbf2ce3453e8,sha256:39c3f62c162ab0fe10acb5bc2b0c17040b2744ecee5fb9d4dd08a2d12c78dfb2,results/basis_a5_unique_shared/qwen/neg_shared/encoder/seame_dev_sge/L17/neg_shared_encoder_L17_oracle_local_rho0.5.json
qwen3_asr_1p7b,seame_dev_sge,encoder,18,0.782608695652174,neg_shared,oracle_local,0.5,NOT_TESTED,0.27042577675489066,0.7840909090909091,0.8181818181818182,,0.9970059880239521,1,2,-1,1,2,,582,7144.802604675293,25.490495806297485,12.276293135180916,0.48160276004313846,0.22761048103245993,0.27848101265822783,0.7840909090909091,,,-0.008055235903337177,,sha256:be0e5ad28bb0f72614ceb3af1cd71bcaa6f01e2791fd9b33a413b416c5634167,ad094de2d46740670176cedef56225306d00052a070380541fe2fbab4fcdacfd,8b4ab88bc21aaca167fa57e6b715893bc9ebdc581173b7787befd9aba9516451,sha256:5d87c842f212c25fef15bbb1d300fbbb5fafc98eb97fc37f01fcfbf2ce3453e8,sha256:39c3f62c162ab0fe10acb5bc2b0c17040b2744ecee5fb9d4dd08a2d12c78dfb2,results/basis_a5_unique_shared/qwen/neg_shared/encoder/seame_dev_sge/L18/neg_shared_encoder_L18_oracle_local_rho0.5.json
qwen3_asr_1p7b,seame_dev_sge,encoder,19,0.8260869565217391,neg_shared,oracle_local,0.5,NOT_TESTED,0.2727272727272727,0.7613636363636364,0.7954545454545454,,0.9925149700598802,1,0,1,1,0,,582,7238.64274597168,25.68058716554412,12.437530491360274,0.4843164375948468,0.22761048103245993,0.2715765247410817,0.7613636363636364,,,0.0011507479861910253,,sha256:150ada9840534eca432ff2bc0f38dff2cc302661000273e536d0ca1769f5b046,ad094de2d46740670176cedef56225306d00052a070380541fe2fbab4fcdacfd,8b4ab88bc21aaca167fa57e6b715893bc9ebdc581173b7787befd9aba9516451,sha256:5d87c842f212c25fef15bbb1d300fbbb5fafc98eb97fc37f01fcfbf2ce3453e8,sha256:39c3f62c162ab0fe10acb5bc2b0c17040b2744ecee5fb9d4dd08a2d12c78dfb2,results/basis_a5_unique_shared/qwen/neg_shared/encoder/seame_dev_sge/L19/neg_shared_encoder_L19_oracle_local_rho0.5.json
qwen3_asr_1p7b,seame_dev_sge,encoder,20,0.8695652173913043,neg_shared,oracle_local,0.5,NOT_TESTED,0.27502876869965476,0.7727272727272727,0.8068181818181818,,0.9910179640718563,1,1,0,1,1,,582,7740.552803039551,27.58303264080454,13.299918905566239,0.48217754293961157,0.22761048103245993,0.2727272727272727,0.7613636363636364,,,0.0023014959723820505,,sha256:4ff8190b7768329795c6cfccc49027e8c5d77187fda272eee7296383a18a355d,ad094de2d46740670176cedef56225306d00052a070380541fe2fbab4fcdacfd,8b4ab88bc21aaca167fa57e6b715893bc9ebdc581173b7787befd9aba9516451,sha256:5d87c842f212c25fef15bbb1d300fbbb5fafc98eb97fc37f01fcfbf2ce3453e8,sha256:39c3f62c162ab0fe10acb5bc2b0c17040b2744ecee5fb9d4dd08a2d12c78dfb2,results/basis_a5_unique_shared/qwen/neg_shared/encoder/seame_dev_sge/L20/neg_shared_encoder_L20_oracle_local_rho0.5.json
qwen3_asr_1p7b,seame_dev_sge,encoder,21,0.9130434782608695,neg_shared,oracle_local,0.5,NOT_TESTED,0.2715765247410817,0.7840909090909091,0.8181818181818182,,0.9940119760479041,1,2,-1,1,2,,582,7890.136039733887,28.082085049029477,13.556934776175064,0.4827609756364438,0.22761048103245993,0.27387802071346373,0.7840909090909091,,,-0.0023014959723820505,,sha256:47b209fbb58609493341345b2abac980c1b616865fabd443ba35ed868d11b599,ad094de2d46740670176cedef56225306d00052a070380541fe2fbab4fcdacfd,8b4ab88bc21aaca167fa57e6b715893bc9ebdc581173b7787befd9aba9516451,sha256:5d87c842f212c25fef15bbb1d300fbbb5fafc98eb97fc37f01fcfbf2ce3453e8,sha256:39c3f62c162ab0fe10acb5bc2b0c17040b2744ecee5fb9d4dd08a2d12c78dfb2,results/basis_a5_unique_shared/qwen/neg_shared/encoder/seame_dev_sge/L21/neg_shared_encoder_L21_oracle_local_rho0.5.json
qwen3_asr_1p7b,seame_dev_sge,encoder,22,0.9565217391304348,neg_shared,oracle_local,0.5,NOT_TESTED,0.2773302646720368,0.7840909090909091,0.8181818181818182,,0.9910179640718563,0,1,-1,0,1,,582,8379.183097839355,29.47742664035653,14.397221817593394,0.48841515215180464,0.22761048103245993,0.2761795166858458,0.7840909090909091,,,0.0011507479861910253,,sha256:1f273307b482acaa998022f53822ee22e4235541e5780b5cf2fe4c7bac24916c,ad094de2d46740670176cedef56225306d00052a070380541fe2fbab4fcdacfd,8b4ab88bc21aaca167fa57e6b715893bc9ebdc581173b7787befd9aba9516451,sha256:5d87c842f212c25fef15bbb1d300fbbb5fafc98eb97fc37f01fcfbf2ce3453e8,sha256:39c3f62c162ab0fe10acb5bc2b0c17040b2744ecee5fb9d4dd08a2d12c78dfb2,results/basis_a5_unique_shared/qwen/neg_shared/encoder/seame_dev_sge/L22/neg_shared_encoder_L22_oracle_local_rho0.5.json
qwen3_asr_1p7b,seame_dev_sge,encoder,23,1.0,neg_shared,oracle_local,0.5,NOT_TESTED,0.26927502876869963,0.7840909090909091,0.8181818181818182,,0.9985029940119761,0,1,-1,0,1,,582,10252.278274536133,37.41754963143994,17.6155984098559,0.47078439350968254,0.22761048103245993,0.26927502876869963,0.7613636363636364,,,0.0,,sha256:44c02841f13f7ec66fbf5eb10ffe73e31784e47ef6a9fe1cc564aed25c00eec5,ad094de2d46740670176cedef56225306d00052a070380541fe2fbab4fcdacfd,8b4ab88bc21aaca167fa57e6b715893bc9ebdc581173b7787befd9aba9516451,sha256:5d87c842f212c25fef15bbb1d300fbbb5fafc98eb97fc37f01fcfbf2ce3453e8,sha256:39c3f62c162ab0fe10acb5bc2b0c17040b2744ecee5fb9d4dd08a2d12c78dfb2,results/basis_a5_unique_shared/qwen/neg_shared/encoder/seame_dev_sge/L23/neg_shared_encoder_L23_oracle_local_rho0.5.json
qwen3_asr_1p7b,cs_dialogue,decoder,0,0.0,pos_unique,oracle_local,0.5,NOT_TESTED,0.06136755183270956,0.0855379188712522,0.0992063492063492,,1.0,1,1,0,1,1,,510,1680.8651711940765,7.377184277889775,3.295814061164856,0.44675772449425855,0.005835774441596484,0.06118933048179172,0.0855379188712522,0.06136755183270956,0.08597883597883597,0.00017822135091784264,0.0,sha256:3dcff81f51bcbf3fbdf2cbfd6c10b08b1fbb7c182121e1457fec1d76f400e43c,ff8218fe57b5bd55d7d7d290110765dbe90b3d9b9fc16723185f9d931db20c85,2f70a1ed3ba6d07fdd12200ea38d699cc6d27fc02d28a8eff551f8b0ce6a30ed,sha256:5d87c842f212c25fef15bbb1d300fbbb5fafc98eb97fc37f01fcfbf2ce3453e8,sha256:39c3f62c162ab0fe10acb5bc2b0c17040b2744ecee5fb9d4dd08a2d12c78dfb2,results/basis_a5_unique_shared/qwen/pos_unique/decoder/cs_dialogue/L00/pos_unique_decoder_L0_oracle_local_rho0.5.json
qwen3_asr_1p7b,cs_dialogue,decoder,1,0.037037037037037035,pos_unique,oracle_local,0.5,NOT_TESTED,0.06142695894968217,0.08597883597883597,0.0992063492063492,,1.0,1,2,-1,1,2,,510,3394.5117712020874,14.718907515207926,6.6559054337295835,0.45220105003394734,0.005836308706399341,0.06136755183270956,0.08597883597883597,0.06160518030060001,0.08686067019400352,5.9407116972609586e-05,-0.00017822135091784264,sha256:cd7609c5b9b79bb1d23692ef3f4ed7480ea08b11a53e37ed5695381a9d7ad33a,ff8218fe57b5bd55d7d7d290110765dbe90b3d9b9fc16723185f9d931db20c85,2f70a1ed3ba6d07fdd12200ea38d699cc6d27fc02d28a8eff551f8b0ce6a30ed,sha256:5d87c842f212c25fef15bbb1d300fbbb5fafc98eb97fc37f01fcfbf2ce3453e8,sha256:39c3f62c162ab0fe10acb5bc2b0c17040b2744ecee5fb9d4dd08a2d12c78dfb2,results/basis_a5_unique_shared/qwen/pos_unique/decoder/cs_dialogue/L01/pos_unique_decoder_L1_oracle_local_rho0.5.json
qwen3_asr_1p7b,cs_dialogue,decoder,2,0.07407407407407407,pos_unique,oracle_local,0.5,NOT_TESTED,0.06160518030060001,0.0873015873015873,0.10052910052910052,,0.9999297950014041,0,4,-4,0,4,,510,4953.47373008728,20.793980862112605,9.712693588406433,0.4670915902449114,0.005836241917949305,0.061248737598764334,0.0855379188712522,0.06142695894968217,0.08597883597883597,0.00035644270183567833,0.00017822135091784264,sha256:eb3351dd5f468a782b2046b38880015be3fa5af3227cd6e3af3fb8a20e8d6d24,ff8218fe57b5bd55d7d7d290110765dbe90b3d9b9fc16723185f9d931db20c85,2f70a1ed3ba6d07fdd12200ea38d699cc6d27fc02d28a8eff551f8b0ce6a30ed,sha256:5d87c842f212c25fef15bbb1d300fbbb5fafc98eb97fc37f01fcfbf2ce3453e8,sha256:39c3f62c162ab0fe10acb5bc2b0c17040b2744ecee5fb9d4dd08a2d12c78dfb2,results/basis_a5_unique_shared/qwen/pos_unique/decoder/cs_dialogue/L02/pos_unique_decoder_L2_oracle_local_rho0.5.json
qwen3_asr_1p7b,cs_dialogue,decoder,3,0.1111111111111111,pos_unique,oracle_local,0.5,NOT_TESTED,0.06118933048179172,0.0855379188712522,0.09876543209876543,,1.0,1,1,0,1,1,,510,5973.467081069946,25.478999769921398,11.712680551117542,0.4596993860388765,0.0058365090809214815,0.061308144715736944,0.08597883597883597,0.06118933048179172,0.0855379188712522,-0.00011881423394522611,0.0,sha256:c53209a9348dd9242d42674cba8dbf3073f9b6e6326e2e6c64a64c4ae4037188,ff8218fe57b5bd55d7d7d290110765dbe90b3d9b9fc16723185f9d931db20c85,2f70a1ed3ba6d07fdd12200ea38d699cc6d27fc02d28a8eff551f8b0ce6a30ed,sha256:5d87c842f212c25fef15bbb1d300fbbb5fafc98eb97fc37f01fcfbf2ce3453e8,sha256:39c3f62c162ab0fe10acb5bc2b0c17040b2744ecee5fb9d4dd08a2d12c78dfb2,results/basis_a5_unique_shared/qwen/pos_unique/decoder/cs_dialogue/L03/pos_unique_decoder_L3_oracle_local_rho0.5.json
qwen3_asr_1p7b,cs_dialogue,decoder,4,0.14814814814814814,pos_unique,oracle_local,0.5,NOT_TESTED,0.06142695894968217,0.08641975308641975,0.09964726631393298,,1.0,1,3,-2,1,3,,510,6884.077386856079,30.276229948156022,13.498190954619764,0.4458346028463122,0.005836108345634934,0.061308144715736944,0.0855379188712522,0.06142695894968217,0.08641975308641975,0.00011881423394522611,0.0,sha256:099b3405bdc62a81227bda3d03751bbc0d0f8772e4cc96bcfb4002eddb28d761,ff8218fe57b5bd55d7d7d290110765dbe90b3d9b9fc16723185f9d931db20c85,2f70a1ed3ba6d07fdd12200ea38d699cc6d27fc02d28a8eff551f8b0ce6a30ed,sha256:5d87c842f212c25fef15bbb1d300fbbb5fafc98eb97fc37f01fcfbf2ce3453e8,sha256:39c3f62c162ab0fe10acb5bc2b0c17040b2744ecee5fb9d4dd08a2d12c78dfb2,results/basis_a5_unique_shared/qwen/pos_unique/decoder/cs_dialogue/L04/pos_unique_decoder_L4_oracle_local_rho0.5.json
qwen3_asr_1p7b,cs_dialogue,decoder,5,0.18518518518518517,pos_unique,oracle_local,0.5,NOT_TESTED,0.061308144715736944,0.08597883597883597,0.0992063492063492,,1.0,0,1,-1,0,1,,510,8227.999919891357,35.264256226782706,16.133333176257562,0.45749818378430807,0.005836776268354373,0.061308144715736944,0.08597883597883597,0.06142695894968217,0.08686067019400352,0.0,-0.00011881423394522611,sha256:ceb5a19c2d445c2443af56173a11e0baf949b8478cdb37d5553f05c6b92478f7,ff8218fe57b5bd55d7d7d290110765dbe90b3d9b9fc16723185f9d931db20c85,2f70a1ed3ba6d07fdd12200ea38d699cc6d27fc02d28a8eff551f8b0ce6a30ed,sha256:5d87c842f212c25fef15bbb1d300fbbb5fafc98eb97fc37f01fcfbf2ce3453e8,sha256:39c3f62c162ab0fe10acb5bc2b0c17040b2744ecee5fb9d4dd08a2d12c78dfb2,results/basis_a5_unique_shared/qwen/pos_unique/decoder/cs_dialogue/L05/pos_unique_decoder_L5_oracle_local_rho0.5.json
qwen3_asr_1p7b,cs_dialogue,decoder,6,0.2222222222222222,pos_unique,oracle_local,0.5,NOT_TESTED,0.061248737598764334,0.0855379188712522,0.09876543209876543,,1.0,0,0,0,0,0,,510,4937.905382156372,39.49836555181765,9.682167415992886,0.24512830545585268,0.005836642671580128,0.061308144715736944,0.08597883597883597,0.06136755183270956,0.08597883597883597,-5.9407116972609586e-05,-0.00011881423394522611,sha256:dbc1d609be9f85869310cc00af76edae2b8aa7f07b5f78cefd9aec722ca205dc,ff8218fe57b5bd55d7d7d290110765dbe90b3d9b9fc16723185f9d931db20c85,2f70a1ed3ba6d07fdd12200ea38d699cc6d27fc02d28a8eff551f8b0ce6a30ed,sha256:5d87c842f212c25fef15bbb1d300fbbb5fafc98eb97fc37f01fcfbf2ce3453e8,sha256:39c3f62c162ab0fe10acb5bc2b0c17040b2744ecee5fb9d4dd08a2d12c78dfb2,results/basis_a5_unique_shared/qwen/pos_unique/decoder/cs_dialogue/L06/pos_unique_decoder_L6_oracle_local_rho0.5.json
qwen3_asr_1p7b,cs_dialogue,decoder,7,0.25925925925925924,pos_unique,oracle_local,0.5,NOT_TESTED,0.061308144715736944,0.08597883597883597,0.0992063492063492,,1.0,0,1,-1,0,1,,510,9967.511980056763,43.30026586569992,19.5441411373662,0.45136307472070264,0.005836843069034975,0.061486366066654786,0.08686067019400352,0.06142695894968217,0.08686067019400352,-0.00017822135091784264,-0.00011881423394522611,sha256:c16d21069e8e4673f98d966eeea6c473ef813596c4ff9c44b00f8e9d6475b870,ff8218fe57b5bd55d7d7d290110765dbe90b3d9b9fc16723185f9d931db20c85,2f70a1ed3ba6d07fdd12200ea38d699cc6d27fc02d28a8eff551f8b0ce6a30ed,sha256:5d87c842f212c25fef15bbb1d300fbbb5fafc98eb97fc37f01fcfbf2ce3453e8,sha256:39c3f62c162ab0fe10acb5bc2b0c17040b2744ecee5fb9d4dd08a2d12c78dfb2,results/basis_a5_unique_shared/qwen/pos_unique/decoder/cs_dialogue/L07/pos_unique_decoder_L7_oracle_local_rho0.5.json
qwen3_asr_1p7b,cs_dialogue,decoder,8,0.2962962962962963,pos_unique,oracle_local,0.5,NOT_TESTED,0.061248737598764334,0.0855379188712522,0.09876543209876543,,1.0,0,0,0,0,0,,510,5241.642129898071,46.60568948633531,10.277729666466806,0.22052521440499698,0.0058365090809214815,0.06136755183270956,0.0855379188712522,0.061308144715736944,0.0855379188712522,-0.00011881423394522611,-5.9407116972609586e-05,sha256:749a2e750d361ea8f1f1b2e44facd62836113d819de130ba6fdc6c60520163cf,ff8218fe57b5bd55d7d7d290110765dbe90b3d9b9fc16723185f9d931db20c85,2f70a1ed3ba6d07fdd12200ea38d699cc6d27fc02d28a8eff551f8b0ce6a30ed,sha256:5d87c842f212c25fef15bbb1d300fbbb5fafc98eb97fc37f01fcfbf2ce3453e8,sha256:39c3f62c162ab0fe10acb5bc2b0c17040b2744ecee5fb9d4dd08a2d12c78dfb2,results/basis_a5_unique_shared/qwen/pos_unique/decoder/cs_dialogue/L08/pos_unique_decoder_L8_oracle_local_rho0.5.json
qwen3_asr_1p7b,cs_dialogue,decoder,9,0.3333333333333333,pos_unique,oracle_local,0.5,NOT_TESTED,0.06136755183270956,0.08597883597883597,0.0992063492063492,,0.9999297950014041,1,2,-1,1,2,,510,5650.026894569397,53.02175703609691,11.078484106998818,0.20894222912033356,0.005836575875486381,0.061248737598764334,0.0855379188712522,0.061308144715736944,0.08641975308641975,0.00011881423394522611,5.9407116972616525e-05,sha256:ab97461e7d08ff160f8c36a183eefa0302eac0a28997cf6c89934551158e37f7,ff8218fe57b5bd55d7d7d290110765dbe90b3d9b9fc16723185f9d931db20c85,2f70a1ed3ba6d07fdd12200ea38d699cc6d27fc02d28a8eff551f8b0ce6a30ed,sha256:5d87c842f212c25fef15bbb1d300fbbb5fafc98eb97fc37f01fcfbf2ce3453e8,sha256:39c3f62c162ab0fe10acb5bc2b0c17040b2744ecee5fb9d4dd08a2d12c78dfb2,results/basis_a5_unique_shared/qwen/pos_unique/decoder/cs_dialogue/L09/pos_unique_decoder_L9_oracle_local_rho0.5.json
qwen3_asr_1p7b,cs_dialogue,decoder,10,0.37037037037037035,pos_unique,oracle_local,0.5,NOT_TESTED,0.061248737598764334,0.0855379188712522,0.09876543209876543,,1.0,0,0,0,0,0,,510,6099.502631187439,62.77257926791322,11.959809080759685,0.1905260102458949,0.005836308706399341,0.061308144715736944,0.08597883597883597,0.06136755183270956,0.08641975308641975,-5.9407116972609586e-05,-0.00011881423394522611,sha256:5c91152a34d311b69321d5223da13dc1d37ebdf7390b535f3f0668267a1daf43,ff8218fe57b5bd55d7d7d290110765dbe90b3d9b9fc16723185f9d931db20c85,2f70a1ed3ba6d07fdd12200ea38d699cc6d27fc02d28a8eff551f8b0ce6a30ed,sha256:5d87c842f212c25fef15bbb1d300fbbb5fafc98eb97fc37f01fcfbf2ce3453e8,sha256:39c3f62c162ab0fe10acb5bc2b0c17040b2744ecee5fb9d4dd08a2d12c78dfb2,results/basis_a5_unique_shared/qwen/pos_unique/decoder/cs_dialogue/L10/pos_unique_decoder_L10_oracle_local_rho0.5.json
qwen3_asr_1p7b,cs_dialogue,decoder,11,0.4074074074074074,pos_unique,oracle_local,0.5,NOT_TESTED,0.06136755183270956,0.08597883597883597,0.0992063492063492,,0.9999297950014041,0,1,-1,0,1,,510,7961.897532463074,81.12780720579858,15.611563789143283,0.19243172380514498,0.0058367094692027745,0.061308144715736944,0.08597883597883597,0.06136755183270956,0.08641975308641975,5.9407116972616525e-05,0.0,sha256:e034dfbca15ac1829eb83aaba01ecf84607d4206a2fbd064a850aa9aa442c9d1,ff8218fe57b5bd55d7d7d290110765dbe90b3d9b9fc16723185f9d931db20c85,2f70a1ed3ba6d07fdd12200ea38d699cc6d27fc02d28a8eff551f8b0ce6a30ed,sha256:5d87c842f212c25fef15bbb1d300fbbb5fafc98eb97fc37f01fcfbf2ce3453e8,sha256:39c3f62c162ab0fe10acb5bc2b0c17040b2744ecee5fb9d4dd08a2d12c78dfb2,results/basis_a5_unique_shared/qwen/pos_unique/decoder/cs_dialogue/L11/pos_unique_decoder_L11_oracle_local_rho0.5.json
qwen3_asr_1p7b,cs_dialogue,decoder,12,0.4444444444444444,pos_unique,oracle_local,0.5,NOT_TESTED,0.06136755183270956,0.08641975308641975,0.09964726631393298,,1.0,0,2,-2,0,2,,510,8295.58162021637,87.42177828620461,16.265846314149744,0.1860617186360362,0.005836776268354373,0.061248737598764334,0.0855379188712522,0.06136755183270956,0.08597883597883597,0.00011881423394522611,0.0,sha256:175c4e63461673c3e0b987fa719272778a7848a24425b51613e8ef772e347748,ff8218fe57b5bd55d7d7d290110765dbe90b3d9b9fc16723185f9d931db20c85,2f70a1ed3ba6d07fdd12200ea38d699cc6d27fc02d28a8eff551f8b0ce6a30ed,sha256:5d87c842f212c25fef15bbb1d300fbbb5fafc98eb97fc37f01fcfbf2ce3453e8,sha256:39c3f62c162ab0fe10acb5bc2b0c17040b2744ecee5fb9d4dd08a2d12c78dfb2,results/basis_a5_unique_shared/qwen/pos_unique/decoder/cs_dialogue/L12/pos_unique_decoder_L12_oracle_local_rho0.5.json
qwen3_asr_1p7b,cs_dialogue,decoder,13,0.48148148148148145,pos_unique,oracle_local,0.5,NOT_TESTED,0.061308144715736944,0.0855379188712522,0.09876543209876543,,1.0,0,0,0,0,0,,510,8656.87575340271,95.24048566631242,16.974266183142568,0.17822532155720147,0.005836442287885377,0.06136755183270956,0.08597883597883597,0.061308144715736944,0.08597883597883597,-5.9407116972616525e-05,0.0,sha256:eb75309fa08ad364d5a3a61c08ded0461a33c06b6cb70709bb8c24bf6a3fa2b3,ff8218fe57b5bd55d7d7d290110765dbe90b3d9b9fc16723185f9d931db20c85,2f70a1ed3ba6d07fdd12200ea38d699cc6d27fc02d28a8eff551f8b0ce6a30ed,sha256:5d87c842f212c25fef15bbb1d300fbbb5fafc98eb97fc37f01fcfbf2ce3453e8,sha256:39c3f62c162ab0fe10acb5bc2b0c17040b2744ecee5fb9d4dd08a2d12c78dfb2,results/basis_a5_unique_shared/qwen/pos_unique/decoder/cs_dialogue/L13/pos_unique_decoder_L13_oracle_local_rho0.5.json
qwen3_asr_1p7b,cs_dialogue,decoder,14,0.5185185185185185,pos_unique,oracle_local,0.5,NOT_TESTED,0.06136755183270956,0.08597883597883597,0.0992063492063492,,1.0,0,1,-1,0,1,,510,9419.948187828064,104.59376154880897,18.470486642800125,0.1765926224403051,0.005836175131027853,0.06136755183270956,0.08597883597883597,0.061486366066654786,0.0873015873015873,0.0,-0.00011881423394522611,sha256:d9d7e53b3ec1843f710ae61c9c373821ffd729423fc265d3ac4226c37f60b60e,ff8218fe57b5bd55d7d7d290110765dbe90b3d9b9fc16723185f9d931db20c85,2f70a1ed3ba6d07fdd12200ea38d699cc6d27fc02d28a8eff551f8b0ce6a30ed,sha256:5d87c842f212c25fef15bbb1d300fbbb5fafc98eb97fc37f01fcfbf2ce3453e8,sha256:39c3f62c162ab0fe10acb5bc2b0c17040b2744ecee5fb9d4dd08a2d12c78dfb2,results/basis_a5_unique_shared/qwen/pos_unique/decoder/cs_dialogue/L14/pos_unique_decoder_L14_oracle_local_rho0.5.json
qwen3_asr_1p7b,cs_dialogue,decoder,15,0.5555555555555556,pos_unique,oracle_local,0.5,NOT_TESTED,0.06202103011940831,0.09126984126984126,0.10449735449735449,,1.0,0,13,-13,0,13,,509,28425.58500289917,124.87685046542605,55.84594303123609,0.4472081320364325,0.005825398278703534,0.06142695894968217,0.08641975308641975,0.06112992336481911,0.0855379188712522,0.0005940711697261375,0.0008911067545891993,sha256:ce7c16068f9b638b6f419cfa458411d7532e52ad329f21dfd396c718911a5f75,ff8218fe57b5bd55d7d7d290110765dbe90b3d9b9fc16723185f9d931db20c85,2f70a1ed3ba6d07fdd12200ea38d699cc6d27fc02d28a8eff551f8b0ce6a30ed,sha256:5d87c842f212c25fef15bbb1d300fbbb5fafc98eb97fc37f01fcfbf2ce3453e8,sha256:39c3f62c162ab0fe10acb5bc2b0c17040b2744ecee5fb9d4dd08a2d12c78dfb2,results/basis_a5_unique_shared/qwen/pos_unique/decoder/cs_dialogue/L15/pos_unique_decoder_L15_oracle_local_rho0.5.json
qwen3_asr_1p7b,cs_dialogue,decoder,16,0.5925925925925926,pos_unique,oracle_local,0.5,NOT_TESTED,0.06142695894968217,0.08686067019400352,0.10008818342151675,,1.0,0,3,-3,0,3,,510,14230.34775352478,154.2506425894943,27.902642653970158,0.1808915812962101,0.005836976674983405,0.061783401651517855,0.0873015873015873,0.061308144715736944,0.08597883597883597,-0.00035644270183568527,0.00011881423394522611,sha256:80d129fa84955eeb19e850df4125b0dce32ca9de541b494294edef2e24112dc6,ff8218fe57b5bd55d7d7d290110765dbe90b3d9b9fc16723185f9d931db20c85,2f70a1ed3ba6d07fdd12200ea38d699cc6d27fc02d28a8eff551f8b0ce6a30ed,sha256:5d87c842f212c25fef15bbb1d300fbbb5fafc98eb97fc37f01fcfbf2ce3453e8,sha256:39c3f62c162ab0fe10acb5bc2b0c17040b2744ecee5fb9d4dd08a2d12c78dfb2,results/basis_a5_unique_shared/qwen/pos_unique/decoder/cs_dialogue/L16/pos_unique_decoder_L16_oracle_local_rho0.5.json
qwen3_asr_1p7b,cs_dialogue,decoder,17,0.6296296296296297,pos_unique,oracle_local,0.5,NOT_TESTED,0.06142695894968217,0.08641975308641975,0.09964726631393298,,0.9999297950014041,0,2,-2,0,2,,509,20374.59783554077,206.2676667099149,40.028679441141,0.19406182306524777,0.005825865009328251,0.061842808768490465,0.08774250440917107,0.06136755183270956,0.0873015873015873,-0.00041584981880829486,5.9407116972609586e-05,sha256:a6c2f262ac1e417cb18d7bab9aae0d01bee1dd65330bb43e9f760ed3aebcf746,ff8218fe57b5bd55d7d7d290110765dbe90b3d9b9fc16723185f9d931db20c85,2f70a1ed3ba6d07fdd12200ea38d699cc6d27fc02d28a8eff551f8b0ce6a30ed,sha256:5d87c842f212c25fef15bbb1d300fbbb5fafc98eb97fc37f01fcfbf2ce3453e8,sha256:39c3f62c162ab0fe10acb5bc2b0c17040b2744ecee5fb9d4dd08a2d12c78dfb2,results/basis_a5_unique_shared/qwen/pos_unique/decoder/cs_dialogue/L17/pos_unique_decoder_L17_oracle_local_rho0.5.json
qwen3_asr_1p7b,cs_dialogue,decoder,18,0.6666666666666666,pos_unique,oracle_local,0.5,NOT_TESTED,0.061308144715736944,0.0855379188712522,0.09876543209876543,,0.9999297950014041,1,1,0,1,1,,509,26890.733337402344,266.9948273604417,52.83051736228358,0.1978709396154804,0.005824931622855704,0.06142695894968217,0.0873015873015873,0.06338739380977841,0.09832451499118165,-0.00011881423394522611,-0.0020792490940414673,sha256:a33d6bfb048aada86a180430fe406c4aba13e5972f6255766767c31979b87690,ff8218fe57b5bd55d7d7d290110765dbe90b3d9b9fc16723185f9d931db20c85,2f70a1ed3ba6d07fdd12200ea38d699cc6d27fc02d28a8eff551f8b0ce6a30ed,sha256:5d87c842f212c25fef15bbb1d300fbbb5fafc98eb97fc37f01fcfbf2ce3453e8,sha256:39c3f62c162ab0fe10acb5bc2b0c17040b2744ecee5fb9d4dd08a2d12c78dfb2,results/basis_a5_unique_shared/qwen/pos_unique/decoder/cs_dialogue/L18/pos_unique_decoder_L18_oracle_local_rho0.5.json
qwen3_asr_1p7b,cs_dialogue,decoder,19,0.7037037037037037,pos_unique,oracle_local,0.5,NOT_TESTED,0.061486366066654786,0.08774250440917107,0.1009700176366843,,1.0,1,6,-5,1,6,,510,73337.06056976318,338.4662134507123,143.79815797992782,0.42485232577244464,0.005837177095374895,0.061842808768490465,0.08994708994708994,0.061783401651517855,0.0890652557319224,-0.00035644270183567833,-0.00029703558486306875,sha256:a9ced70f7f3fd68f114bc631bfdea5aaa3c5e22c899afa2b813701a7e133877a,ff8218fe57b5bd55d7d7d290110765dbe90b3d9b9fc16723185f9d931db20c85,2f70a1ed3ba6d07fdd12200ea38d699cc6d27fc02d28a8eff551f8b0ce6a30ed,sha256:5d87c842f212c25fef15bbb1d300fbbb5fafc98eb97fc37f01fcfbf2ce3453e8,sha256:39c3f62c162ab0fe10acb5bc2b0c17040b2744ecee5fb9d4dd08a2d12c78dfb2,results/basis_a5_unique_shared/qwen/pos_unique/decoder/cs_dialogue/L19/pos_unique_decoder_L19_oracle_local_rho0.5.json
qwen3_asr_1p7b,cs_dialogue,decoder,20,0.7407407407407407,pos_unique,oracle_local,0.5,NOT_TESTED,0.061545773183627396,0.08686067019400352,0.10008818342151675,,0.9998595900028082,1,4,-3,1,4,,510,98467.24114990234,452.4496920118145,193.07302186255362,0.42672815402759084,0.005836308706399341,0.06160518030060001,0.0873015873015873,0.06166458741757262,0.0873015873015873,-5.9407116972616525e-05,-0.00011881423394522611,sha256:0fe96715cb87afc69635e7872315702bf2886b8c2da4ab973e93abd024f8733f,ff8218fe57b5bd55d7d7d290110765dbe90b3d9b9fc16723185f9d931db20c85,2f70a1ed3ba6d07fdd12200ea38d699cc6d27fc02d28a8eff551f8b0ce6a30ed,sha256:5d87c842f212c25fef15bbb1d300fbbb5fafc98eb97fc37f01fcfbf2ce3453e8,sha256:39c3f62c162ab0fe10acb5bc2b0c17040b2744ecee5fb9d4dd08a2d12c78dfb2,results/basis_a5_unique_shared/qwen/pos_unique/decoder/cs_dialogue/L20/pos_unique_decoder_L20_oracle_local_rho0.5.json
qwen3_asr_1p7b,cs_dialogue,decoder,21,0.7777777777777778,pos_unique,oracle_local,0.5,NOT_TESTED,0.06136755183270956,0.08641975308641975,0.09964726631393298,,0.9999297950014041,1,3,-2,1,3,,510,129668.00622558594,610.3891845104741,254.25099259918812,0.4165391508420891,0.005837177095374895,0.07336778946117745,0.09656084656084656,0.061545773183627396,0.08686067019400352,-0.012000237628467886,-0.0001782213509178357,sha256:9e75f358ad3aa2aa640c5fab293a40e5612131f61c31a62126c613a512d6ef28,ff8218fe57b5bd55d7d7d290110765dbe90b3d9b9fc16723185f9d931db20c85,2f70a1ed3ba6d07fdd12200ea38d699cc6d27fc02d28a8eff551f8b0ce6a30ed,sha256:5d87c842f212c25fef15bbb1d300fbbb5fafc98eb97fc37f01fcfbf2ce3453e8,sha256:39c3f62c162ab0fe10acb5bc2b0c17040b2744ecee5fb9d4dd08a2d12c78dfb2,results/basis_a5_unique_shared/qwen/pos_unique/decoder/cs_dialogue/L21/pos_unique_decoder_L21_oracle_local_rho0.5.json
qwen3_asr_1p7b,cs_dialogue,decoder,22,0.8148148148148148,pos_unique,oracle_local,0.5,NOT_TESTED,0.061545773183627396,0.0873015873015873,0.10052910052910052,,1.0,1,5,-4,1,5,,510,166183.77514648438,768.1860100241269,325.8505395029105,0.4241818195734603,0.005836041561770495,0.061545773183627396,0.08774250440917107,0.061545773183627396,0.0873015873015873,0.0,0.0,sha256:60fb4039d11a894542a4f6b40603ca4fa2845fc1b343d13b35f72772fa4dcc37,ff8218fe57b5bd55d7d7d290110765dbe90b3d9b9fc16723185f9d931db20c85,2f70a1ed3ba6d07fdd12200ea38d699cc6d27fc02d28a8eff551f8b0ce6a30ed,sha256:5d87c842f212c25fef15bbb1d300fbbb5fafc98eb97fc37f01fcfbf2ce3453e8,sha256:39c3f62c162ab0fe10acb5bc2b0c17040b2744ecee5fb9d4dd08a2d12c78dfb2,results/basis_a5_unique_shared/qwen/pos_unique/decoder/cs_dialogue/L22/pos_unique_decoder_L22_oracle_local_rho0.5.json
qwen3_asr_1p7b,cs_dialogue,decoder,23,0.8518518518518519,pos_unique,oracle_local,0.5,NOT_TESTED,0.061545773183627396,0.08686067019400352,0.10052910052910052,,0.9999297950014041,0,3,-3,0,3,,510,209409.3129272461,976.6258690927543,410.60649593577665,0.4204337699115152,0.005835640890678994,0.06142695894968217,0.0855379188712522,0.06142695894968217,0.08641975308641975,0.00011881423394522611,0.00011881423394522611,sha256:5e0fd673ef2e2c2c8f33239ddc5a28cf124d38bcb9016743e804d7a53a7c8a76,ff8218fe57b5bd55d7d7d290110765dbe90b3d9b9fc16723185f9d931db20c85,2f70a1ed3ba6d07fdd12200ea38d699cc6d27fc02d28a8eff551f8b0ce6a30ed,sha256:5d87c842f212c25fef15bbb1d300fbbb5fafc98eb97fc37f01fcfbf2ce3453e8,sha256:39c3f62c162ab0fe10acb5bc2b0c17040b2744ecee5fb9d4dd08a2d12c78dfb2,results/basis_a5_unique_shared/qwen/pos_unique/decoder/cs_dialogue/L23/pos_unique_decoder_L23_oracle_local_rho0.5.json
qwen3_asr_1p7b,cs_dialogue,decoder,24,0.8888888888888888,pos_unique,oracle_local,0.5,STABLE,0.06160518030060001,0.0873015873015873,0.10052910052910052,,1.0,0,4,-4,0,4,,510,122085.3610458374,1252.456341672411,239.383060874191,0.19113086253732534,0.005835707665373657,0.061486366066654786,0.08686067019400352,0.061486366066654786,0.08686067019400352,0.00011881423394522611,0.00011881423394522611,sha256:2ce8de6a4926ca043faca8a33898cab71c3bad0ade58f4161fa8ba8cbb0975b5,ff8218fe57b5bd55d7d7d290110765dbe90b3d9b9fc16723185f9d931db20c85,2f70a1ed3ba6d07fdd12200ea38d699cc6d27fc02d28a8eff551f8b0ce6a30ed,sha256:5d87c842f212c25fef15bbb1d300fbbb5fafc98eb97fc37f01fcfbf2ce3453e8,sha256:39c3f62c162ab0fe10acb5bc2b0c17040b2744ecee5fb9d4dd08a2d12c78dfb2,results/basis_a5_unique_shared/qwen/pos_unique/decoder/cs_dialogue/L24/pos_unique_decoder_L24_oracle_local_rho0.5.json
qwen3_asr_1p7b,cs_dialogue,decoder,25,0.9259259259259259,pos_unique,oracle_local,0.5,NOT_TESTED,0.061486366066654786,0.08686067019400352,0.10052910052910052,,0.9999297950014041,0,3,-3,0,3,,510,147829.8726196289,1636.5811978209254,289.8624953326057,0.17711464345218664,0.005836375496378014,0.06202103011940831,0.08818342151675485,0.062377472821243986,0.09082892416225749,-0.000534664052753521,-0.0008911067545891993,sha256:6e6ad2402cd6e13534046bac3aa8beb3417b834bef94e7806912e16f91d10fc0,ff8218fe57b5bd55d7d7d290110765dbe90b3d9b9fc16723185f9d931db20c85,2f70a1ed3ba6d07fdd12200ea38d699cc6d27fc02d28a8eff551f8b0ce6a30ed,sha256:5d87c842f212c25fef15bbb1d300fbbb5fafc98eb97fc37f01fcfbf2ce3453e8,sha256:39c3f62c162ab0fe10acb5bc2b0c17040b2744ecee5fb9d4dd08a2d12c78dfb2,results/basis_a5_unique_shared/qwen/pos_unique/decoder/cs_dialogue/L25/pos_unique_decoder_L25_oracle_local_rho0.5.json
qwen3_asr_1p7b,cs_dialogue,decoder,26,0.9629629629629629,pos_unique,oracle_local,0.5,STABLE,0.061545773183627396,0.08641975308641975,0.09964726631393298,,0.9999297950014041,1,3,-2,1,3,,510,156216.3050994873,2000.4381716260723,306.30648058723,0.1531196939409761,0.005835774441596484,0.06190221588546308,0.0873015873015873,0.06166458741757262,0.08818342151675485,-0.00035644270183568527,-0.00011881423394522611,sha256:baede0334691182e001af8536267c44c5786910fdf397089fb1d42b681a2f173,ff8218fe57b5bd55d7d7d290110765dbe90b3d9b9fc16723185f9d931db20c85,2f70a1ed3ba6d07fdd12200ea38d699cc6d27fc02d28a8eff551f8b0ce6a30ed,sha256:5d87c842f212c25fef15bbb1d300fbbb5fafc98eb97fc37f01fcfbf2ce3453e8,sha256:39c3f62c162ab0fe10acb5bc2b0c17040b2744ecee5fb9d4dd08a2d12c78dfb2,results/basis_a5_unique_shared/qwen/pos_unique/decoder/cs_dialogue/L26/pos_unique_decoder_L26_oracle_local_rho0.5.json
qwen3_asr_1p7b,cs_dialogue,decoder,27,1.0,pos_unique,oracle_local,0.5,STABLE,0.061545773183627396,0.08774250440917107,0.1009700176366843,,1.0,0,5,-5,0,5,,510,174906.56510925293,2476.2466023763022,342.95404923382927,0.1384975344962482,0.005837043480251336,0.06172399453454524,0.08774250440917107,0.06303095110794273,0.09347442680776014,-0.00017822135091784264,-0.0014851779243153299,sha256:284938da98fa688f9e987180ecd4cb5adad5395d278645a9f57298782d606e7a,ff8218fe57b5bd55d7d7d290110765dbe90b3d9b9fc16723185f9d931db20c85,2f70a1ed3ba6d07fdd12200ea38d699cc6d27fc02d28a8eff551f8b0ce6a30ed,sha256:5d87c842f212c25fef15bbb1d300fbbb5fafc98eb97fc37f01fcfbf2ce3453e8,sha256:39c3f62c162ab0fe10acb5bc2b0c17040b2744ecee5fb9d4dd08a2d12c78dfb2,results/basis_a5_unique_shared/qwen/pos_unique/decoder/cs_dialogue/L27/pos_unique_decoder_L27_oracle_local_rho0.5.json
qwen3_asr_1p7b,seame_dev_man,decoder,0,0.0,pos_unique,oracle_local,0.5,NOT_TESTED,0.2638743455497382,0.6565656565656566,0.6666666666666666,,0.9986541049798116,0,0,0,0,0,,39,131.2651093006134,7.507500941936787,3.3657720333490615,0.44832122691425985,0.008194998949359109,0.2617801047120419,0.6565656565656566,0.2628272251308901,0.6565656565656566,0.002094240837696326,0.0010471204188481353,sha256:3dcff81f51bcbf3fbdf2cbfd6c10b08b1fbb7c182121e1457fec1d76f400e43c,1ac288740082396cdf2d7e93e57ebccc068dcbb9579b2adbd2303d396a62216e,2f70a1ed3ba6d07fdd12200ea38d699cc6d27fc02d28a8eff551f8b0ce6a30ed,sha256:5d87c842f212c25fef15bbb1d300fbbb5fafc98eb97fc37f01fcfbf2ce3453e8,sha256:39c3f62c162ab0fe10acb5bc2b0c17040b2744ecee5fb9d4dd08a2d12c78dfb2,results/basis_a5_unique_shared/qwen/pos_unique/decoder/seame_dev_man/L00/pos_unique_decoder_L0_oracle_local_rho0.5.json
qwen3_asr_1p7b,seame_dev_man,decoder,1,0.037037037037037035,pos_unique,oracle_local,0.5,NOT_TESTED,0.2617801047120419,0.6565656565656566,0.6666666666666666,,1.0,0,0,0,0,0,,39,259.6991243362427,14.91996386112311,6.658951906057505,0.44631153051306705,0.008207070707070708,0.2607329842931937,0.6565656565656566,0.2617801047120419,0.6565656565656566,0.0010471204188481908,0.0,sha256:cd7609c5b9b79bb1d23692ef3f4ed7480ea08b11a53e37ed5695381a9d7ad33a,1ac288740082396cdf2d7e93e57ebccc068dcbb9579b2adbd2303d396a62216e,2f70a1ed3ba6d07fdd12200ea38d699cc6d27fc02d28a8eff551f8b0ce6a30ed,sha256:5d87c842f212c25fef15bbb1d300fbbb5fafc98eb97fc37f01fcfbf2ce3453e8,sha256:39c3f62c162ab0fe10acb5bc2b0c17040b2744ecee5fb9d4dd08a2d12c78dfb2,results/basis_a5_unique_shared/qwen/pos_unique/decoder/seame_dev_man/L01/pos_unique_decoder_L1_oracle_local_rho0.5.json
qwen3_asr_1p7b,seame_dev_man,decoder,2,0.07407407407407407,pos_unique,oracle_local,0.5,NOT_TESTED,0.2617801047120419,0.6565656565656566,0.6666666666666666,,1.0,0,0,0,0,0,,39,380.138222694397,21.378018379211426,9.747133915240948,0.4559418811576722,0.008203618005889778,0.2607329842931937,0.6565656565656566,0.2617801047120419,0.6565656565656566,0.0010471204188481908,0.0,sha256:eb3351dd5f468a782b2046b38880015be3fa5af3227cd6e3af3fb8a20e8d6d24,1ac288740082396cdf2d7e93e57ebccc068dcbb9579b2adbd2303d396a62216e,2f70a1ed3ba6d07fdd12200ea38d699cc6d27fc02d28a8eff551f8b0ce6a30ed,sha256:5d87c842f212c25fef15bbb1d300fbbb5fafc98eb97fc37f01fcfbf2ce3453e8,sha256:39c3f62c162ab0fe10acb5bc2b0c17040b2744ecee5fb9d4dd08a2d12c78dfb2,results/basis_a5_unique_shared/qwen/pos_unique/decoder/seame_dev_man/L02/pos_unique_decoder_L2_oracle_local_rho0.5.json
qwen3_asr_1p7b,seame_dev_man,decoder,3,0.1111111111111111,pos_unique,oracle_local,0.5,NOT_TESTED,0.2628272251308901,0.6565656565656566,0.6666666666666666,,1.0,0,0,0,0,0,,39,463.155198097229,25.88135254688752,11.87577431018536,0.4588544701700118,0.00820534399326741,0.2617801047120419,0.6565656565656566,0.2617801047120419,0.6565656565656566,0.0010471204188481908,0.0010471204188481908,sha256:c53209a9348dd9242d42674cba8dbf3073f9b6e6326e2e6c64a64c4ae4037188,1ac288740082396cdf2d7e93e57ebccc068dcbb9579b2adbd2303d396a62216e,2f70a1ed3ba6d07fdd12200ea38d699cc6d27fc02d28a8eff551f8b0ce6a30ed,sha256:5d87c842f212c25fef15bbb1d300fbbb5fafc98eb97fc37f01fcfbf2ce3453e8,sha256:39c3f62c162ab0fe10acb5bc2b0c17040b2744ecee5fb9d4dd08a2d12c78dfb2,results/basis_a5_unique_shared/qwen/pos_unique/decoder/seame_dev_man/L03/pos_unique_decoder_L3_oracle_local_rho0.5.json
qwen3_asr_1p7b,seame_dev_man,decoder,4,0.14814814814814814,pos_unique,oracle_local,0.5,NOT_TESTED,0.2607329842931937,0.6565656565656566,0.6666666666666666,,1.0,0,0,0,0,0,,39,529.9269027709961,30.189797572600536,13.587869301820414,0.4500814975371814,0.008207070707070708,0.2638743455497382,0.6565656565656566,0.26596858638743454,0.6565656565656566,-0.003141361256544517,-0.005235602094240843,sha256:099b3405bdc62a81227bda3d03751bbc0d0f8772e4cc96bcfb4002eddb28d761,1ac288740082396cdf2d7e93e57ebccc068dcbb9579b2adbd2303d396a62216e,2f70a1ed3ba6d07fdd12200ea38d699cc6d27fc02d28a8eff551f8b0ce6a30ed,sha256:5d87c842f212c25fef15bbb1d300fbbb5fafc98eb97fc37f01fcfbf2ce3453e8,sha256:39c3f62c162ab0fe10acb5bc2b0c17040b2744ecee5fb9d4dd08a2d12c78dfb2,results/basis_a5_unique_shared/qwen/pos_unique/decoder/seame_dev_man/L04/pos_unique_decoder_L4_oracle_local_rho0.5.json
qwen3_asr_1p7b,seame_dev_man,decoder,5,0.18518518518518517,pos_unique,oracle_local,0.5,NOT_TESTED,0.2607329842931937,0.6565656565656566,0.6666666666666666,,1.0,0,0,0,0,0,,39,639.6838598251343,35.443947669787285,16.40215025192652,0.46276307607540706,0.008207070707070708,0.2617801047120419,0.6565656565656566,0.2638743455497382,0.6565656565656566,-0.0010471204188481908,-0.003141361256544517,sha256:ceb5a19c2d445c2443af56173a11e0baf949b8478cdb37d5553f05c6b92478f7,1ac288740082396cdf2d7e93e57ebccc068dcbb9579b2adbd2303d396a62216e,2f70a1ed3ba6d07fdd12200ea38d699cc6d27fc02d28a8eff551f8b0ce6a30ed,sha256:5d87c842f212c25fef15bbb1d300fbbb5fafc98eb97fc37f01fcfbf2ce3453e8,sha256:39c3f62c162ab0fe10acb5bc2b0c17040b2744ecee5fb9d4dd08a2d12c78dfb2,results/basis_a5_unique_shared/qwen/pos_unique/decoder/seame_dev_man/L05/pos_unique_decoder_L5_oracle_local_rho0.5.json
qwen3_asr_1p7b,seame_dev_man,decoder,6,0.2222222222222222,pos_unique,oracle_local,0.5,NOT_TESTED,0.2617801047120419,0.6565656565656566,0.6666666666666666,,1.0,0,0,0,0,0,,39,400.5398144721985,40.044858736869614,10.270251653133295,0.2564686698139702,0.008201892744479496,0.2607329842931937,0.6565656565656566,0.2607329842931937,0.6565656565656566,0.0010471204188481908,0.0010471204188481908,sha256:dbc1d609be9f85869310cc00af76edae2b8aa7f07b5f78cefd9aec722ca205dc,1ac288740082396cdf2d7e93e57ebccc068dcbb9579b2adbd2303d396a62216e,2f70a1ed3ba6d07fdd12200ea38d699cc6d27fc02d28a8eff551f8b0ce6a30ed,sha256:5d87c842f212c25fef15bbb1d300fbbb5fafc98eb97fc37f01fcfbf2ce3453e8,sha256:39c3f62c162ab0fe10acb5bc2b0c17040b2744ecee5fb9d4dd08a2d12c78dfb2,results/basis_a5_unique_shared/qwen/pos_unique/decoder/seame_dev_man/L06/pos_unique_decoder_L6_oracle_local_rho0.5.json
qwen3_asr_1p7b,seame_dev_man,decoder,7,0.25925925925925924,pos_unique,oracle_local,0.5,NOT_TESTED,0.2617801047120419,0.6565656565656566,0.6666666666666666,,1.0,0,0,0,0,0,,39,776.9094467163086,44.46633539444361,19.92075504400791,0.447996329522067,0.008207070707070708,0.2617801047120419,0.6565656565656566,0.2638743455497382,0.6565656565656566,0.0,-0.002094240837696326,sha256:c16d21069e8e4673f98d966eeea6c473ef813596c4ff9c44b00f8e9d6475b870,1ac288740082396cdf2d7e93e57ebccc068dcbb9579b2adbd2303d396a62216e,2f70a1ed3ba6d07fdd12200ea38d699cc6d27fc02d28a8eff551f8b0ce6a30ed,sha256:5d87c842f212c25fef15bbb1d300fbbb5fafc98eb97fc37f01fcfbf2ce3453e8,sha256:39c3f62c162ab0fe10acb5bc2b0c17040b2744ecee5fb9d4dd08a2d12c78dfb2,results/basis_a5_unique_shared/qwen/pos_unique/decoder/seame_dev_man/L07/pos_unique_decoder_L7_oracle_local_rho0.5.json
qwen3_asr_1p7b,seame_dev_man,decoder,8,0.2962962962962963,pos_unique,oracle_local,0.5,NOT_TESTED,0.2607329842931937,0.6565656565656566,0.6666666666666666,,1.0,0,0,0,0,0,,39,435.43146991729736,47.513150435227615,11.164909485058907,0.2349856699205726,0.008210526315789474,0.2607329842931937,0.6565656565656566,0.2617801047120419,0.6565656565656566,0.0,-0.0010471204188481908,sha256:749a2e750d361ea8f1f1b2e44facd62836113d819de130ba6fdc6c60520163cf,1ac288740082396cdf2d7e93e57ebccc068dcbb9579b2adbd2303d396a62216e,2f70a1ed3ba6d07fdd12200ea38d699cc6d27fc02d28a8eff551f8b0ce6a30ed,sha256:5d87c842f212c25fef15bbb1d300fbbb5fafc98eb97fc37f01fcfbf2ce3453e8,sha256:39c3f62c162ab0fe10acb5bc2b0c17040b2744ecee5fb9d4dd08a2d12c78dfb2,results/basis_a5_unique_shared/qwen/pos_unique/decoder/seame_dev_man/L08/pos_unique_decoder_L8_oracle_local_rho0.5.json
qwen3_asr_1p7b,seame_dev_man,decoder,9,0.3333333333333333,pos_unique,oracle_local,0.5,NOT_TESTED,0.2607329842931937,0.6565656565656566,0.6666666666666666,,1.0,0,0,0,0,0,,39,475.2398862838745,53.72883684207232,12.185638109842936,0.22679884445778628,0.008207070707070708,0.2617801047120419,0.6565656565656566,0.2607329842931937,0.6565656565656566,-0.0010471204188481908,0.0,sha256:ab97461e7d08ff160f8c36a183eefa0302eac0a28997cf6c89934551158e37f7,1ac288740082396cdf2d7e93e57ebccc068dcbb9579b2adbd2303d396a62216e,2f70a1ed3ba6d07fdd12200ea38d699cc6d27fc02d28a8eff551f8b0ce6a30ed,sha256:5d87c842f212c25fef15bbb1d300fbbb5fafc98eb97fc37f01fcfbf2ce3453e8,sha256:39c3f62c162ab0fe10acb5bc2b0c17040b2744ecee5fb9d4dd08a2d12c78dfb2,results/basis_a5_unique_shared/qwen/pos_unique/decoder/seame_dev_man/L09/pos_unique_decoder_L9_oracle_local_rho0.5.json
qwen3_asr_1p7b,seame_dev_man,decoder,10,0.37037037037037035,pos_unique,oracle_local,0.5,NOT_TESTED,0.2628272251308901,0.6565656565656566,0.6666666666666666,,1.0,0,0,0,0,0,,39,513.0794296264648,63.19092735877404,13.155882810934996,0.20819258967732662,0.008201892744479496,0.2607329842931937,0.6565656565656566,0.2649214659685864,0.6565656565656566,0.0020942408376963817,-0.002094240837696326,sha256:5c91152a34d311b69321d5223da13dc1d37ebdf7390b535f3f0668267a1daf43,1ac288740082396cdf2d7e93e57ebccc068dcbb9579b2adbd2303d396a62216e,2f70a1ed3ba6d07fdd12200ea38d699cc6d27fc02d28a8eff551f8b0ce6a30ed,sha256:5d87c842f212c25fef15bbb1d300fbbb5fafc98eb97fc37f01fcfbf2ce3453e8,sha256:39c3f62c162ab0fe10acb5bc2b0c17040b2744ecee5fb9d4dd08a2d12c78dfb2,results/basis_a5_unique_shared/qwen/pos_unique/decoder/seame_dev_man/L10/pos_unique_decoder_L10_oracle_local_rho0.5.json
qwen3_asr_1p7b,seame_dev_man,decoder,11,0.4074074074074074,pos_unique,oracle_local,0.5,NOT_TESTED,0.2628272251308901,0.6565656565656566,0.6666666666666666,,1.0,0,0,0,0,0,,39,675.870231628418,82.50957899827223,17.330005939190205,0.21003629093239098,0.00820534399326741,0.2638743455497382,0.6565656565656566,0.2607329842931937,0.6565656565656566,-0.0010471204188481353,0.0020942408376963817,sha256:e034dfbca15ac1829eb83aaba01ecf84607d4206a2fbd064a850aa9aa442c9d1,1ac288740082396cdf2d7e93e57ebccc068dcbb9579b2adbd2303d396a62216e,2f70a1ed3ba6d07fdd12200ea38d699cc6d27fc02d28a8eff551f8b0ce6a30ed,sha256:5d87c842f212c25fef15bbb1d300fbbb5fafc98eb97fc37f01fcfbf2ce3453e8,sha256:39c3f62c162ab0fe10acb5bc2b0c17040b2744ecee5fb9d4dd08a2d12c78dfb2,results/basis_a5_unique_shared/qwen/pos_unique/decoder/seame_dev_man/L11/pos_unique_decoder_L11_oracle_local_rho0.5.json
qwen3_asr_1p7b,seame_dev_man,decoder,12,0.4444444444444444,pos_unique,oracle_local,0.5,NOT_TESTED,0.2617801047120419,0.6565656565656566,0.6666666666666666,,1.0,0,0,0,0,0,,39,701.1587886810303,89.67383301563753,17.978430479000775,0.20048691880791644,0.00820534399326741,0.2628272251308901,0.6565656565656566,0.2607329842931937,0.6565656565656566,-0.0010471204188481908,0.0010471204188481908,sha256:175c4e63461673c3e0b987fa719272778a7848a24425b51613e8ef772e347748,1ac288740082396cdf2d7e93e57ebccc068dcbb9579b2adbd2303d396a62216e,2f70a1ed3ba6d07fdd12200ea38d699cc6d27fc02d28a8eff551f8b0ce6a30ed,sha256:5d87c842f212c25fef15bbb1d300fbbb5fafc98eb97fc37f01fcfbf2ce3453e8,sha256:39c3f62c162ab0fe10acb5bc2b0c17040b2744ecee5fb9d4dd08a2d12c78dfb2,results/basis_a5_unique_shared/qwen/pos_unique/decoder/seame_dev_man/L12/pos_unique_decoder_L12_oracle_local_rho0.5.json
qwen3_asr_1p7b,seame_dev_man,decoder,13,0.48148148148148145,pos_unique,oracle_local,0.5,NOT_TESTED,0.2607329842931937,0.6565656565656566,0.6666666666666666,,1.0,0,0,0,0,0,,39,731.5979661941528,97.30963741204677,18.758922210106483,0.19277558429977418,0.008210526315789474,0.2628272251308901,0.6565656565656566,0.25968586387434556,0.6565656565656566,-0.0020942408376963817,0.0010471204188481353,sha256:eb75309fa08ad364d5a3a61c08ded0461a33c06b6cb70709bb8c24bf6a3fa2b3,1ac288740082396cdf2d7e93e57ebccc068dcbb9579b2adbd2303d396a62216e,2f70a1ed3ba6d07fdd12200ea38d699cc6d27fc02d28a8eff551f8b0ce6a30ed,sha256:5d87c842f212c25fef15bbb1d300fbbb5fafc98eb97fc37f01fcfbf2ce3453e8,sha256:39c3f62c162ab0fe10acb5bc2b0c17040b2744ecee5fb9d4dd08a2d12c78dfb2,results/basis_a5_unique_shared/qwen/pos_unique/decoder/seame_dev_man/L13/pos_unique_decoder_L13_oracle_local_rho0.5.json
qwen3_asr_1p7b,seame_dev_man,decoder,14,0.5185185185185185,pos_unique,oracle_local,0.5,NOT_TESTED,0.2617801047120419,0.6565656565656566,0.6666666666666666,,1.0,0,0,0,0,0,,39,800.7155628204346,107.41060775365585,20.53116827744704,0.19114656091077034,0.008203618005889778,0.2628272251308901,0.6666666666666666,0.2617801047120419,0.6565656565656566,-0.0010471204188481908,0.0,sha256:d9d7e53b3ec1843f710ae61c9c373821ffd729423fc265d3ac4226c37f60b60e,1ac288740082396cdf2d7e93e57ebccc068dcbb9579b2adbd2303d396a62216e,2f70a1ed3ba6d07fdd12200ea38d699cc6d27fc02d28a8eff551f8b0ce6a30ed,sha256:5d87c842f212c25fef15bbb1d300fbbb5fafc98eb97fc37f01fcfbf2ce3453e8,sha256:39c3f62c162ab0fe10acb5bc2b0c17040b2744ecee5fb9d4dd08a2d12c78dfb2,results/basis_a5_unique_shared/qwen/pos_unique/decoder/seame_dev_man/L14/pos_unique_decoder_L14_oracle_local_rho0.5.json
qwen3_asr_1p7b,seame_dev_man,decoder,15,0.5555555555555556,pos_unique,oracle_local,0.5,NOT_TESTED,0.2617801047120419,0.6565656565656566,0.6666666666666666,,0.9986541049798116,0,0,0,0,0,,39,2195.0698585510254,128.56605236346905,56.28384252694937,0.43778152546699756,0.008207070707070708,0.2617801047120419,0.6565656565656566,0.2638743455497382,0.6565656565656566,0.0,-0.002094240837696326,sha256:ce7c16068f9b638b6f419cfa458411d7532e52ad329f21dfd396c718911a5f75,1ac288740082396cdf2d7e93e57ebccc068dcbb9579b2adbd2303d396a62216e,2f70a1ed3ba6d07fdd12200ea38d699cc6d27fc02d28a8eff551f8b0ce6a30ed,sha256:5d87c842f212c25fef15bbb1d300fbbb5fafc98eb97fc37f01fcfbf2ce3453e8,sha256:39c3f62c162ab0fe10acb5bc2b0c17040b2744ecee5fb9d4dd08a2d12c78dfb2,results/basis_a5_unique_shared/qwen/pos_unique/decoder/seame_dev_man/L15/pos_unique_decoder_L15_oracle_local_rho0.5.json
qwen3_asr_1p7b,seame_dev_man,decoder,16,0.5925925925925926,pos_unique,oracle_local,0.5,NOT_TESTED,0.2617801047120419,0.6565656565656566,0.6666666666666666,,1.0,0,0,0,0,0,,39,1209.434808731079,157.54069440792767,31.01114894182254,0.19684532341544644,0.008207070707070708,0.2607329842931937,0.6565656565656566,0.2628272251308901,0.6565656565656566,0.0010471204188481908,-0.0010471204188481908,sha256:80d129fa84955eeb19e850df4125b0dce32ca9de541b494294edef2e24112dc6,1ac288740082396cdf2d7e93e57ebccc068dcbb9579b2adbd2303d396a62216e,2f70a1ed3ba6d07fdd12200ea38d699cc6d27fc02d28a8eff551f8b0ce6a30ed,sha256:5d87c842f212c25fef15bbb1d300fbbb5fafc98eb97fc37f01fcfbf2ce3453e8,sha256:39c3f62c162ab0fe10acb5bc2b0c17040b2744ecee5fb9d4dd08a2d12c78dfb2,results/basis_a5_unique_shared/qwen/pos_unique/decoder/seame_dev_man/L16/pos_unique_decoder_L16_oracle_local_rho0.5.json
qwen3_asr_1p7b,seame_dev_man,decoder,17,0.6296296296296297,pos_unique,oracle_local,0.5,NOT_TESTED,0.2628272251308901,0.6565656565656566,0.6666666666666666,,1.0,0,0,0,0,0,,39,1762.4318161010742,208.45570256159857,45.19055938720703,0.21678735017504855,0.008201892744479496,0.25968586387434556,0.6464646464646465,0.2607329842931937,0.6565656565656566,0.003141361256544517,0.0020942408376963817,sha256:a6c2f262ac1e417cb18d7bab9aae0d01bee1dd65330bb43e9f760ed3aebcf746,1ac288740082396cdf2d7e93e57ebccc068dcbb9579b2adbd2303d396a62216e,2f70a1ed3ba6d07fdd12200ea38d699cc6d27fc02d28a8eff551f8b0ce6a30ed,sha256:5d87c842f212c25fef15bbb1d300fbbb5fafc98eb97fc37f01fcfbf2ce3453e8,sha256:39c3f62c162ab0fe10acb5bc2b0c17040b2744ecee5fb9d4dd08a2d12c78dfb2,results/basis_a5_unique_shared/qwen/pos_unique/decoder/seame_dev_man/L17/pos_unique_decoder_L17_oracle_local_rho0.5.json
qwen3_asr_1p7b,seame_dev_man,decoder,18,0.6666666666666666,pos_unique,oracle_local,0.5,NOT_TESTED,0.2617801047120419,0.6565656565656566,0.6666666666666666,,0.9986541049798116,0,0,0,0,0,,39,2316.694080352783,269.3024115929237,59.40241231673803,0.22057883538945225,0.008210526315789474,0.2617801047120419,0.6666666666666666,0.2638743455497382,0.6565656565656566,0.0,-0.002094240837696326,sha256:a33d6bfb048aada86a180430fe406c4aba13e5972f6255766767c31979b87690,1ac288740082396cdf2d7e93e57ebccc068dcbb9579b2adbd2303d396a62216e,2f70a1ed3ba6d07fdd12200ea38d699cc6d27fc02d28a8eff551f8b0ce6a30ed,sha256:5d87c842f212c25fef15bbb1d300fbbb5fafc98eb97fc37f01fcfbf2ce3453e8,sha256:39c3f62c162ab0fe10acb5bc2b0c17040b2744ecee5fb9d4dd08a2d12c78dfb2,results/basis_a5_unique_shared/qwen/pos_unique/decoder/seame_dev_man/L18/pos_unique_decoder_L18_oracle_local_rho0.5.json
qwen3_asr_1p7b,seame_dev_man,decoder,19,0.7037037037037037,pos_unique,oracle_local,0.5,NOT_TESTED,0.2628272251308901,0.6565656565656566,0.6666666666666666,,1.0,0,0,0,0,0,,39,5706.675201416016,341.498045309996,146.32500516451321,0.42847977367392015,0.008201892744479496,0.2607329842931937,0.6464646464646465,0.2617801047120419,0.6565656565656566,0.0020942408376963817,0.0010471204188481908,sha256:a9ced70f7f3fd68f114bc631bfdea5aaa3c5e22c899afa2b813701a7e133877a,1ac288740082396cdf2d7e93e57ebccc068dcbb9579b2adbd2303d396a62216e,2f70a1ed3ba6d07fdd12200ea38d699cc6d27fc02d28a8eff551f8b0ce6a30ed,sha256:5d87c842f212c25fef15bbb1d300fbbb5fafc98eb97fc37f01fcfbf2ce3453e8,sha256:39c3f62c162ab0fe10acb5bc2b0c17040b2744ecee5fb9d4dd08a2d12c78dfb2,results/basis_a5_unique_shared/qwen/pos_unique/decoder/seame_dev_man/L19/pos_unique_decoder_L19_oracle_local_rho0.5.json
qwen3_asr_1p7b,seame_dev_man,decoder,20,0.7407407407407407,pos_unique,oracle_local,0.5,NOT_TESTED,0.2607329842931937,0.6565656565656566,0.6666666666666666,,1.0,0,0,0,0,0,,39,7736.299728393555,449.02127544696515,198.36665970239883,0.4417756363658727,0.00820534399326741,0.2649214659685864,0.6666666666666666,0.2628272251308901,0.6565656565656566,-0.004188481675392708,-0.0020942408376963817,sha256:0fe96715cb87afc69635e7872315702bf2886b8c2da4ab973e93abd024f8733f,1ac288740082396cdf2d7e93e57ebccc068dcbb9579b2adbd2303d396a62216e,2f70a1ed3ba6d07fdd12200ea38d699cc6d27fc02d28a8eff551f8b0ce6a30ed,sha256:5d87c842f212c25fef15bbb1d300fbbb5fafc98eb97fc37f01fcfbf2ce3453e8,sha256:39c3f62c162ab0fe10acb5bc2b0c17040b2744ecee5fb9d4dd08a2d12c78dfb2,results/basis_a5_unique_shared/qwen/pos_unique/decoder/seame_dev_man/L20/pos_unique_decoder_L20_oracle_local_rho0.5.json
qwen3_asr_1p7b,seame_dev_man,decoder,21,0.7777777777777778,pos_unique,oracle_local,0.5,NOT_TESTED,0.2628272251308901,0.6666666666666666,0.6767676767676768,,0.9973082099596231,0,1,-1,0,1,,39,10185.001281738281,617.117196890024,261.1538790189303,0.4231836032685868,0.00820534399326741,0.2628272251308901,0.6565656565656566,0.2617801047120419,0.6666666666666666,0.0,0.0010471204188481908,sha256:9e75f358ad3aa2aa640c5fab293a40e5612131f61c31a62126c613a512d6ef28,1ac288740082396cdf2d7e93e57ebccc068dcbb9579b2adbd2303d396a62216e,2f70a1ed3ba6d07fdd12200ea38d699cc6d27fc02d28a8eff551f8b0ce6a30ed,sha256:5d87c842f212c25fef15bbb1d300fbbb5fafc98eb97fc37f01fcfbf2ce3453e8,sha256:39c3f62c162ab0fe10acb5bc2b0c17040b2744ecee5fb9d4dd08a2d12c78dfb2,results/basis_a5_unique_shared/qwen/pos_unique/decoder/seame_dev_man/L21/pos_unique_decoder_L21_oracle_local_rho0.5.json
qwen3_asr_1p7b,seame_dev_man,decoder,22,0.8148148148148148,pos_unique,oracle_local,0.5,NOT_TESTED,0.2628272251308901,0.6565656565656566,0.6666666666666666,,1.0,0,0,0,0,0,,39,12966.300079345703,778.3564860026041,332.46923280373596,0.42714262524000296,0.008200168208578638,0.2607329842931937,0.6565656565656566,0.2628272251308901,0.6666666666666666,0.0020942408376963817,0.0,sha256:60fb4039d11a894542a4f6b40603ca4fa2845fc1b343d13b35f72772fa4dcc37,1ac288740082396cdf2d7e93e57ebccc068dcbb9579b2adbd2303d396a62216e,2f70a1ed3ba6d07fdd12200ea38d699cc6d27fc02d28a8eff551f8b0ce6a30ed,sha256:5d87c842f212c25fef15bbb1d300fbbb5fafc98eb97fc37f01fcfbf2ce3453e8,sha256:39c3f62c162ab0fe10acb5bc2b0c17040b2744ecee5fb9d4dd08a2d12c78dfb2,results/basis_a5_unique_shared/qwen/pos_unique/decoder/seame_dev_man/L22/pos_unique_decoder_L22_oracle_local_rho0.5.json
qwen3_asr_1p7b,seame_dev_man,decoder,23,0.8518518518518519,pos_unique,oracle_local,0.5,NOT_TESTED,0.2617801047120419,0.6565656565656566,0.6666666666666666,,0.9986541049798116,0,0,0,0,0,,39,16314.959533691406,996.7520313752003,418.33229573567706,0.4196954534002923,0.008207070707070708,0.2617801047120419,0.6565656565656566,0.2607329842931937,0.6565656565656566,0.0,0.0010471204188481908,sha256:5e0fd673ef2e2c2c8f33239ddc5a28cf124d38bcb9016743e804d7a53a7c8a76,1ac288740082396cdf2d7e93e57ebccc068dcbb9579b2adbd2303d396a62216e,2f70a1ed3ba6d07fdd12200ea38d699cc6d27fc02d28a8eff551f8b0ce6a30ed,sha256:5d87c842f212c25fef15bbb1d300fbbb5fafc98eb97fc37f01fcfbf2ce3453e8,sha256:39c3f62c162ab0fe10acb5bc2b0c17040b2744ecee5fb9d4dd08a2d12c78dfb2,results/basis_a5_unique_shared/qwen/pos_unique/decoder/seame_dev_man/L23/pos_unique_decoder_L23_oracle_local_rho0.5.json
qwen3_asr_1p7b,seame_dev_man,decoder,24,0.8888888888888888,pos_unique,oracle_local,0.5,STABLE,0.25968586387434556,0.6565656565656566,0.6666666666666666,,1.0,0,0,0,0,0,,39,10181.376693725586,1264.9011011368189,261.0609408647586,0.20638842090510662,0.008207070707070708,0.25968586387434556,0.6565656565656566,0.25968586387434556,0.6565656565656566,0.0,0.0,sha256:2ce8de6a4926ca043faca8a33898cab71c3bad0ade58f4161fa8ba8cbb0975b5,1ac288740082396cdf2d7e93e57ebccc068dcbb9579b2adbd2303d396a62216e,2f70a1ed3ba6d07fdd12200ea38d699cc6d27fc02d28a8eff551f8b0ce6a30ed,sha256:5d87c842f212c25fef15bbb1d300fbbb5fafc98eb97fc37f01fcfbf2ce3453e8,sha256:39c3f62c162ab0fe10acb5bc2b0c17040b2744ecee5fb9d4dd08a2d12c78dfb2,results/basis_a5_unique_shared/qwen/pos_unique/decoder/seame_dev_man/L24/pos_unique_decoder_L24_oracle_local_rho0.5.json
qwen3_asr_1p7b,seame_dev_man,decoder,25,0.9259259259259259,pos_unique,oracle_local,0.5,NOT_TESTED,0.2607329842931937,0.6565656565656566,0.6666666666666666,,1.0,0,0,0,0,0,,39,12204.748031616211,1623.5900221604568,312.94225722092847,0.19274709313900976,0.008210526315789474,0.2607329842931937,0.6565656565656566,0.2607329842931937,0.6565656565656566,0.0,0.0,sha256:6e6ad2402cd6e13534046bac3aa8beb3417b834bef94e7806912e16f91d10fc0,1ac288740082396cdf2d7e93e57ebccc068dcbb9579b2adbd2303d396a62216e,2f70a1ed3ba6d07fdd12200ea38d699cc6d27fc02d28a8eff551f8b0ce6a30ed,sha256:5d87c842f212c25fef15bbb1d300fbbb5fafc98eb97fc37f01fcfbf2ce3453e8,sha256:39c3f62c162ab0fe10acb5bc2b0c17040b2744ecee5fb9d4dd08a2d12c78dfb2,results/basis_a5_unique_shared/qwen/pos_unique/decoder/seame_dev_man/L25/pos_unique_decoder_L25_oracle_local_rho0.5.json
qwen3_asr_1p7b,seame_dev_man,decoder,26,0.9629629629629629,pos_unique,oracle_local,0.5,STABLE,0.2617801047120419,0.6565656565656566,0.6666666666666666,,1.0,0,0,0,0,0,,39,13137.6875,1950.8122934194712,336.86378205128204,0.1726787262862754,0.008203618005889778,0.2638743455497382,0.6565656565656566,0.2638743455497382,0.6666666666666666,-0.002094240837696326,-0.002094240837696326,sha256:baede0334691182e001af8536267c44c5786910fdf397089fb1d42b681a2f173,1ac288740082396cdf2d7e93e57ebccc068dcbb9579b2adbd2303d396a62216e,2f70a1ed3ba6d07fdd12200ea38d699cc6d27fc02d28a8eff551f8b0ce6a30ed,sha256:5d87c842f212c25fef15bbb1d300fbbb5fafc98eb97fc37f01fcfbf2ce3453e8,sha256:39c3f62c162ab0fe10acb5bc2b0c17040b2744ecee5fb9d4dd08a2d12c78dfb2,results/basis_a5_unique_shared/qwen/pos_unique/decoder/seame_dev_man/L26/pos_unique_decoder_L26_oracle_local_rho0.5.json
qwen3_asr_1p7b,seame_dev_man,decoder,27,1.0,pos_unique,oracle_local,0.5,STABLE,0.2607329842931937,0.6565656565656566,0.6666666666666666,,1.0,0,0,0,0,0,,39,14896.353942871094,2380.1044577574116,381.9577934069511,0.1604794244059525,0.008203618005889778,0.2617801047120419,0.6565656565656566,0.2638743455497382,0.6565656565656566,-0.0010471204188481908,-0.003141361256544517,sha256:284938da98fa688f9e987180ecd4cb5adad5395d278645a9f57298782d606e7a,1ac288740082396cdf2d7e93e57ebccc068dcbb9579b2adbd2303d396a62216e,2f70a1ed3ba6d07fdd12200ea38d699cc6d27fc02d28a8eff551f8b0ce6a30ed,sha256:5d87c842f212c25fef15bbb1d300fbbb5fafc98eb97fc37f01fcfbf2ce3453e8,sha256:39c3f62c162ab0fe10acb5bc2b0c17040b2744ecee5fb9d4dd08a2d12c78dfb2,results/basis_a5_unique_shared/qwen/pos_unique/decoder/seame_dev_man/L27/pos_unique_decoder_L27_oracle_local_rho0.5.json
qwen3_asr_1p7b,seame_dev_sge,decoder,0,0.0,pos_unique,oracle_local,0.5,NOT_TESTED,0.26927502876869963,0.7727272727272727,0.8068181818181818,,1.0,0,0,0,0,0,,36,120.21128249168396,7.39311487144894,3.3392022914356656,0.4516637911756444,0.008490566037735849,0.27042577675489066,0.7727272727272727,0.27042577675489066,0.7727272727272727,-0.0011507479861910253,-0.0011507479861910253,sha256:3dcff81f51bcbf3fbdf2cbfd6c10b08b1fbb7c182121e1457fec1d76f400e43c,6a0a8a1a8fb2d3b2a6e91486b635c65f2ac7fcd9bcd1f12e8259a5c4b2047838,2f70a1ed3ba6d07fdd12200ea38d699cc6d27fc02d28a8eff551f8b0ce6a30ed,sha256:5d87c842f212c25fef15bbb1d300fbbb5fafc98eb97fc37f01fcfbf2ce3453e8,sha256:39c3f62c162ab0fe10acb5bc2b0c17040b2744ecee5fb9d4dd08a2d12c78dfb2,results/basis_a5_unique_shared/qwen/pos_unique/decoder/seame_dev_sge/L00/pos_unique_decoder_L0_oracle_local_rho0.5.json
qwen3_asr_1p7b,seame_dev_sge,decoder,1,0.037037037037037035,pos_unique,oracle_local,0.5,NOT_TESTED,0.2669735327963176,0.7727272727272727,0.8068181818181818,,1.0,0,0,0,0,0,,36,241.20491790771484,14.400639957851833,6.700136608547634,0.46526658732929704,0.008482563619227144,0.27042577675489066,0.7727272727272727,0.26927502876869963,0.7613636363636364,-0.0034522439585730758,-0.0023014959723820505,sha256:cd7609c5b9b79bb1d23692ef3f4ed7480ea08b11a53e37ed5695381a9d7ad33a,6a0a8a1a8fb2d3b2a6e91486b635c65f2ac7fcd9bcd1f12e8259a5c4b2047838,2f70a1ed3ba6d07fdd12200ea38d699cc6d27fc02d28a8eff551f8b0ce6a30ed,sha256:5d87c842f212c25fef15bbb1d300fbbb5fafc98eb97fc37f01fcfbf2ce3453e8,sha256:39c3f62c162ab0fe10acb5bc2b0c17040b2744ecee5fb9d4dd08a2d12c78dfb2,results/basis_a5_unique_shared/qwen/pos_unique/decoder/seame_dev_sge/L01/pos_unique_decoder_L1_oracle_local_rho0.5.json
qwen3_asr_1p7b,seame_dev_sge,decoder,2,0.07407407407407407,pos_unique,oracle_local,0.5,NOT_TESTED,0.27042577675489066,0.7727272727272727,0.8068181818181818,,1.0,0,0,0,0,0,,36,349.9273319244385,20.238898091846043,9.720203664567736,0.48027336372052115,0.008488564017920301,0.2669735327963176,0.7727272727272727,0.27042577675489066,0.7727272727272727,0.0034522439585730758,0.0,sha256:eb3351dd5f468a782b2046b38880015be3fa5af3227cd6e3af3fb8a20e8d6d24,6a0a8a1a8fb2d3b2a6e91486b635c65f2ac7fcd9bcd1f12e8259a5c4b2047838,2f70a1ed3ba6d07fdd12200ea38d699cc6d27fc02d28a8eff551f8b0ce6a30ed,sha256:5d87c842f212c25fef15bbb1d300fbbb5fafc98eb97fc37f01fcfbf2ce3453e8,sha256:39c3f62c162ab0fe10acb5bc2b0c17040b2744ecee5fb9d4dd08a2d12c78dfb2,results/basis_a5_unique_shared/qwen/pos_unique/decoder/seame_dev_sge/L02/pos_unique_decoder_L2_oracle_local_rho0.5.json
qwen3_asr_1p7b,seame_dev_sge,decoder,3,0.1111111111111111,pos_unique,oracle_local,0.5,NOT_TESTED,0.27042577675489066,0.7727272727272727,0.8068181818181818,,1.0,0,0,0,0,0,,36,426.7894821166992,24.898800373077393,11.855263392130533,0.4761379349404082,0.008488564017920301,0.27042577675489066,0.7727272727272727,0.27042577675489066,0.7727272727272727,0.0,0.0,sha256:c53209a9348dd9242d42674cba8dbf3073f9b6e6326e2e6c64a64c4ae4037188,6a0a8a1a8fb2d3b2a6e91486b635c65f2ac7fcd9bcd1f12e8259a5c4b2047838,2f70a1ed3ba6d07fdd12200ea38d699cc6d27fc02d28a8eff551f8b0ce6a30ed,sha256:5d87c842f212c25fef15bbb1d300fbbb5fafc98eb97fc37f01fcfbf2ce3453e8,sha256:39c3f62c162ab0fe10acb5bc2b0c17040b2744ecee5fb9d4dd08a2d12c78dfb2,results/basis_a5_unique_shared/qwen/pos_unique/decoder/seame_dev_sge/L03/pos_unique_decoder_L3_oracle_local_rho0.5.json
qwen3_asr_1p7b,seame_dev_sge,decoder,4,0.14814814814814814,pos_unique,oracle_local,0.5,NOT_TESTED,0.27042577675489066,0.7727272727272727,0.8068181818181818,,1.0,0,0,0,0,0,,36,494.1714849472046,28.907447814941406,13.726985692977905,0.47485982784972225,0.008488564017920301,0.2669735327963176,0.7727272727272727,0.2669735327963176,0.7727272727272727,0.0034522439585730758,0.0034522439585730758,sha256:099b3405bdc62a81227bda3d03751bbc0d0f8772e4cc96bcfb4002eddb28d761,6a0a8a1a8fb2d3b2a6e91486b635c65f2ac7fcd9bcd1f12e8259a5c4b2047838,2f70a1ed3ba6d07fdd12200ea38d699cc6d27fc02d28a8eff551f8b0ce6a30ed,sha256:5d87c842f212c25fef15bbb1d300fbbb5fafc98eb97fc37f01fcfbf2ce3453e8,sha256:39c3f62c162ab0fe10acb5bc2b0c17040b2744ecee5fb9d4dd08a2d12c78dfb2,results/basis_a5_unique_shared/qwen/pos_unique/decoder/seame_dev_sge/L04/pos_unique_decoder_L4_oracle_local_rho0.5.json
qwen3_asr_1p7b,seame_dev_sge,decoder,5,0.18518518518518517,pos_unique,oracle_local,0.5,NOT_TESTED,0.2669735327963176,0.7727272727272727,0.8068181818181818,,1.0,0,0,0,0,0,,36,576.3102264404297,33.449718687269424,16.008617401123047,0.47858750474980055,0.008486562942008486,0.27042577675489066,0.7727272727272727,0.27042577675489066,0.7727272727272727,-0.0034522439585730758,-0.0034522439585730758,sha256:ceb5a19c2d445c2443af56173a11e0baf949b8478cdb37d5553f05c6b92478f7,6a0a8a1a8fb2d3b2a6e91486b635c65f2ac7fcd9bcd1f12e8259a5c4b2047838,2f70a1ed3ba6d07fdd12200ea38d699cc6d27fc02d28a8eff551f8b0ce6a30ed,sha256:5d87c842f212c25fef15bbb1d300fbbb5fafc98eb97fc37f01fcfbf2ce3453e8,sha256:39c3f62c162ab0fe10acb5bc2b0c17040b2744ecee5fb9d4dd08a2d12c78dfb2,results/basis_a5_unique_shared/qwen/pos_unique/decoder/seame_dev_sge/L05/pos_unique_decoder_L5_oracle_local_rho0.5.json
qwen3_asr_1p7b,seame_dev_sge,decoder,6,0.2222222222222222,pos_unique,oracle_local,0.5,NOT_TESTED,0.27042577675489066,0.7727272727272727,0.8068181818181818,,1.0,0,0,0,0,0,,36,346.651903629303,37.91201718648275,9.629219545258415,0.25398858356425424,0.008488564017920301,0.27042577675489066,0.7727272727272727,0.27042577675489066,0.7727272727272727,0.0,0.0,sha256:dbc1d609be9f85869310cc00af76edae2b8aa7f07b5f78cefd9aec722ca205dc,6a0a8a1a8fb2d3b2a6e91486b635c65f2ac7fcd9bcd1f12e8259a5c4b2047838,2f70a1ed3ba6d07fdd12200ea38d699cc6d27fc02d28a8eff551f8b0ce6a30ed,sha256:5d87c842f212c25fef15bbb1d300fbbb5fafc98eb97fc37f01fcfbf2ce3453e8,sha256:39c3f62c162ab0fe10acb5bc2b0c17040b2744ecee5fb9d4dd08a2d12c78dfb2,results/basis_a5_unique_shared/qwen/pos_unique/decoder/seame_dev_sge/L06/pos_unique_decoder_L6_oracle_local_rho0.5.json
qwen3_asr_1p7b,seame_dev_sge,decoder,7,0.25925925925925924,pos_unique,oracle_local,0.5,NOT_TESTED,0.27042577675489066,0.7727272727272727,0.8068181818181818,,1.0,0,0,0,0,0,,36,705.8682022094727,41.86209381951226,19.60745006137424,0.46838197214672167,0.008488564017920301,0.27042577675489066,0.7727272727272727,0.27042577675489066,0.7727272727272727,0.0,0.0,sha256:c16d21069e8e4673f98d966eeea6c473ef813596c4ff9c44b00f8e9d6475b870,6a0a8a1a8fb2d3b2a6e91486b635c65f2ac7fcd9bcd1f12e8259a5c4b2047838,2f70a1ed3ba6d07fdd12200ea38d699cc6d27fc02d28a8eff551f8b0ce6a30ed,sha256:5d87c842f212c25fef15bbb1d300fbbb5fafc98eb97fc37f01fcfbf2ce3453e8,sha256:39c3f62c162ab0fe10acb5bc2b0c17040b2744ecee5fb9d4dd08a2d12c78dfb2,results/basis_a5_unique_shared/qwen/pos_unique/decoder/seame_dev_sge/L07/pos_unique_decoder_L7_oracle_local_rho0.5.json
qwen3_asr_1p7b,seame_dev_sge,decoder,8,0.2962962962962963,pos_unique,oracle_local,0.5,NOT_TESTED,0.27042577675489066,0.7727272727272727,0.8068181818181818,,1.0,0,0,0,0,0,,36,377.29705810546875,44.80873499976264,10.480473836263021,0.23389354411184643,0.008488564017920301,0.27042577675489066,0.7727272727272727,0.27042577675489066,0.7727272727272727,0.0,0.0,sha256:749a2e750d361ea8f1f1b2e44facd62836113d819de130ba6fdc6c60520163cf,6a0a8a1a8fb2d3b2a6e91486b635c65f2ac7fcd9bcd1f12e8259a5c4b2047838,2f70a1ed3ba6d07fdd12200ea38d699cc6d27fc02d28a8eff551f8b0ce6a30ed,sha256:5d87c842f212c25fef15bbb1d300fbbb5fafc98eb97fc37f01fcfbf2ce3453e8,sha256:39c3f62c162ab0fe10acb5bc2b0c17040b2744ecee5fb9d4dd08a2d12c78dfb2,results/basis_a5_unique_shared/qwen/pos_unique/decoder/seame_dev_sge/L08/pos_unique_decoder_L8_oracle_local_rho0.5.json
qwen3_asr_1p7b,seame_dev_sge,decoder,9,0.3333333333333333,pos_unique,oracle_local,0.5,NOT_TESTED,0.27042577675489066,0.7727272727272727,0.8068181818181818,,1.0,0,0,0,0,0,,36,412.1141548156738,50.55623149871826,11.447615411546495,0.2264333213174072,0.008488564017920301,0.27042577675489066,0.7727272727272727,0.27042577675489066,0.7727272727272727,0.0,0.0,sha256:ab97461e7d08ff160f8c36a183eefa0302eac0a28997cf6c89934551158e37f7,6a0a8a1a8fb2d3b2a6e91486b635c65f2ac7fcd9bcd1f12e8259a5c4b2047838,2f70a1ed3ba6d07fdd12200ea38d699cc6d27fc02d28a8eff551f8b0ce6a30ed,sha256:5d87c842f212c25fef15bbb1d300fbbb5fafc98eb97fc37f01fcfbf2ce3453e8,sha256:39c3f62c162ab0fe10acb5bc2b0c17040b2744ecee5fb9d4dd08a2d12c78dfb2,results/basis_a5_unique_shared/qwen/pos_unique/decoder/seame_dev_sge/L09/pos_unique_decoder_L9_oracle_local_rho0.5.json
qwen3_asr_1p7b,seame_dev_sge,decoder,10,0.37037037037037035,pos_unique,oracle_local,0.5,NOT_TESTED,0.27042577675489066,0.7727272727272727,0.8068181818181818,,1.0,0,0,0,0,0,,36,449.99850845336914,60.14222431182861,12.499958568149143,0.2078399778388423,0.008488564017920301,0.27042577675489066,0.7727272727272727,0.2669735327963176,0.7727272727272727,0.0,0.0034522439585730758,sha256:5c91152a34d311b69321d5223da13dc1d37ebdf7390b535f3f0668267a1daf43,6a0a8a1a8fb2d3b2a6e91486b635c65f2ac7fcd9bcd1f12e8259a5c4b2047838,2f70a1ed3ba6d07fdd12200ea38d699cc6d27fc02d28a8eff551f8b0ce6a30ed,sha256:5d87c842f212c25fef15bbb1d300fbbb5fafc98eb97fc37f01fcfbf2ce3453e8,sha256:39c3f62c162ab0fe10acb5bc2b0c17040b2744ecee5fb9d4dd08a2d12c78dfb2,results/basis_a5_unique_shared/qwen/pos_unique/decoder/seame_dev_sge/L10/pos_unique_decoder_L10_oracle_local_rho0.5.json
qwen3_asr_1p7b,seame_dev_sge,decoder,11,0.4074074074074074,pos_unique,oracle_local,0.5,NOT_TESTED,0.2669735327963176,0.7727272727272727,0.8068181818181818,,1.0,0,0,0,0,0,,36,591.6397180557251,79.75321578979492,16.43443661265903,0.20606613100060037,0.008486562942008486,0.27042577675489066,0.7727272727272727,0.27042577675489066,0.7727272727272727,-0.0034522439585730758,-0.0034522439585730758,sha256:e034dfbca15ac1829eb83aaba01ecf84607d4206a2fbd064a850aa9aa442c9d1,6a0a8a1a8fb2d3b2a6e91486b635c65f2ac7fcd9bcd1f12e8259a5c4b2047838,2f70a1ed3ba6d07fdd12200ea38d699cc6d27fc02d28a8eff551f8b0ce6a30ed,sha256:5d87c842f212c25fef15bbb1d300fbbb5fafc98eb97fc37f01fcfbf2ce3453e8,sha256:39c3f62c162ab0fe10acb5bc2b0c17040b2744ecee5fb9d4dd08a2d12c78dfb2,results/basis_a5_unique_shared/qwen/pos_unique/decoder/seame_dev_sge/L11/pos_unique_decoder_L11_oracle_local_rho0.5.json
qwen3_asr_1p7b,seame_dev_sge,decoder,12,0.4444444444444444,pos_unique,oracle_local,0.5,NOT_TESTED,0.27042577675489066,0.7727272727272727,0.8068181818181818,,1.0,0,0,0,0,0,,36,623.6749849319458,85.94740253024631,17.324305136998493,0.2015686876738571,0.008488564017920301,0.27042577675489066,0.7727272727272727,0.27042577675489066,0.7727272727272727,0.0,0.0,sha256:175c4e63461673c3e0b987fa719272778a7848a24425b51613e8ef772e347748,6a0a8a1a8fb2d3b2a6e91486b635c65f2ac7fcd9bcd1f12e8259a5c4b2047838,2f70a1ed3ba6d07fdd12200ea38d699cc6d27fc02d28a8eff551f8b0ce6a30ed,sha256:5d87c842f212c25fef15bbb1d300fbbb5fafc98eb97fc37f01fcfbf2ce3453e8,sha256:39c3f62c162ab0fe10acb5bc2b0c17040b2744ecee5fb9d4dd08a2d12c78dfb2,results/basis_a5_unique_shared/qwen/pos_unique/decoder/seame_dev_sge/L12/pos_unique_decoder_L12_oracle_local_rho0.5.json
qwen3_asr_1p7b,seame_dev_sge,decoder,13,0.48148148148148145,pos_unique,oracle_local,0.5,NOT_TESTED,0.27042577675489066,0.7727272727272727,0.8068181818181818,,1.0,0,0,0,0,0,,36,651.4376935958862,92.98024219936795,18.095491488774616,0.19461652347575434,0.008488564017920301,0.27042577675489066,0.7727272727272727,0.2669735327963176,0.7727272727272727,0.0,0.0034522439585730758,sha256:eb75309fa08ad364d5a3a61c08ded0461a33c06b6cb70709bb8c24bf6a3fa2b3,6a0a8a1a8fb2d3b2a6e91486b635c65f2ac7fcd9bcd1f12e8259a5c4b2047838,2f70a1ed3ba6d07fdd12200ea38d699cc6d27fc02d28a8eff551f8b0ce6a30ed,sha256:5d87c842f212c25fef15bbb1d300fbbb5fafc98eb97fc37f01fcfbf2ce3453e8,sha256:39c3f62c162ab0fe10acb5bc2b0c17040b2744ecee5fb9d4dd08a2d12c78dfb2,results/basis_a5_unique_shared/qwen/pos_unique/decoder/seame_dev_sge/L13/pos_unique_decoder_L13_oracle_local_rho0.5.json
qwen3_asr_1p7b,seame_dev_sge,decoder,14,0.5185185185185185,pos_unique,oracle_local,0.5,NOT_TESTED,0.27042577675489066,0.7727272727272727,0.8068181818181818,,1.0,0,0,0,0,0,,36,704.4019269943237,102.10525025261774,19.56672019428677,0.19163285086591447,0.008488564017920301,0.2669735327963176,0.7727272727272727,0.27042577675489066,0.7727272727272727,0.0034522439585730758,0.0,sha256:d9d7e53b3ec1843f710ae61c9c373821ffd729423fc265d3ac4226c37f60b60e,6a0a8a1a8fb2d3b2a6e91486b635c65f2ac7fcd9bcd1f12e8259a5c4b2047838,2f70a1ed3ba6d07fdd12200ea38d699cc6d27fc02d28a8eff551f8b0ce6a30ed,sha256:5d87c842f212c25fef15bbb1d300fbbb5fafc98eb97fc37f01fcfbf2ce3453e8,sha256:39c3f62c162ab0fe10acb5bc2b0c17040b2744ecee5fb9d4dd08a2d12c78dfb2,results/basis_a5_unique_shared/qwen/pos_unique/decoder/seame_dev_sge/L14/pos_unique_decoder_L14_oracle_local_rho0.5.json
qwen3_asr_1p7b,seame_dev_sge,decoder,15,0.5555555555555556,pos_unique,oracle_local,0.5,NOT_TESTED,0.27042577675489066,0.7727272727272727,0.8068181818181818,,1.0,0,0,0,0,0,,36,2024.2815437316895,120.9990660349528,56.23004288143582,0.4647146851959398,0.008488564017920301,0.27042577675489066,0.7727272727272727,0.2669735327963176,0.7727272727272727,0.0,0.0034522439585730758,sha256:ce7c16068f9b638b6f419cfa458411d7532e52ad329f21dfd396c718911a5f75,6a0a8a1a8fb2d3b2a6e91486b635c65f2ac7fcd9bcd1f12e8259a5c4b2047838,2f70a1ed3ba6d07fdd12200ea38d699cc6d27fc02d28a8eff551f8b0ce6a30ed,sha256:5d87c842f212c25fef15bbb1d300fbbb5fafc98eb97fc37f01fcfbf2ce3453e8,sha256:39c3f62c162ab0fe10acb5bc2b0c17040b2744ecee5fb9d4dd08a2d12c78dfb2,results/basis_a5_unique_shared/qwen/pos_unique/decoder/seame_dev_sge/L15/pos_unique_decoder_L15_oracle_local_rho0.5.json
qwen3_asr_1p7b,seame_dev_sge,decoder,16,0.5925925925925926,pos_unique,oracle_local,0.5,NOT_TESTED,0.27042577675489066,0.7727272727272727,0.8068181818181818,,1.0,0,0,0,0,0,,36,1079.8558769226074,150.20518324110242,29.99599658118354,0.19970014305721628,0.008488564017920301,0.27042577675489066,0.7727272727272727,0.27042577675489066,0.7727272727272727,0.0,0.0,sha256:80d129fa84955eeb19e850df4125b0dce32ca9de541b494294edef2e24112dc6,6a0a8a1a8fb2d3b2a6e91486b635c65f2ac7fcd9bcd1f12e8259a5c4b2047838,2f70a1ed3ba6d07fdd12200ea38d699cc6d27fc02d28a8eff551f8b0ce6a30ed,sha256:5d87c842f212c25fef15bbb1d300fbbb5fafc98eb97fc37f01fcfbf2ce3453e8,sha256:39c3f62c162ab0fe10acb5bc2b0c17040b2744ecee5fb9d4dd08a2d12c78dfb2,results/basis_a5_unique_shared/qwen/pos_unique/decoder/seame_dev_sge/L16/pos_unique_decoder_L16_oracle_local_rho0.5.json
qwen3_asr_1p7b,seame_dev_sge,decoder,17,0.6296296296296297,pos_unique,oracle_local,0.5,NOT_TESTED,0.27042577675489066,0.7727272727272727,0.8068181818181818,,1.0,0,0,0,0,0,,36,1565.8932609558105,201.37080425686307,43.49703502655029,0.2160046744962426,0.008488564017920301,0.2681242807825086,0.7727272727272727,0.27042577675489066,0.7727272727272727,0.0023014959723820505,0.0,sha256:a6c2f262ac1e417cb18d7bab9aae0d01bee1dd65330bb43e9f760ed3aebcf746,6a0a8a1a8fb2d3b2a6e91486b635c65f2ac7fcd9bcd1f12e8259a5c4b2047838,2f70a1ed3ba6d07fdd12200ea38d699cc6d27fc02d28a8eff551f8b0ce6a30ed,sha256:5d87c842f212c25fef15bbb1d300fbbb5fafc98eb97fc37f01fcfbf2ce3453e8,sha256:39c3f62c162ab0fe10acb5bc2b0c17040b2744ecee5fb9d4dd08a2d12c78dfb2,results/basis_a5_unique_shared/qwen/pos_unique/decoder/seame_dev_sge/L17/pos_unique_decoder_L17_oracle_local_rho0.5.json
qwen3_asr_1p7b,seame_dev_sge,decoder,18,0.6666666666666666,pos_unique,oracle_local,0.5,NOT_TESTED,0.27042577675489066,0.7727272727272727,0.8068181818181818,,1.0,0,0,0,0,0,,36,2066.4669914245605,262.67127312554254,57.40186087290446,0.2185311708809113,0.008488564017920301,0.27042577675489066,0.7727272727272727,0.2715765247410817,0.7727272727272727,0.0,-0.0011507479861910253,sha256:a33d6bfb048aada86a180430fe406c4aba13e5972f6255766767c31979b87690,6a0a8a1a8fb2d3b2a6e91486b635c65f2ac7fcd9bcd1f12e8259a5c4b2047838,2f70a1ed3ba6d07fdd12200ea38d699cc6d27fc02d28a8eff551f8b0ce6a30ed,sha256:5d87c842f212c25fef15bbb1d300fbbb5fafc98eb97fc37f01fcfbf2ce3453e8,sha256:39c3f62c162ab0fe10acb5bc2b0c17040b2744ecee5fb9d4dd08a2d12c78dfb2,results/basis_a5_unique_shared/qwen/pos_unique/decoder/seame_dev_sge/L18/pos_unique_decoder_L18_oracle_local_rho0.5.json
qwen3_asr_1p7b,seame_dev_sge,decoder,19,0.7037037037037037,pos_unique,oracle_local,0.5,NOT_TESTED,0.2669735327963176,0.7727272727272727,0.8068181818181818,,1.0,0,0,0,0,0,,36,5248.246643066406,333.04300096299914,145.78462897406683,0.43773515297582677,0.008486562942008486,0.2669735327963176,0.7727272727272727,0.2669735327963176,0.7727272727272727,0.0,0.0,sha256:a9ced70f7f3fd68f114bc631bfdea5aaa3c5e22c899afa2b813701a7e133877a,6a0a8a1a8fb2d3b2a6e91486b635c65f2ac7fcd9bcd1f12e8259a5c4b2047838,2f70a1ed3ba6d07fdd12200ea38d699cc6d27fc02d28a8eff551f8b0ce6a30ed,sha256:5d87c842f212c25fef15bbb1d300fbbb5fafc98eb97fc37f01fcfbf2ce3453e8,sha256:39c3f62c162ab0fe10acb5bc2b0c17040b2744ecee5fb9d4dd08a2d12c78dfb2,results/basis_a5_unique_shared/qwen/pos_unique/decoder/seame_dev_sge/L19/pos_unique_decoder_L19_oracle_local_rho0.5.json
qwen3_asr_1p7b,seame_dev_sge,decoder,20,0.7407407407407407,pos_unique,oracle_local,0.5,NOT_TESTED,0.2669735327963176,0.7727272727272727,0.8068181818181818,,1.0,0,0,0,0,0,,36,7108.490386962891,444.6474787394206,197.45806630452475,0.4440777823913903,0.008484562809333018,0.27042577675489066,0.7727272727272727,0.27042577675489066,0.7727272727272727,-0.0034522439585730758,-0.0034522439585730758,sha256:0fe96715cb87afc69635e7872315702bf2886b8c2da4ab973e93abd024f8733f,6a0a8a1a8fb2d3b2a6e91486b635c65f2ac7fcd9bcd1f12e8259a5c4b2047838,2f70a1ed3ba6d07fdd12200ea38d699cc6d27fc02d28a8eff551f8b0ce6a30ed,sha256:5d87c842f212c25fef15bbb1d300fbbb5fafc98eb97fc37f01fcfbf2ce3453e8,sha256:39c3f62c162ab0fe10acb5bc2b0c17040b2744ecee5fb9d4dd08a2d12c78dfb2,results/basis_a5_unique_shared/qwen/pos_unique/decoder/seame_dev_sge/L20/pos_unique_decoder_L20_oracle_local_rho0.5.json
qwen3_asr_1p7b,seame_dev_sge,decoder,21,0.7777777777777778,pos_unique,oracle_local,0.5,NOT_TESTED,0.27042577675489066,0.7727272727272727,0.8068181818181818,,1.0,0,0,0,0,0,,36,9337.604278564453,604.9721086290148,259.37789662679035,0.4287435617727757,0.008488564017920301,0.27042577675489066,0.7727272727272727,0.27042577675489066,0.7727272727272727,0.0,0.0,sha256:9e75f358ad3aa2aa640c5fab293a40e5612131f61c31a62126c613a512d6ef28,6a0a8a1a8fb2d3b2a6e91486b635c65f2ac7fcd9bcd1f12e8259a5c4b2047838,2f70a1ed3ba6d07fdd12200ea38d699cc6d27fc02d28a8eff551f8b0ce6a30ed,sha256:5d87c842f212c25fef15bbb1d300fbbb5fafc98eb97fc37f01fcfbf2ce3453e8,sha256:39c3f62c162ab0fe10acb5bc2b0c17040b2744ecee5fb9d4dd08a2d12c78dfb2,results/basis_a5_unique_shared/qwen/pos_unique/decoder/seame_dev_sge/L21/pos_unique_decoder_L21_oracle_local_rho0.5.json
qwen3_asr_1p7b,seame_dev_sge,decoder,22,0.8148148148148148,pos_unique,oracle_local,0.5,NOT_TESTED,0.27042577675489066,0.7727272727272727,0.8068181818181818,,1.0,0,0,0,0,0,,36,11915.342376708984,767.2157592773438,330.98173268636066,0.4314063269478708,0.008486562942008486,0.2669735327963176,0.7727272727272727,0.27042577675489066,0.7727272727272727,0.0034522439585730758,0.0,sha256:60fb4039d11a894542a4f6b40603ca4fa2845fc1b343d13b35f72772fa4dcc37,6a0a8a1a8fb2d3b2a6e91486b635c65f2ac7fcd9bcd1f12e8259a5c4b2047838,2f70a1ed3ba6d07fdd12200ea38d699cc6d27fc02d28a8eff551f8b0ce6a30ed,sha256:5d87c842f212c25fef15bbb1d300fbbb5fafc98eb97fc37f01fcfbf2ce3453e8,sha256:39c3f62c162ab0fe10acb5bc2b0c17040b2744ecee5fb9d4dd08a2d12c78dfb2,results/basis_a5_unique_shared/qwen/pos_unique/decoder/seame_dev_sge/L22/pos_unique_decoder_L22_oracle_local_rho0.5.json
qwen3_asr_1p7b,seame_dev_sge,decoder,23,0.8518518518518519,pos_unique,oracle_local,0.5,NOT_TESTED,0.27042577675489066,0.7727272727272727,0.8068181818181818,,1.0,0,0,0,0,0,,36,14929.056762695312,965.2597503662109,414.6960211859809,0.4296211678034321,0.008488564017920301,0.2669735327963176,0.7727272727272727,0.27042577675489066,0.7727272727272727,0.0034522439585730758,0.0,sha256:5e0fd673ef2e2c2c8f33239ddc5a28cf124d38bcb9016743e804d7a53a7c8a76,6a0a8a1a8fb2d3b2a6e91486b635c65f2ac7fcd9bcd1f12e8259a5c4b2047838,2f70a1ed3ba6d07fdd12200ea38d699cc6d27fc02d28a8eff551f8b0ce6a30ed,sha256:5d87c842f212c25fef15bbb1d300fbbb5fafc98eb97fc37f01fcfbf2ce3453e8,sha256:39c3f62c162ab0fe10acb5bc2b0c17040b2744ecee5fb9d4dd08a2d12c78dfb2,results/basis_a5_unique_shared/qwen/pos_unique/decoder/seame_dev_sge/L23/pos_unique_decoder_L23_oracle_local_rho0.5.json
qwen3_asr_1p7b,seame_dev_sge,decoder,24,0.8888888888888888,pos_unique,oracle_local,0.5,STABLE,0.2669735327963176,0.7727272727272727,0.8068181818181818,,1.0,0,0,0,0,0,,36,9358.393081665039,1239.160420735677,259.9553633795844,0.20978346227783126,0.008484562809333018,0.2669735327963176,0.7727272727272727,0.2669735327963176,0.7727272727272727,0.0,0.0,sha256:2ce8de6a4926ca043faca8a33898cab71c3bad0ade58f4161fa8ba8cbb0975b5,6a0a8a1a8fb2d3b2a6e91486b635c65f2ac7fcd9bcd1f12e8259a5c4b2047838,2f70a1ed3ba6d07fdd12200ea38d699cc6d27fc02d28a8eff551f8b0ce6a30ed,sha256:5d87c842f212c25fef15bbb1d300fbbb5fafc98eb97fc37f01fcfbf2ce3453e8,sha256:39c3f62c162ab0fe10acb5bc2b0c17040b2744ecee5fb9d4dd08a2d12c78dfb2,results/basis_a5_unique_shared/qwen/pos_unique/decoder/seame_dev_sge/L24/pos_unique_decoder_L24_oracle_local_rho0.5.json
qwen3_asr_1p7b,seame_dev_sge,decoder,25,0.9259259259259259,pos_unique,oracle_local,0.5,NOT_TESTED,0.2669735327963176,0.7727272727272727,0.8068181818181818,,1.0,0,0,0,0,0,,36,11201.094436645508,1592.7410583496094,311.14151212904187,0.1953497151956673,0.008486562942008486,0.27042577675489066,0.7727272727272727,0.27042577675489066,0.7727272727272727,-0.0034522439585730758,-0.0034522439585730758,sha256:6e6ad2402cd6e13534046bac3aa8beb3417b834bef94e7806912e16f91d10fc0,6a0a8a1a8fb2d3b2a6e91486b635c65f2ac7fcd9bcd1f12e8259a5c4b2047838,2f70a1ed3ba6d07fdd12200ea38d699cc6d27fc02d28a8eff551f8b0ce6a30ed,sha256:5d87c842f212c25fef15bbb1d300fbbb5fafc98eb97fc37f01fcfbf2ce3453e8,sha256:39c3f62c162ab0fe10acb5bc2b0c17040b2744ecee5fb9d4dd08a2d12c78dfb2,results/basis_a5_unique_shared/qwen/pos_unique/decoder/seame_dev_sge/L25/pos_unique_decoder_L25_oracle_local_rho0.5.json
qwen3_asr_1p7b,seame_dev_sge,decoder,26,0.9629629629629629,pos_unique,oracle_local,0.5,STABLE,0.2669735327963176,0.7727272727272727,0.8068181818181818,,1.0,0,0,0,0,0,,36,12201.944595336914,1922.0817125108506,338.9429054260254,0.1763415692578741,0.008486562942008486,0.2681242807825086,0.7727272727272727,0.27042577675489066,0.7727272727272727,-0.0011507479861910253,-0.0034522439585730758,sha256:baede0334691182e001af8536267c44c5786910fdf397089fb1d42b681a2f173,6a0a8a1a8fb2d3b2a6e91486b635c65f2ac7fcd9bcd1f12e8259a5c4b2047838,2f70a1ed3ba6d07fdd12200ea38d699cc6d27fc02d28a8eff551f8b0ce6a30ed,sha256:5d87c842f212c25fef15bbb1d300fbbb5fafc98eb97fc37f01fcfbf2ce3453e8,sha256:39c3f62c162ab0fe10acb5bc2b0c17040b2744ecee5fb9d4dd08a2d12c78dfb2,results/basis_a5_unique_shared/qwen/pos_unique/decoder/seame_dev_sge/L26/pos_unique_decoder_L26_oracle_local_rho0.5.json
qwen3_asr_1p7b,seame_dev_sge,decoder,27,1.0,pos_unique,oracle_local,0.5,STABLE,0.27042577675489066,0.7727272727272727,0.8068181818181818,,1.0,0,0,0,0,0,,36,13814.467315673828,2369.346669514974,383.73520321316187,0.16195823437340887,0.008484562809333018,0.26927502876869963,0.7727272727272727,0.27387802071346373,0.7727272727272727,0.0011507479861910253,-0.0034522439585730758,sha256:284938da98fa688f9e987180ecd4cb5adad5395d278645a9f57298782d606e7a,6a0a8a1a8fb2d3b2a6e91486b635c65f2ac7fcd9bcd1f12e8259a5c4b2047838,2f70a1ed3ba6d07fdd12200ea38d699cc6d27fc02d28a8eff551f8b0ce6a30ed,sha256:5d87c842f212c25fef15bbb1d300fbbb5fafc98eb97fc37f01fcfbf2ce3453e8,sha256:39c3f62c162ab0fe10acb5bc2b0c17040b2744ecee5fb9d4dd08a2d12c78dfb2,results/basis_a5_unique_shared/qwen/pos_unique/decoder/seame_dev_sge/L27/pos_unique_decoder_L27_oracle_local_rho0.5.json
qwen3_asr_1p7b,cs_dialogue,encoder,0,0.0,pos_unique,oracle_local,0.5,NOT_TESTED,0.06172399453454524,0.08818342151675485,0.1009700176366843,,0.9999297950014041,1,7,-6,1,7,,4245,46187.33224487305,23.50099993055364,10.880408067107902,0.4629763882073073,0.061933733094060486,0.06160518030060001,0.08862433862433862,,,0.00011881423394522611,,sha256:513219872959b1361ae0b88d0ee023d8650609298805d57a90c57b338ea5bf7a,d1179ed50602de77c1ad3cac0e00938c113ab7ad172479ad08a02bb7d3cb4177,8b4ab88bc21aaca167fa57e6b715893bc9ebdc581173b7787befd9aba9516451,sha256:5d87c842f212c25fef15bbb1d300fbbb5fafc98eb97fc37f01fcfbf2ce3453e8,sha256:39c3f62c162ab0fe10acb5bc2b0c17040b2744ecee5fb9d4dd08a2d12c78dfb2,results/basis_a5_unique_shared/qwen/pos_unique/encoder/cs_dialogue/L00/pos_unique_encoder_L0_oracle_local_rho0.5.json
qwen3_asr_1p7b,cs_dialogue,encoder,1,0.043478260869565216,pos_unique,oracle_local,0.5,NOT_TESTED,0.060951702013901266,0.08465608465608465,0.0974426807760141,,0.9998595900028082,5,3,2,5,3,,4245,46851.44383239746,24.064415529788032,11.036853670765009,0.45863792773620815,0.061933733094060486,0.06118933048179172,0.08641975308641975,,,-0.00023762846789045222,,sha256:a8bb814ab659d69371103d451f726cf9fbc8eb0c427edabb5b4833caa1868282,d1179ed50602de77c1ad3cac0e00938c113ab7ad172479ad08a02bb7d3cb4177,8b4ab88bc21aaca167fa57e6b715893bc9ebdc581173b7787befd9aba9516451,sha256:5d87c842f212c25fef15bbb1d300fbbb5fafc98eb97fc37f01fcfbf2ce3453e8,sha256:39c3f62c162ab0fe10acb5bc2b0c17040b2744ecee5fb9d4dd08a2d12c78dfb2,results/basis_a5_unique_shared/qwen/pos_unique/encoder/cs_dialogue/L01/pos_unique_encoder_L1_oracle_local_rho0.5.json
qwen3_asr_1p7b,cs_dialogue,encoder,2,0.08695652173913043,pos_unique,oracle_local,0.5,NOT_TESTED,0.061248737598764334,0.0855379188712522,0.09832451499118165,,1.0,1,1,0,1,1,,4245,46803.21595001221,24.07307186778218,11.025492567729613,0.4580010656008305,0.061933733094060486,0.06136755183270956,0.0873015873015873,,,-0.00011881423394522611,,sha256:44b2fa4855c7934c7bf6b8a6049c01a080aa90fb6b186bb5719527114b0eeceb,d1179ed50602de77c1ad3cac0e00938c113ab7ad172479ad08a02bb7d3cb4177,8b4ab88bc21aaca167fa57e6b715893bc9ebdc581173b7787befd9aba9516451,sha256:5d87c842f212c25fef15bbb1d300fbbb5fafc98eb97fc37f01fcfbf2ce3453e8,sha256:39c3f62c162ab0fe10acb5bc2b0c17040b2744ecee5fb9d4dd08a2d12c78dfb2,results/basis_a5_unique_shared/qwen/pos_unique/encoder/cs_dialogue/L02/pos_unique_encoder_L2_oracle_local_rho0.5.json
qwen3_asr_1p7b,cs_dialogue,encoder,3,0.13043478260869565,pos_unique,oracle_local,0.5,NOT_TESTED,0.06118933048179172,0.08641975308641975,0.0992063492063492,,0.9999297950014041,1,3,-2,1,3,,4245,48535.98789978027,25.02994462766973,11.433683839759782,0.45680020510793473,0.061933733094060486,0.06118933048179172,0.08686067019400352,,,0.0,,sha256:8e0680260a284062fcd8fc4df3898d22fcc4f36f96008d98e09b9596c0901f22,d1179ed50602de77c1ad3cac0e00938c113ab7ad172479ad08a02bb7d3cb4177,8b4ab88bc21aaca167fa57e6b715893bc9ebdc581173b7787befd9aba9516451,sha256:5d87c842f212c25fef15bbb1d300fbbb5fafc98eb97fc37f01fcfbf2ce3453e8,sha256:39c3f62c162ab0fe10acb5bc2b0c17040b2744ecee5fb9d4dd08a2d12c78dfb2,results/basis_a5_unique_shared/qwen/pos_unique/encoder/cs_dialogue/L03/pos_unique_encoder_L3_oracle_local_rho0.5.json
qwen3_asr_1p7b,cs_dialogue,encoder,4,0.17391304347826086,pos_unique,oracle_local,0.5,NOT_TESTED,0.061842808768490465,0.08862433862433862,0.10141093474426807,,0.9998595900028082,0,7,-7,0,7,,4245,52368.83759307861,27.040538630581015,12.336593072574468,0.45622586299455653,0.061933733094060486,0.06112992336481911,0.08774250440917107,,,0.0007128854036713567,,sha256:44767fcb04093bb55f27336a218ecdfa3e72f34ab002ed9698a4d78dd690eb17,d1179ed50602de77c1ad3cac0e00938c113ab7ad172479ad08a02bb7d3cb4177,8b4ab88bc21aaca167fa57e6b715893bc9ebdc581173b7787befd9aba9516451,sha256:5d87c842f212c25fef15bbb1d300fbbb5fafc98eb97fc37f01fcfbf2ce3453e8,sha256:39c3f62c162ab0fe10acb5bc2b0c17040b2744ecee5fb9d4dd08a2d12c78dfb2,results/basis_a5_unique_shared/qwen/pos_unique/encoder/cs_dialogue/L04/pos_unique_encoder_L4_oracle_local_rho0.5.json
qwen3_asr_1p7b,cs_dialogue,encoder,5,0.21739130434782608,pos_unique,oracle_local,0.5,NOT_TESTED,0.061248737598764334,0.0873015873015873,0.10008818342151675,,0.9999297950014041,2,6,-4,2,6,,4245,53645.145446777344,27.764669300164716,12.637254522209032,0.4551559532579796,0.061933733094060486,0.061248737598764334,0.08818342151675485,,,0.0,,sha256:389b66eafce6f48508687c07fa55fbee99ce33ec85df08a38a35aaf4e55dd2e1,d1179ed50602de77c1ad3cac0e00938c113ab7ad172479ad08a02bb7d3cb4177,8b4ab88bc21aaca167fa57e6b715893bc9ebdc581173b7787befd9aba9516451,sha256:5d87c842f212c25fef15bbb1d300fbbb5fafc98eb97fc37f01fcfbf2ce3453e8,sha256:39c3f62c162ab0fe10acb5bc2b0c17040b2744ecee5fb9d4dd08a2d12c78dfb2,results/basis_a5_unique_shared/qwen/pos_unique/encoder/cs_dialogue/L05/pos_unique_encoder_L5_oracle_local_rho0.5.json
qwen3_asr_1p7b,cs_dialogue,encoder,6,0.2608695652173913,pos_unique,oracle_local,0.5,NOT_TESTED,0.061486366066654786,0.0873015873015873,0.10052910052910052,,1.0,2,6,-4,2,6,,4245,55346.72188568115,28.364170012457212,13.03809702842901,0.45966784935722893,0.061933733094060486,0.061248737598764334,0.08686067019400352,,,0.00023762846789045222,,sha256:84b92c1ef43b871cfb9c0450ea48855b8cf9a4e25bd9932a5ecd8fad55a8747e,d1179ed50602de77c1ad3cac0e00938c113ab7ad172479ad08a02bb7d3cb4177,8b4ab88bc21aaca167fa57e6b715893bc9ebdc581173b7787befd9aba9516451,sha256:5d87c842f212c25fef15bbb1d300fbbb5fafc98eb97fc37f01fcfbf2ce3453e8,sha256:39c3f62c162ab0fe10acb5bc2b0c17040b2744ecee5fb9d4dd08a2d12c78dfb2,results/basis_a5_unique_shared/qwen/pos_unique/encoder/cs_dialogue/L06/pos_unique_encoder_L6_oracle_local_rho0.5.json
qwen3_asr_1p7b,cs_dialogue,encoder,7,0.30434782608695654,pos_unique,oracle_local,0.5,NOT_TESTED,0.06166458741757262,0.08818342151675485,0.1009700176366843,,0.9998595900028082,0,6,-6,0,6,,4245,55605.13439178467,28.780209210399182,13.098971588170711,0.45513816429929377,0.061933733094060486,0.061486366066654786,0.08774250440917107,,,0.0001782213509178357,,sha256:96c0a1e77bb5c6644d5668381b2d8183390b2cae8d4dc3fa4b3f2b0cbe2f426f,d1179ed50602de77c1ad3cac0e00938c113ab7ad172479ad08a02bb7d3cb4177,8b4ab88bc21aaca167fa57e6b715893bc9ebdc581173b7787befd9aba9516451,sha256:5d87c842f212c25fef15bbb1d300fbbb5fafc98eb97fc37f01fcfbf2ce3453e8,sha256:39c3f62c162ab0fe10acb5bc2b0c17040b2744ecee5fb9d4dd08a2d12c78dfb2,results/basis_a5_unique_shared/qwen/pos_unique/encoder/cs_dialogue/L07/pos_unique_encoder_L7_oracle_local_rho0.5.json
qwen3_asr_1p7b,cs_dialogue,encoder,8,0.34782608695652173,pos_unique,oracle_local,0.5,NOT_TESTED,0.06166458741757262,0.0890652557319224,0.10141093474426807,,1.0,0,8,-8,0,8,,4245,55873.41296386719,29.13762059655431,13.16217030950935,0.4517242671169193,0.061933733094060486,0.061248737598764334,0.08641975308641975,,,0.0004158498188082879,,sha256:e7edf43e2e1a7ae650a6756de93401990b7a3a54acbe5a5eedd4b2a3d9bb1740,d1179ed50602de77c1ad3cac0e00938c113ab7ad172479ad08a02bb7d3cb4177,8b4ab88bc21aaca167fa57e6b715893bc9ebdc581173b7787befd9aba9516451,sha256:5d87c842f212c25fef15bbb1d300fbbb5fafc98eb97fc37f01fcfbf2ce3453e8,sha256:39c3f62c162ab0fe10acb5bc2b0c17040b2744ecee5fb9d4dd08a2d12c78dfb2,results/basis_a5_unique_shared/qwen/pos_unique/encoder/cs_dialogue/L08/pos_unique_encoder_L8_oracle_local_rho0.5.json
qwen3_asr_1p7b,cs_dialogue,encoder,9,0.391304347826087,pos_unique,oracle_local,0.5,NOT_TESTED,0.06101110913087388,0.0855379188712522,0.09876543209876543,,1.0,2,2,0,2,2,,4245,54942.61022186279,28.603600563795183,12.942899934478868,0.4524919828051738,0.061933733094060486,0.06142695894968217,0.0873015873015873,,,-0.0004158498188082879,,sha256:3a1fb08b61352f6ed9c30402731591dad777f7979c7c92c282dcaddc31f1fe45,d1179ed50602de77c1ad3cac0e00938c113ab7ad172479ad08a02bb7d3cb4177,8b4ab88bc21aaca167fa57e6b715893bc9ebdc581173b7787befd9aba9516451,sha256:5d87c842f212c25fef15bbb1d300fbbb5fafc98eb97fc37f01fcfbf2ce3453e8,sha256:39c3f62c162ab0fe10acb5bc2b0c17040b2744ecee5fb9d4dd08a2d12c78dfb2,results/basis_a5_unique_shared/qwen/pos_unique/encoder/cs_dialogue/L09/pos_unique_encoder_L9_oracle_local_rho0.5.json
qwen3_asr_1p7b,cs_dialogue,encoder,10,0.43478260869565216,pos_unique,oracle_local,0.5,NOT_TESTED,0.06160518030060001,0.0890652557319224,0.10185185185185185,,1.0,0,8,-8,0,8,,4245,56744.9186706543,29.433721456538944,13.367472007221272,0.45415500812424714,0.061933733094060486,0.061486366066654786,0.08686067019400352,,,0.00011881423394522611,,sha256:915fbe1f5f62add5df6648c4b541498a5029e6a7799924a8a521e1ed3a791a16,d1179ed50602de77c1ad3cac0e00938c113ab7ad172479ad08a02bb7d3cb4177,8b4ab88bc21aaca167fa57e6b715893bc9ebdc581173b7787befd9aba9516451,sha256:5d87c842f212c25fef15bbb1d300fbbb5fafc98eb97fc37f01fcfbf2ce3453e8,sha256:39c3f62c162ab0fe10acb5bc2b0c17040b2744ecee5fb9d4dd08a2d12c78dfb2,results/basis_a5_unique_shared/qwen/pos_unique/encoder/cs_dialogue/L10/pos_unique_encoder_L10_oracle_local_rho0.5.json
qwen3_asr_1p7b,cs_dialogue,encoder,11,0.4782608695652174,pos_unique,oracle_local,0.5,NOT_TESTED,0.06160518030060001,0.08774250440917107,0.1009700176366843,,0.9998595900028082,2,7,-5,2,7,,4245,56055.5350189209,29.287382142479203,13.205073031547915,0.4508792546669756,0.061933733094060486,0.06118933048179172,0.08686067019400352,,,0.00041584981880829486,,sha256:c10380fc085ec959c11a880474843c9fd6b46c8056d44139db5a44b366b431bd,d1179ed50602de77c1ad3cac0e00938c113ab7ad172479ad08a02bb7d3cb4177,8b4ab88bc21aaca167fa57e6b715893bc9ebdc581173b7787befd9aba9516451,sha256:5d87c842f212c25fef15bbb1d300fbbb5fafc98eb97fc37f01fcfbf2ce3453e8,sha256:39c3f62c162ab0fe10acb5bc2b0c17040b2744ecee5fb9d4dd08a2d12c78dfb2,results/basis_a5_unique_shared/qwen/pos_unique/encoder/cs_dialogue/L11/pos_unique_encoder_L11_oracle_local_rho0.5.json
qwen3_asr_1p7b,cs_dialogue,encoder,12,0.5217391304347826,pos_unique,oracle_local,0.5,NOT_TESTED,0.06190221588546308,0.08950617283950617,0.10229276895943562,,0.9998595900028082,2,11,-9,2,11,,4245,55751.749755859375,29.024368972688457,13.133509954266048,0.45249941408285244,0.061933733094060486,0.06142695894968217,0.0890652557319224,,,0.0004752569357809114,,sha256:34b7e5dfeeb704c69a5695b053951129b17902b5655b838a03f5db9ec81fbbd8,d1179ed50602de77c1ad3cac0e00938c113ab7ad172479ad08a02bb7d3cb4177,8b4ab88bc21aaca167fa57e6b715893bc9ebdc581173b7787befd9aba9516451,sha256:5d87c842f212c25fef15bbb1d300fbbb5fafc98eb97fc37f01fcfbf2ce3453e8,sha256:39c3f62c162ab0fe10acb5bc2b0c17040b2744ecee5fb9d4dd08a2d12c78dfb2,results/basis_a5_unique_shared/qwen/pos_unique/encoder/cs_dialogue/L12/pos_unique_encoder_L12_oracle_local_rho0.5.json
qwen3_asr_1p7b,cs_dialogue,encoder,13,0.5652173913043478,pos_unique,oracle_local,0.5,NOT_TESTED,0.06196162300243569,0.08950617283950617,0.10229276895943562,,0.9997893850042123,1,10,-9,1,10,,4245,53074.74932098389,27.794632209625064,12.50288558798207,0.4498309419490148,0.061933733094060486,0.06202103011940831,0.09215167548500881,,,-5.9407116972616525e-05,,sha256:234c5f31f269627fdb4c392c408d058acf7307133bbfe648ac61941981fa2a10,d1179ed50602de77c1ad3cac0e00938c113ab7ad172479ad08a02bb7d3cb4177,8b4ab88bc21aaca167fa57e6b715893bc9ebdc581173b7787befd9aba9516451,sha256:5d87c842f212c25fef15bbb1d300fbbb5fafc98eb97fc37f01fcfbf2ce3453e8,sha256:39c3f62c162ab0fe10acb5bc2b0c17040b2744ecee5fb9d4dd08a2d12c78dfb2,results/basis_a5_unique_shared/qwen/pos_unique/encoder/cs_dialogue/L13/pos_unique_encoder_L13_oracle_local_rho0.5.json
qwen3_asr_1p7b,cs_dialogue,encoder,14,0.6086956521739131,pos_unique,oracle_local,0.5,NOT_TESTED,0.06101110913087388,0.08509700176366843,0.0974426807760141,,1.0,6,5,1,6,5,,4245,52973.174140930176,27.759871343785658,12.478957394800984,0.4495322489163672,0.061933733094060486,0.0629121368739975,0.09567901234567901,,,-0.0019010277431236247,,sha256:452240a9a32866f57ffccbef29658d52556565032e11b63d12336b56e41b0364,d1179ed50602de77c1ad3cac0e00938c113ab7ad172479ad08a02bb7d3cb4177,8b4ab88bc21aaca167fa57e6b715893bc9ebdc581173b7787befd9aba9516451,sha256:5d87c842f212c25fef15bbb1d300fbbb5fafc98eb97fc37f01fcfbf2ce3453e8,sha256:39c3f62c162ab0fe10acb5bc2b0c17040b2744ecee5fb9d4dd08a2d12c78dfb2,results/basis_a5_unique_shared/qwen/pos_unique/encoder/cs_dialogue/L14/pos_unique_encoder_L14_oracle_local_rho0.5.json
qwen3_asr_1p7b,cs_dialogue,encoder,15,0.6521739130434783,pos_unique,oracle_local,0.5,NOT_TESTED,0.061248737598764334,0.08641975308641975,0.0992063492063492,,1.0,1,3,-2,1,3,,4245,51842.38468170166,26.70714438790006,12.212575896749508,0.45727748797743195,0.061933733094060486,0.06196162300243569,0.09391534391534391,,,-0.0007128854036713567,,sha256:ba8b77fe1f2ea3904e41755a1e428d80b770edcc6f81560f908fa923b05711ae,d1179ed50602de77c1ad3cac0e00938c113ab7ad172479ad08a02bb7d3cb4177,8b4ab88bc21aaca167fa57e6b715893bc9ebdc581173b7787befd9aba9516451,sha256:5d87c842f212c25fef15bbb1d300fbbb5fafc98eb97fc37f01fcfbf2ce3453e8,sha256:39c3f62c162ab0fe10acb5bc2b0c17040b2744ecee5fb9d4dd08a2d12c78dfb2,results/basis_a5_unique_shared/qwen/pos_unique/encoder/cs_dialogue/L15/pos_unique_encoder_L15_oracle_local_rho0.5.json
qwen3_asr_1p7b,cs_dialogue,encoder,16,0.6956521739130435,pos_unique,oracle_local,0.5,NOT_TESTED,0.06118933048179172,0.08818342151675485,0.1009700176366843,,1.0,1,7,-6,1,7,,4245,49968.85520172119,25.835673528341015,11.771226195929609,0.455619095163782,0.061933733094060486,0.0629121368739975,0.09700176366843033,,,-0.001722806392205789,,sha256:b33a3e79b6a03b2624c79a531114bdc1ccc5494a425a500813f746200fc76773,d1179ed50602de77c1ad3cac0e00938c113ab7ad172479ad08a02bb7d3cb4177,8b4ab88bc21aaca167fa57e6b715893bc9ebdc581173b7787befd9aba9516451,sha256:5d87c842f212c25fef15bbb1d300fbbb5fafc98eb97fc37f01fcfbf2ce3453e8,sha256:39c3f62c162ab0fe10acb5bc2b0c17040b2744ecee5fb9d4dd08a2d12c78dfb2,results/basis_a5_unique_shared/qwen/pos_unique/encoder/cs_dialogue/L16/pos_unique_encoder_L16_oracle_local_rho0.5.json
qwen3_asr_1p7b,cs_dialogue,encoder,17,0.7391304347826086,pos_unique,oracle_local,0.5,NOT_TESTED,0.06231806570427137,0.09126984126984126,0.10449735449735449,,0.9998595900028082,0,13,-13,0,13,,4245,49978.73292541504,26.2701173887938,11.773553103749126,0.4481728394853477,0.061933733094060486,0.0628527297570249,0.09656084656084656,,,-0.0005346640527535279,,sha256:6218161bb2aa8788425b9f0a5950ee9606737a386f1ac20811fa0875d9637745,d1179ed50602de77c1ad3cac0e00938c113ab7ad172479ad08a02bb7d3cb4177,8b4ab88bc21aaca167fa57e6b715893bc9ebdc581173b7787befd9aba9516451,sha256:5d87c842f212c25fef15bbb1d300fbbb5fafc98eb97fc37f01fcfbf2ce3453e8,sha256:39c3f62c162ab0fe10acb5bc2b0c17040b2744ecee5fb9d4dd08a2d12c78dfb2,results/basis_a5_unique_shared/qwen/pos_unique/encoder/cs_dialogue/L17/pos_unique_encoder_L17_oracle_local_rho0.5.json
qwen3_asr_1p7b,cs_dialogue,encoder,18,0.782608695652174,pos_unique,oracle_local,0.5,NOT_TESTED,0.06107051624784649,0.08597883597883597,0.0992063492063492,,1.0,0,1,-1,0,1,,4245,49226.751525878906,25.51804995767079,11.596407897733547,0.45443942295628426,0.061933733094060486,0.06338739380977841,0.09876543209876543,,,-0.0023168775619319196,,sha256:43621185ab52f6e7e77c98aae5bdbe2764de0cfd4dcd261c385350e0801e49b8,d1179ed50602de77c1ad3cac0e00938c113ab7ad172479ad08a02bb7d3cb4177,8b4ab88bc21aaca167fa57e6b715893bc9ebdc581173b7787befd9aba9516451,sha256:5d87c842f212c25fef15bbb1d300fbbb5fafc98eb97fc37f01fcfbf2ce3453e8,sha256:39c3f62c162ab0fe10acb5bc2b0c17040b2744ecee5fb9d4dd08a2d12c78dfb2,results/basis_a5_unique_shared/qwen/pos_unique/encoder/cs_dialogue/L18/pos_unique_encoder_L18_oracle_local_rho0.5.json
qwen3_asr_1p7b,cs_dialogue,encoder,19,0.8260869565217391,pos_unique,oracle_local,0.5,NOT_TESTED,0.061308144715736944,0.08686067019400352,0.0992063492063492,,1.0,2,5,-3,2,5,,4245,49876.954582214355,25.54746127179149,11.74957705116946,0.4599117276730304,0.061933733094060486,0.061486366066654786,0.08862433862433862,,,-0.00017822135091784264,,sha256:bbf30c5ff73a0a071b6960963bc318156a723d6ffc855f76da87e45fd491e477,d1179ed50602de77c1ad3cac0e00938c113ab7ad172479ad08a02bb7d3cb4177,8b4ab88bc21aaca167fa57e6b715893bc9ebdc581173b7787befd9aba9516451,sha256:5d87c842f212c25fef15bbb1d300fbbb5fafc98eb97fc37f01fcfbf2ce3453e8,sha256:39c3f62c162ab0fe10acb5bc2b0c17040b2744ecee5fb9d4dd08a2d12c78dfb2,results/basis_a5_unique_shared/qwen/pos_unique/encoder/cs_dialogue/L19/pos_unique_encoder_L19_oracle_local_rho0.5.json
qwen3_asr_1p7b,cs_dialogue,encoder,20,0.8695652173913043,pos_unique,oracle_local,0.5,NOT_TESTED,0.06107051624784649,0.08597883597883597,0.09876543209876543,,1.0,2,3,-1,2,3,,4245,52877.41427612305,27.15594120093032,12.456399122761614,0.4586988545377641,0.061933733094060486,0.06142695894968217,0.0873015873015873,,,-0.00035644270183567833,,sha256:08443131ff196c20e488f65eac2508a045edbc0d5140943056874adf27e487ff,d1179ed50602de77c1ad3cac0e00938c113ab7ad172479ad08a02bb7d3cb4177,8b4ab88bc21aaca167fa57e6b715893bc9ebdc581173b7787befd9aba9516451,sha256:5d87c842f212c25fef15bbb1d300fbbb5fafc98eb97fc37f01fcfbf2ce3453e8,sha256:39c3f62c162ab0fe10acb5bc2b0c17040b2744ecee5fb9d4dd08a2d12c78dfb2,results/basis_a5_unique_shared/qwen/pos_unique/encoder/cs_dialogue/L20/pos_unique_encoder_L20_oracle_local_rho0.5.json
qwen3_asr_1p7b,cs_dialogue,encoder,21,0.9130434782608695,pos_unique,oracle_local,0.5,NOT_TESTED,0.06208043723638092,0.08994708994708994,0.1027336860670194,,0.9999297950014041,1,11,-10,1,11,,4245,53876.45043182373,27.693179314099996,12.691743329051526,0.4582985284968533,0.061933733094060486,0.06190221588546308,0.08950617283950617,,,0.0001782213509178357,,sha256:3b600feaada620cd64e089090c70aa327d8dbd45cdeb70baad50f595342ac317,d1179ed50602de77c1ad3cac0e00938c113ab7ad172479ad08a02bb7d3cb4177,8b4ab88bc21aaca167fa57e6b715893bc9ebdc581173b7787befd9aba9516451,sha256:5d87c842f212c25fef15bbb1d300fbbb5fafc98eb97fc37f01fcfbf2ce3453e8,sha256:39c3f62c162ab0fe10acb5bc2b0c17040b2744ecee5fb9d4dd08a2d12c78dfb2,results/basis_a5_unique_shared/qwen/pos_unique/encoder/cs_dialogue/L21/pos_unique_encoder_L21_oracle_local_rho0.5.json
qwen3_asr_1p7b,cs_dialogue,encoder,22,0.9565217391304348,pos_unique,oracle_local,0.5,NOT_TESTED,0.06107051624784649,0.08641975308641975,0.09964726631393298,,0.9999297950014041,0,2,-2,0,2,,4245,56339.95962524414,29.315737523235057,13.272075294521589,0.45272868485749035,0.061933733094060486,0.06101110913087388,0.08641975308641975,,,5.9407116972609586e-05,,sha256:c74df3221cf2cc4b6267369c29975dc4f32b37162220dbebac7f1d1b0026cad7,d1179ed50602de77c1ad3cac0e00938c113ab7ad172479ad08a02bb7d3cb4177,8b4ab88bc21aaca167fa57e6b715893bc9ebdc581173b7787befd9aba9516451,sha256:5d87c842f212c25fef15bbb1d300fbbb5fafc98eb97fc37f01fcfbf2ce3453e8,sha256:39c3f62c162ab0fe10acb5bc2b0c17040b2744ecee5fb9d4dd08a2d12c78dfb2,results/basis_a5_unique_shared/qwen/pos_unique/encoder/cs_dialogue/L22/pos_unique_encoder_L22_oracle_local_rho0.5.json
qwen3_asr_1p7b,cs_dialogue,encoder,23,1.0,pos_unique,oracle_local,0.5,NOT_TESTED,0.06142695894968217,0.0873015873015873,0.09964726631393298,,1.0,1,5,-4,1,5,,4245,69104.25791168213,36.34015651024413,16.278977128782596,0.4479611177291883,0.061933733094060486,0.06202103011940831,0.09259259259259259,,,-0.0005940711697261375,,sha256:445a9559a87bf36af26eba831666b91ad6cc932c9da84b0071280d7b4ee27277,d1179ed50602de77c1ad3cac0e00938c113ab7ad172479ad08a02bb7d3cb4177,8b4ab88bc21aaca167fa57e6b715893bc9ebdc581173b7787befd9aba9516451,sha256:5d87c842f212c25fef15bbb1d300fbbb5fafc98eb97fc37f01fcfbf2ce3453e8,sha256:39c3f62c162ab0fe10acb5bc2b0c17040b2744ecee5fb9d4dd08a2d12c78dfb2,results/basis_a5_unique_shared/qwen/pos_unique/encoder/cs_dialogue/L23/pos_unique_encoder_L23_oracle_local_rho0.5.json
qwen3_asr_1p7b,seame_dev_man,encoder,0,0.0,pos_unique,oracle_local,0.5,NOT_TESTED,0.26910994764397905,0.6666666666666666,0.6767676767676768,,0.9865410497981157,0,1,-1,0,1,,636,6999.304943084717,24.620603621380884,11.005196451391065,0.44699133378817707,0.21450252951096122,0.2649214659685864,0.6565656565656566,,,0.004188481675392652,,sha256:513219872959b1361ae0b88d0ee023d8650609298805d57a90c57b338ea5bf7a,90c54e06be3d19143155f8244930003fd646c5ef32a0ee4bb22f177c9a01abea,8b4ab88bc21aaca167fa57e6b715893bc9ebdc581173b7787befd9aba9516451,sha256:5d87c842f212c25fef15bbb1d300fbbb5fafc98eb97fc37f01fcfbf2ce3453e8,sha256:39c3f62c162ab0fe10acb5bc2b0c17040b2744ecee5fb9d4dd08a2d12c78dfb2,results/basis_a5_unique_shared/qwen/pos_unique/encoder/seame_dev_man/L00/pos_unique_encoder_L0_oracle_local_rho0.5.json
qwen3_asr_1p7b,seame_dev_man,encoder,1,0.043478260869565216,pos_unique,oracle_local,0.5,NOT_TESTED,0.26596858638743454,0.6666666666666666,0.6767676767676768,,0.9892328398384926,0,1,-1,0,1,,636,7049.37228012085,24.92982757616343,11.083918679435298,0.4446047067743521,0.21450252951096122,0.26910994764397905,0.6565656565656566,,,-0.003141361256544517,,sha256:a8bb814ab659d69371103d451f726cf9fbc8eb0c427edabb5b4833caa1868282,90c54e06be3d19143155f8244930003fd646c5ef32a0ee4bb22f177c9a01abea,8b4ab88bc21aaca167fa57e6b715893bc9ebdc581173b7787befd9aba9516451,sha256:5d87c842f212c25fef15bbb1d300fbbb5fafc98eb97fc37f01fcfbf2ce3453e8,sha256:39c3f62c162ab0fe10acb5bc2b0c17040b2744ecee5fb9d4dd08a2d12c78dfb2,results/basis_a5_unique_shared/qwen/pos_unique/encoder/seame_dev_man/L01/pos_unique_encoder_L1_oracle_local_rho0.5.json
qwen3_asr_1p7b,seame_dev_man,encoder,2,0.08695652173913043,pos_unique,oracle_local,0.5,NOT_TESTED,0.26596858638743454,0.6565656565656566,0.6767676767676768,,0.9919246298788694,0,0,0,0,0,,636,7067.488012313843,24.54139415573024,11.112402535084659,0.45280241475156746,0.21450252951096122,0.26910994764397905,0.6666666666666666,,,-0.003141361256544517,,sha256:44b2fa4855c7934c7bf6b8a6049c01a080aa90fb6b186bb5719527114b0eeceb,90c54e06be3d19143155f8244930003fd646c5ef32a0ee4bb22f177c9a01abea,8b4ab88bc21aaca167fa57e6b715893bc9ebdc581173b7787befd9aba9516451,sha256:5d87c842f212c25fef15bbb1d300fbbb5fafc98eb97fc37f01fcfbf2ce3453e8,sha256:39c3f62c162ab0fe10acb5bc2b0c17040b2744ecee5fb9d4dd08a2d12c78dfb2,results/basis_a5_unique_shared/qwen/pos_unique/encoder/seame_dev_man/L02/pos_unique_encoder_L2_oracle_local_rho0.5.json
qwen3_asr_1p7b,seame_dev_man,encoder,3,0.13043478260869565,pos_unique,oracle_local,0.5,NOT_TESTED,0.26596858638743454,0.6565656565656566,0.6666666666666666,,0.990578734858681,0,0,0,0,0,,636,7289.358652114868,25.544171219351906,11.461255742318976,0.44868379732892205,0.21450252951096122,0.2680628272251309,0.6666666666666666,,,-0.0020942408376963817,,sha256:8e0680260a284062fcd8fc4df3898d22fcc4f36f96008d98e09b9596c0901f22,90c54e06be3d19143155f8244930003fd646c5ef32a0ee4bb22f177c9a01abea,8b4ab88bc21aaca167fa57e6b715893bc9ebdc581173b7787befd9aba9516451,sha256:5d87c842f212c25fef15bbb1d300fbbb5fafc98eb97fc37f01fcfbf2ce3453e8,sha256:39c3f62c162ab0fe10acb5bc2b0c17040b2744ecee5fb9d4dd08a2d12c78dfb2,results/basis_a5_unique_shared/qwen/pos_unique/encoder/seame_dev_man/L03/pos_unique_encoder_L3_oracle_local_rho0.5.json
qwen3_asr_1p7b,seame_dev_man,encoder,4,0.17391304347826086,pos_unique,oracle_local,0.5,NOT_TESTED,0.2753926701570681,0.6666666666666666,0.6767676767676768,,0.9838492597577388,1,2,-1,1,2,,636,7804.559778213501,26.960609903875387,12.27132040599607,0.4551573740263257,0.21450252951096122,0.28272251308900526,0.6868686868686869,,,-0.007329842931937169,,sha256:44767fcb04093bb55f27336a218ecdfa3e72f34ab002ed9698a4d78dd690eb17,90c54e06be3d19143155f8244930003fd646c5ef32a0ee4bb22f177c9a01abea,8b4ab88bc21aaca167fa57e6b715893bc9ebdc581173b7787befd9aba9516451,sha256:5d87c842f212c25fef15bbb1d300fbbb5fafc98eb97fc37f01fcfbf2ce3453e8,sha256:39c3f62c162ab0fe10acb5bc2b0c17040b2744ecee5fb9d4dd08a2d12c78dfb2,results/basis_a5_unique_shared/qwen/pos_unique/encoder/seame_dev_man/L04/pos_unique_encoder_L4_oracle_local_rho0.5.json
qwen3_asr_1p7b,seame_dev_man,encoder,5,0.21739130434782608,pos_unique,oracle_local,0.5,NOT_TESTED,0.26596858638743454,0.6868686868686869,0.696969696969697,,0.9919246298788694,0,3,-3,0,3,,636,8038.016799926758,27.96945525115391,12.638391194853392,0.45186404530821106,0.21450252951096122,0.2712041884816754,0.6666666666666666,,,-0.005235602094240843,,sha256:389b66eafce6f48508687c07fa55fbee99ce33ec85df08a38a35aaf4e55dd2e1,90c54e06be3d19143155f8244930003fd646c5ef32a0ee4bb22f177c9a01abea,8b4ab88bc21aaca167fa57e6b715893bc9ebdc581173b7787befd9aba9516451,sha256:5d87c842f212c25fef15bbb1d300fbbb5fafc98eb97fc37f01fcfbf2ce3453e8,sha256:39c3f62c162ab0fe10acb5bc2b0c17040b2744ecee5fb9d4dd08a2d12c78dfb2,results/basis_a5_unique_shared/qwen/pos_unique/encoder/seame_dev_man/L05/pos_unique_encoder_L5_oracle_local_rho0.5.json
qwen3_asr_1p7b,seame_dev_man,encoder,6,0.2608695652173913,pos_unique,oracle_local,0.5,NOT_TESTED,0.2670157068062827,0.6666666666666666,0.6767676767676768,,0.9878869448183042,0,1,-1,0,1,,636,8300.485736846924,28.622415902479638,13.051078202589503,0.4559740256397732,0.21450252951096122,0.2732984293193717,0.6868686868686869,,,-0.0062827225130889786,,sha256:84b92c1ef43b871cfb9c0450ea48855b8cf9a4e25bd9932a5ecd8fad55a8747e,90c54e06be3d19143155f8244930003fd646c5ef32a0ee4bb22f177c9a01abea,8b4ab88bc21aaca167fa57e6b715893bc9ebdc581173b7787befd9aba9516451,sha256:5d87c842f212c25fef15bbb1d300fbbb5fafc98eb97fc37f01fcfbf2ce3453e8,sha256:39c3f62c162ab0fe10acb5bc2b0c17040b2744ecee5fb9d4dd08a2d12c78dfb2,results/basis_a5_unique_shared/qwen/pos_unique/encoder/seame_dev_man/L06/pos_unique_encoder_L6_oracle_local_rho0.5.json
qwen3_asr_1p7b,seame_dev_man,encoder,7,0.30434782608695654,pos_unique,oracle_local,0.5,NOT_TESTED,0.2617801047120419,0.6767676767676768,0.696969696969697,,0.990578734858681,0,2,-2,0,2,,636,8409.186893463135,29.01279507043227,13.221991970853985,0.45572968542865006,0.21450252951096122,0.2649214659685864,0.6767676767676768,,,-0.003141361256544517,,sha256:96c0a1e77bb5c6644d5668381b2d8183390b2cae8d4dc3fa4b3f2b0cbe2f426f,90c54e06be3d19143155f8244930003fd646c5ef32a0ee4bb22f177c9a01abea,8b4ab88bc21aaca167fa57e6b715893bc9ebdc581173b7787befd9aba9516451,sha256:5d87c842f212c25fef15bbb1d300fbbb5fafc98eb97fc37f01fcfbf2ce3453e8,sha256:39c3f62c162ab0fe10acb5bc2b0c17040b2744ecee5fb9d4dd08a2d12c78dfb2,results/basis_a5_unique_shared/qwen/pos_unique/encoder/seame_dev_man/L07/pos_unique_encoder_L7_oracle_local_rho0.5.json
qwen3_asr_1p7b,seame_dev_man,encoder,8,0.34782608695652173,pos_unique,oracle_local,0.5,NOT_TESTED,0.2649214659685864,0.6666666666666666,0.6868686868686869,,0.9892328398384926,0,1,-1,0,1,,636,8438.521362304688,29.50217450339839,13.268115349535671,0.4497334712736955,0.21450252951096122,0.2712041884816754,0.6767676767676768,,,-0.0062827225130889786,,sha256:e7edf43e2e1a7ae650a6756de93401990b7a3a54acbe5a5eedd4b2a3d9bb1740,90c54e06be3d19143155f8244930003fd646c5ef32a0ee4bb22f177c9a01abea,8b4ab88bc21aaca167fa57e6b715893bc9ebdc581173b7787befd9aba9516451,sha256:5d87c842f212c25fef15bbb1d300fbbb5fafc98eb97fc37f01fcfbf2ce3453e8,sha256:39c3f62c162ab0fe10acb5bc2b0c17040b2744ecee5fb9d4dd08a2d12c78dfb2,results/basis_a5_unique_shared/qwen/pos_unique/encoder/seame_dev_man/L08/pos_unique_encoder_L8_oracle_local_rho0.5.json
qwen3_asr_1p7b,seame_dev_man,encoder,9,0.391304347826087,pos_unique,oracle_local,0.5,NOT_TESTED,0.2628272251308901,0.6767676767676768,0.696969696969697,,0.9959623149394348,0,2,-2,0,2,,636,8343.188316345215,28.69295550892188,13.1182206231843,0.45719307720340197,0.21450252951096122,0.2680628272251309,0.6666666666666666,,,-0.005235602094240843,,sha256:3a1fb08b61352f6ed9c30402731591dad777f7979c7c92c282dcaddc31f1fe45,90c54e06be3d19143155f8244930003fd646c5ef32a0ee4bb22f177c9a01abea,8b4ab88bc21aaca167fa57e6b715893bc9ebdc581173b7787befd9aba9516451,sha256:5d87c842f212c25fef15bbb1d300fbbb5fafc98eb97fc37f01fcfbf2ce3453e8,sha256:39c3f62c162ab0fe10acb5bc2b0c17040b2744ecee5fb9d4dd08a2d12c78dfb2,results/basis_a5_unique_shared/qwen/pos_unique/encoder/seame_dev_man/L09/pos_unique_encoder_L9_oracle_local_rho0.5.json
qwen3_asr_1p7b,seame_dev_man,encoder,10,0.43478260869565216,pos_unique,oracle_local,0.5,NOT_TESTED,0.2712041884816754,0.6767676767676768,0.6868686868686869,,0.9825033647375505,0,2,-2,0,2,,636,8556.706922531128,29.30181960339816,13.453941702092969,0.4591503832933536,0.21450252951096122,0.26910994764397905,0.696969696969697,,,0.002094240837696326,,sha256:915fbe1f5f62add5df6648c4b541498a5029e6a7799924a8a521e1ed3a791a16,90c54e06be3d19143155f8244930003fd646c5ef32a0ee4bb22f177c9a01abea,8b4ab88bc21aaca167fa57e6b715893bc9ebdc581173b7787befd9aba9516451,sha256:5d87c842f212c25fef15bbb1d300fbbb5fafc98eb97fc37f01fcfbf2ce3453e8,sha256:39c3f62c162ab0fe10acb5bc2b0c17040b2744ecee5fb9d4dd08a2d12c78dfb2,results/basis_a5_unique_shared/qwen/pos_unique/encoder/seame_dev_man/L10/pos_unique_encoder_L10_oracle_local_rho0.5.json
qwen3_asr_1p7b,seame_dev_man,encoder,11,0.4782608695652174,pos_unique,oracle_local,0.5,NOT_TESTED,0.2670157068062827,0.6767676767676768,0.6868686868686869,,0.9878869448183042,0,2,-2,0,2,,636,8533.821731567383,29.19242551791593,13.417958697432992,0.4596383636980813,0.21450252951096122,0.2649214659685864,0.6666666666666666,,,0.002094240837696326,,sha256:c10380fc085ec959c11a880474843c9fd6b46c8056d44139db5a44b366b431bd,90c54e06be3d19143155f8244930003fd646c5ef32a0ee4bb22f177c9a01abea,8b4ab88bc21aaca167fa57e6b715893bc9ebdc581173b7787befd9aba9516451,sha256:5d87c842f212c25fef15bbb1d300fbbb5fafc98eb97fc37f01fcfbf2ce3453e8,sha256:39c3f62c162ab0fe10acb5bc2b0c17040b2744ecee5fb9d4dd08a2d12c78dfb2,results/basis_a5_unique_shared/qwen/pos_unique/encoder/seame_dev_man/L11/pos_unique_encoder_L11_oracle_local_rho0.5.json
qwen3_asr_1p7b,seame_dev_man,encoder,12,0.5217391304347826,pos_unique,oracle_local,0.5,NOT_TESTED,0.2764397905759162,0.6767676767676768,0.6868686868686869,,0.9744279946164199,0,2,-2,0,2,,636,8339.325052261353,28.677784038039874,13.112146308587032,0.4572231345069871,0.21450252951096122,0.27015706806282724,0.6868686868686869,,,0.0062827225130889786,,sha256:34b7e5dfeeb704c69a5695b053951129b17902b5655b838a03f5db9ec81fbbd8,90c54e06be3d19143155f8244930003fd646c5ef32a0ee4bb22f177c9a01abea,8b4ab88bc21aaca167fa57e6b715893bc9ebdc581173b7787befd9aba9516451,sha256:5d87c842f212c25fef15bbb1d300fbbb5fafc98eb97fc37f01fcfbf2ce3453e8,sha256:39c3f62c162ab0fe10acb5bc2b0c17040b2744ecee5fb9d4dd08a2d12c78dfb2,results/basis_a5_unique_shared/qwen/pos_unique/encoder/seame_dev_man/L12/pos_unique_encoder_L12_oracle_local_rho0.5.json
qwen3_asr_1p7b,seame_dev_man,encoder,13,0.5652173913043478,pos_unique,oracle_local,0.5,NOT_TESTED,0.25968586387434556,0.6666666666666666,0.6767676767676768,,0.9946164199192463,0,1,-1,0,1,,636,7980.73917388916,27.409140682820254,12.54833203441692,0.4578155944262081,0.21450252951096122,0.26910994764397905,0.6767676767676768,,,-0.009424083769633496,,sha256:234c5f31f269627fdb4c392c408d058acf7307133bbfe648ac61941981fa2a10,90c54e06be3d19143155f8244930003fd646c5ef32a0ee4bb22f177c9a01abea,8b4ab88bc21aaca167fa57e6b715893bc9ebdc581173b7787befd9aba9516451,sha256:5d87c842f212c25fef15bbb1d300fbbb5fafc98eb97fc37f01fcfbf2ce3453e8,sha256:39c3f62c162ab0fe10acb5bc2b0c17040b2744ecee5fb9d4dd08a2d12c78dfb2,results/basis_a5_unique_shared/qwen/pos_unique/encoder/seame_dev_man/L13/pos_unique_encoder_L13_oracle_local_rho0.5.json
qwen3_asr_1p7b,seame_dev_man,encoder,14,0.6086956521739131,pos_unique,oracle_local,0.5,NOT_TESTED,0.2680628272251309,0.6767676767676768,0.6868686868686869,,0.9878869448183042,0,2,-2,0,2,,636,7877.919044494629,27.415714575809503,12.386665164299732,0.4518089481143495,0.21450252951096122,0.2712041884816754,0.6868686868686869,,,-0.0031413612565444615,,sha256:452240a9a32866f57ffccbef29658d52556565032e11b63d12336b56e41b0364,90c54e06be3d19143155f8244930003fd646c5ef32a0ee4bb22f177c9a01abea,8b4ab88bc21aaca167fa57e6b715893bc9ebdc581173b7787befd9aba9516451,sha256:5d87c842f212c25fef15bbb1d300fbbb5fafc98eb97fc37f01fcfbf2ce3453e8,sha256:39c3f62c162ab0fe10acb5bc2b0c17040b2744ecee5fb9d4dd08a2d12c78dfb2,results/basis_a5_unique_shared/qwen/pos_unique/encoder/seame_dev_man/L14/pos_unique_encoder_L14_oracle_local_rho0.5.json
qwen3_asr_1p7b,seame_dev_man,encoder,15,0.6521739130434783,pos_unique,oracle_local,0.5,NOT_TESTED,0.2680628272251309,0.696969696969697,0.7171717171717171,,0.9892328398384926,0,4,-4,0,4,,636,7822.991697311401,26.39504255138853,12.300301410866984,0.4660080159719203,0.21450252951096122,0.2680628272251309,0.6868686868686869,,,0.0,,sha256:ba8b77fe1f2ea3904e41755a1e428d80b770edcc6f81560f908fa923b05711ae,90c54e06be3d19143155f8244930003fd646c5ef32a0ee4bb22f177c9a01abea,8b4ab88bc21aaca167fa57e6b715893bc9ebdc581173b7787befd9aba9516451,sha256:5d87c842f212c25fef15bbb1d300fbbb5fafc98eb97fc37f01fcfbf2ce3453e8,sha256:39c3f62c162ab0fe10acb5bc2b0c17040b2744ecee5fb9d4dd08a2d12c78dfb2,results/basis_a5_unique_shared/qwen/pos_unique/encoder/seame_dev_man/L15/pos_unique_encoder_L15_oracle_local_rho0.5.json
qwen3_asr_1p7b,seame_dev_man,encoder,16,0.6956521739130435,pos_unique,oracle_local,0.5,NOT_TESTED,0.2743455497382199,0.6868686868686869,0.696969696969697,,0.9825033647375505,0,3,-3,0,3,,636,7450.378128051758,25.334989349797087,11.714431018949305,0.46238152529727145,0.21450252951096122,0.2743455497382199,0.7070707070707071,,,0.0,,sha256:b33a3e79b6a03b2624c79a531114bdc1ccc5494a425a500813f746200fc76773,90c54e06be3d19143155f8244930003fd646c5ef32a0ee4bb22f177c9a01abea,8b4ab88bc21aaca167fa57e6b715893bc9ebdc581173b7787befd9aba9516451,sha256:5d87c842f212c25fef15bbb1d300fbbb5fafc98eb97fc37f01fcfbf2ce3453e8,sha256:39c3f62c162ab0fe10acb5bc2b0c17040b2744ecee5fb9d4dd08a2d12c78dfb2,results/basis_a5_unique_shared/qwen/pos_unique/encoder/seame_dev_man/L16/pos_unique_encoder_L16_oracle_local_rho0.5.json
qwen3_asr_1p7b,seame_dev_man,encoder,17,0.7391304347826086,pos_unique,oracle_local,0.5,NOT_TESTED,0.2617801047120419,0.6666666666666666,0.6767676767676768,,0.9959623149394348,0,1,-1,0,1,,636,7706.297412872314,25.790577582593233,12.116819831560242,0.4698157609210821,0.21450252951096122,0.2628272251308901,0.6767676767676768,,,-0.0010471204188481908,,sha256:6218161bb2aa8788425b9f0a5950ee9606737a386f1ac20811fa0875d9637745,90c54e06be3d19143155f8244930003fd646c5ef32a0ee4bb22f177c9a01abea,8b4ab88bc21aaca167fa57e6b715893bc9ebdc581173b7787befd9aba9516451,sha256:5d87c842f212c25fef15bbb1d300fbbb5fafc98eb97fc37f01fcfbf2ce3453e8,sha256:39c3f62c162ab0fe10acb5bc2b0c17040b2744ecee5fb9d4dd08a2d12c78dfb2,results/basis_a5_unique_shared/qwen/pos_unique/encoder/seame_dev_man/L17/pos_unique_encoder_L17_oracle_local_rho0.5.json
qwen3_asr_1p7b,seame_dev_man,encoder,18,0.782608695652174,pos_unique,oracle_local,0.5,NOT_TESTED,0.26910994764397905,0.6767676767676768,0.6868686868686869,,0.9919246298788694,0,2,-2,0,2,,636,7431.839450836182,25.273110641623443,11.6852821554028,0.46236026586128953,0.21450252951096122,0.26596858638743454,0.6868686868686869,,,0.003141361256544517,,sha256:43621185ab52f6e7e77c98aae5bdbe2764de0cfd4dcd261c385350e0801e49b8,90c54e06be3d19143155f8244930003fd646c5ef32a0ee4bb22f177c9a01abea,8b4ab88bc21aaca167fa57e6b715893bc9ebdc581173b7787befd9aba9516451,sha256:5d87c842f212c25fef15bbb1d300fbbb5fafc98eb97fc37f01fcfbf2ce3453e8,sha256:39c3f62c162ab0fe10acb5bc2b0c17040b2744ecee5fb9d4dd08a2d12c78dfb2,results/basis_a5_unique_shared/qwen/pos_unique/encoder/seame_dev_man/L18/pos_unique_encoder_L18_oracle_local_rho0.5.json
qwen3_asr_1p7b,seame_dev_man,encoder,19,0.8260869565217391,pos_unique,oracle_local,0.5,NOT_TESTED,0.2649214659685864,0.6767676767676768,0.6868686868686869,,0.9932705248990579,0,2,-2,0,2,,636,7379.579231262207,25.47480479426354,11.603111998839948,0.4554740298325174,0.21450252951096122,0.2628272251308901,0.6565656565656566,,,0.002094240837696326,,sha256:bbf30c5ff73a0a071b6960963bc318156a723d6ffc855f76da87e45fd491e477,90c54e06be3d19143155f8244930003fd646c5ef32a0ee4bb22f177c9a01abea,8b4ab88bc21aaca167fa57e6b715893bc9ebdc581173b7787befd9aba9516451,sha256:5d87c842f212c25fef15bbb1d300fbbb5fafc98eb97fc37f01fcfbf2ce3453e8,sha256:39c3f62c162ab0fe10acb5bc2b0c17040b2744ecee5fb9d4dd08a2d12c78dfb2,results/basis_a5_unique_shared/qwen/pos_unique/encoder/seame_dev_man/L19/pos_unique_encoder_L19_oracle_local_rho0.5.json
qwen3_asr_1p7b,seame_dev_man,encoder,20,0.8695652173913043,pos_unique,oracle_local,0.5,NOT_TESTED,0.26596858638743454,0.6666666666666666,0.6767676767676768,,0.9865410497981157,0,1,-1,0,1,,636,7983.159255981445,27.439183037236052,12.55213719493938,0.4574530217574494,0.21450252951096122,0.2607329842931937,0.6767676767676768,,,0.005235602094240843,,sha256:08443131ff196c20e488f65eac2508a045edbc0d5140943056874adf27e487ff,90c54e06be3d19143155f8244930003fd646c5ef32a0ee4bb22f177c9a01abea,8b4ab88bc21aaca167fa57e6b715893bc9ebdc581173b7787befd9aba9516451,sha256:5d87c842f212c25fef15bbb1d300fbbb5fafc98eb97fc37f01fcfbf2ce3453e8,sha256:39c3f62c162ab0fe10acb5bc2b0c17040b2744ecee5fb9d4dd08a2d12c78dfb2,results/basis_a5_unique_shared/qwen/pos_unique/encoder/seame_dev_man/L20/pos_unique_encoder_L20_oracle_local_rho0.5.json
qwen3_asr_1p7b,seame_dev_man,encoder,21,0.9130434782608695,pos_unique,oracle_local,0.5,NOT_TESTED,0.2649214659685864,0.6767676767676768,0.696969696969697,,0.9973082099596231,1,3,-2,1,3,,636,8252.361991882324,27.971159317208535,12.975411936921894,0.46388538243172156,0.21450252951096122,0.2638743455497382,0.6868686868686869,,,0.0010471204188481908,,sha256:3b600feaada620cd64e089090c70aa327d8dbd45cdeb70baad50f595342ac317,90c54e06be3d19143155f8244930003fd646c5ef32a0ee4bb22f177c9a01abea,8b4ab88bc21aaca167fa57e6b715893bc9ebdc581173b7787befd9aba9516451,sha256:5d87c842f212c25fef15bbb1d300fbbb5fafc98eb97fc37f01fcfbf2ce3453e8,sha256:39c3f62c162ab0fe10acb5bc2b0c17040b2744ecee5fb9d4dd08a2d12c78dfb2,results/basis_a5_unique_shared/qwen/pos_unique/encoder/seame_dev_man/L21/pos_unique_encoder_L21_oracle_local_rho0.5.json
qwen3_asr_1p7b,seame_dev_man,encoder,22,0.9565217391304348,pos_unique,oracle_local,0.5,NOT_TESTED,0.27015706806282724,0.6868686868686869,0.696969696969697,,0.9986541049798116,0,3,-3,0,3,,636,8543.02896118164,29.547551317035026,13.432435473556039,0.45460401538627154,0.21450252951096122,0.2638743455497382,0.6666666666666666,,,0.006282722513089034,,sha256:c74df3221cf2cc4b6267369c29975dc4f32b37162220dbebac7f1d1b0026cad7,90c54e06be3d19143155f8244930003fd646c5ef32a0ee4bb22f177c9a01abea,8b4ab88bc21aaca167fa57e6b715893bc9ebdc581173b7787befd9aba9516451,sha256:5d87c842f212c25fef15bbb1d300fbbb5fafc98eb97fc37f01fcfbf2ce3453e8,sha256:39c3f62c162ab0fe10acb5bc2b0c17040b2744ecee5fb9d4dd08a2d12c78dfb2,results/basis_a5_unique_shared/qwen/pos_unique/encoder/seame_dev_man/L22/pos_unique_encoder_L22_oracle_local_rho0.5.json
qwen3_asr_1p7b,seame_dev_man,encoder,23,1.0,pos_unique,oracle_local,0.5,NOT_TESTED,0.26596858638743454,0.6666666666666666,0.6767676767676768,,0.9973082099596231,0,1,-1,0,1,,636,10446.65372467041,37.606087282768584,16.425556170865423,0.4367791854376658,0.21450252951096122,0.2680628272251309,0.696969696969697,,,-0.0020942408376963817,,sha256:445a9559a87bf36af26eba831666b91ad6cc932c9da84b0071280d7b4ee27277,90c54e06be3d19143155f8244930003fd646c5ef32a0ee4bb22f177c9a01abea,8b4ab88bc21aaca167fa57e6b715893bc9ebdc581173b7787befd9aba9516451,sha256:5d87c842f212c25fef15bbb1d300fbbb5fafc98eb97fc37f01fcfbf2ce3453e8,sha256:39c3f62c162ab0fe10acb5bc2b0c17040b2744ecee5fb9d4dd08a2d12c78dfb2,results/basis_a5_unique_shared/qwen/pos_unique/encoder/seame_dev_man/L23/pos_unique_encoder_L23_oracle_local_rho0.5.json
qwen3_asr_1p7b,seame_dev_sge,encoder,0,0.0,pos_unique,oracle_local,0.5,NOT_TESTED,0.2681242807825086,0.7840909090909091,0.8181818181818182,,0.9985029940119761,0,1,-1,0,1,,582,6375.632305145264,24.5540740416222,10.954694682380179,0.4461457053444822,0.22761048103245993,0.2773302646720368,0.7840909090909091,,,-0.009205983889528202,,sha256:513219872959b1361ae0b88d0ee023d8650609298805d57a90c57b338ea5bf7a,ad094de2d46740670176cedef56225306d00052a070380541fe2fbab4fcdacfd,8b4ab88bc21aaca167fa57e6b715893bc9ebdc581173b7787befd9aba9516451,sha256:5d87c842f212c25fef15bbb1d300fbbb5fafc98eb97fc37f01fcfbf2ce3453e8,sha256:39c3f62c162ab0fe10acb5bc2b0c17040b2744ecee5fb9d4dd08a2d12c78dfb2,results/basis_a5_unique_shared/qwen/pos_unique/encoder/seame_dev_sge/L00/pos_unique_encoder_L0_oracle_local_rho0.5.json
qwen3_asr_1p7b,seame_dev_sge,encoder,1,0.043478260869565216,pos_unique,oracle_local,0.5,NOT_TESTED,0.2669735327963176,0.7727272727272727,0.8068181818181818,,0.9940119760479041,0,0,0,0,0,,582,6458.34236907959,24.799156385598724,11.096808194294828,0.44746716467899394,0.22761048103245993,0.27502876869965476,0.7954545454545454,,,-0.008055235903337177,,sha256:a8bb814ab659d69371103d451f726cf9fbc8eb0c427edabb5b4833caa1868282,ad094de2d46740670176cedef56225306d00052a070380541fe2fbab4fcdacfd,8b4ab88bc21aaca167fa57e6b715893bc9ebdc581173b7787befd9aba9516451,sha256:5d87c842f212c25fef15bbb1d300fbbb5fafc98eb97fc37f01fcfbf2ce3453e8,sha256:39c3f62c162ab0fe10acb5bc2b0c17040b2744ecee5fb9d4dd08a2d12c78dfb2,results/basis_a5_unique_shared/qwen/pos_unique/encoder/seame_dev_sge/L01/pos_unique_encoder_L1_oracle_local_rho0.5.json
qwen3_asr_1p7b,seame_dev_sge,encoder,2,0.08695652173913043,pos_unique,oracle_local,0.5,NOT_TESTED,0.2773302646720368,0.7840909090909091,0.8181818181818182,,0.9910179640718563,0,1,-1,0,1,,582,6448.3822593688965,24.488499356299332,11.079694603726626,0.4524448167493173,0.22761048103245993,0.2669735327963176,0.7727272727272727,,,0.010356731875719227,,sha256:44b2fa4855c7934c7bf6b8a6049c01a080aa90fb6b186bb5719527114b0eeceb,ad094de2d46740670176cedef56225306d00052a070380541fe2fbab4fcdacfd,8b4ab88bc21aaca167fa57e6b715893bc9ebdc581173b7787befd9aba9516451,sha256:5d87c842f212c25fef15bbb1d300fbbb5fafc98eb97fc37f01fcfbf2ce3453e8,sha256:39c3f62c162ab0fe10acb5bc2b0c17040b2744ecee5fb9d4dd08a2d12c78dfb2,results/basis_a5_unique_shared/qwen/pos_unique/encoder/seame_dev_sge/L02/pos_unique_encoder_L2_oracle_local_rho0.5.json
qwen3_asr_1p7b,seame_dev_sge,encoder,3,0.13043478260869565,pos_unique,oracle_local,0.5,NOT_TESTED,0.27963176064441886,0.8068181818181818,0.8409090909090909,,0.9940119760479041,0,3,-3,0,3,,582,6696.241111755371,25.644627771017067,11.505568920541874,0.448654159587576,0.22761048103245993,0.27042577675489066,0.7840909090909091,,,0.009205983889528202,,sha256:8e0680260a284062fcd8fc4df3898d22fcc4f36f96008d98e09b9596c0901f22,ad094de2d46740670176cedef56225306d00052a070380541fe2fbab4fcdacfd,8b4ab88bc21aaca167fa57e6b715893bc9ebdc581173b7787befd9aba9516451,sha256:5d87c842f212c25fef15bbb1d300fbbb5fafc98eb97fc37f01fcfbf2ce3453e8,sha256:39c3f62c162ab0fe10acb5bc2b0c17040b2744ecee5fb9d4dd08a2d12c78dfb2,results/basis_a5_unique_shared/qwen/pos_unique/encoder/seame_dev_sge/L03/pos_unique_encoder_L3_oracle_local_rho0.5.json
qwen3_asr_1p7b,seame_dev_sge,encoder,4,0.17391304347826086,pos_unique,oracle_local,0.5,NOT_TESTED,0.26927502876869963,0.7840909090909091,0.8181818181818182,,0.9970059880239521,0,1,-1,0,1,,582,7149.703987121582,27.13702549885229,12.284714754504437,0.4526920150118883,0.22761048103245993,0.27042577675489066,0.7840909090909091,,,-0.0011507479861910253,,sha256:44767fcb04093bb55f27336a218ecdfa3e72f34ab002ed9698a4d78dd690eb17,ad094de2d46740670176cedef56225306d00052a070380541fe2fbab4fcdacfd,8b4ab88bc21aaca167fa57e6b715893bc9ebdc581173b7787befd9aba9516451,sha256:5d87c842f212c25fef15bbb1d300fbbb5fafc98eb97fc37f01fcfbf2ce3453e8,sha256:39c3f62c162ab0fe10acb5bc2b0c17040b2744ecee5fb9d4dd08a2d12c78dfb2,results/basis_a5_unique_shared/qwen/pos_unique/encoder/seame_dev_sge/L04/pos_unique_encoder_L4_oracle_local_rho0.5.json
qwen3_asr_1p7b,seame_dev_sge,encoder,5,0.21739130434782608,pos_unique,oracle_local,0.5,NOT_TESTED,0.2773302646720368,0.7954545454545454,0.8295454545454546,,0.9895209580838323,0,2,-2,0,2,,582,7377.965061187744,28.075374917885693,12.676915912693719,0.45153149155695743,0.22761048103245993,0.2761795166858458,0.7727272727272727,,,0.0011507479861910253,,sha256:389b66eafce6f48508687c07fa55fbee99ce33ec85df08a38a35aaf4e55dd2e1,ad094de2d46740670176cedef56225306d00052a070380541fe2fbab4fcdacfd,8b4ab88bc21aaca167fa57e6b715893bc9ebdc581173b7787befd9aba9516451,sha256:5d87c842f212c25fef15bbb1d300fbbb5fafc98eb97fc37f01fcfbf2ce3453e8,sha256:39c3f62c162ab0fe10acb5bc2b0c17040b2744ecee5fb9d4dd08a2d12c78dfb2,results/basis_a5_unique_shared/qwen/pos_unique/encoder/seame_dev_sge/L05/pos_unique_encoder_L5_oracle_local_rho0.5.json
qwen3_asr_1p7b,seame_dev_sge,encoder,6,0.2608695652173913,pos_unique,oracle_local,0.5,NOT_TESTED,0.27963176064441886,0.7954545454545454,0.8295454545454546,,0.9895209580838323,0,2,-2,0,2,,582,7572.372711181641,28.60777533095317,13.01094967556983,0.454804664992324,0.22761048103245993,0.27502876869965476,0.7954545454545454,,,0.004602991944764101,,sha256:84b92c1ef43b871cfb9c0450ea48855b8cf9a4e25bd9932a5ecd8fad55a8747e,ad094de2d46740670176cedef56225306d00052a070380541fe2fbab4fcdacfd,8b4ab88bc21aaca167fa57e6b715893bc9ebdc581173b7787befd9aba9516451,sha256:5d87c842f212c25fef15bbb1d300fbbb5fafc98eb97fc37f01fcfbf2ce3453e8,sha256:39c3f62c162ab0fe10acb5bc2b0c17040b2744ecee5fb9d4dd08a2d12c78dfb2,results/basis_a5_unique_shared/qwen/pos_unique/encoder/seame_dev_sge/L06/pos_unique_encoder_L6_oracle_local_rho0.5.json
qwen3_asr_1p7b,seame_dev_sge,encoder,7,0.30434782608695654,pos_unique,oracle_local,0.5,NOT_TESTED,0.2773302646720368,0.7954545454545454,0.8295454545454546,,0.9910179640718563,0,2,-2,0,2,,582,7684.263973236084,28.971347258263027,13.203202703154783,0.45573312781955794,0.22761048103245993,0.27963176064441886,0.8181818181818182,,,-0.0023014959723820505,,sha256:96c0a1e77bb5c6644d5668381b2d8183390b2cae8d4dc3fa4b3f2b0cbe2f426f,ad094de2d46740670176cedef56225306d00052a070380541fe2fbab4fcdacfd,8b4ab88bc21aaca167fa57e6b715893bc9ebdc581173b7787befd9aba9516451,sha256:5d87c842f212c25fef15bbb1d300fbbb5fafc98eb97fc37f01fcfbf2ce3453e8,sha256:39c3f62c162ab0fe10acb5bc2b0c17040b2744ecee5fb9d4dd08a2d12c78dfb2,results/basis_a5_unique_shared/qwen/pos_unique/encoder/seame_dev_sge/L07/pos_unique_encoder_L7_oracle_local_rho0.5.json
qwen3_asr_1p7b,seame_dev_sge,encoder,8,0.34782608695652173,pos_unique,oracle_local,0.5,NOT_TESTED,0.27502876869965476,0.7840909090909091,0.8181818181818182,,0.9955089820359282,0,1,-1,0,1,,582,7764.962501525879,29.476447967319555,13.341859968257523,0.45262780586892976,0.22761048103245993,0.27042577675489066,0.7840909090909091,,,0.004602991944764101,,sha256:e7edf43e2e1a7ae650a6756de93401990b7a3a54acbe5a5eedd4b2a3d9bb1740,ad094de2d46740670176cedef56225306d00052a070380541fe2fbab4fcdacfd,8b4ab88bc21aaca167fa57e6b715893bc9ebdc581173b7787befd9aba9516451,sha256:5d87c842f212c25fef15bbb1d300fbbb5fafc98eb97fc37f01fcfbf2ce3453e8,sha256:39c3f62c162ab0fe10acb5bc2b0c17040b2744ecee5fb9d4dd08a2d12c78dfb2,results/basis_a5_unique_shared/qwen/pos_unique/encoder/seame_dev_sge/L08/pos_unique_encoder_L8_oracle_local_rho0.5.json
qwen3_asr_1p7b,seame_dev_sge,encoder,9,0.391304347826087,pos_unique,oracle_local,0.5,NOT_TESTED,0.2773302646720368,0.7840909090909091,0.8181818181818182,,0.9925149700598802,1,2,-1,1,2,,582,7666.966468811035,28.74797843330095,13.1734819051736,0.4582402875992756,0.22761048103245993,0.27848101265822783,0.7954545454545454,,,-0.0011507479861910253,,sha256:3a1fb08b61352f6ed9c30402731591dad777f7979c7c92c282dcaddc31f1fe45,ad094de2d46740670176cedef56225306d00052a070380541fe2fbab4fcdacfd,8b4ab88bc21aaca167fa57e6b715893bc9ebdc581173b7787befd9aba9516451,sha256:5d87c842f212c25fef15bbb1d300fbbb5fafc98eb97fc37f01fcfbf2ce3453e8,sha256:39c3f62c162ab0fe10acb5bc2b0c17040b2744ecee5fb9d4dd08a2d12c78dfb2,results/basis_a5_unique_shared/qwen/pos_unique/encoder/seame_dev_sge/L09/pos_unique_encoder_L9_oracle_local_rho0.5.json
qwen3_asr_1p7b,seame_dev_sge,encoder,10,0.43478260869565216,pos_unique,oracle_local,0.5,NOT_TESTED,0.2715765247410817,0.7727272727272727,0.8068181818181818,,0.9925149700598802,1,1,0,1,1,,582,7796.535339355469,29.234484721704856,13.396108830507679,0.45822968860340024,0.22761048103245993,0.27502876869965476,0.7954545454545454,,,-0.0034522439585730758,,sha256:915fbe1f5f62add5df6648c4b541498a5029e6a7799924a8a521e1ed3a791a16,ad094de2d46740670176cedef56225306d00052a070380541fe2fbab4fcdacfd,8b4ab88bc21aaca167fa57e6b715893bc9ebdc581173b7787befd9aba9516451,sha256:5d87c842f212c25fef15bbb1d300fbbb5fafc98eb97fc37f01fcfbf2ce3453e8,sha256:39c3f62c162ab0fe10acb5bc2b0c17040b2744ecee5fb9d4dd08a2d12c78dfb2,results/basis_a5_unique_shared/qwen/pos_unique/encoder/seame_dev_sge/L10/pos_unique_encoder_L10_oracle_local_rho0.5.json
qwen3_asr_1p7b,seame_dev_sge,encoder,11,0.4782608695652174,pos_unique,oracle_local,0.5,NOT_TESTED,0.2773302646720368,0.7727272727272727,0.8068181818181818,,0.9880239520958084,1,1,0,1,1,,582,7783.157314300537,29.25338690059701,13.373122533162435,0.4571478365429718,0.22761048103245993,0.27963176064441886,0.7840909090909091,,,-0.0023014959723820505,,sha256:c10380fc085ec959c11a880474843c9fd6b46c8056d44139db5a44b366b431bd,ad094de2d46740670176cedef56225306d00052a070380541fe2fbab4fcdacfd,8b4ab88bc21aaca167fa57e6b715893bc9ebdc581173b7787befd9aba9516451,sha256:5d87c842f212c25fef15bbb1d300fbbb5fafc98eb97fc37f01fcfbf2ce3453e8,sha256:39c3f62c162ab0fe10acb5bc2b0c17040b2744ecee5fb9d4dd08a2d12c78dfb2,results/basis_a5_unique_shared/qwen/pos_unique/encoder/seame_dev_sge/L11/pos_unique_encoder_L11_oracle_local_rho0.5.json
qwen3_asr_1p7b,seame_dev_sge,encoder,12,0.5217391304347826,pos_unique,oracle_local,0.5,NOT_TESTED,0.27042577675489066,0.7613636363636364,0.7954545454545454,,0.9880239520958084,3,2,1,3,2,,582,7669.944538116455,28.82967958745268,13.17859886274305,0.4571191581497378,0.22761048103245993,0.2899884925201381,0.8181818181818182,,,-0.01956271576524743,,sha256:34b7e5dfeeb704c69a5695b053951129b17902b5655b838a03f5db9ec81fbbd8,ad094de2d46740670176cedef56225306d00052a070380541fe2fbab4fcdacfd,8b4ab88bc21aaca167fa57e6b715893bc9ebdc581173b7787befd9aba9516451,sha256:5d87c842f212c25fef15bbb1d300fbbb5fafc98eb97fc37f01fcfbf2ce3453e8,sha256:39c3f62c162ab0fe10acb5bc2b0c17040b2744ecee5fb9d4dd08a2d12c78dfb2,results/basis_a5_unique_shared/qwen/pos_unique/encoder/seame_dev_sge/L12/pos_unique_encoder_L12_oracle_local_rho0.5.json
qwen3_asr_1p7b,seame_dev_sge,encoder,13,0.5652173913043478,pos_unique,oracle_local,0.5,NOT_TESTED,0.27387802071346373,0.7613636363636364,0.7954545454545454,,0.9880239520958084,3,2,1,3,2,,582,7287.302925109863,27.488596886703647,12.52113904658052,0.45550302542495535,0.22761048103245993,0.28883774453394706,0.8522727272727273,,,-0.014959723820483328,,sha256:234c5f31f269627fdb4c392c408d058acf7307133bbfe648ac61941981fa2a10,ad094de2d46740670176cedef56225306d00052a070380541fe2fbab4fcdacfd,8b4ab88bc21aaca167fa57e6b715893bc9ebdc581173b7787befd9aba9516451,sha256:5d87c842f212c25fef15bbb1d300fbbb5fafc98eb97fc37f01fcfbf2ce3453e8,sha256:39c3f62c162ab0fe10acb5bc2b0c17040b2744ecee5fb9d4dd08a2d12c78dfb2,results/basis_a5_unique_shared/qwen/pos_unique/encoder/seame_dev_sge/L13/pos_unique_encoder_L13_oracle_local_rho0.5.json
qwen3_asr_1p7b,seame_dev_sge,encoder,14,0.6086956521739131,pos_unique,oracle_local,0.5,NOT_TESTED,0.2761795166858458,0.7954545454545454,0.8295454545454546,,0.9925149700598802,0,2,-2,0,2,,582,7183.759323120117,27.496280303116105,12.343229077525974,0.448905413439764,0.22761048103245993,0.285385500575374,0.8522727272727273,,,-0.009205983889528202,,sha256:452240a9a32866f57ffccbef29658d52556565032e11b63d12336b56e41b0364,ad094de2d46740670176cedef56225306d00052a070380541fe2fbab4fcdacfd,8b4ab88bc21aaca167fa57e6b715893bc9ebdc581173b7787befd9aba9516451,sha256:5d87c842f212c25fef15bbb1d300fbbb5fafc98eb97fc37f01fcfbf2ce3453e8,sha256:39c3f62c162ab0fe10acb5bc2b0c17040b2744ecee5fb9d4dd08a2d12c78dfb2,results/basis_a5_unique_shared/qwen/pos_unique/encoder/seame_dev_sge/L14/pos_unique_encoder_L14_oracle_local_rho0.5.json
qwen3_asr_1p7b,seame_dev_sge,encoder,15,0.6521739130434783,pos_unique,oracle_local,0.5,NOT_TESTED,0.2727272727272727,0.7954545454545454,0.8295454545454546,,0.9910179640718563,0,2,-2,0,2,,582,7177.550186157227,26.626675674595784,12.332560457314822,0.4631656091068545,0.22761048103245993,0.28768699654775604,0.8295454545454546,,,-0.014959723820483328,,sha256:ba8b77fe1f2ea3904e41755a1e428d80b770edcc6f81560f908fa923b05711ae,ad094de2d46740670176cedef56225306d00052a070380541fe2fbab4fcdacfd,8b4ab88bc21aaca167fa57e6b715893bc9ebdc581173b7787befd9aba9516451,sha256:5d87c842f212c25fef15bbb1d300fbbb5fafc98eb97fc37f01fcfbf2ce3453e8,sha256:39c3f62c162ab0fe10acb5bc2b0c17040b2744ecee5fb9d4dd08a2d12c78dfb2,results/basis_a5_unique_shared/qwen/pos_unique/encoder/seame_dev_sge/L15/pos_unique_encoder_L15_oracle_local_rho0.5.json
qwen3_asr_1p7b,seame_dev_sge,encoder,16,0.6956521739130435,pos_unique,oracle_local,0.5,NOT_TESTED,0.2761795166858458,0.7840909090909091,0.8181818181818182,,0.9925149700598802,2,3,-1,2,3,,582,6829.76940536499,25.706766344837305,11.734998978290362,0.4564945594818892,0.22761048103245993,0.2899884925201381,0.8863636363636364,,,-0.013808975834292303,,sha256:b33a3e79b6a03b2624c79a531114bdc1ccc5494a425a500813f746200fc76773,ad094de2d46740670176cedef56225306d00052a070380541fe2fbab4fcdacfd,8b4ab88bc21aaca167fa57e6b715893bc9ebdc581173b7787befd9aba9516451,sha256:5d87c842f212c25fef15bbb1d300fbbb5fafc98eb97fc37f01fcfbf2ce3453e8,sha256:39c3f62c162ab0fe10acb5bc2b0c17040b2744ecee5fb9d4dd08a2d12c78dfb2,results/basis_a5_unique_shared/qwen/pos_unique/encoder/seame_dev_sge/L16/pos_unique_encoder_L16_oracle_local_rho0.5.json
qwen3_asr_1p7b,seame_dev_sge,encoder,17,0.7391304347826086,pos_unique,oracle_local,0.5,NOT_TESTED,0.27387802071346373,0.7727272727272727,0.8068181818181818,,0.9940119760479041,1,1,0,1,1,,582,7014.85982131958,26.035411139943754,12.053023747971787,0.4629473175278547,0.22761048103245993,0.2727272727272727,0.8295454545454546,,,0.0011507479861910253,,sha256:6218161bb2aa8788425b9f0a5950ee9606737a386f1ac20811fa0875d9637745,ad094de2d46740670176cedef56225306d00052a070380541fe2fbab4fcdacfd,8b4ab88bc21aaca167fa57e6b715893bc9ebdc581173b7787befd9aba9516451,sha256:5d87c842f212c25fef15bbb1d300fbbb5fafc98eb97fc37f01fcfbf2ce3453e8,sha256:39c3f62c162ab0fe10acb5bc2b0c17040b2744ecee5fb9d4dd08a2d12c78dfb2,results/basis_a5_unique_shared/qwen/pos_unique/encoder/seame_dev_sge/L17/pos_unique_encoder_L17_oracle_local_rho0.5.json
qwen3_asr_1p7b,seame_dev_sge,encoder,18,0.782608695652174,pos_unique,oracle_local,0.5,NOT_TESTED,0.2715765247410817,0.7727272727272727,0.8068181818181818,,0.9925149700598802,1,1,0,1,1,,582,6816.918159484863,25.490495806297485,11.71291779980217,0.45950137215096726,0.22761048103245993,0.27848101265822783,0.7840909090909091,,,-0.0069044879171461515,,sha256:43621185ab52f6e7e77c98aae5bdbe2764de0cfd4dcd261c385350e0801e49b8,ad094de2d46740670176cedef56225306d00052a070380541fe2fbab4fcdacfd,8b4ab88bc21aaca167fa57e6b715893bc9ebdc581173b7787befd9aba9516451,sha256:5d87c842f212c25fef15bbb1d300fbbb5fafc98eb97fc37f01fcfbf2ce3453e8,sha256:39c3f62c162ab0fe10acb5bc2b0c17040b2744ecee5fb9d4dd08a2d12c78dfb2,results/basis_a5_unique_shared/qwen/pos_unique/encoder/seame_dev_sge/L18/pos_unique_encoder_L18_oracle_local_rho0.5.json
qwen3_asr_1p7b,seame_dev_sge,encoder,19,0.8260869565217391,pos_unique,oracle_local,0.5,NOT_TESTED,0.27387802071346373,0.7840909090909091,0.8181818181818182,,0.9925149700598802,1,2,-1,1,2,,582,6795.260356903076,25.68058716554412,11.675705080589477,0.45465101733557234,0.22761048103245993,0.2715765247410817,0.7613636363636364,,,0.0023014959723820505,,sha256:bbf30c5ff73a0a071b6960963bc318156a723d6ffc855f76da87e45fd491e477,ad094de2d46740670176cedef56225306d00052a070380541fe2fbab4fcdacfd,8b4ab88bc21aaca167fa57e6b715893bc9ebdc581173b7787befd9aba9516451,sha256:5d87c842f212c25fef15bbb1d300fbbb5fafc98eb97fc37f01fcfbf2ce3453e8,sha256:39c3f62c162ab0fe10acb5bc2b0c17040b2744ecee5fb9d4dd08a2d12c78dfb2,results/basis_a5_unique_shared/qwen/pos_unique/encoder/seame_dev_sge/L19/pos_unique_encoder_L19_oracle_local_rho0.5.json
qwen3_asr_1p7b,seame_dev_sge,encoder,20,0.8695652173913043,pos_unique,oracle_local,0.5,NOT_TESTED,0.27502876869965476,0.7840909090909091,0.8181818181818182,,0.9970059880239521,0,1,-1,0,1,,582,7290.063995361328,27.58303264080454,12.5258831535418,0.45411551792212385,0.22761048103245993,0.2727272727272727,0.7613636363636364,,,0.0023014959723820505,,sha256:08443131ff196c20e488f65eac2508a045edbc0d5140943056874adf27e487ff,ad094de2d46740670176cedef56225306d00052a070380541fe2fbab4fcdacfd,8b4ab88bc21aaca167fa57e6b715893bc9ebdc581173b7787befd9aba9516451,sha256:5d87c842f212c25fef15bbb1d300fbbb5fafc98eb97fc37f01fcfbf2ce3453e8,sha256:39c3f62c162ab0fe10acb5bc2b0c17040b2744ecee5fb9d4dd08a2d12c78dfb2,results/basis_a5_unique_shared/qwen/pos_unique/encoder/seame_dev_sge/L20/pos_unique_encoder_L20_oracle_local_rho0.5.json
qwen3_asr_1p7b,seame_dev_sge,encoder,21,0.9130434782608695,pos_unique,oracle_local,0.5,NOT_TESTED,0.27502876869965476,0.7727272727272727,0.8068181818181818,,0.9895209580838323,2,2,0,2,2,,582,7548.979892730713,28.082085049029477,12.970755829434214,0.46188720697868857,0.22761048103245993,0.27387802071346373,0.7840909090909091,,,0.0011507479861910253,,sha256:3b600feaada620cd64e089090c70aa327d8dbd45cdeb70baad50f595342ac317,ad094de2d46740670176cedef56225306d00052a070380541fe2fbab4fcdacfd,8b4ab88bc21aaca167fa57e6b715893bc9ebdc581173b7787befd9aba9516451,sha256:5d87c842f212c25fef15bbb1d300fbbb5fafc98eb97fc37f01fcfbf2ce3453e8,sha256:39c3f62c162ab0fe10acb5bc2b0c17040b2744ecee5fb9d4dd08a2d12c78dfb2,results/basis_a5_unique_shared/qwen/pos_unique/encoder/seame_dev_sge/L21/pos_unique_encoder_L21_oracle_local_rho0.5.json
qwen3_asr_1p7b,seame_dev_sge,encoder,22,0.9565217391304348,pos_unique,oracle_local,0.5,NOT_TESTED,0.2773302646720368,0.7954545454545454,0.8295454545454546,,0.9895209580838323,0,2,-2,0,2,,582,7817.970623016357,29.47742664035653,13.432939214804739,0.4557025746750282,0.22761048103245993,0.2761795166858458,0.7840909090909091,,,0.0011507479861910253,,sha256:c74df3221cf2cc4b6267369c29975dc4f32b37162220dbebac7f1d1b0026cad7,ad094de2d46740670176cedef56225306d00052a070380541fe2fbab4fcdacfd,8b4ab88bc21aaca167fa57e6b715893bc9ebdc581173b7787befd9aba9516451,sha256:5d87c842f212c25fef15bbb1d300fbbb5fafc98eb97fc37f01fcfbf2ce3453e8,sha256:39c3f62c162ab0fe10acb5bc2b0c17040b2744ecee5fb9d4dd08a2d12c78dfb2,results/basis_a5_unique_shared/qwen/pos_unique/encoder/seame_dev_sge/L22/pos_unique_encoder_L22_oracle_local_rho0.5.json
qwen3_asr_1p7b,seame_dev_sge,encoder,23,1.0,pos_unique,oracle_local,0.5,NOT_TESTED,0.2761795166858458,0.7954545454545454,0.8295454545454546,,0.9940119760479041,0,2,-2,0,2,,582,9521.374015808105,37.41754963143994,16.359749168055163,0.43722128597937243,0.22761048103245993,0.26927502876869963,0.7613636363636364,,,0.0069044879171461515,,sha256:445a9559a87bf36af26eba831666b91ad6cc932c9da84b0071280d7b4ee27277,ad094de2d46740670176cedef56225306d00052a070380541fe2fbab4fcdacfd,8b4ab88bc21aaca167fa57e6b715893bc9ebdc581173b7787befd9aba9516451,sha256:5d87c842f212c25fef15bbb1d300fbbb5fafc98eb97fc37f01fcfbf2ce3453e8,sha256:39c3f62c162ab0fe10acb5bc2b0c17040b2744ecee5fb9d4dd08a2d12c78dfb2,results/basis_a5_unique_shared/qwen/pos_unique/encoder/seame_dev_sge/L23/pos_unique_encoder_L23_oracle_local_rho0.5.json
qwen3_asr_1p7b,cs_dialogue,decoder,0,0.0,unique_minus_shared,oracle_local,0.5,NOT_TESTED,0.061486366066654786,0.0873015873015873,0.10052910052910052,,1.0,1,5,-4,1,5,,510,1908.389649629593,7.369408963708317,3.74194048946979,0.5077667025805594,0.005836575875486381,0.06118933048179172,0.0855379188712522,0.06136755183270956,0.08597883597883597,0.00029703558486306875,0.00011881423394522611,sha256:db815c489d73e29782e412660bf2c641acd2df52af1788d0df835251cbc3a974,ff8218fe57b5bd55d7d7d290110765dbe90b3d9b9fc16723185f9d931db20c85,2f70a1ed3ba6d07fdd12200ea38d699cc6d27fc02d28a8eff551f8b0ce6a30ed,sha256:5d87c842f212c25fef15bbb1d300fbbb5fafc98eb97fc37f01fcfbf2ce3453e8,sha256:39c3f62c162ab0fe10acb5bc2b0c17040b2744ecee5fb9d4dd08a2d12c78dfb2,results/basis_a5_unique_shared/qwen/unique_minus_shared/decoder/cs_dialogue/L00/unique_minus_shared_decoder_L0_oracle_local_rho0.5.json
qwen3_asr_1p7b,cs_dialogue,decoder,1,0.037037037037037035,unique_minus_shared,oracle_local,0.5,NOT_TESTED,0.061545773183627396,0.08641975308641975,0.09964726631393298,,0.9998595900028082,0,2,-2,0,2,,510,3830.509343624115,14.70492323146147,7.510802634557089,0.5107678915648862,0.005837043480251336,0.06136755183270956,0.08597883597883597,0.06160518030060001,0.08686067019400352,0.0001782213509178357,-5.9407116972616525e-05,sha256:1cbf5668299e6b4f6462edc316ab8ef6f06eed4e93c8d1bb76f20faa4d61c80a,ff8218fe57b5bd55d7d7d290110765dbe90b3d9b9fc16723185f9d931db20c85,2f70a1ed3ba6d07fdd12200ea38d699cc6d27fc02d28a8eff551f8b0ce6a30ed,sha256:5d87c842f212c25fef15bbb1d300fbbb5fafc98eb97fc37f01fcfbf2ce3453e8,sha256:39c3f62c162ab0fe10acb5bc2b0c17040b2744ecee5fb9d4dd08a2d12c78dfb2,results/basis_a5_unique_shared/qwen/unique_minus_shared/decoder/cs_dialogue/L01/unique_minus_shared_decoder_L1_oracle_local_rho0.5.json
qwen3_asr_1p7b,cs_dialogue,decoder,2,0.07407407407407407,unique_minus_shared,oracle_local,0.5,NOT_TESTED,0.06136755183270956,0.08774250440917107,0.1009700176366843,,0.9997191800056164,1,6,-5,1,6,,511,5595.833762168884,20.749485256620584,10.950751002287445,0.5277601283527439,0.005849292018177447,0.061248737598764334,0.0855379188712522,0.06142695894968217,0.08597883597883597,0.00011881423394522611,-5.9407116972609586e-05,sha256:feeeae923f87a3abc56cde251edb4b252b5739ae693dcf8418db80f939a0c28b,ff8218fe57b5bd55d7d7d290110765dbe90b3d9b9fc16723185f9d931db20c85,2f70a1ed3ba6d07fdd12200ea38d699cc6d27fc02d28a8eff551f8b0ce6a30ed,sha256:5d87c842f212c25fef15bbb1d300fbbb5fafc98eb97fc37f01fcfbf2ce3453e8,sha256:39c3f62c162ab0fe10acb5bc2b0c17040b2744ecee5fb9d4dd08a2d12c78dfb2,results/basis_a5_unique_shared/qwen/unique_minus_shared/decoder/cs_dialogue/L02/unique_minus_shared_decoder_L2_oracle_local_rho0.5.json
qwen3_asr_1p7b,cs_dialogue,decoder,3,0.1111111111111111,unique_minus_shared,oracle_local,0.5,NOT_TESTED,0.06142695894968217,0.08641975308641975,0.09964726631393298,,1.0,1,3,-2,1,3,,510,6859.022158622742,25.454156583898207,13.449063056123023,0.5283641204843783,0.005835974779434483,0.061308144715736944,0.08597883597883597,0.06118933048179172,0.0855379188712522,0.00011881423394522611,0.00023762846789045222,sha256:250665c68f703b80c250f3e19c855d3e9f176199fb4da7aeb693c94c61e65de0,ff8218fe57b5bd55d7d7d290110765dbe90b3d9b9fc16723185f9d931db20c85,2f70a1ed3ba6d07fdd12200ea38d699cc6d27fc02d28a8eff551f8b0ce6a30ed,sha256:5d87c842f212c25fef15bbb1d300fbbb5fafc98eb97fc37f01fcfbf2ce3453e8,sha256:39c3f62c162ab0fe10acb5bc2b0c17040b2744ecee5fb9d4dd08a2d12c78dfb2,results/basis_a5_unique_shared/qwen/unique_minus_shared/decoder/cs_dialogue/L03/unique_minus_shared_decoder_L3_oracle_local_rho0.5.json
qwen3_asr_1p7b,cs_dialogue,decoder,4,0.14814814814814814,unique_minus_shared,oracle_local,0.5,NOT_TESTED,0.061486366066654786,0.08686067019400352,0.10008818342151675,,1.0,1,4,-3,1,4,,510,8011.968900680542,30.30202392503327,15.709742942510866,0.5184387346989271,0.005835974779434483,0.061308144715736944,0.0855379188712522,0.06142695894968217,0.08641975308641975,0.00017822135091784264,5.9407116972616525e-05,sha256:f4802be6e96fdc006ea78d239c109d2e141b729999f6ee56b78e243a0b18ad7d,ff8218fe57b5bd55d7d7d290110765dbe90b3d9b9fc16723185f9d931db20c85,2f70a1ed3ba6d07fdd12200ea38d699cc6d27fc02d28a8eff551f8b0ce6a30ed,sha256:5d87c842f212c25fef15bbb1d300fbbb5fafc98eb97fc37f01fcfbf2ce3453e8,sha256:39c3f62c162ab0fe10acb5bc2b0c17040b2744ecee5fb9d4dd08a2d12c78dfb2,results/basis_a5_unique_shared/qwen/unique_minus_shared/decoder/cs_dialogue/L04/unique_minus_shared_decoder_L4_oracle_local_rho0.5.json
qwen3_asr_1p7b,cs_dialogue,decoder,5,0.18518518518518517,unique_minus_shared,oracle_local,0.5,NOT_TESTED,0.061545773183627396,0.08686067019400352,0.10008818342151675,,0.9999297950014041,1,4,-3,1,4,,510,9330.057794570923,35.258398523517684,18.29423096974691,0.5188616538424025,0.005836843069034975,0.061308144715736944,0.08597883597883597,0.06142695894968217,0.08686067019400352,0.00023762846789045222,0.00011881423394522611,sha256:e8f903166f15416e92d2ee7fbc1da7bff6ba12953ae4f6c75ae6e6eb91e200b6,ff8218fe57b5bd55d7d7d290110765dbe90b3d9b9fc16723185f9d931db20c85,2f70a1ed3ba6d07fdd12200ea38d699cc6d27fc02d28a8eff551f8b0ce6a30ed,sha256:5d87c842f212c25fef15bbb1d300fbbb5fafc98eb97fc37f01fcfbf2ce3453e8,sha256:39c3f62c162ab0fe10acb5bc2b0c17040b2744ecee5fb9d4dd08a2d12c78dfb2,results/basis_a5_unique_shared/qwen/unique_minus_shared/decoder/cs_dialogue/L05/unique_minus_shared_decoder_L5_oracle_local_rho0.5.json
qwen3_asr_1p7b,cs_dialogue,decoder,6,0.2222222222222222,unique_minus_shared,oracle_local,0.5,NOT_TESTED,0.061248737598764334,0.0855379188712522,0.09876543209876543,,1.0,1,1,0,1,1,,510,6596.757393836975,39.48770855922325,12.934818419288186,0.32756568793777135,0.005836575875486381,0.061308144715736944,0.08597883597883597,0.06136755183270956,0.08597883597883597,-5.9407116972609586e-05,-0.00011881423394522611,sha256:f8f45cee9c1c9500ffd94927674dd64b02bec4735f77870d8132a8f16af2cd34,ff8218fe57b5bd55d7d7d290110765dbe90b3d9b9fc16723185f9d931db20c85,2f70a1ed3ba6d07fdd12200ea38d699cc6d27fc02d28a8eff551f8b0ce6a30ed,sha256:5d87c842f212c25fef15bbb1d300fbbb5fafc98eb97fc37f01fcfbf2ce3453e8,sha256:39c3f62c162ab0fe10acb5bc2b0c17040b2744ecee5fb9d4dd08a2d12c78dfb2,results/basis_a5_unique_shared/qwen/unique_minus_shared/decoder/cs_dialogue/L06/unique_minus_shared_decoder_L6_oracle_local_rho0.5.json
qwen3_asr_1p7b,cs_dialogue,decoder,7,0.25925925925925924,unique_minus_shared,oracle_local,0.5,NOT_TESTED,0.061248737598764334,0.0855379188712522,0.09876543209876543,,1.0,0,0,0,0,0,,510,11382.934045791626,43.317134449528716,22.31947852116005,0.5152575027132914,0.005836776268354373,0.061486366066654786,0.08686067019400352,0.06142695894968217,0.08686067019400352,-0.00023762846789045222,-0.0001782213509178357,sha256:f102fe44fd0f6b5a5d17c37b745ebdb310f2d75443d8dea3eef5f2e16ddbbaf2,ff8218fe57b5bd55d7d7d290110765dbe90b3d9b9fc16723185f9d931db20c85,2f70a1ed3ba6d07fdd12200ea38d699cc6d27fc02d28a8eff551f8b0ce6a30ed,sha256:5d87c842f212c25fef15bbb1d300fbbb5fafc98eb97fc37f01fcfbf2ce3453e8,sha256:39c3f62c162ab0fe10acb5bc2b0c17040b2744ecee5fb9d4dd08a2d12c78dfb2,results/basis_a5_unique_shared/qwen/unique_minus_shared/decoder/cs_dialogue/L07/unique_minus_shared_decoder_L7_oracle_local_rho0.5.json
qwen3_asr_1p7b,cs_dialogue,decoder,8,0.2962962962962963,unique_minus_shared,oracle_local,0.5,NOT_TESTED,0.061486366066654786,0.08686067019400352,0.10008818342151675,,0.9999297950014041,0,3,-3,0,3,,510,7482.543118476868,46.64028343499876,14.671653173484055,0.3145704119472499,0.005837177095374895,0.06136755183270956,0.0855379188712522,0.061308144715736944,0.0855379188712522,0.00011881423394522611,0.00017822135091784264,sha256:6828d14e9562fcf74dc75a8351b669d1f5e219adf1d084c6959002a951fea21e,ff8218fe57b5bd55d7d7d290110765dbe90b3d9b9fc16723185f9d931db20c85,2f70a1ed3ba6d07fdd12200ea38d699cc6d27fc02d28a8eff551f8b0ce6a30ed,sha256:5d87c842f212c25fef15bbb1d300fbbb5fafc98eb97fc37f01fcfbf2ce3453e8,sha256:39c3f62c162ab0fe10acb5bc2b0c17040b2744ecee5fb9d4dd08a2d12c78dfb2,results/basis_a5_unique_shared/qwen/unique_minus_shared/decoder/cs_dialogue/L08/unique_minus_shared_decoder_L8_oracle_local_rho0.5.json
qwen3_asr_1p7b,cs_dialogue,decoder,9,0.3333333333333333,unique_minus_shared,oracle_local,0.5,NOT_TESTED,0.061308144715736944,0.0855379188712522,0.09876543209876543,,1.0,0,0,0,0,0,,510,8412.051568984985,53.03141344855813,16.494218762715658,0.31102732682611756,0.005836375496378014,0.061248737598764334,0.0855379188712522,0.061308144715736944,0.08641975308641975,5.9407116972609586e-05,0.0,sha256:2411d0a7c50c65863dd06a49bd5ebbc948c6a99ddd7a8579b820baf318f39ae5,ff8218fe57b5bd55d7d7d290110765dbe90b3d9b9fc16723185f9d931db20c85,2f70a1ed3ba6d07fdd12200ea38d699cc6d27fc02d28a8eff551f8b0ce6a30ed,sha256:5d87c842f212c25fef15bbb1d300fbbb5fafc98eb97fc37f01fcfbf2ce3453e8,sha256:39c3f62c162ab0fe10acb5bc2b0c17040b2744ecee5fb9d4dd08a2d12c78dfb2,results/basis_a5_unique_shared/qwen/unique_minus_shared/decoder/cs_dialogue/L09/unique_minus_shared_decoder_L9_oracle_local_rho0.5.json
qwen3_asr_1p7b,cs_dialogue,decoder,10,0.37037037037037035,unique_minus_shared,oracle_local,0.5,NOT_TESTED,0.06118933048179172,0.0855379188712522,0.09876543209876543,,1.0,0,0,0,0,0,,510,9801.763660430908,62.83628460753198,19.219144432217465,0.30586061146450616,0.005836575875486381,0.061308144715736944,0.08597883597883597,0.06136755183270956,0.08641975308641975,-0.00011881423394522611,-0.00017822135091784264,sha256:d539b2b0bb18c7cfd32d60b6be9f827706ff6e9eee6a20075849d7423ad0dc09,ff8218fe57b5bd55d7d7d290110765dbe90b3d9b9fc16723185f9d931db20c85,2f70a1ed3ba6d07fdd12200ea38d699cc6d27fc02d28a8eff551f8b0ce6a30ed,sha256:5d87c842f212c25fef15bbb1d300fbbb5fafc98eb97fc37f01fcfbf2ce3453e8,sha256:39c3f62c162ab0fe10acb5bc2b0c17040b2744ecee5fb9d4dd08a2d12c78dfb2,results/basis_a5_unique_shared/qwen/unique_minus_shared/decoder/cs_dialogue/L10/unique_minus_shared_decoder_L10_oracle_local_rho0.5.json
qwen3_asr_1p7b,cs_dialogue,decoder,11,0.4074074074074074,unique_minus_shared,oracle_local,0.5,NOT_TESTED,0.061248737598764334,0.0855379188712522,0.09876543209876543,,1.0,1,1,0,1,1,,510,12694.257026672363,81.15778976889217,24.89070005229875,0.3066951443993041,0.005835974779434483,0.061308144715736944,0.08597883597883597,0.06136755183270956,0.08641975308641975,-5.9407116972609586e-05,-0.00011881423394522611,sha256:60830ee2020b3e6b9b4e03017b31160e5c1e80181f0edd4c1174ce34553a5891,ff8218fe57b5bd55d7d7d290110765dbe90b3d9b9fc16723185f9d931db20c85,2f70a1ed3ba6d07fdd12200ea38d699cc6d27fc02d28a8eff551f8b0ce6a30ed,sha256:5d87c842f212c25fef15bbb1d300fbbb5fafc98eb97fc37f01fcfbf2ce3453e8,sha256:39c3f62c162ab0fe10acb5bc2b0c17040b2744ecee5fb9d4dd08a2d12c78dfb2,results/basis_a5_unique_shared/qwen/unique_minus_shared/decoder/cs_dialogue/L11/unique_minus_shared_decoder_L11_oracle_local_rho0.5.json
qwen3_asr_1p7b,cs_dialogue,decoder,12,0.4444444444444444,unique_minus_shared,oracle_local,0.5,NOT_TESTED,0.06136755183270956,0.08641975308641975,0.09964726631393298,,1.0,0,2,-2,0,2,,510,13386.314907073975,87.42341456693761,26.247676288380344,0.30023622868543126,0.0058367094692027745,0.061248737598764334,0.0855379188712522,0.06136755183270956,0.08597883597883597,0.00011881423394522611,0.0,sha256:6c5a13f17f0164e995d3d951f8bf84e250e82b32e4334eb4d622388e812698b6,ff8218fe57b5bd55d7d7d290110765dbe90b3d9b9fc16723185f9d931db20c85,2f70a1ed3ba6d07fdd12200ea38d699cc6d27fc02d28a8eff551f8b0ce6a30ed,sha256:5d87c842f212c25fef15bbb1d300fbbb5fafc98eb97fc37f01fcfbf2ce3453e8,sha256:39c3f62c162ab0fe10acb5bc2b0c17040b2744ecee5fb9d4dd08a2d12c78dfb2,results/basis_a5_unique_shared/qwen/unique_minus_shared/decoder/cs_dialogue/L12/unique_minus_shared_decoder_L12_oracle_local_rho0.5.json
qwen3_asr_1p7b,cs_dialogue,decoder,13,0.48148148148148145,unique_minus_shared,oracle_local,0.5,NOT_TESTED,0.06142695894968217,0.08597883597883597,0.0992063492063492,,1.0,1,2,-1,1,2,,510,14288.322553634644,95.17030095119102,28.01631873261695,0.2943808987951544,0.005836175131027853,0.06136755183270956,0.08597883597883597,0.061308144715736944,0.08597883597883597,5.9407116972609586e-05,0.00011881423394522611,sha256:ee03cec3ceaa3b3a4e3c71bbfd32c103d4f12037067c7b09e4de522a054c4e55,ff8218fe57b5bd55d7d7d290110765dbe90b3d9b9fc16723185f9d931db20c85,2f70a1ed3ba6d07fdd12200ea38d699cc6d27fc02d28a8eff551f8b0ce6a30ed,sha256:5d87c842f212c25fef15bbb1d300fbbb5fafc98eb97fc37f01fcfbf2ce3453e8,sha256:39c3f62c162ab0fe10acb5bc2b0c17040b2744ecee5fb9d4dd08a2d12c78dfb2,results/basis_a5_unique_shared/qwen/unique_minus_shared/decoder/cs_dialogue/L13/unique_minus_shared_decoder_L13_oracle_local_rho0.5.json
qwen3_asr_1p7b,cs_dialogue,decoder,14,0.5185185185185185,unique_minus_shared,oracle_local,0.5,NOT_TESTED,0.06142695894968217,0.08641975308641975,0.09964726631393298,,1.0,0,2,-2,0,2,,509,16010.316274642944,104.62836580707423,31.45445240597828,0.3006302560815831,0.005824931622855704,0.06136755183270956,0.08597883597883597,0.061486366066654786,0.0873015873015873,5.9407116972609586e-05,-5.9407116972616525e-05,sha256:975891eed5b3e13f4a1f1dbf644ee916c035f9510a2df061306dbca383fbcbb0,ff8218fe57b5bd55d7d7d290110765dbe90b3d9b9fc16723185f9d931db20c85,2f70a1ed3ba6d07fdd12200ea38d699cc6d27fc02d28a8eff551f8b0ce6a30ed,sha256:5d87c842f212c25fef15bbb1d300fbbb5fafc98eb97fc37f01fcfbf2ce3453e8,sha256:39c3f62c162ab0fe10acb5bc2b0c17040b2744ecee5fb9d4dd08a2d12c78dfb2,results/basis_a5_unique_shared/qwen/unique_minus_shared/decoder/cs_dialogue/L14/unique_minus_shared_decoder_L14_oracle_local_rho0.5.json
qwen3_asr_1p7b,cs_dialogue,decoder,15,0.5555555555555556,unique_minus_shared,oracle_local,0.5,NOT_TESTED,0.06433790768134022,0.1111111111111111,0.12433862433862433,,1.0,1,59,-58,1,59,,509,32139.31996536255,124.89043531436583,63.142082446684775,0.5055798091162687,0.005824798306345483,0.06142695894968217,0.08641975308641975,0.06112992336481911,0.0855379188712522,0.00291094873165805,0.003207984316521112,sha256:8c64a54771809b98b944135584057a0ae1da2d0e9d7046f36ee7fc8e6eecdeae,ff8218fe57b5bd55d7d7d290110765dbe90b3d9b9fc16723185f9d931db20c85,2f70a1ed3ba6d07fdd12200ea38d699cc6d27fc02d28a8eff551f8b0ce6a30ed,sha256:5d87c842f212c25fef15bbb1d300fbbb5fafc98eb97fc37f01fcfbf2ce3453e8,sha256:39c3f62c162ab0fe10acb5bc2b0c17040b2744ecee5fb9d4dd08a2d12c78dfb2,results/basis_a5_unique_shared/qwen/unique_minus_shared/decoder/cs_dialogue/L15/unique_minus_shared_decoder_L15_oracle_local_rho0.5.json
qwen3_asr_1p7b,cs_dialogue,decoder,16,0.5925925925925926,unique_minus_shared,oracle_local,0.5,NOT_TESTED,0.061486366066654786,0.08641975308641975,0.10008818342151675,,0.9999297950014041,1,3,-2,1,3,,510,24481.460929870605,154.11107997520298,48.00286456837374,0.3114822410958224,0.005836241917949305,0.061783401651517855,0.0873015873015873,0.061308144715736944,0.08597883597883597,-0.00029703558486306875,0.00017822135091784264,sha256:f41df4e99fbe044e27a43971ca636387d0ac6c6267714edbf3f1b6e3eb941013,ff8218fe57b5bd55d7d7d290110765dbe90b3d9b9fc16723185f9d931db20c85,2f70a1ed3ba6d07fdd12200ea38d699cc6d27fc02d28a8eff551f8b0ce6a30ed,sha256:5d87c842f212c25fef15bbb1d300fbbb5fafc98eb97fc37f01fcfbf2ce3453e8,sha256:39c3f62c162ab0fe10acb5bc2b0c17040b2744ecee5fb9d4dd08a2d12c78dfb2,results/basis_a5_unique_shared/qwen/unique_minus_shared/decoder/cs_dialogue/L16/unique_minus_shared_decoder_L16_oracle_local_rho0.5.json
qwen3_asr_1p7b,cs_dialogue,decoder,17,0.6296296296296297,unique_minus_shared,oracle_local,0.5,NOT_TESTED,0.061308144715736944,0.08597883597883597,0.0992063492063492,,0.9999297950014041,0,1,-1,0,1,,509,32456.87928390503,206.3289115620971,63.76597108822206,0.30905010163362856,0.005825464949928469,0.061842808768490465,0.08774250440917107,0.06136755183270956,0.0873015873015873,-0.000534664052753521,-5.9407116972616525e-05,sha256:04abea8ea690f69af23db5793df86b1615d850f93c1133071986c499df43fed1,ff8218fe57b5bd55d7d7d290110765dbe90b3d9b9fc16723185f9d931db20c85,2f70a1ed3ba6d07fdd12200ea38d699cc6d27fc02d28a8eff551f8b0ce6a30ed,sha256:5d87c842f212c25fef15bbb1d300fbbb5fafc98eb97fc37f01fcfbf2ce3453e8,sha256:39c3f62c162ab0fe10acb5bc2b0c17040b2744ecee5fb9d4dd08a2d12c78dfb2,results/basis_a5_unique_shared/qwen/unique_minus_shared/decoder/cs_dialogue/L17/unique_minus_shared_decoder_L17_oracle_local_rho0.5.json
qwen3_asr_1p7b,cs_dialogue,decoder,18,0.6666666666666666,unique_minus_shared,oracle_local,0.5,NOT_TESTED,0.061486366066654786,0.0873015873015873,0.10052910052910052,,1.0,0,4,-4,0,4,,510,44299.92591094971,266.8944901111079,86.86259982539158,0.3254566993467372,0.005836575875486381,0.06142695894968217,0.0873015873015873,0.06338739380977841,0.09832451499118165,5.9407116972616525e-05,-0.0019010277431236247,sha256:efce3786183ea64585c400e8b9d32f6ca006e7aaa66660d097475ed0522a7f23,ff8218fe57b5bd55d7d7d290110765dbe90b3d9b9fc16723185f9d931db20c85,2f70a1ed3ba6d07fdd12200ea38d699cc6d27fc02d28a8eff551f8b0ce6a30ed,sha256:5d87c842f212c25fef15bbb1d300fbbb5fafc98eb97fc37f01fcfbf2ce3453e8,sha256:39c3f62c162ab0fe10acb5bc2b0c17040b2744ecee5fb9d4dd08a2d12c78dfb2,results/basis_a5_unique_shared/qwen/unique_minus_shared/decoder/cs_dialogue/L18/unique_minus_shared_decoder_L18_oracle_local_rho0.5.json
qwen3_asr_1p7b,cs_dialogue,decoder,19,0.7037037037037037,unique_minus_shared,oracle_local,0.5,NOT_TESTED,0.06160518030060001,0.08950617283950617,0.1027336860670194,,1.0,0,9,-9,0,9,,509,87967.61302185059,338.4060320601248,172.82438707632727,0.5107012603298439,0.005826131746122589,0.061842808768490465,0.08994708994708994,0.061783401651517855,0.0890652557319224,-0.00023762846789045222,-0.00017822135091784264,sha256:0c69ecb920da90812fec2b25abdc4ab70d77e665d1f14dbe395f8e718147c6a0,ff8218fe57b5bd55d7d7d290110765dbe90b3d9b9fc16723185f9d931db20c85,2f70a1ed3ba6d07fdd12200ea38d699cc6d27fc02d28a8eff551f8b0ce6a30ed,sha256:5d87c842f212c25fef15bbb1d300fbbb5fafc98eb97fc37f01fcfbf2ce3453e8,sha256:39c3f62c162ab0fe10acb5bc2b0c17040b2744ecee5fb9d4dd08a2d12c78dfb2,results/basis_a5_unique_shared/qwen/unique_minus_shared/decoder/cs_dialogue/L19/unique_minus_shared_decoder_L19_oracle_local_rho0.5.json
qwen3_asr_1p7b,cs_dialogue,decoder,20,0.7407407407407407,unique_minus_shared,oracle_local,0.5,NOT_TESTED,0.06172399453454524,0.08774250440917107,0.10141093474426807,,0.9997191800056164,0,5,-5,0,5,,509,117112.30467224121,452.7038082579967,230.08311330499257,0.5082420538726014,0.005825464949928469,0.06160518030060001,0.0873015873015873,0.06166458741757262,0.0873015873015873,0.00011881423394522611,5.9407116972616525e-05,sha256:8e82e0e1477d861181ca2b92b59ef530c0231da7b1b42a22ff01c520c76f6c09,ff8218fe57b5bd55d7d7d290110765dbe90b3d9b9fc16723185f9d931db20c85,2f70a1ed3ba6d07fdd12200ea38d699cc6d27fc02d28a8eff551f8b0ce6a30ed,sha256:5d87c842f212c25fef15bbb1d300fbbb5fafc98eb97fc37f01fcfbf2ce3453e8,sha256:39c3f62c162ab0fe10acb5bc2b0c17040b2744ecee5fb9d4dd08a2d12c78dfb2,results/basis_a5_unique_shared/qwen/unique_minus_shared/decoder/cs_dialogue/L20/unique_minus_shared_decoder_L20_oracle_local_rho0.5.json
qwen3_asr_1p7b,cs_dialogue,decoder,21,0.7777777777777778,unique_minus_shared,oracle_local,0.5,NOT_TESTED,0.061545773183627396,0.08686067019400352,0.10008818342151675,,0.9999297950014041,0,3,-3,0,3,,510,157125.71969604492,610.2531077067057,308.0896464628332,0.5048555141662702,0.005836175131027853,0.07336778946117745,0.09656084656084656,0.061545773183627396,0.08686067019400352,-0.01182201627755005,0.0,sha256:593908bcc38ca9578bdd352d14b310d0ce96da83d16d2275269e6062b82e1ef4,ff8218fe57b5bd55d7d7d290110765dbe90b3d9b9fc16723185f9d931db20c85,2f70a1ed3ba6d07fdd12200ea38d699cc6d27fc02d28a8eff551f8b0ce6a30ed,sha256:5d87c842f212c25fef15bbb1d300fbbb5fafc98eb97fc37f01fcfbf2ce3453e8,sha256:39c3f62c162ab0fe10acb5bc2b0c17040b2744ecee5fb9d4dd08a2d12c78dfb2,results/basis_a5_unique_shared/qwen/unique_minus_shared/decoder/cs_dialogue/L21/unique_minus_shared_decoder_L21_oracle_local_rho0.5.json
qwen3_asr_1p7b,cs_dialogue,decoder,22,0.8148148148148148,unique_minus_shared,oracle_local,0.5,NOT_TESTED,0.06142695894968217,0.08686067019400352,0.10008818342151675,,1.0,0,3,-3,0,3,,510,196528.18377685547,768.4365774117264,385.34937995461854,0.5014719383251708,0.005836308706399341,0.061545773183627396,0.08774250440917107,0.061545773183627396,0.0873015873015873,-0.00011881423394522611,-0.00011881423394522611,sha256:9f0ef91a79a7d71f1795e0fb373f7c83e6a2ad7c6be3b90a830cdb2a51c4db74,ff8218fe57b5bd55d7d7d290110765dbe90b3d9b9fc16723185f9d931db20c85,2f70a1ed3ba6d07fdd12200ea38d699cc6d27fc02d28a8eff551f8b0ce6a30ed,sha256:5d87c842f212c25fef15bbb1d300fbbb5fafc98eb97fc37f01fcfbf2ce3453e8,sha256:39c3f62c162ab0fe10acb5bc2b0c17040b2744ecee5fb9d4dd08a2d12c78dfb2,results/basis_a5_unique_shared/qwen/unique_minus_shared/decoder/cs_dialogue/L22/unique_minus_shared_decoder_L22_oracle_local_rho0.5.json
qwen3_asr_1p7b,cs_dialogue,decoder,23,0.8518518518518519,unique_minus_shared,oracle_local,0.5,NOT_TESTED,0.061545773183627396,0.08686067019400352,0.10052910052910052,,0.9999297950014041,0,3,-3,0,3,,510,250323.51782226562,976.4658000871246,490.8304271024816,0.5026601311164073,0.005835707665373657,0.06142695894968217,0.0855379188712522,0.06142695894968217,0.08641975308641975,0.00011881423394522611,0.00011881423394522611,sha256:65ca90e5ae923a5360d58ec72e78a3521a011364b403c437790a029d111dfbf6,ff8218fe57b5bd55d7d7d290110765dbe90b3d9b9fc16723185f9d931db20c85,2f70a1ed3ba6d07fdd12200ea38d699cc6d27fc02d28a8eff551f8b0ce6a30ed,sha256:5d87c842f212c25fef15bbb1d300fbbb5fafc98eb97fc37f01fcfbf2ce3453e8,sha256:39c3f62c162ab0fe10acb5bc2b0c17040b2744ecee5fb9d4dd08a2d12c78dfb2,results/basis_a5_unique_shared/qwen/unique_minus_shared/decoder/cs_dialogue/L23/unique_minus_shared_decoder_L23_oracle_local_rho0.5.json
qwen3_asr_1p7b,cs_dialogue,decoder,24,0.8888888888888888,unique_minus_shared,oracle_local,0.5,STABLE,0.061545773183627396,0.0873015873015873,0.10052910052910052,,1.0,0,4,-4,0,4,,510,209166.77839660645,1252.8814845664829,410.13093803256163,0.32735014690912567,0.005835640890678994,0.061486366066654786,0.08686067019400352,0.061486366066654786,0.08686067019400352,5.9407116972609586e-05,5.9407116972609586e-05,sha256:1422c684578bf64bec91d0e4f6e569416b2715c8551c0dd7ac0b2ee77561e0fc,ff8218fe57b5bd55d7d7d290110765dbe90b3d9b9fc16723185f9d931db20c85,2f70a1ed3ba6d07fdd12200ea38d699cc6d27fc02d28a8eff551f8b0ce6a30ed,sha256:5d87c842f212c25fef15bbb1d300fbbb5fafc98eb97fc37f01fcfbf2ce3453e8,sha256:39c3f62c162ab0fe10acb5bc2b0c17040b2744ecee5fb9d4dd08a2d12c78dfb2,results/basis_a5_unique_shared/qwen/unique_minus_shared/decoder/cs_dialogue/L24/unique_minus_shared_decoder_L24_oracle_local_rho0.5.json
qwen3_asr_1p7b,cs_dialogue,decoder,25,0.9259259259259259,unique_minus_shared,oracle_local,0.5,NOT_TESTED,0.06136755183270956,0.08686067019400352,0.10008818342151675,,1.0,0,3,-3,0,3,,510,264353.8766784668,1637.1302562040441,518.3409346636604,0.31661557331761686,0.005835373807180942,0.06202103011940831,0.08818342151675485,0.062377472821243986,0.09082892416225749,-0.0006534782866987471,-0.0010099209885344254,sha256:6bd87ffb9373549562063add234fb7001615bb17c98091e1c772469dc46f3798,ff8218fe57b5bd55d7d7d290110765dbe90b3d9b9fc16723185f9d931db20c85,2f70a1ed3ba6d07fdd12200ea38d699cc6d27fc02d28a8eff551f8b0ce6a30ed,sha256:5d87c842f212c25fef15bbb1d300fbbb5fafc98eb97fc37f01fcfbf2ce3453e8,sha256:39c3f62c162ab0fe10acb5bc2b0c17040b2744ecee5fb9d4dd08a2d12c78dfb2,results/basis_a5_unique_shared/qwen/unique_minus_shared/decoder/cs_dialogue/L25/unique_minus_shared_decoder_L25_oracle_local_rho0.5.json
qwen3_asr_1p7b,cs_dialogue,decoder,26,0.9629629629629629,unique_minus_shared,oracle_local,0.5,STABLE,0.06136755183270956,0.0855379188712522,0.09876543209876543,,0.9999297950014041,1,1,0,1,1,,509,304690.0101928711,2002.1649268249632,598.6051280802968,0.29897893028700984,0.005823265604978949,0.06190221588546308,0.0873015873015873,0.06166458741757262,0.08818342151675485,-0.000534664052753521,-0.0002970355848630618,sha256:ba64ac9089f3002f47fa7a106650d57885e2f0ea3ba9d6eff99fadd699a5fcdf,ff8218fe57b5bd55d7d7d290110765dbe90b3d9b9fc16723185f9d931db20c85,2f70a1ed3ba6d07fdd12200ea38d699cc6d27fc02d28a8eff551f8b0ce6a30ed,sha256:5d87c842f212c25fef15bbb1d300fbbb5fafc98eb97fc37f01fcfbf2ce3453e8,sha256:39c3f62c162ab0fe10acb5bc2b0c17040b2744ecee5fb9d4dd08a2d12c78dfb2,results/basis_a5_unique_shared/qwen/unique_minus_shared/decoder/cs_dialogue/L26/unique_minus_shared_decoder_L26_oracle_local_rho0.5.json
qwen3_asr_1p7b,cs_dialogue,decoder,27,1.0,unique_minus_shared,oracle_local,0.5,STABLE,0.061545773183627396,0.0873015873015873,0.10052910052910052,,0.9998595900028082,0,4,-4,0,4,,510,367800.0178527832,2474.6862984451595,721.1765055936926,0.29142138381208416,0.005834172233915988,0.06172399453454524,0.08774250440917107,0.06303095110794273,0.09347442680776014,-0.00017822135091784264,-0.0014851779243153299,sha256:5998c732b92fb2e96a0b60aae72899c952685f2c1a9657706d86052258883042,ff8218fe57b5bd55d7d7d290110765dbe90b3d9b9fc16723185f9d931db20c85,2f70a1ed3ba6d07fdd12200ea38d699cc6d27fc02d28a8eff551f8b0ce6a30ed,sha256:5d87c842f212c25fef15bbb1d300fbbb5fafc98eb97fc37f01fcfbf2ce3453e8,sha256:39c3f62c162ab0fe10acb5bc2b0c17040b2744ecee5fb9d4dd08a2d12c78dfb2,results/basis_a5_unique_shared/qwen/unique_minus_shared/decoder/cs_dialogue/L27/unique_minus_shared_decoder_L27_oracle_local_rho0.5.json
qwen3_asr_1p7b,seame_dev_man,decoder,0,0.0,unique_minus_shared,oracle_local,0.5,NOT_TESTED,0.2628272251308901,0.6565656565656566,0.6666666666666666,,0.9986541049798116,0,0,0,0,0,,39,146.75770354270935,7.493468871483436,3.76301803955665,0.5021730394953531,0.008208798147758366,0.2617801047120419,0.6565656565656566,0.2628272251308901,0.6565656565656566,0.0010471204188481908,0.0,sha256:db815c489d73e29782e412660bf2c641acd2df52af1788d0df835251cbc3a974,1ac288740082396cdf2d7e93e57ebccc068dcbb9579b2adbd2303d396a62216e,2f70a1ed3ba6d07fdd12200ea38d699cc6d27fc02d28a8eff551f8b0ce6a30ed,sha256:5d87c842f212c25fef15bbb1d300fbbb5fafc98eb97fc37f01fcfbf2ce3453e8,sha256:39c3f62c162ab0fe10acb5bc2b0c17040b2744ecee5fb9d4dd08a2d12c78dfb2,results/basis_a5_unique_shared/qwen/unique_minus_shared/decoder/seame_dev_man/L00/unique_minus_shared_decoder_L0_oracle_local_rho0.5.json
qwen3_asr_1p7b,seame_dev_man,decoder,1,0.037037037037037035,unique_minus_shared,oracle_local,0.5,NOT_TESTED,0.2638743455497382,0.6565656565656566,0.6666666666666666,,0.9973082099596231,0,0,0,0,0,,39,292.87050104141235,14.894394263243063,7.509500026702881,0.5041829760902128,0.00820534399326741,0.2607329842931937,0.6565656565656566,0.2617801047120419,0.6565656565656566,0.003141361256544517,0.002094240837696326,sha256:1cbf5668299e6b4f6462edc316ab8ef6f06eed4e93c8d1bb76f20faa4d61c80a,1ac288740082396cdf2d7e93e57ebccc068dcbb9579b2adbd2303d396a62216e,2f70a1ed3ba6d07fdd12200ea38d699cc6d27fc02d28a8eff551f8b0ce6a30ed,sha256:5d87c842f212c25fef15bbb1d300fbbb5fafc98eb97fc37f01fcfbf2ce3453e8,sha256:39c3f62c162ab0fe10acb5bc2b0c17040b2744ecee5fb9d4dd08a2d12c78dfb2,results/basis_a5_unique_shared/qwen/unique_minus_shared/decoder/seame_dev_man/L01/unique_minus_shared_decoder_L1_oracle_local_rho0.5.json
qwen3_asr_1p7b,seame_dev_man,decoder,2,0.07407407407407407,unique_minus_shared,oracle_local,0.5,NOT_TESTED,0.2649214659685864,0.6565656565656566,0.6666666666666666,,0.9959623149394348,0,0,0,0,0,,39,426.32194805145264,21.378018379211426,10.931332001319298,0.5113351390861011,0.008203618005889778,0.2607329842931937,0.6565656565656566,0.2617801047120419,0.6565656565656566,0.004188481675392708,0.003141361256544517,sha256:feeeae923f87a3abc56cde251edb4b252b5739ae693dcf8418db80f939a0c28b,1ac288740082396cdf2d7e93e57ebccc068dcbb9579b2adbd2303d396a62216e,2f70a1ed3ba6d07fdd12200ea38d699cc6d27fc02d28a8eff551f8b0ce6a30ed,sha256:5d87c842f212c25fef15bbb1d300fbbb5fafc98eb97fc37f01fcfbf2ce3453e8,sha256:39c3f62c162ab0fe10acb5bc2b0c17040b2744ecee5fb9d4dd08a2d12c78dfb2,results/basis_a5_unique_shared/qwen/unique_minus_shared/decoder/seame_dev_man/L02/unique_minus_shared_decoder_L2_oracle_local_rho0.5.json
qwen3_asr_1p7b,seame_dev_man,decoder,3,0.1111111111111111,unique_minus_shared,oracle_local,0.5,NOT_TESTED,0.2638743455497382,0.6565656565656566,0.6666666666666666,,0.9973082099596231,0,0,0,0,0,,39,524.845419883728,25.850060927562225,13.45757486881354,0.520601282392515,0.008207070707070708,0.2617801047120419,0.6565656565656566,0.2617801047120419,0.6565656565656566,0.002094240837696326,0.002094240837696326,sha256:250665c68f703b80c250f3e19c855d3e9f176199fb4da7aeb693c94c61e65de0,1ac288740082396cdf2d7e93e57ebccc068dcbb9579b2adbd2303d396a62216e,2f70a1ed3ba6d07fdd12200ea38d699cc6d27fc02d28a8eff551f8b0ce6a30ed,sha256:5d87c842f212c25fef15bbb1d300fbbb5fafc98eb97fc37f01fcfbf2ce3453e8,sha256:39c3f62c162ab0fe10acb5bc2b0c17040b2744ecee5fb9d4dd08a2d12c78dfb2,results/basis_a5_unique_shared/qwen/unique_minus_shared/decoder/seame_dev_man/L03/unique_minus_shared_decoder_L3_oracle_local_rho0.5.json
qwen3_asr_1p7b,seame_dev_man,decoder,4,0.14814814814814814,unique_minus_shared,oracle_local,0.5,NOT_TESTED,0.2617801047120419,0.6565656565656566,0.6666666666666666,,1.0,0,0,0,0,0,,39,613.1781597137451,30.189797572600536,15.722516915737055,0.5207890804145834,0.008208798147758366,0.2638743455497382,0.6565656565656566,0.26596858638743454,0.6565656565656566,-0.002094240837696326,-0.004188481675392652,sha256:f4802be6e96fdc006ea78d239c109d2e141b729999f6ee56b78e243a0b18ad7d,1ac288740082396cdf2d7e93e57ebccc068dcbb9579b2adbd2303d396a62216e,2f70a1ed3ba6d07fdd12200ea38d699cc6d27fc02d28a8eff551f8b0ce6a30ed,sha256:5d87c842f212c25fef15bbb1d300fbbb5fafc98eb97fc37f01fcfbf2ce3453e8,sha256:39c3f62c162ab0fe10acb5bc2b0c17040b2744ecee5fb9d4dd08a2d12c78dfb2,results/basis_a5_unique_shared/qwen/unique_minus_shared/decoder/seame_dev_man/L04/unique_minus_shared_decoder_L4_oracle_local_rho0.5.json
qwen3_asr_1p7b,seame_dev_man,decoder,5,0.18518518518518517,unique_minus_shared,oracle_local,0.5,NOT_TESTED,0.2628272251308901,0.6565656565656566,0.6666666666666666,,0.9986541049798116,0,0,0,0,0,,39,711.8046951293945,35.456366759080154,18.251402439215244,0.5147567026038046,0.008203618005889778,0.2617801047120419,0.6565656565656566,0.2638743455497382,0.6565656565656566,0.0010471204188481908,-0.0010471204188481353,sha256:e8f903166f15416e92d2ee7fbc1da7bff6ba12953ae4f6c75ae6e6eb91e200b6,1ac288740082396cdf2d7e93e57ebccc068dcbb9579b2adbd2303d396a62216e,2f70a1ed3ba6d07fdd12200ea38d699cc6d27fc02d28a8eff551f8b0ce6a30ed,sha256:5d87c842f212c25fef15bbb1d300fbbb5fafc98eb97fc37f01fcfbf2ce3453e8,sha256:39c3f62c162ab0fe10acb5bc2b0c17040b2744ecee5fb9d4dd08a2d12c78dfb2,results/basis_a5_unique_shared/qwen/unique_minus_shared/decoder/seame_dev_man/L05/unique_minus_shared_decoder_L5_oracle_local_rho0.5.json
qwen3_asr_1p7b,seame_dev_man,decoder,6,0.2222222222222222,unique_minus_shared,oracle_local,0.5,NOT_TESTED,0.2617801047120419,0.6565656565656566,0.6666666666666666,,1.0,0,0,0,0,0,,39,517.9113826751709,40.241899490356445,13.2797790429531,0.3299988124600197,0.008207070707070708,0.2607329842931937,0.6565656565656566,0.2607329842931937,0.6565656565656566,0.0010471204188481908,0.0010471204188481908,sha256:f8f45cee9c1c9500ffd94927674dd64b02bec4735f77870d8132a8f16af2cd34,1ac288740082396cdf2d7e93e57ebccc068dcbb9579b2adbd2303d396a62216e,2f70a1ed3ba6d07fdd12200ea38d699cc6d27fc02d28a8eff551f8b0ce6a30ed,sha256:5d87c842f212c25fef15bbb1d300fbbb5fafc98eb97fc37f01fcfbf2ce3453e8,sha256:39c3f62c162ab0fe10acb5bc2b0c17040b2744ecee5fb9d4dd08a2d12c78dfb2,results/basis_a5_unique_shared/qwen/unique_minus_shared/decoder/seame_dev_man/L06/unique_minus_shared_decoder_L6_oracle_local_rho0.5.json
qwen3_asr_1p7b,seame_dev_man,decoder,7,0.25925925925925924,unique_minus_shared,oracle_local,0.5,NOT_TESTED,0.2628272251308901,0.6666666666666666,0.6767676767676768,,0.9973082099596231,0,1,-1,0,1,,39,870.1017169952393,44.442071181077225,22.310300435775364,0.5020085662721039,0.008203618005889778,0.2617801047120419,0.6565656565656566,0.2638743455497382,0.6565656565656566,0.0010471204188481908,-0.0010471204188481353,sha256:f102fe44fd0f6b5a5d17c37b745ebdb310f2d75443d8dea3eef5f2e16ddbbaf2,1ac288740082396cdf2d7e93e57ebccc068dcbb9579b2adbd2303d396a62216e,2f70a1ed3ba6d07fdd12200ea38d699cc6d27fc02d28a8eff551f8b0ce6a30ed,sha256:5d87c842f212c25fef15bbb1d300fbbb5fafc98eb97fc37f01fcfbf2ce3453e8,sha256:39c3f62c162ab0fe10acb5bc2b0c17040b2744ecee5fb9d4dd08a2d12c78dfb2,results/basis_a5_unique_shared/qwen/unique_minus_shared/decoder/seame_dev_man/L07/unique_minus_shared_decoder_L7_oracle_local_rho0.5.json
qwen3_asr_1p7b,seame_dev_man,decoder,8,0.2962962962962963,unique_minus_shared,oracle_local,0.5,NOT_TESTED,0.2607329842931937,0.6565656565656566,0.6666666666666666,,1.0,0,0,0,0,0,,39,596.4859437942505,47.513150435227615,15.294511379339756,0.3219005946614722,0.008210526315789474,0.2607329842931937,0.6565656565656566,0.2617801047120419,0.6565656565656566,0.0,-0.0010471204188481908,sha256:6828d14e9562fcf74dc75a8351b669d1f5e219adf1d084c6959002a951fea21e,1ac288740082396cdf2d7e93e57ebccc068dcbb9579b2adbd2303d396a62216e,2f70a1ed3ba6d07fdd12200ea38d699cc6d27fc02d28a8eff551f8b0ce6a30ed,sha256:5d87c842f212c25fef15bbb1d300fbbb5fafc98eb97fc37f01fcfbf2ce3453e8,sha256:39c3f62c162ab0fe10acb5bc2b0c17040b2744ecee5fb9d4dd08a2d12c78dfb2,results/basis_a5_unique_shared/qwen/unique_minus_shared/decoder/seame_dev_man/L08/unique_minus_shared_decoder_L8_oracle_local_rho0.5.json
qwen3_asr_1p7b,seame_dev_man,decoder,9,0.3333333333333333,unique_minus_shared,oracle_local,0.5,NOT_TESTED,0.2607329842931937,0.6565656565656566,0.6666666666666666,,1.0,0,0,0,0,0,,39,674.4495029449463,53.72883684207232,17.293576998588367,0.32186769740465787,0.008207070707070708,0.2617801047120419,0.6565656565656566,0.2607329842931937,0.6565656565656566,-0.0010471204188481908,0.0,sha256:2411d0a7c50c65863dd06a49bd5ebbc948c6a99ddd7a8579b820baf318f39ae5,1ac288740082396cdf2d7e93e57ebccc068dcbb9579b2adbd2303d396a62216e,2f70a1ed3ba6d07fdd12200ea38d699cc6d27fc02d28a8eff551f8b0ce6a30ed,sha256:5d87c842f212c25fef15bbb1d300fbbb5fafc98eb97fc37f01fcfbf2ce3453e8,sha256:39c3f62c162ab0fe10acb5bc2b0c17040b2744ecee5fb9d4dd08a2d12c78dfb2,results/basis_a5_unique_shared/qwen/unique_minus_shared/decoder/seame_dev_man/L09/unique_minus_shared_decoder_L9_oracle_local_rho0.5.json
qwen3_asr_1p7b,seame_dev_man,decoder,10,0.37037037037037035,unique_minus_shared,oracle_local,0.5,NOT_TESTED,0.2628272251308901,0.6565656565656566,0.6666666666666666,,0.9986541049798116,0,0,0,0,0,,39,780.2980060577393,63.19092735877404,20.007641180967674,0.3166220534693517,0.008201892744479496,0.2607329842931937,0.6565656565656566,0.2649214659685864,0.6565656565656566,0.0020942408376963817,-0.002094240837696326,sha256:d539b2b0bb18c7cfd32d60b6be9f827706ff6e9eee6a20075849d7423ad0dc09,1ac288740082396cdf2d7e93e57ebccc068dcbb9579b2adbd2303d396a62216e,2f70a1ed3ba6d07fdd12200ea38d699cc6d27fc02d28a8eff551f8b0ce6a30ed,sha256:5d87c842f212c25fef15bbb1d300fbbb5fafc98eb97fc37f01fcfbf2ce3453e8,sha256:39c3f62c162ab0fe10acb5bc2b0c17040b2744ecee5fb9d4dd08a2d12c78dfb2,results/basis_a5_unique_shared/qwen/unique_minus_shared/decoder/seame_dev_man/L10/unique_minus_shared_decoder_L10_oracle_local_rho0.5.json
qwen3_asr_1p7b,seame_dev_man,decoder,11,0.4074074074074074,unique_minus_shared,oracle_local,0.5,NOT_TESTED,0.2607329842931937,0.6565656565656566,0.6666666666666666,,1.0,0,0,0,0,0,,39,1004.8791446685791,82.50957899827223,25.766131914578953,0.31228049188226376,0.008207070707070708,0.2638743455497382,0.6565656565656566,0.2607329842931937,0.6565656565656566,-0.003141361256544517,0.0,sha256:60830ee2020b3e6b9b4e03017b31160e5c1e80181f0edd4c1174ce34553a5891,1ac288740082396cdf2d7e93e57ebccc068dcbb9579b2adbd2303d396a62216e,2f70a1ed3ba6d07fdd12200ea38d699cc6d27fc02d28a8eff551f8b0ce6a30ed,sha256:5d87c842f212c25fef15bbb1d300fbbb5fafc98eb97fc37f01fcfbf2ce3453e8,sha256:39c3f62c162ab0fe10acb5bc2b0c17040b2744ecee5fb9d4dd08a2d12c78dfb2,results/basis_a5_unique_shared/qwen/unique_minus_shared/decoder/seame_dev_man/L11/unique_minus_shared_decoder_L11_oracle_local_rho0.5.json
qwen3_asr_1p7b,seame_dev_man,decoder,12,0.4444444444444444,unique_minus_shared,oracle_local,0.5,NOT_TESTED,0.2607329842931937,0.6565656565656566,0.6666666666666666,,1.0,0,0,0,0,0,,39,1068.4355297088623,89.67383301563753,27.395782813047752,0.30550475976944597,0.008210526315789474,0.2628272251308901,0.6565656565656566,0.2607329842931937,0.6565656565656566,-0.0020942408376963817,0.0,sha256:6c5a13f17f0164e995d3d951f8bf84e250e82b32e4334eb4d622388e812698b6,1ac288740082396cdf2d7e93e57ebccc068dcbb9579b2adbd2303d396a62216e,2f70a1ed3ba6d07fdd12200ea38d699cc6d27fc02d28a8eff551f8b0ce6a30ed,sha256:5d87c842f212c25fef15bbb1d300fbbb5fafc98eb97fc37f01fcfbf2ce3453e8,sha256:39c3f62c162ab0fe10acb5bc2b0c17040b2744ecee5fb9d4dd08a2d12c78dfb2,results/basis_a5_unique_shared/qwen/unique_minus_shared/decoder/seame_dev_man/L12/unique_minus_shared_decoder_L12_oracle_local_rho0.5.json
qwen3_asr_1p7b,seame_dev_man,decoder,13,0.48148148148148145,unique_minus_shared,oracle_local,0.5,NOT_TESTED,0.2617801047120419,0.6565656565656566,0.6666666666666666,,1.0,0,0,0,0,0,,39,1144.6858615875244,97.30963741204677,29.350919527885242,0.30162397382699163,0.008207070707070708,0.2628272251308901,0.6565656565656566,0.25968586387434556,0.6565656565656566,-0.0010471204188481908,0.002094240837696326,sha256:ee03cec3ceaa3b3a4e3c71bbfd32c103d4f12037067c7b09e4de522a054c4e55,1ac288740082396cdf2d7e93e57ebccc068dcbb9579b2adbd2303d396a62216e,2f70a1ed3ba6d07fdd12200ea38d699cc6d27fc02d28a8eff551f8b0ce6a30ed,sha256:5d87c842f212c25fef15bbb1d300fbbb5fafc98eb97fc37f01fcfbf2ce3453e8,sha256:39c3f62c162ab0fe10acb5bc2b0c17040b2744ecee5fb9d4dd08a2d12c78dfb2,results/basis_a5_unique_shared/qwen/unique_minus_shared/decoder/seame_dev_man/L13/unique_minus_shared_decoder_L13_oracle_local_rho0.5.json
qwen3_asr_1p7b,seame_dev_man,decoder,14,0.5185185185185185,unique_minus_shared,oracle_local,0.5,NOT_TESTED,0.2628272251308901,0.6565656565656566,0.6666666666666666,,0.9986541049798116,0,0,0,0,0,,39,1268.2905254364014,107.41060775365585,32.52026988298465,0.30276590518479574,0.008203618005889778,0.2628272251308901,0.6666666666666666,0.2617801047120419,0.6565656565656566,0.0,0.0010471204188481908,sha256:975891eed5b3e13f4a1f1dbf644ee916c035f9510a2df061306dbca383fbcbb0,1ac288740082396cdf2d7e93e57ebccc068dcbb9579b2adbd2303d396a62216e,2f70a1ed3ba6d07fdd12200ea38d699cc6d27fc02d28a8eff551f8b0ce6a30ed,sha256:5d87c842f212c25fef15bbb1d300fbbb5fafc98eb97fc37f01fcfbf2ce3453e8,sha256:39c3f62c162ab0fe10acb5bc2b0c17040b2744ecee5fb9d4dd08a2d12c78dfb2,results/basis_a5_unique_shared/qwen/unique_minus_shared/decoder/seame_dev_man/L14/unique_minus_shared_decoder_L14_oracle_local_rho0.5.json
qwen3_asr_1p7b,seame_dev_man,decoder,15,0.5555555555555556,unique_minus_shared,oracle_local,0.5,NOT_TESTED,0.2617801047120419,0.6565656565656566,0.6666666666666666,,0.9986541049798116,0,0,0,0,0,,39,2467.923370361328,128.56605236346905,63.28008641952123,0.49219903120788155,0.008208798147758366,0.2617801047120419,0.6565656565656566,0.2638743455497382,0.6565656565656566,0.0,-0.002094240837696326,sha256:8c64a54771809b98b944135584057a0ae1da2d0e9d7046f36ee7fc8e6eecdeae,1ac288740082396cdf2d7e93e57ebccc068dcbb9579b2adbd2303d396a62216e,2f70a1ed3ba6d07fdd12200ea38d699cc6d27fc02d28a8eff551f8b0ce6a30ed,sha256:5d87c842f212c25fef15bbb1d300fbbb5fafc98eb97fc37f01fcfbf2ce3453e8,sha256:39c3f62c162ab0fe10acb5bc2b0c17040b2744ecee5fb9d4dd08a2d12c78dfb2,results/basis_a5_unique_shared/qwen/unique_minus_shared/decoder/seame_dev_man/L15/unique_minus_shared_decoder_L15_oracle_local_rho0.5.json
qwen3_asr_1p7b,seame_dev_man,decoder,16,0.5925925925925926,unique_minus_shared,oracle_local,0.5,NOT_TESTED,0.2628272251308901,0.6565656565656566,0.6666666666666666,,1.0,0,0,0,0,0,,39,1951.0516815185547,157.1284676576272,50.026966192783455,0.31838257534458353,0.008203618005889778,0.2607329842931937,0.6565656565656566,0.2628272251308901,0.6565656565656566,0.0020942408376963817,0.0,sha256:f41df4e99fbe044e27a43971ca636387d0ac6c6267714edbf3f1b6e3eb941013,1ac288740082396cdf2d7e93e57ebccc068dcbb9579b2adbd2303d396a62216e,2f70a1ed3ba6d07fdd12200ea38d699cc6d27fc02d28a8eff551f8b0ce6a30ed,sha256:5d87c842f212c25fef15bbb1d300fbbb5fafc98eb97fc37f01fcfbf2ce3453e8,sha256:39c3f62c162ab0fe10acb5bc2b0c17040b2744ecee5fb9d4dd08a2d12c78dfb2,results/basis_a5_unique_shared/qwen/unique_minus_shared/decoder/seame_dev_man/L16/unique_minus_shared_decoder_L16_oracle_local_rho0.5.json
qwen3_asr_1p7b,seame_dev_man,decoder,17,0.6296296296296297,unique_minus_shared,oracle_local,0.5,NOT_TESTED,0.2617801047120419,0.6565656565656566,0.6666666666666666,,1.0,0,0,0,0,0,,39,2500.3289337158203,208.62472690680087,64.11099830040565,0.3073029705105187,0.008208798147758366,0.25968586387434556,0.6464646464646465,0.2607329842931937,0.6565656565656566,0.002094240837696326,0.0010471204188481908,sha256:04abea8ea690f69af23db5793df86b1615d850f93c1133071986c499df43fed1,1ac288740082396cdf2d7e93e57ebccc068dcbb9579b2adbd2303d396a62216e,2f70a1ed3ba6d07fdd12200ea38d699cc6d27fc02d28a8eff551f8b0ce6a30ed,sha256:5d87c842f212c25fef15bbb1d300fbbb5fafc98eb97fc37f01fcfbf2ce3453e8,sha256:39c3f62c162ab0fe10acb5bc2b0c17040b2744ecee5fb9d4dd08a2d12c78dfb2,results/basis_a5_unique_shared/qwen/unique_minus_shared/decoder/seame_dev_man/L17/unique_minus_shared_decoder_L17_oracle_local_rho0.5.json
qwen3_asr_1p7b,seame_dev_man,decoder,18,0.6666666666666666,unique_minus_shared,oracle_local,0.5,NOT_TESTED,0.2628272251308901,0.6565656565656566,0.6666666666666666,,1.0,0,0,0,0,0,,39,3533.7744750976562,269.36297411796374,90.60960192558093,0.3363847693703431,0.008201892744479496,0.2617801047120419,0.6666666666666666,0.2638743455497382,0.6565656565656566,0.0010471204188481908,-0.0010471204188481353,sha256:efce3786183ea64585c400e8b9d32f6ca006e7aaa66660d097475ed0522a7f23,1ac288740082396cdf2d7e93e57ebccc068dcbb9579b2adbd2303d396a62216e,2f70a1ed3ba6d07fdd12200ea38d699cc6d27fc02d28a8eff551f8b0ce6a30ed,sha256:5d87c842f212c25fef15bbb1d300fbbb5fafc98eb97fc37f01fcfbf2ce3453e8,sha256:39c3f62c162ab0fe10acb5bc2b0c17040b2744ecee5fb9d4dd08a2d12c78dfb2,results/basis_a5_unique_shared/qwen/unique_minus_shared/decoder/seame_dev_man/L18/unique_minus_shared_decoder_L18_oracle_local_rho0.5.json
qwen3_asr_1p7b,seame_dev_man,decoder,19,0.7037037037037037,unique_minus_shared,oracle_local,0.5,NOT_TESTED,0.2628272251308901,0.6565656565656566,0.6666666666666666,,1.0,0,0,0,0,0,,39,6754.950744628906,341.41966051933093,173.20386524689502,0.5073048956332389,0.00820534399326741,0.2607329842931937,0.6464646464646465,0.2617801047120419,0.6565656565656566,0.0020942408376963817,0.0010471204188481908,sha256:0c69ecb920da90812fec2b25abdc4ab70d77e665d1f14dbe395f8e718147c6a0,1ac288740082396cdf2d7e93e57ebccc068dcbb9579b2adbd2303d396a62216e,2f70a1ed3ba6d07fdd12200ea38d699cc6d27fc02d28a8eff551f8b0ce6a30ed,sha256:5d87c842f212c25fef15bbb1d300fbbb5fafc98eb97fc37f01fcfbf2ce3453e8,sha256:39c3f62c162ab0fe10acb5bc2b0c17040b2744ecee5fb9d4dd08a2d12c78dfb2,results/basis_a5_unique_shared/qwen/unique_minus_shared/decoder/seame_dev_man/L19/unique_minus_shared_decoder_L19_oracle_local_rho0.5.json
qwen3_asr_1p7b,seame_dev_man,decoder,20,0.7407407407407407,unique_minus_shared,oracle_local,0.5,NOT_TESTED,0.2617801047120419,0.6666666666666666,0.6767676767676768,,0.9973082099596231,0,1,-1,0,1,,39,9014.268264770508,449.02127544696515,231.1350837120643,0.5147530781965456,0.00820534399326741,0.2649214659685864,0.6666666666666666,0.2628272251308901,0.6565656565656566,-0.003141361256544517,-0.0010471204188481908,sha256:8e82e0e1477d861181ca2b92b59ef530c0231da7b1b42a22ff01c520c76f6c09,1ac288740082396cdf2d7e93e57ebccc068dcbb9579b2adbd2303d396a62216e,2f70a1ed3ba6d07fdd12200ea38d699cc6d27fc02d28a8eff551f8b0ce6a30ed,sha256:5d87c842f212c25fef15bbb1d300fbbb5fafc98eb97fc37f01fcfbf2ce3453e8,sha256:39c3f62c162ab0fe10acb5bc2b0c17040b2744ecee5fb9d4dd08a2d12c78dfb2,results/basis_a5_unique_shared/qwen/unique_minus_shared/decoder/seame_dev_man/L20/unique_minus_shared_decoder_L20_oracle_local_rho0.5.json
qwen3_asr_1p7b,seame_dev_man,decoder,21,0.7777777777777778,unique_minus_shared,oracle_local,0.5,NOT_TESTED,0.2617801047120419,0.6565656565656566,0.6666666666666666,,1.0,0,0,0,0,0,,39,12055.375396728516,617.117196890024,309.1121896597055,0.5008970601005504,0.00820534399326741,0.2628272251308901,0.6565656565656566,0.2617801047120419,0.6666666666666666,-0.0010471204188481908,0.0,sha256:593908bcc38ca9578bdd352d14b310d0ce96da83d16d2275269e6062b82e1ef4,1ac288740082396cdf2d7e93e57ebccc068dcbb9579b2adbd2303d396a62216e,2f70a1ed3ba6d07fdd12200ea38d699cc6d27fc02d28a8eff551f8b0ce6a30ed,sha256:5d87c842f212c25fef15bbb1d300fbbb5fafc98eb97fc37f01fcfbf2ce3453e8,sha256:39c3f62c162ab0fe10acb5bc2b0c17040b2744ecee5fb9d4dd08a2d12c78dfb2,results/basis_a5_unique_shared/qwen/unique_minus_shared/decoder/seame_dev_man/L21/unique_minus_shared_decoder_L21_oracle_local_rho0.5.json
qwen3_asr_1p7b,seame_dev_man,decoder,22,0.8148148148148148,unique_minus_shared,oracle_local,0.5,NOT_TESTED,0.2617801047120419,0.6565656565656566,0.6666666666666666,,1.0,0,0,0,0,0,,39,15053.616912841797,779.7088857797476,385.99017725235376,0.495043963576668,0.00820534399326741,0.2607329842931937,0.6565656565656566,0.2628272251308901,0.6666666666666666,0.0010471204188481908,-0.0010471204188481908,sha256:9f0ef91a79a7d71f1795e0fb373f7c83e6a2ad7c6be3b90a830cdb2a51c4db74,1ac288740082396cdf2d7e93e57ebccc068dcbb9579b2adbd2303d396a62216e,2f70a1ed3ba6d07fdd12200ea38d699cc6d27fc02d28a8eff551f8b0ce6a30ed,sha256:5d87c842f212c25fef15bbb1d300fbbb5fafc98eb97fc37f01fcfbf2ce3453e8,sha256:39c3f62c162ab0fe10acb5bc2b0c17040b2744ecee5fb9d4dd08a2d12c78dfb2,results/basis_a5_unique_shared/qwen/unique_minus_shared/decoder/seame_dev_man/L22/unique_minus_shared_decoder_L22_oracle_local_rho0.5.json
qwen3_asr_1p7b,seame_dev_man,decoder,23,0.8518518518518519,unique_minus_shared,oracle_local,0.5,NOT_TESTED,0.2617801047120419,0.6565656565656566,0.6666666666666666,,0.9986541049798116,0,0,0,0,0,,39,19188.283905029297,998.6909523988381,492.0072796161358,0.49265218477682504,0.00820534399326741,0.2617801047120419,0.6565656565656566,0.2607329842931937,0.6565656565656566,0.0,0.0010471204188481908,sha256:65ca90e5ae923a5360d58ec72e78a3521a011364b403c437790a029d111dfbf6,1ac288740082396cdf2d7e93e57ebccc068dcbb9579b2adbd2303d396a62216e,2f70a1ed3ba6d07fdd12200ea38d699cc6d27fc02d28a8eff551f8b0ce6a30ed,sha256:5d87c842f212c25fef15bbb1d300fbbb5fafc98eb97fc37f01fcfbf2ce3453e8,sha256:39c3f62c162ab0fe10acb5bc2b0c17040b2744ecee5fb9d4dd08a2d12c78dfb2,results/basis_a5_unique_shared/qwen/unique_minus_shared/decoder/seame_dev_man/L23/unique_minus_shared_decoder_L23_oracle_local_rho0.5.json
qwen3_asr_1p7b,seame_dev_man,decoder,24,0.8888888888888888,unique_minus_shared,oracle_local,0.5,STABLE,0.2607329842931937,0.6565656565656566,0.6666666666666666,,1.0,0,0,0,0,0,,39,16134.745880126953,1263.0115810296475,413.711432823768,0.32755949275342133,0.008203618005889778,0.25968586387434556,0.6565656565656566,0.25968586387434556,0.6565656565656566,0.0010471204188481353,0.0010471204188481353,sha256:1422c684578bf64bec91d0e4f6e569416b2715c8551c0dd7ac0b2ee77561e0fc,1ac288740082396cdf2d7e93e57ebccc068dcbb9579b2adbd2303d396a62216e,2f70a1ed3ba6d07fdd12200ea38d699cc6d27fc02d28a8eff551f8b0ce6a30ed,sha256:5d87c842f212c25fef15bbb1d300fbbb5fafc98eb97fc37f01fcfbf2ce3453e8,sha256:39c3f62c162ab0fe10acb5bc2b0c17040b2744ecee5fb9d4dd08a2d12c78dfb2,results/basis_a5_unique_shared/qwen/unique_minus_shared/decoder/seame_dev_man/L24/unique_minus_shared_decoder_L24_oracle_local_rho0.5.json
qwen3_asr_1p7b,seame_dev_man,decoder,25,0.9259259259259259,unique_minus_shared,oracle_local,0.5,NOT_TESTED,0.2607329842931937,0.6565656565656566,0.6666666666666666,,1.0,0,0,0,0,0,,39,20234.507904052734,1622.8858235677083,518.8335360013522,0.31969811336497017,0.008207070707070708,0.2607329842931937,0.6565656565656566,0.2607329842931937,0.6565656565656566,0.0,0.0,sha256:6bd87ffb9373549562063add234fb7001615bb17c98091e1c772469dc46f3798,1ac288740082396cdf2d7e93e57ebccc068dcbb9579b2adbd2303d396a62216e,2f70a1ed3ba6d07fdd12200ea38d699cc6d27fc02d28a8eff551f8b0ce6a30ed,sha256:5d87c842f212c25fef15bbb1d300fbbb5fafc98eb97fc37f01fcfbf2ce3453e8,sha256:39c3f62c162ab0fe10acb5bc2b0c17040b2744ecee5fb9d4dd08a2d12c78dfb2,results/basis_a5_unique_shared/qwen/unique_minus_shared/decoder/seame_dev_man/L25/unique_minus_shared_decoder_L25_oracle_local_rho0.5.json
qwen3_asr_1p7b,seame_dev_man,decoder,26,0.9629629629629629,unique_minus_shared,oracle_local,0.5,STABLE,0.2607329842931937,0.6666666666666666,0.6767676767676768,,0.9973082099596231,0,1,-1,0,1,,39,23148.743896484375,1952.0704064002405,593.5575358072916,0.30406563915993934,0.008207070707070708,0.2638743455497382,0.6565656565656566,0.2638743455497382,0.6666666666666666,-0.003141361256544517,-0.003141361256544517,sha256:ba64ac9089f3002f47fa7a106650d57885e2f0ea3ba9d6eff99fadd699a5fcdf,1ac288740082396cdf2d7e93e57ebccc068dcbb9579b2adbd2303d396a62216e,2f70a1ed3ba6d07fdd12200ea38d699cc6d27fc02d28a8eff551f8b0ce6a30ed,sha256:5d87c842f212c25fef15bbb1d300fbbb5fafc98eb97fc37f01fcfbf2ce3453e8,sha256:39c3f62c162ab0fe10acb5bc2b0c17040b2744ecee5fb9d4dd08a2d12c78dfb2,results/basis_a5_unique_shared/qwen/unique_minus_shared/decoder/seame_dev_man/L26/unique_minus_shared_decoder_L26_oracle_local_rho0.5.json
qwen3_asr_1p7b,seame_dev_man,decoder,27,1.0,unique_minus_shared,oracle_local,0.5,STABLE,0.2617801047120419,0.6565656565656566,0.6666666666666666,,1.0,0,0,0,0,0,,39,27991.81805419922,2378.53325007512,717.7389244666466,0.3017569438829491,0.008203618005889778,0.2617801047120419,0.6565656565656566,0.2638743455497382,0.6565656565656566,0.0,-0.002094240837696326,sha256:5998c732b92fb2e96a0b60aae72899c952685f2c1a9657706d86052258883042,1ac288740082396cdf2d7e93e57ebccc068dcbb9579b2adbd2303d396a62216e,2f70a1ed3ba6d07fdd12200ea38d699cc6d27fc02d28a8eff551f8b0ce6a30ed,sha256:5d87c842f212c25fef15bbb1d300fbbb5fafc98eb97fc37f01fcfbf2ce3453e8,sha256:39c3f62c162ab0fe10acb5bc2b0c17040b2744ecee5fb9d4dd08a2d12c78dfb2,results/basis_a5_unique_shared/qwen/unique_minus_shared/decoder/seame_dev_man/L27/unique_minus_shared_decoder_L27_oracle_local_rho0.5.json
qwen3_asr_1p7b,seame_dev_sge,decoder,0,0.0,unique_minus_shared,oracle_local,0.5,NOT_TESTED,0.26927502876869963,0.7613636363636364,0.7954545454545454,,1.0,1,0,1,1,0,,36,135.4977583885193,7.39311487144894,3.7638266219033136,0.5090988963851524,0.008482563619227144,0.27042577675489066,0.7727272727272727,0.27042577675489066,0.7727272727272727,-0.0011507479861910253,-0.0011507479861910253,sha256:db815c489d73e29782e412660bf2c641acd2df52af1788d0df835251cbc3a974,6a0a8a1a8fb2d3b2a6e91486b635c65f2ac7fcd9bcd1f12e8259a5c4b2047838,2f70a1ed3ba6d07fdd12200ea38d699cc6d27fc02d28a8eff551f8b0ce6a30ed,sha256:5d87c842f212c25fef15bbb1d300fbbb5fafc98eb97fc37f01fcfbf2ce3453e8,sha256:39c3f62c162ab0fe10acb5bc2b0c17040b2744ecee5fb9d4dd08a2d12c78dfb2,results/basis_a5_unique_shared/qwen/unique_minus_shared/decoder/seame_dev_sge/L00/unique_minus_shared_decoder_L0_oracle_local_rho0.5.json
qwen3_asr_1p7b,seame_dev_sge,decoder,1,0.037037037037037035,unique_minus_shared,oracle_local,0.5,NOT_TESTED,0.285385500575374,0.7727272727272727,0.8068181818181818,,0.9805389221556886,0,0,0,0,0,,36,271.6134366989136,14.479845815234714,7.544817686080933,0.521056493442961,0.008516678495386799,0.27042577675489066,0.7727272727272727,0.26927502876869963,0.7613636363636364,0.014959723820483328,0.016110471806674354,sha256:1cbf5668299e6b4f6462edc316ab8ef6f06eed4e93c8d1bb76f20faa4d61c80a,6a0a8a1a8fb2d3b2a6e91486b635c65f2ac7fcd9bcd1f12e8259a5c4b2047838,2f70a1ed3ba6d07fdd12200ea38d699cc6d27fc02d28a8eff551f8b0ce6a30ed,sha256:5d87c842f212c25fef15bbb1d300fbbb5fafc98eb97fc37f01fcfbf2ce3453e8,sha256:39c3f62c162ab0fe10acb5bc2b0c17040b2744ecee5fb9d4dd08a2d12c78dfb2,results/basis_a5_unique_shared/qwen/unique_minus_shared/decoder/seame_dev_sge/L01/unique_minus_shared_decoder_L1_oracle_local_rho0.5.json
qwen3_asr_1p7b,seame_dev_sge,decoder,2,0.07407407407407407,unique_minus_shared,oracle_local,0.5,NOT_TESTED,0.27042577675489066,0.7727272727272727,0.8068181818181818,,0.9985029940119761,0,0,0,0,0,,36,395.40026473999023,20.03173361884223,10.98334068722195,0.5482970618624247,0.008476571697668942,0.2669735327963176,0.7727272727272727,0.27042577675489066,0.7727272727272727,0.0034522439585730758,0.0,sha256:feeeae923f87a3abc56cde251edb4b252b5739ae693dcf8418db80f939a0c28b,6a0a8a1a8fb2d3b2a6e91486b635c65f2ac7fcd9bcd1f12e8259a5c4b2047838,2f70a1ed3ba6d07fdd12200ea38d699cc6d27fc02d28a8eff551f8b0ce6a30ed,sha256:5d87c842f212c25fef15bbb1d300fbbb5fafc98eb97fc37f01fcfbf2ce3453e8,sha256:39c3f62c162ab0fe10acb5bc2b0c17040b2744ecee5fb9d4dd08a2d12c78dfb2,results/basis_a5_unique_shared/qwen/unique_minus_shared/decoder/seame_dev_sge/L02/unique_minus_shared_decoder_L2_oracle_local_rho0.5.json
qwen3_asr_1p7b,seame_dev_sge,decoder,3,0.1111111111111111,unique_minus_shared,oracle_local,0.5,NOT_TESTED,0.27042577675489066,0.7727272727272727,0.8068181818181818,,1.0,0,0,0,0,0,,36,485.6929655075073,24.898800373077393,13.491471264097425,0.5418522604279964,0.008488564017920301,0.27042577675489066,0.7727272727272727,0.27042577675489066,0.7727272727272727,0.0,0.0,sha256:250665c68f703b80c250f3e19c855d3e9f176199fb4da7aeb693c94c61e65de0,6a0a8a1a8fb2d3b2a6e91486b635c65f2ac7fcd9bcd1f12e8259a5c4b2047838,2f70a1ed3ba6d07fdd12200ea38d699cc6d27fc02d28a8eff551f8b0ce6a30ed,sha256:5d87c842f212c25fef15bbb1d300fbbb5fafc98eb97fc37f01fcfbf2ce3453e8,sha256:39c3f62c162ab0fe10acb5bc2b0c17040b2744ecee5fb9d4dd08a2d12c78dfb2,results/basis_a5_unique_shared/qwen/unique_minus_shared/decoder/seame_dev_sge/L03/unique_minus_shared_decoder_L3_oracle_local_rho0.5.json
qwen3_asr_1p7b,seame_dev_sge,decoder,4,0.14814814814814814,unique_minus_shared,oracle_local,0.5,NOT_TESTED,0.2669735327963176,0.7727272727272727,0.8068181818181818,,1.0,0,0,0,0,0,,36,567.3071050643921,28.740486992730034,15.758530696233114,0.5483042336832799,0.008486562942008486,0.2669735327963176,0.7727272727272727,0.2669735327963176,0.7727272727272727,0.0,0.0,sha256:f4802be6e96fdc006ea78d239c109d2e141b729999f6ee56b78e243a0b18ad7d,6a0a8a1a8fb2d3b2a6e91486b635c65f2ac7fcd9bcd1f12e8259a5c4b2047838,2f70a1ed3ba6d07fdd12200ea38d699cc6d27fc02d28a8eff551f8b0ce6a30ed,sha256:5d87c842f212c25fef15bbb1d300fbbb5fafc98eb97fc37f01fcfbf2ce3453e8,sha256:39c3f62c162ab0fe10acb5bc2b0c17040b2744ecee5fb9d4dd08a2d12c78dfb2,results/basis_a5_unique_shared/qwen/unique_minus_shared/decoder/seame_dev_sge/L04/unique_minus_shared_decoder_L4_oracle_local_rho0.5.json
qwen3_asr_1p7b,seame_dev_sge,decoder,5,0.18518518518518517,unique_minus_shared,oracle_local,0.5,NOT_TESTED,0.27042577675489066,0.7727272727272727,0.8068181818181818,,1.0,0,0,0,0,0,,36,659.9863548278809,33.490865071614586,18.332954300774468,0.5474016350898231,0.008486562942008486,0.27042577675489066,0.7727272727272727,0.27042577675489066,0.7727272727272727,0.0,0.0,sha256:e8f903166f15416e92d2ee7fbc1da7bff6ba12953ae4f6c75ae6e6eb91e200b6,6a0a8a1a8fb2d3b2a6e91486b635c65f2ac7fcd9bcd1f12e8259a5c4b2047838,2f70a1ed3ba6d07fdd12200ea38d699cc6d27fc02d28a8eff551f8b0ce6a30ed,sha256:5d87c842f212c25fef15bbb1d300fbbb5fafc98eb97fc37f01fcfbf2ce3453e8,sha256:39c3f62c162ab0fe10acb5bc2b0c17040b2744ecee5fb9d4dd08a2d12c78dfb2,results/basis_a5_unique_shared/qwen/unique_minus_shared/decoder/seame_dev_sge/L05/unique_minus_shared_decoder_L5_oracle_local_rho0.5.json
qwen3_asr_1p7b,seame_dev_sge,decoder,6,0.2222222222222222,unique_minus_shared,oracle_local,0.5,NOT_TESTED,0.27042577675489066,0.7727272727272727,0.8068181818181818,,1.0,0,0,0,0,0,,36,448.3982000350952,37.91201718648275,12.455505556530422,0.32853713626642217,0.008488564017920301,0.27042577675489066,0.7727272727272727,0.27042577675489066,0.7727272727272727,0.0,0.0,sha256:f8f45cee9c1c9500ffd94927674dd64b02bec4735f77870d8132a8f16af2cd34,6a0a8a1a8fb2d3b2a6e91486b635c65f2ac7fcd9bcd1f12e8259a5c4b2047838,2f70a1ed3ba6d07fdd12200ea38d699cc6d27fc02d28a8eff551f8b0ce6a30ed,sha256:5d87c842f212c25fef15bbb1d300fbbb5fafc98eb97fc37f01fcfbf2ce3453e8,sha256:39c3f62c162ab0fe10acb5bc2b0c17040b2744ecee5fb9d4dd08a2d12c78dfb2,results/basis_a5_unique_shared/qwen/unique_minus_shared/decoder/seame_dev_sge/L06/unique_minus_shared_decoder_L6_oracle_local_rho0.5.json
qwen3_asr_1p7b,seame_dev_sge,decoder,7,0.25925925925925924,unique_minus_shared,oracle_local,0.5,NOT_TESTED,0.27042577675489066,0.7727272727272727,0.8068181818181818,,1.0,0,0,0,0,0,,36,805.6645946502686,41.86209381951226,22.379572073618572,0.5346023103886712,0.008488564017920301,0.27042577675489066,0.7727272727272727,0.27042577675489066,0.7727272727272727,0.0,0.0,sha256:f102fe44fd0f6b5a5d17c37b745ebdb310f2d75443d8dea3eef5f2e16ddbbaf2,6a0a8a1a8fb2d3b2a6e91486b635c65f2ac7fcd9bcd1f12e8259a5c4b2047838,2f70a1ed3ba6d07fdd12200ea38d699cc6d27fc02d28a8eff551f8b0ce6a30ed,sha256:5d87c842f212c25fef15bbb1d300fbbb5fafc98eb97fc37f01fcfbf2ce3453e8,sha256:39c3f62c162ab0fe10acb5bc2b0c17040b2744ecee5fb9d4dd08a2d12c78dfb2,results/basis_a5_unique_shared/qwen/unique_minus_shared/decoder/seame_dev_sge/L07/unique_minus_shared_decoder_L7_oracle_local_rho0.5.json
qwen3_asr_1p7b,seame_dev_sge,decoder,8,0.2962962962962963,unique_minus_shared,oracle_local,0.5,NOT_TESTED,0.27042577675489066,0.7727272727272727,0.8068181818181818,,1.0,0,0,0,0,0,,36,544.6982173919678,44.80873499976264,15.130506038665771,0.3376686719396546,0.008488564017920301,0.27042577675489066,0.7727272727272727,0.27042577675489066,0.7727272727272727,0.0,0.0,sha256:6828d14e9562fcf74dc75a8351b669d1f5e219adf1d084c6959002a951fea21e,6a0a8a1a8fb2d3b2a6e91486b635c65f2ac7fcd9bcd1f12e8259a5c4b2047838,2f70a1ed3ba6d07fdd12200ea38d699cc6d27fc02d28a8eff551f8b0ce6a30ed,sha256:5d87c842f212c25fef15bbb1d300fbbb5fafc98eb97fc37f01fcfbf2ce3453e8,sha256:39c3f62c162ab0fe10acb5bc2b0c17040b2744ecee5fb9d4dd08a2d12c78dfb2,results/basis_a5_unique_shared/qwen/unique_minus_shared/decoder/seame_dev_sge/L08/unique_minus_shared_decoder_L8_oracle_local_rho0.5.json
qwen3_asr_1p7b,seame_dev_sge,decoder,9,0.3333333333333333,unique_minus_shared,oracle_local,0.5,NOT_TESTED,0.27042577675489066,0.7727272727272727,0.8068181818181818,,1.0,0,0,0,0,0,,36,579.8882360458374,50.55623149871826,16.108006556828816,0.3186156499270955,0.008488564017920301,0.27042577675489066,0.7727272727272727,0.27042577675489066,0.7727272727272727,0.0,0.0,sha256:2411d0a7c50c65863dd06a49bd5ebbc948c6a99ddd7a8579b820baf318f39ae5,6a0a8a1a8fb2d3b2a6e91486b635c65f2ac7fcd9bcd1f12e8259a5c4b2047838,2f70a1ed3ba6d07fdd12200ea38d699cc6d27fc02d28a8eff551f8b0ce6a30ed,sha256:5d87c842f212c25fef15bbb1d300fbbb5fafc98eb97fc37f01fcfbf2ce3453e8,sha256:39c3f62c162ab0fe10acb5bc2b0c17040b2744ecee5fb9d4dd08a2d12c78dfb2,results/basis_a5_unique_shared/qwen/unique_minus_shared/decoder/seame_dev_sge/L09/unique_minus_shared_decoder_L9_oracle_local_rho0.5.json
qwen3_asr_1p7b,seame_dev_sge,decoder,10,0.37037037037037035,unique_minus_shared,oracle_local,0.5,NOT_TESTED,0.27042577675489066,0.7727272727272727,0.8068181818181818,,1.0,0,0,0,0,0,,36,680.6528186798096,60.14222431182861,18.90702274110582,0.31437185700142517,0.008488564017920301,0.27042577675489066,0.7727272727272727,0.2669735327963176,0.7727272727272727,0.0,0.0034522439585730758,sha256:d539b2b0bb18c7cfd32d60b6be9f827706ff6e9eee6a20075849d7423ad0dc09,6a0a8a1a8fb2d3b2a6e91486b635c65f2ac7fcd9bcd1f12e8259a5c4b2047838,2f70a1ed3ba6d07fdd12200ea38d699cc6d27fc02d28a8eff551f8b0ce6a30ed,sha256:5d87c842f212c25fef15bbb1d300fbbb5fafc98eb97fc37f01fcfbf2ce3453e8,sha256:39c3f62c162ab0fe10acb5bc2b0c17040b2744ecee5fb9d4dd08a2d12c78dfb2,results/basis_a5_unique_shared/qwen/unique_minus_shared/decoder/seame_dev_sge/L10/unique_minus_shared_decoder_L10_oracle_local_rho0.5.json
qwen3_asr_1p7b,seame_dev_sge,decoder,11,0.4074074074074074,unique_minus_shared,oracle_local,0.5,NOT_TESTED,0.2669735327963176,0.7727272727272727,0.8068181818181818,,1.0,0,0,0,0,0,,36,900.3685665130615,79.75321578979492,25.010237958696152,0.3135953542565041,0.008486562942008486,0.27042577675489066,0.7727272727272727,0.27042577675489066,0.7727272727272727,-0.0034522439585730758,-0.0034522439585730758,sha256:60830ee2020b3e6b9b4e03017b31160e5c1e80181f0edd4c1174ce34553a5891,6a0a8a1a8fb2d3b2a6e91486b635c65f2ac7fcd9bcd1f12e8259a5c4b2047838,2f70a1ed3ba6d07fdd12200ea38d699cc6d27fc02d28a8eff551f8b0ce6a30ed,sha256:5d87c842f212c25fef15bbb1d300fbbb5fafc98eb97fc37f01fcfbf2ce3453e8,sha256:39c3f62c162ab0fe10acb5bc2b0c17040b2744ecee5fb9d4dd08a2d12c78dfb2,results/basis_a5_unique_shared/qwen/unique_minus_shared/decoder/seame_dev_sge/L11/unique_minus_shared_decoder_L11_oracle_local_rho0.5.json
qwen3_asr_1p7b,seame_dev_sge,decoder,12,0.4444444444444444,unique_minus_shared,oracle_local,0.5,NOT_TESTED,0.27042577675489066,0.7727272727272727,0.8068181818181818,,1.0,0,0,0,0,0,,36,976.1540393829346,85.94740253024631,27.115389982859295,0.3154881844546371,0.008488564017920301,0.27042577675489066,0.7727272727272727,0.27042577675489066,0.7727272727272727,0.0,0.0,sha256:6c5a13f17f0164e995d3d951f8bf84e250e82b32e4334eb4d622388e812698b6,6a0a8a1a8fb2d3b2a6e91486b635c65f2ac7fcd9bcd1f12e8259a5c4b2047838,2f70a1ed3ba6d07fdd12200ea38d699cc6d27fc02d28a8eff551f8b0ce6a30ed,sha256:5d87c842f212c25fef15bbb1d300fbbb5fafc98eb97fc37f01fcfbf2ce3453e8,sha256:39c3f62c162ab0fe10acb5bc2b0c17040b2744ecee5fb9d4dd08a2d12c78dfb2,results/basis_a5_unique_shared/qwen/unique_minus_shared/decoder/seame_dev_sge/L12/unique_minus_shared_decoder_L12_oracle_local_rho0.5.json
qwen3_asr_1p7b,seame_dev_sge,decoder,13,0.48148148148148145,unique_minus_shared,oracle_local,0.5,NOT_TESTED,0.27042577675489066,0.7727272727272727,0.8068181818181818,,1.0,0,0,0,0,0,,36,1048.1075687408447,92.98024219936795,29.114099131690132,0.3131213518379934,0.008486562942008486,0.27042577675489066,0.7727272727272727,0.2669735327963176,0.7727272727272727,0.0,0.0034522439585730758,sha256:ee03cec3ceaa3b3a4e3c71bbfd32c103d4f12037067c7b09e4de522a054c4e55,6a0a8a1a8fb2d3b2a6e91486b635c65f2ac7fcd9bcd1f12e8259a5c4b2047838,2f70a1ed3ba6d07fdd12200ea38d699cc6d27fc02d28a8eff551f8b0ce6a30ed,sha256:5d87c842f212c25fef15bbb1d300fbbb5fafc98eb97fc37f01fcfbf2ce3453e8,sha256:39c3f62c162ab0fe10acb5bc2b0c17040b2744ecee5fb9d4dd08a2d12c78dfb2,results/basis_a5_unique_shared/qwen/unique_minus_shared/decoder/seame_dev_sge/L13/unique_minus_shared_decoder_L13_oracle_local_rho0.5.json
qwen3_asr_1p7b,seame_dev_sge,decoder,14,0.5185185185185185,unique_minus_shared,oracle_local,0.5,NOT_TESTED,0.27042577675489066,0.7727272727272727,0.8068181818181818,,1.0,0,0,0,0,0,,36,1114.04514503479,102.10525025261774,30.945698473188614,0.30307646665206855,0.008488564017920301,0.2669735327963176,0.7727272727272727,0.27042577675489066,0.7727272727272727,0.0034522439585730758,0.0,sha256:975891eed5b3e13f4a1f1dbf644ee916c035f9510a2df061306dbca383fbcbb0,6a0a8a1a8fb2d3b2a6e91486b635c65f2ac7fcd9bcd1f12e8259a5c4b2047838,2f70a1ed3ba6d07fdd12200ea38d699cc6d27fc02d28a8eff551f8b0ce6a30ed,sha256:5d87c842f212c25fef15bbb1d300fbbb5fafc98eb97fc37f01fcfbf2ce3453e8,sha256:39c3f62c162ab0fe10acb5bc2b0c17040b2744ecee5fb9d4dd08a2d12c78dfb2,results/basis_a5_unique_shared/qwen/unique_minus_shared/decoder/seame_dev_sge/L14/unique_minus_shared_decoder_L14_oracle_local_rho0.5.json
qwen3_asr_1p7b,seame_dev_sge,decoder,15,0.5555555555555556,unique_minus_shared,oracle_local,0.5,NOT_TESTED,0.26927502876869963,0.7727272727272727,0.8068181818181818,,1.0,0,0,0,0,0,,36,2287.1329231262207,120.71999804178874,63.53147008683946,0.526271298189114,0.008486562942008486,0.27042577675489066,0.7727272727272727,0.2669735327963176,0.7727272727272727,-0.0011507479861910253,0.0023014959723820505,sha256:8c64a54771809b98b944135584057a0ae1da2d0e9d7046f36ee7fc8e6eecdeae,6a0a8a1a8fb2d3b2a6e91486b635c65f2ac7fcd9bcd1f12e8259a5c4b2047838,2f70a1ed3ba6d07fdd12200ea38d699cc6d27fc02d28a8eff551f8b0ce6a30ed,sha256:5d87c842f212c25fef15bbb1d300fbbb5fafc98eb97fc37f01fcfbf2ce3453e8,sha256:39c3f62c162ab0fe10acb5bc2b0c17040b2744ecee5fb9d4dd08a2d12c78dfb2,results/basis_a5_unique_shared/qwen/unique_minus_shared/decoder/seame_dev_sge/L15/unique_minus_shared_decoder_L15_oracle_local_rho0.5.json
qwen3_asr_1p7b,seame_dev_sge,decoder,16,0.5925925925925926,unique_minus_shared,oracle_local,0.5,NOT_TESTED,0.27042577675489066,0.7727272727272727,0.8068181818181818,,1.0,0,0,0,0,0,,36,1729.8472518920898,150.20518324110242,48.05131255255805,0.31990449008293076,0.008488564017920301,0.27042577675489066,0.7727272727272727,0.27042577675489066,0.7727272727272727,0.0,0.0,sha256:f41df4e99fbe044e27a43971ca636387d0ac6c6267714edbf3f1b6e3eb941013,6a0a8a1a8fb2d3b2a6e91486b635c65f2ac7fcd9bcd1f12e8259a5c4b2047838,2f70a1ed3ba6d07fdd12200ea38d699cc6d27fc02d28a8eff551f8b0ce6a30ed,sha256:5d87c842f212c25fef15bbb1d300fbbb5fafc98eb97fc37f01fcfbf2ce3453e8,sha256:39c3f62c162ab0fe10acb5bc2b0c17040b2744ecee5fb9d4dd08a2d12c78dfb2,results/basis_a5_unique_shared/qwen/unique_minus_shared/decoder/seame_dev_sge/L16/unique_minus_shared_decoder_L16_oracle_local_rho0.5.json
qwen3_asr_1p7b,seame_dev_sge,decoder,17,0.6296296296296297,unique_minus_shared,oracle_local,0.5,NOT_TESTED,0.2669735327963176,0.7727272727272727,0.8068181818181818,,1.0,0,0,0,0,0,,36,2329.486385345459,200.84170065985785,64.70795514848497,0.3221838638882733,0.008486562942008486,0.2681242807825086,0.7727272727272727,0.27042577675489066,0.7727272727272727,-0.0011507479861910253,-0.0034522439585730758,sha256:04abea8ea690f69af23db5793df86b1615d850f93c1133071986c499df43fed1,6a0a8a1a8fb2d3b2a6e91486b635c65f2ac7fcd9bcd1f12e8259a5c4b2047838,2f70a1ed3ba6d07fdd12200ea38d699cc6d27fc02d28a8eff551f8b0ce6a30ed,sha256:5d87c842f212c25fef15bbb1d300fbbb5fafc98eb97fc37f01fcfbf2ce3453e8,sha256:39c3f62c162ab0fe10acb5bc2b0c17040b2744ecee5fb9d4dd08a2d12c78dfb2,results/basis_a5_unique_shared/qwen/unique_minus_shared/decoder/seame_dev_sge/L17/unique_minus_shared_decoder_L17_oracle_local_rho0.5.json
qwen3_asr_1p7b,seame_dev_sge,decoder,18,0.6666666666666666,unique_minus_shared,oracle_local,0.5,NOT_TESTED,0.27042577675489066,0.7727272727272727,0.8068181818181818,,1.0,0,0,0,0,0,,36,3173.526954650879,262.67127312554254,88.15352651807997,0.33560398694967836,0.008488564017920301,0.27042577675489066,0.7727272727272727,0.2715765247410817,0.7727272727272727,0.0,-0.0011507479861910253,sha256:efce3786183ea64585c400e8b9d32f6ca006e7aaa66660d097475ed0522a7f23,6a0a8a1a8fb2d3b2a6e91486b635c65f2ac7fcd9bcd1f12e8259a5c4b2047838,2f70a1ed3ba6d07fdd12200ea38d699cc6d27fc02d28a8eff551f8b0ce6a30ed,sha256:5d87c842f212c25fef15bbb1d300fbbb5fafc98eb97fc37f01fcfbf2ce3453e8,sha256:39c3f62c162ab0fe10acb5bc2b0c17040b2744ecee5fb9d4dd08a2d12c78dfb2,results/basis_a5_unique_shared/qwen/unique_minus_shared/decoder/seame_dev_sge/L18/unique_minus_shared_decoder_L18_oracle_local_rho0.5.json
qwen3_asr_1p7b,seame_dev_sge,decoder,19,0.7037037037037037,unique_minus_shared,oracle_local,0.5,NOT_TESTED,0.2669735327963176,0.7727272727272727,0.8068181818181818,,1.0,0,0,0,0,0,,36,6240.987167358398,333.04300096299914,173.3607546488444,0.52053564899298,0.008486562942008486,0.2669735327963176,0.7727272727272727,0.2669735327963176,0.7727272727272727,0.0,0.0,sha256:0c69ecb920da90812fec2b25abdc4ab70d77e665d1f14dbe395f8e718147c6a0,6a0a8a1a8fb2d3b2a6e91486b635c65f2ac7fcd9bcd1f12e8259a5c4b2047838,2f70a1ed3ba6d07fdd12200ea38d699cc6d27fc02d28a8eff551f8b0ce6a30ed,sha256:5d87c842f212c25fef15bbb1d300fbbb5fafc98eb97fc37f01fcfbf2ce3453e8,sha256:39c3f62c162ab0fe10acb5bc2b0c17040b2744ecee5fb9d4dd08a2d12c78dfb2,results/basis_a5_unique_shared/qwen/unique_minus_shared/decoder/seame_dev_sge/L19/unique_minus_shared_decoder_L19_oracle_local_rho0.5.json
qwen3_asr_1p7b,seame_dev_sge,decoder,20,0.7407407407407407,unique_minus_shared,oracle_local,0.5,NOT_TESTED,0.2669735327963176,0.7727272727272727,0.8068181818181818,,1.0,0,0,0,0,0,,36,8317.333297729492,444.6474787394206,231.03703604804144,0.5195959655568799,0.008486562942008486,0.27042577675489066,0.7727272727272727,0.27042577675489066,0.7727272727272727,-0.0034522439585730758,-0.0034522439585730758,sha256:8e82e0e1477d861181ca2b92b59ef530c0231da7b1b42a22ff01c520c76f6c09,6a0a8a1a8fb2d3b2a6e91486b635c65f2ac7fcd9bcd1f12e8259a5c4b2047838,2f70a1ed3ba6d07fdd12200ea38d699cc6d27fc02d28a8eff551f8b0ce6a30ed,sha256:5d87c842f212c25fef15bbb1d300fbbb5fafc98eb97fc37f01fcfbf2ce3453e8,sha256:39c3f62c162ab0fe10acb5bc2b0c17040b2744ecee5fb9d4dd08a2d12c78dfb2,results/basis_a5_unique_shared/qwen/unique_minus_shared/decoder/seame_dev_sge/L20/unique_minus_shared_decoder_L20_oracle_local_rho0.5.json
qwen3_asr_1p7b,seame_dev_sge,decoder,21,0.7777777777777778,unique_minus_shared,oracle_local,0.5,NOT_TESTED,0.27042577675489066,0.7727272727272727,0.8068181818181818,,1.0,0,0,0,0,0,,36,11136.39370727539,604.9721086290148,309.34426964653863,0.5113364157358813,0.008488564017920301,0.27042577675489066,0.7727272727272727,0.27042577675489066,0.7727272727272727,0.0,0.0,sha256:593908bcc38ca9578bdd352d14b310d0ce96da83d16d2275269e6062b82e1ef4,6a0a8a1a8fb2d3b2a6e91486b635c65f2ac7fcd9bcd1f12e8259a5c4b2047838,2f70a1ed3ba6d07fdd12200ea38d699cc6d27fc02d28a8eff551f8b0ce6a30ed,sha256:5d87c842f212c25fef15bbb1d300fbbb5fafc98eb97fc37f01fcfbf2ce3453e8,sha256:39c3f62c162ab0fe10acb5bc2b0c17040b2744ecee5fb9d4dd08a2d12c78dfb2,results/basis_a5_unique_shared/qwen/unique_minus_shared/decoder/seame_dev_sge/L21/unique_minus_shared_decoder_L21_oracle_local_rho0.5.json
qwen3_asr_1p7b,seame_dev_sge,decoder,22,0.8148148148148148,unique_minus_shared,oracle_local,0.5,NOT_TESTED,0.2669735327963176,0.7727272727272727,0.8068181818181818,,1.0,0,0,0,0,0,,36,13895.227630615234,768.8485378689236,385.9785452948676,0.5020215637851299,0.008484562809333018,0.2669735327963176,0.7727272727272727,0.27042577675489066,0.7727272727272727,0.0,-0.0034522439585730758,sha256:9f0ef91a79a7d71f1795e0fb373f7c83e6a2ad7c6be3b90a830cdb2a51c4db74,6a0a8a1a8fb2d3b2a6e91486b635c65f2ac7fcd9bcd1f12e8259a5c4b2047838,2f70a1ed3ba6d07fdd12200ea38d699cc6d27fc02d28a8eff551f8b0ce6a30ed,sha256:5d87c842f212c25fef15bbb1d300fbbb5fafc98eb97fc37f01fcfbf2ce3453e8,sha256:39c3f62c162ab0fe10acb5bc2b0c17040b2744ecee5fb9d4dd08a2d12c78dfb2,results/basis_a5_unique_shared/qwen/unique_minus_shared/decoder/seame_dev_sge/L22/unique_minus_shared_decoder_L22_oracle_local_rho0.5.json
qwen3_asr_1p7b,seame_dev_sge,decoder,23,0.8518518518518519,unique_minus_shared,oracle_local,0.5,NOT_TESTED,0.27042577675489066,0.7727272727272727,0.8068181818181818,,1.0,0,0,0,0,0,,36,17703.717224121094,965.2597503662109,491.7699228922526,0.5094690032456854,0.008488564017920301,0.2669735327963176,0.7727272727272727,0.27042577675489066,0.7727272727272727,0.0034522439585730758,0.0,sha256:65ca90e5ae923a5360d58ec72e78a3521a011364b403c437790a029d111dfbf6,6a0a8a1a8fb2d3b2a6e91486b635c65f2ac7fcd9bcd1f12e8259a5c4b2047838,2f70a1ed3ba6d07fdd12200ea38d699cc6d27fc02d28a8eff551f8b0ce6a30ed,sha256:5d87c842f212c25fef15bbb1d300fbbb5fafc98eb97fc37f01fcfbf2ce3453e8,sha256:39c3f62c162ab0fe10acb5bc2b0c17040b2744ecee5fb9d4dd08a2d12c78dfb2,results/basis_a5_unique_shared/qwen/unique_minus_shared/decoder/seame_dev_sge/L23/unique_minus_shared_decoder_L23_oracle_local_rho0.5.json
qwen3_asr_1p7b,seame_dev_sge,decoder,24,0.8888888888888888,unique_minus_shared,oracle_local,0.5,STABLE,0.2669735327963176,0.7727272727272727,0.8068181818181818,,1.0,0,0,0,0,0,,36,14836.490600585938,1239.160420735677,412.1247389051649,0.3325838462952929,0.008484562809333018,0.2669735327963176,0.7727272727272727,0.2669735327963176,0.7727272727272727,0.0,0.0,sha256:1422c684578bf64bec91d0e4f6e569416b2715c8551c0dd7ac0b2ee77561e0fc,6a0a8a1a8fb2d3b2a6e91486b635c65f2ac7fcd9bcd1f12e8259a5c4b2047838,2f70a1ed3ba6d07fdd12200ea38d699cc6d27fc02d28a8eff551f8b0ce6a30ed,sha256:5d87c842f212c25fef15bbb1d300fbbb5fafc98eb97fc37f01fcfbf2ce3453e8,sha256:39c3f62c162ab0fe10acb5bc2b0c17040b2744ecee5fb9d4dd08a2d12c78dfb2,results/basis_a5_unique_shared/qwen/unique_minus_shared/decoder/seame_dev_sge/L24/unique_minus_shared_decoder_L24_oracle_local_rho0.5.json
qwen3_asr_1p7b,seame_dev_sge,decoder,25,0.9259259259259259,unique_minus_shared,oracle_local,0.5,NOT_TESTED,0.2669735327963176,0.7727272727272727,0.8068181818181818,,1.0,0,0,0,0,0,,36,18612.606384277344,1592.5024990505642,517.016844007704,0.32465684940271355,0.008486562942008486,0.27042577675489066,0.7727272727272727,0.27042577675489066,0.7727272727272727,-0.0034522439585730758,-0.0034522439585730758,sha256:6bd87ffb9373549562063add234fb7001615bb17c98091e1c772469dc46f3798,6a0a8a1a8fb2d3b2a6e91486b635c65f2ac7fcd9bcd1f12e8259a5c4b2047838,2f70a1ed3ba6d07fdd12200ea38d699cc6d27fc02d28a8eff551f8b0ce6a30ed,sha256:5d87c842f212c25fef15bbb1d300fbbb5fafc98eb97fc37f01fcfbf2ce3453e8,sha256:39c3f62c162ab0fe10acb5bc2b0c17040b2744ecee5fb9d4dd08a2d12c78dfb2,results/basis_a5_unique_shared/qwen/unique_minus_shared/decoder/seame_dev_sge/L25/unique_minus_shared_decoder_L25_oracle_local_rho0.5.json
qwen3_asr_1p7b,seame_dev_sge,decoder,26,0.9629629629629629,unique_minus_shared,oracle_local,0.5,STABLE,0.2669735327963176,0.7727272727272727,0.8068181818181818,,1.0,0,0,0,0,0,,36,21396.082611083984,1922.735358344184,594.3356280856663,0.3091094286618282,0.008486562942008486,0.2681242807825086,0.7727272727272727,0.27042577675489066,0.7727272727272727,-0.0011507479861910253,-0.0034522439585730758,sha256:ba64ac9089f3002f47fa7a106650d57885e2f0ea3ba9d6eff99fadd699a5fcdf,6a0a8a1a8fb2d3b2a6e91486b635c65f2ac7fcd9bcd1f12e8259a5c4b2047838,2f70a1ed3ba6d07fdd12200ea38d699cc6d27fc02d28a8eff551f8b0ce6a30ed,sha256:5d87c842f212c25fef15bbb1d300fbbb5fafc98eb97fc37f01fcfbf2ce3453e8,sha256:39c3f62c162ab0fe10acb5bc2b0c17040b2744ecee5fb9d4dd08a2d12c78dfb2,results/basis_a5_unique_shared/qwen/unique_minus_shared/decoder/seame_dev_sge/L26/unique_minus_shared_decoder_L26_oracle_local_rho0.5.json
qwen3_asr_1p7b,seame_dev_sge,decoder,27,1.0,unique_minus_shared,oracle_local,0.5,STABLE,0.27042577675489066,0.7727272727272727,0.8068181818181818,,1.0,0,0,0,0,0,,36,25703.485778808594,2369.346669514974,713.9857160780165,0.30134286605858973,0.008484562809333018,0.26927502876869963,0.7727272727272727,0.27387802071346373,0.7727272727272727,0.0011507479861910253,-0.0034522439585730758,sha256:5998c732b92fb2e96a0b60aae72899c952685f2c1a9657706d86052258883042,6a0a8a1a8fb2d3b2a6e91486b635c65f2ac7fcd9bcd1f12e8259a5c4b2047838,2f70a1ed3ba6d07fdd12200ea38d699cc6d27fc02d28a8eff551f8b0ce6a30ed,sha256:5d87c842f212c25fef15bbb1d300fbbb5fafc98eb97fc37f01fcfbf2ce3453e8,sha256:39c3f62c162ab0fe10acb5bc2b0c17040b2744ecee5fb9d4dd08a2d12c78dfb2,results/basis_a5_unique_shared/qwen/unique_minus_shared/decoder/seame_dev_sge/L27/unique_minus_shared_decoder_L27_oracle_local_rho0.5.json
qwen3_asr_1p7b,cs_dialogue,encoder,0,0.0,unique_minus_shared,oracle_local,0.5,NOT_TESTED,0.06172399453454524,0.0890652557319224,0.10141093474426807,,0.9999297950014041,2,10,-8,2,10,,4245,51663.07783508301,23.50099993055364,12.170336356910013,0.5178646182236427,0.061933733094060486,0.06160518030060001,0.08862433862433862,,,0.00011881423394522611,,sha256:cd1684e46075471f12e7a53de4006ffde2400156f9b84447406b4c4e6ad04af2,d1179ed50602de77c1ad3cac0e00938c113ab7ad172479ad08a02bb7d3cb4177,8b4ab88bc21aaca167fa57e6b715893bc9ebdc581173b7787befd9aba9516451,sha256:5d87c842f212c25fef15bbb1d300fbbb5fafc98eb97fc37f01fcfbf2ce3453e8,sha256:39c3f62c162ab0fe10acb5bc2b0c17040b2744ecee5fb9d4dd08a2d12c78dfb2,results/basis_a5_unique_shared/qwen/unique_minus_shared/encoder/cs_dialogue/L00/unique_minus_shared_encoder_L0_oracle_local_rho0.5.json
qwen3_asr_1p7b,cs_dialogue,encoder,1,0.043478260869565216,unique_minus_shared,oracle_local,0.5,NOT_TESTED,0.06071407354601081,0.08421516754850088,0.09700176366843033,,0.9997191800056164,6,3,3,6,3,,4245,52756.44415283203,24.064415529788032,12.427902038358546,0.5164431283599937,0.061933733094060486,0.06118933048179172,0.08641975308641975,,,-0.00047525693578090444,,sha256:5766b0c7c9c36dfcb37182040e3cc346d9c784d16bd3f76f0c7bccfb110f249c,d1179ed50602de77c1ad3cac0e00938c113ab7ad172479ad08a02bb7d3cb4177,8b4ab88bc21aaca167fa57e6b715893bc9ebdc581173b7787befd9aba9516451,sha256:5d87c842f212c25fef15bbb1d300fbbb5fafc98eb97fc37f01fcfbf2ce3453e8,sha256:39c3f62c162ab0fe10acb5bc2b0c17040b2744ecee5fb9d4dd08a2d12c78dfb2,results/basis_a5_unique_shared/qwen/unique_minus_shared/encoder/cs_dialogue/L01/unique_minus_shared_encoder_L1_oracle_local_rho0.5.json
qwen3_asr_1p7b,cs_dialogue,encoder,2,0.08695652173913043,unique_minus_shared,oracle_local,0.5,NOT_TESTED,0.06118933048179172,0.08509700176366843,0.09788359788359788,,0.9999297950014041,3,2,1,3,2,,4245,52782.51554107666,24.07307186778218,12.434043708145268,0.5165125488112788,0.061933733094060486,0.06136755183270956,0.0873015873015873,,,-0.00017822135091784264,,sha256:2c51d35e08464105d193d65056db3646fdc0f9be967251b511ae5b8f804e6453,d1179ed50602de77c1ad3cac0e00938c113ab7ad172479ad08a02bb7d3cb4177,8b4ab88bc21aaca167fa57e6b715893bc9ebdc581173b7787befd9aba9516451,sha256:5d87c842f212c25fef15bbb1d300fbbb5fafc98eb97fc37f01fcfbf2ce3453e8,sha256:39c3f62c162ab0fe10acb5bc2b0c17040b2744ecee5fb9d4dd08a2d12c78dfb2,results/basis_a5_unique_shared/qwen/unique_minus_shared/encoder/cs_dialogue/L02/unique_minus_shared_encoder_L2_oracle_local_rho0.5.json
qwen3_asr_1p7b,cs_dialogue,encoder,3,0.13043478260869565,unique_minus_shared,oracle_local,0.5,NOT_TESTED,0.06118933048179172,0.0873015873015873,0.10008818342151675,,0.9998595900028082,0,4,-4,0,4,,4245,54692.1256942749,25.02994462766973,12.883892978627774,0.514739172230732,0.061933733094060486,0.06118933048179172,0.08686067019400352,,,0.0,,sha256:340b7880058e16b61c77c667f84bd6737655a6058a4c8c39b578eece685145e0,d1179ed50602de77c1ad3cac0e00938c113ab7ad172479ad08a02bb7d3cb4177,8b4ab88bc21aaca167fa57e6b715893bc9ebdc581173b7787befd9aba9516451,sha256:5d87c842f212c25fef15bbb1d300fbbb5fafc98eb97fc37f01fcfbf2ce3453e8,sha256:39c3f62c162ab0fe10acb5bc2b0c17040b2744ecee5fb9d4dd08a2d12c78dfb2,results/basis_a5_unique_shared/qwen/unique_minus_shared/encoder/cs_dialogue/L03/unique_minus_shared_encoder_L3_oracle_local_rho0.5.json
qwen3_asr_1p7b,cs_dialogue,encoder,4,0.17391304347826086,unique_minus_shared,oracle_local,0.5,NOT_TESTED,0.06249628705518921,0.09082892416225749,0.10405643738977072,,0.9995787700084247,0,12,-12,0,12,,4245,58841.96014404297,27.040538630581015,13.8614747100219,0.5126182913511018,0.061933733094060486,0.06112992336481911,0.08774250440917107,,,0.0013663636903701037,,sha256:da6bd427b30a64af4d51b35a460b340df4357392521a7572b201122d1241f290,d1179ed50602de77c1ad3cac0e00938c113ab7ad172479ad08a02bb7d3cb4177,8b4ab88bc21aaca167fa57e6b715893bc9ebdc581173b7787befd9aba9516451,sha256:5d87c842f212c25fef15bbb1d300fbbb5fafc98eb97fc37f01fcfbf2ce3453e8,sha256:39c3f62c162ab0fe10acb5bc2b0c17040b2744ecee5fb9d4dd08a2d12c78dfb2,results/basis_a5_unique_shared/qwen/unique_minus_shared/encoder/cs_dialogue/L04/unique_minus_shared_encoder_L4_oracle_local_rho0.5.json
qwen3_asr_1p7b,cs_dialogue,encoder,5,0.21739130434782608,unique_minus_shared,oracle_local,0.5,NOT_TESTED,0.061248737598764334,0.08818342151675485,0.10052910052910052,,1.0,0,6,-6,0,6,,4245,60238.715660095215,27.764669300164716,14.190510167278024,0.5110995565574353,0.061933733094060486,0.061248737598764334,0.08818342151675485,,,0.0,,sha256:55bdf6df78548a27c90fa2cb7557de753c9ed6ab46f9b486b8ab504f74f58fdb,d1179ed50602de77c1ad3cac0e00938c113ab7ad172479ad08a02bb7d3cb4177,8b4ab88bc21aaca167fa57e6b715893bc9ebdc581173b7787befd9aba9516451,sha256:5d87c842f212c25fef15bbb1d300fbbb5fafc98eb97fc37f01fcfbf2ce3453e8,sha256:39c3f62c162ab0fe10acb5bc2b0c17040b2744ecee5fb9d4dd08a2d12c78dfb2,results/basis_a5_unique_shared/qwen/unique_minus_shared/encoder/cs_dialogue/L05/unique_minus_shared_encoder_L5_oracle_local_rho0.5.json
qwen3_asr_1p7b,cs_dialogue,encoder,6,0.2608695652173913,unique_minus_shared,oracle_local,0.5,NOT_TESTED,0.06101110913087388,0.08509700176366843,0.09876543209876543,,1.0,4,3,1,4,3,,4245,61921.44817352295,28.364170012457212,14.586913586224487,0.5142725339686685,0.061933733094060486,0.061248737598764334,0.08686067019400352,,,-0.00023762846789045222,,sha256:5896cb03cdfaa98848f06ed3adec07bfb4c7341651b6cfd3c38eeef03b806a8d,d1179ed50602de77c1ad3cac0e00938c113ab7ad172479ad08a02bb7d3cb4177,8b4ab88bc21aaca167fa57e6b715893bc9ebdc581173b7787befd9aba9516451,sha256:5d87c842f212c25fef15bbb1d300fbbb5fafc98eb97fc37f01fcfbf2ce3453e8,sha256:39c3f62c162ab0fe10acb5bc2b0c17040b2744ecee5fb9d4dd08a2d12c78dfb2,results/basis_a5_unique_shared/qwen/unique_minus_shared/encoder/cs_dialogue/L06/unique_minus_shared_encoder_L6_oracle_local_rho0.5.json
qwen3_asr_1p7b,cs_dialogue,encoder,7,0.30434782608695654,unique_minus_shared,oracle_local,0.5,NOT_TESTED,0.06136755183270956,0.08641975308641975,0.09964726631393298,,0.9998595900028082,1,3,-2,1,3,,4245,62723.78520202637,28.780209210399182,14.775921131219404,0.5134056192294948,0.061933733094060486,0.061486366066654786,0.08774250440917107,,,-0.00011881423394522611,,sha256:760af1e4d46eae34e65ce39a86df2c8b42c22d35d3bfeb98ac12f93ac13cf9c6,d1179ed50602de77c1ad3cac0e00938c113ab7ad172479ad08a02bb7d3cb4177,8b4ab88bc21aaca167fa57e6b715893bc9ebdc581173b7787befd9aba9516451,sha256:5d87c842f212c25fef15bbb1d300fbbb5fafc98eb97fc37f01fcfbf2ce3453e8,sha256:39c3f62c162ab0fe10acb5bc2b0c17040b2744ecee5fb9d4dd08a2d12c78dfb2,results/basis_a5_unique_shared/qwen/unique_minus_shared/encoder/cs_dialogue/L07/unique_minus_shared_encoder_L7_oracle_local_rho0.5.json
qwen3_asr_1p7b,cs_dialogue,encoder,8,0.34782608695652173,unique_minus_shared,oracle_local,0.5,NOT_TESTED,0.06225865858729876,0.09082892416225749,0.10361552028218694,,0.9997893850042123,0,12,-12,0,12,,4245,63148.51240539551,29.13762059655431,14.875974653803418,0.5105418475921327,0.061933733094060486,0.061248737598764334,0.08641975308641975,,,0.0010099209885344254,,sha256:f372a8cfa639643b24869c871e12a5eee731195963e6272613990088007beab9,d1179ed50602de77c1ad3cac0e00938c113ab7ad172479ad08a02bb7d3cb4177,8b4ab88bc21aaca167fa57e6b715893bc9ebdc581173b7787befd9aba9516451,sha256:5d87c842f212c25fef15bbb1d300fbbb5fafc98eb97fc37f01fcfbf2ce3453e8,sha256:39c3f62c162ab0fe10acb5bc2b0c17040b2744ecee5fb9d4dd08a2d12c78dfb2,results/basis_a5_unique_shared/qwen/unique_minus_shared/encoder/cs_dialogue/L08/unique_minus_shared_encoder_L8_oracle_local_rho0.5.json
qwen3_asr_1p7b,cs_dialogue,encoder,9,0.391304347826087,unique_minus_shared,oracle_local,0.5,NOT_TESTED,0.061248737598764334,0.0873015873015873,0.09964726631393298,,0.9997893850042123,2,6,-4,2,6,,4245,62044.469985961914,28.603600563795183,14.615893989625892,0.5109809150434671,0.061933733094060486,0.06142695894968217,0.0873015873015873,,,-0.0001782213509178357,,sha256:12cda4c222ac5812819f1ab3139cabb79848cd74f343bb55964d24839109d3b0,d1179ed50602de77c1ad3cac0e00938c113ab7ad172479ad08a02bb7d3cb4177,8b4ab88bc21aaca167fa57e6b715893bc9ebdc581173b7787befd9aba9516451,sha256:5d87c842f212c25fef15bbb1d300fbbb5fafc98eb97fc37f01fcfbf2ce3453e8,sha256:39c3f62c162ab0fe10acb5bc2b0c17040b2744ecee5fb9d4dd08a2d12c78dfb2,results/basis_a5_unique_shared/qwen/unique_minus_shared/encoder/cs_dialogue/L09/unique_minus_shared_encoder_L9_oracle_local_rho0.5.json
qwen3_asr_1p7b,cs_dialogue,encoder,10,0.43478260869565216,unique_minus_shared,oracle_local,0.5,NOT_TESTED,0.061545773183627396,0.08950617283950617,0.10229276895943562,,0.9999297950014041,0,9,-9,0,9,,4245,64050.62162780762,29.433721456538944,15.088485660260924,0.5126258221387392,0.061933733094060486,0.061486366066654786,0.08686067019400352,,,5.9407116972609586e-05,,sha256:a151c2a0b2f2a97548f11b017f4b6ba67781669bafcd6d5015a5ee37eace6545,d1179ed50602de77c1ad3cac0e00938c113ab7ad172479ad08a02bb7d3cb4177,8b4ab88bc21aaca167fa57e6b715893bc9ebdc581173b7787befd9aba9516451,sha256:5d87c842f212c25fef15bbb1d300fbbb5fafc98eb97fc37f01fcfbf2ce3453e8,sha256:39c3f62c162ab0fe10acb5bc2b0c17040b2744ecee5fb9d4dd08a2d12c78dfb2,results/basis_a5_unique_shared/qwen/unique_minus_shared/encoder/cs_dialogue/L10/unique_minus_shared_encoder_L10_oracle_local_rho0.5.json
qwen3_asr_1p7b,cs_dialogue,encoder,11,0.4782608695652174,unique_minus_shared,oracle_local,0.5,NOT_TESTED,0.06190221588546308,0.0890652557319224,0.10185185185185185,,0.9997893850042123,2,10,-8,2,10,,4245,63642.498138427734,29.287382142479203,14.992343495507122,0.5119045267539234,0.061933733094060486,0.06118933048179172,0.08686067019400352,,,0.0007128854036713636,,sha256:2cab0f4e00d1b2206dfc3a25831d0244d5e5808c53ac98129f780557360f12c4,d1179ed50602de77c1ad3cac0e00938c113ab7ad172479ad08a02bb7d3cb4177,8b4ab88bc21aaca167fa57e6b715893bc9ebdc581173b7787befd9aba9516451,sha256:5d87c842f212c25fef15bbb1d300fbbb5fafc98eb97fc37f01fcfbf2ce3453e8,sha256:39c3f62c162ab0fe10acb5bc2b0c17040b2744ecee5fb9d4dd08a2d12c78dfb2,results/basis_a5_unique_shared/qwen/unique_minus_shared/encoder/cs_dialogue/L11/unique_minus_shared_encoder_L11_oracle_local_rho0.5.json
qwen3_asr_1p7b,cs_dialogue,encoder,12,0.5217391304347826,unique_minus_shared,oracle_local,0.5,NOT_TESTED,0.06196162300243569,0.09038800705467372,0.10317460317460317,,0.9998595900028082,2,13,-11,2,13,,4245,62917.933029174805,29.024368972688457,14.82165677954648,0.5106624985884606,0.061933733094060486,0.06142695894968217,0.0890652557319224,,,0.000534664052753521,,sha256:a182f97f973e0d4d405250cbb1164fa7e7e05185ae8c1dd4a91e9e80ba5cd600,d1179ed50602de77c1ad3cac0e00938c113ab7ad172479ad08a02bb7d3cb4177,8b4ab88bc21aaca167fa57e6b715893bc9ebdc581173b7787befd9aba9516451,sha256:5d87c842f212c25fef15bbb1d300fbbb5fafc98eb97fc37f01fcfbf2ce3453e8,sha256:39c3f62c162ab0fe10acb5bc2b0c17040b2744ecee5fb9d4dd08a2d12c78dfb2,results/basis_a5_unique_shared/qwen/unique_minus_shared/encoder/cs_dialogue/L12/unique_minus_shared_encoder_L12_oracle_local_rho0.5.json
qwen3_asr_1p7b,cs_dialogue,encoder,13,0.5652173913043478,unique_minus_shared,oracle_local,0.5,NOT_TESTED,0.06190221588546308,0.08862433862433862,0.10141093474426807,,0.9997893850042123,3,10,-7,3,10,,4245,60076.240547180176,27.794632209625064,14.15223570016023,0.5091715405127548,0.061933733094060486,0.06202103011940831,0.09215167548500881,,,-0.00011881423394522611,,sha256:00addbb02a42893f19e0460707a889e73afb32eafc632976b04532c805fda17e,d1179ed50602de77c1ad3cac0e00938c113ab7ad172479ad08a02bb7d3cb4177,8b4ab88bc21aaca167fa57e6b715893bc9ebdc581173b7787befd9aba9516451,sha256:5d87c842f212c25fef15bbb1d300fbbb5fafc98eb97fc37f01fcfbf2ce3453e8,sha256:39c3f62c162ab0fe10acb5bc2b0c17040b2744ecee5fb9d4dd08a2d12c78dfb2,results/basis_a5_unique_shared/qwen/unique_minus_shared/encoder/cs_dialogue/L13/unique_minus_shared_encoder_L13_oracle_local_rho0.5.json
qwen3_asr_1p7b,cs_dialogue,encoder,14,0.6086956521739131,unique_minus_shared,oracle_local,0.5,NOT_TESTED,0.061842808768490465,0.09126984126984126,0.10361552028218694,,1.0,3,16,-13,3,16,,4245,60047.02946472168,27.759871343785658,14.145354408650572,0.5095612379996552,0.061933733094060486,0.0629121368739975,0.09567901234567901,,,-0.001069328105507042,,sha256:f1f9f5d6981667800f42f079cf6a44f00c766316b6d95ab8df1169062a2cbb46,d1179ed50602de77c1ad3cac0e00938c113ab7ad172479ad08a02bb7d3cb4177,8b4ab88bc21aaca167fa57e6b715893bc9ebdc581173b7787befd9aba9516451,sha256:5d87c842f212c25fef15bbb1d300fbbb5fafc98eb97fc37f01fcfbf2ce3453e8,sha256:39c3f62c162ab0fe10acb5bc2b0c17040b2744ecee5fb9d4dd08a2d12c78dfb2,results/basis_a5_unique_shared/qwen/unique_minus_shared/encoder/cs_dialogue/L14/unique_minus_shared_encoder_L14_oracle_local_rho0.5.json
qwen3_asr_1p7b,cs_dialogue,encoder,15,0.6521739130434783,unique_minus_shared,oracle_local,0.5,NOT_TESTED,0.06107051624784649,0.0873015873015873,0.10008818342151675,,1.0,1,5,-4,1,5,,4245,58264.911781311035,26.70714438790006,13.725538699955486,0.5139276030639195,0.061933733094060486,0.06196162300243569,0.09391534391534391,,,-0.0008911067545891993,,sha256:2ff1119d8ba00792cca6431c8d044b817cba7bcdd54342fdc2ca222169a53c5a,d1179ed50602de77c1ad3cac0e00938c113ab7ad172479ad08a02bb7d3cb4177,8b4ab88bc21aaca167fa57e6b715893bc9ebdc581173b7787befd9aba9516451,sha256:5d87c842f212c25fef15bbb1d300fbbb5fafc98eb97fc37f01fcfbf2ce3453e8,sha256:39c3f62c162ab0fe10acb5bc2b0c17040b2744ecee5fb9d4dd08a2d12c78dfb2,results/basis_a5_unique_shared/qwen/unique_minus_shared/encoder/cs_dialogue/L15/unique_minus_shared_encoder_L15_oracle_local_rho0.5.json
qwen3_asr_1p7b,cs_dialogue,encoder,16,0.6956521739130435,unique_minus_shared,oracle_local,0.5,NOT_TESTED,0.06190221588546308,0.09259259259259259,0.10537918871252204,,1.0,0,16,-16,0,16,,4245,56026.17608642578,25.835673528341015,13.198156910818794,0.5108501195581676,0.061933733094060486,0.0629121368739975,0.09700176366843033,,,-0.0010099209885344254,,sha256:1c60c0a2fc34db67235d6256d86f2e91c7611ecf50e931266a56bf555ca3f723,d1179ed50602de77c1ad3cac0e00938c113ab7ad172479ad08a02bb7d3cb4177,8b4ab88bc21aaca167fa57e6b715893bc9ebdc581173b7787befd9aba9516451,sha256:5d87c842f212c25fef15bbb1d300fbbb5fafc98eb97fc37f01fcfbf2ce3453e8,sha256:39c3f62c162ab0fe10acb5bc2b0c17040b2744ecee5fb9d4dd08a2d12c78dfb2,results/basis_a5_unique_shared/qwen/unique_minus_shared/encoder/cs_dialogue/L16/unique_minus_shared_encoder_L16_oracle_local_rho0.5.json
qwen3_asr_1p7b,cs_dialogue,encoder,17,0.7391304347826086,unique_minus_shared,oracle_local,0.5,NOT_TESTED,0.061783401651517855,0.08862433862433862,0.10185185185185185,,0.9998595900028082,2,9,-7,2,9,,4245,56484.74282836914,26.2701173887938,13.306182056152918,0.5065139930371615,0.061933733094060486,0.0628527297570249,0.09656084656084656,,,-0.001069328105507042,,sha256:10cc2526bc0d54109b4d36d726fb91c11c688ed15d0ed1751fd46499078ec38d,d1179ed50602de77c1ad3cac0e00938c113ab7ad172479ad08a02bb7d3cb4177,8b4ab88bc21aaca167fa57e6b715893bc9ebdc581173b7787befd9aba9516451,sha256:5d87c842f212c25fef15bbb1d300fbbb5fafc98eb97fc37f01fcfbf2ce3453e8,sha256:39c3f62c162ab0fe10acb5bc2b0c17040b2744ecee5fb9d4dd08a2d12c78dfb2,results/basis_a5_unique_shared/qwen/unique_minus_shared/encoder/cs_dialogue/L17/unique_minus_shared_encoder_L17_oracle_local_rho0.5.json
qwen3_asr_1p7b,cs_dialogue,encoder,18,0.782608695652174,unique_minus_shared,oracle_local,0.5,NOT_TESTED,0.061248737598764334,0.08641975308641975,0.0992063492063492,,0.9999297950014041,1,3,-2,1,3,,4245,55448.644592285156,25.51804995767079,13.06210708887754,0.5118771657922488,0.061933733094060486,0.06338739380977841,0.09876543209876543,,,-0.002138656211014077,,sha256:0133b3c9e097d5c7da6ed5b9c1b3c0d02f3222cd1d990cc9bdaa364fef04eca4,d1179ed50602de77c1ad3cac0e00938c113ab7ad172479ad08a02bb7d3cb4177,8b4ab88bc21aaca167fa57e6b715893bc9ebdc581173b7787befd9aba9516451,sha256:5d87c842f212c25fef15bbb1d300fbbb5fafc98eb97fc37f01fcfbf2ce3453e8,sha256:39c3f62c162ab0fe10acb5bc2b0c17040b2744ecee5fb9d4dd08a2d12c78dfb2,results/basis_a5_unique_shared/qwen/unique_minus_shared/encoder/cs_dialogue/L18/unique_minus_shared_encoder_L18_oracle_local_rho0.5.json
qwen3_asr_1p7b,cs_dialogue,encoder,19,0.8260869565217391,unique_minus_shared,oracle_local,0.5,NOT_TESTED,0.06112992336481911,0.08686067019400352,0.0992063492063492,,1.0,2,5,-3,2,5,,4245,56213.96625518799,25.54746127179149,13.242394877547229,0.5183448459580977,0.061933733094060486,0.061486366066654786,0.08862433862433862,,,-0.00035644270183567833,,sha256:ecb9a1f2f792820660bcd9bdf3fca0348faa080a73fdcd0a60f451362a97b80a,d1179ed50602de77c1ad3cac0e00938c113ab7ad172479ad08a02bb7d3cb4177,8b4ab88bc21aaca167fa57e6b715893bc9ebdc581173b7787befd9aba9516451,sha256:5d87c842f212c25fef15bbb1d300fbbb5fafc98eb97fc37f01fcfbf2ce3453e8,sha256:39c3f62c162ab0fe10acb5bc2b0c17040b2744ecee5fb9d4dd08a2d12c78dfb2,results/basis_a5_unique_shared/qwen/unique_minus_shared/encoder/cs_dialogue/L19/unique_minus_shared_encoder_L19_oracle_local_rho0.5.json
qwen3_asr_1p7b,cs_dialogue,encoder,20,0.8695652173913043,unique_minus_shared,oracle_local,0.5,NOT_TESTED,0.061308144715736944,0.08686067019400352,0.10008818342151675,,0.9999297950014041,2,5,-3,2,5,,4245,59638.16704559326,27.15594120093032,14.049038173284632,0.5173467591984376,0.061933733094060486,0.06142695894968217,0.0873015873015873,,,-0.00011881423394522611,,sha256:f48d490d6adf3125096f5a704b27899e5acfe97c4755e3542cc174578856c8f4,d1179ed50602de77c1ad3cac0e00938c113ab7ad172479ad08a02bb7d3cb4177,8b4ab88bc21aaca167fa57e6b715893bc9ebdc581173b7787befd9aba9516451,sha256:5d87c842f212c25fef15bbb1d300fbbb5fafc98eb97fc37f01fcfbf2ce3453e8,sha256:39c3f62c162ab0fe10acb5bc2b0c17040b2744ecee5fb9d4dd08a2d12c78dfb2,results/basis_a5_unique_shared/qwen/unique_minus_shared/encoder/cs_dialogue/L20/unique_minus_shared_encoder_L20_oracle_local_rho0.5.json
qwen3_asr_1p7b,cs_dialogue,encoder,21,0.9130434782608695,unique_minus_shared,oracle_local,0.5,NOT_TESTED,0.06166458741757262,0.08862433862433862,0.10141093474426807,,0.9999297950014041,0,7,-7,0,7,,4245,60267.73498535156,27.693179314099996,14.197346286301899,0.5126658129524808,0.061933733094060486,0.06190221588546308,0.08950617283950617,,,-0.00023762846789045916,,sha256:42dda64aa6f225f58a8ec1f693ed2ee2f8b462581057ffc12ed0fcb64b07dcdb,d1179ed50602de77c1ad3cac0e00938c113ab7ad172479ad08a02bb7d3cb4177,8b4ab88bc21aaca167fa57e6b715893bc9ebdc581173b7787befd9aba9516451,sha256:5d87c842f212c25fef15bbb1d300fbbb5fafc98eb97fc37f01fcfbf2ce3453e8,sha256:39c3f62c162ab0fe10acb5bc2b0c17040b2744ecee5fb9d4dd08a2d12c78dfb2,results/basis_a5_unique_shared/qwen/unique_minus_shared/encoder/cs_dialogue/L21/unique_minus_shared_encoder_L21_oracle_local_rho0.5.json
qwen3_asr_1p7b,cs_dialogue,encoder,22,0.9565217391304348,unique_minus_shared,oracle_local,0.5,NOT_TESTED,0.061248737598764334,0.0873015873015873,0.10008818342151675,,1.0,1,5,-4,1,5,,4245,63012.48662567139,29.315737523235057,14.843930889439667,0.5063468342788466,0.061933733094060486,0.06101110913087388,0.08641975308641975,,,0.00023762846789045222,,sha256:6625bb03ef32fb12940cfcf2bf2a0a06ac19ef908cc3e2529a77be7057d49a0c,d1179ed50602de77c1ad3cac0e00938c113ab7ad172479ad08a02bb7d3cb4177,8b4ab88bc21aaca167fa57e6b715893bc9ebdc581173b7787befd9aba9516451,sha256:5d87c842f212c25fef15bbb1d300fbbb5fafc98eb97fc37f01fcfbf2ce3453e8,sha256:39c3f62c162ab0fe10acb5bc2b0c17040b2744ecee5fb9d4dd08a2d12c78dfb2,results/basis_a5_unique_shared/qwen/unique_minus_shared/encoder/cs_dialogue/L22/unique_minus_shared_encoder_L22_oracle_local_rho0.5.json
qwen3_asr_1p7b,cs_dialogue,encoder,23,1.0,unique_minus_shared,oracle_local,0.5,NOT_TESTED,0.061486366066654786,0.08774250440917107,0.1009700176366843,,1.0,2,7,-5,2,7,,4245,77163.26385498047,36.34015651024413,18.17744731566089,0.5002027800991101,0.061933733094060486,0.06202103011940831,0.09259259259259259,,,-0.000534664052753521,,sha256:97597814e49f6d1d78c8734222fa447040f670f52deb347ba83679f49f636d77,d1179ed50602de77c1ad3cac0e00938c113ab7ad172479ad08a02bb7d3cb4177,8b4ab88bc21aaca167fa57e6b715893bc9ebdc581173b7787befd9aba9516451,sha256:5d87c842f212c25fef15bbb1d300fbbb5fafc98eb97fc37f01fcfbf2ce3453e8,sha256:39c3f62c162ab0fe10acb5bc2b0c17040b2744ecee5fb9d4dd08a2d12c78dfb2,results/basis_a5_unique_shared/qwen/unique_minus_shared/encoder/cs_dialogue/L23/unique_minus_shared_encoder_L23_oracle_local_rho0.5.json
qwen3_asr_1p7b,seame_dev_man,encoder,0,0.0,unique_minus_shared,oracle_local,0.5,NOT_TESTED,0.2638743455497382,0.6565656565656566,0.6666666666666666,,0.9865410497981157,0,0,0,0,0,,636,7706.975088119507,24.620603621380884,12.11788535867847,0.49218473864528345,0.21450252951096122,0.2649214659685864,0.6565656565656566,,,-0.0010471204188481908,,sha256:cd1684e46075471f12e7a53de4006ffde2400156f9b84447406b4c4e6ad04af2,90c54e06be3d19143155f8244930003fd646c5ef32a0ee4bb22f177c9a01abea,8b4ab88bc21aaca167fa57e6b715893bc9ebdc581173b7787befd9aba9516451,sha256:5d87c842f212c25fef15bbb1d300fbbb5fafc98eb97fc37f01fcfbf2ce3453e8,sha256:39c3f62c162ab0fe10acb5bc2b0c17040b2744ecee5fb9d4dd08a2d12c78dfb2,results/basis_a5_unique_shared/qwen/unique_minus_shared/encoder/seame_dev_man/L00/unique_minus_shared_encoder_L0_oracle_local_rho0.5.json
qwen3_asr_1p7b,seame_dev_man,encoder,1,0.043478260869565216,unique_minus_shared,oracle_local,0.5,NOT_TESTED,0.26596858638743454,0.6666666666666666,0.6767676767676768,,0.9865410497981157,0,1,-1,0,1,,636,7885.236267089844,24.92982757616343,12.398170231273339,0.497322742942988,0.21450252951096122,0.26910994764397905,0.6565656565656566,,,-0.003141361256544517,,sha256:5766b0c7c9c36dfcb37182040e3cc346d9c784d16bd3f76f0c7bccfb110f249c,90c54e06be3d19143155f8244930003fd646c5ef32a0ee4bb22f177c9a01abea,8b4ab88bc21aaca167fa57e6b715893bc9ebdc581173b7787befd9aba9516451,sha256:5d87c842f212c25fef15bbb1d300fbbb5fafc98eb97fc37f01fcfbf2ce3453e8,sha256:39c3f62c162ab0fe10acb5bc2b0c17040b2744ecee5fb9d4dd08a2d12c78dfb2,results/basis_a5_unique_shared/qwen/unique_minus_shared/encoder/seame_dev_man/L01/unique_minus_shared_encoder_L1_oracle_local_rho0.5.json
qwen3_asr_1p7b,seame_dev_man,encoder,2,0.08695652173913043,unique_minus_shared,oracle_local,0.5,NOT_TESTED,0.26910994764397905,0.6767676767676768,0.696969696969697,,0.9878869448183042,0,2,-2,0,2,,636,7896.524929046631,24.54139415573024,12.415919699758854,0.5059174560732861,0.21450252951096122,0.26910994764397905,0.6666666666666666,,,0.0,,sha256:2c51d35e08464105d193d65056db3646fdc0f9be967251b511ae5b8f804e6453,90c54e06be3d19143155f8244930003fd646c5ef32a0ee4bb22f177c9a01abea,8b4ab88bc21aaca167fa57e6b715893bc9ebdc581173b7787befd9aba9516451,sha256:5d87c842f212c25fef15bbb1d300fbbb5fafc98eb97fc37f01fcfbf2ce3453e8,sha256:39c3f62c162ab0fe10acb5bc2b0c17040b2744ecee5fb9d4dd08a2d12c78dfb2,results/basis_a5_unique_shared/qwen/unique_minus_shared/encoder/seame_dev_man/L02/unique_minus_shared_encoder_L2_oracle_local_rho0.5.json
qwen3_asr_1p7b,seame_dev_man,encoder,3,0.13043478260869565,unique_minus_shared,oracle_local,0.5,NOT_TESTED,0.2649214659685864,0.6565656565656566,0.6666666666666666,,0.9878869448183042,0,0,0,0,0,,636,8181.591941833496,25.544171219351906,12.864138273323107,0.50360366609105,0.21450252951096122,0.2680628272251309,0.6666666666666666,,,-0.003141361256544517,,sha256:340b7880058e16b61c77c667f84bd6737655a6058a4c8c39b578eece685145e0,90c54e06be3d19143155f8244930003fd646c5ef32a0ee4bb22f177c9a01abea,8b4ab88bc21aaca167fa57e6b715893bc9ebdc581173b7787befd9aba9516451,sha256:5d87c842f212c25fef15bbb1d300fbbb5fafc98eb97fc37f01fcfbf2ce3453e8,sha256:39c3f62c162ab0fe10acb5bc2b0c17040b2744ecee5fb9d4dd08a2d12c78dfb2,results/basis_a5_unique_shared/qwen/unique_minus_shared/encoder/seame_dev_man/L03/unique_minus_shared_encoder_L3_oracle_local_rho0.5.json
qwen3_asr_1p7b,seame_dev_man,encoder,4,0.17391304347826086,unique_minus_shared,oracle_local,0.5,NOT_TESTED,0.26910994764397905,0.6666666666666666,0.6767676767676768,,0.9838492597577388,0,1,-1,0,1,,636,8827.302198410034,26.960609903875387,13.879405972342822,0.5148031154275838,0.21450252951096122,0.28272251308900526,0.6868686868686869,,,-0.013612565445026203,,sha256:da6bd427b30a64af4d51b35a460b340df4357392521a7572b201122d1241f290,90c54e06be3d19143155f8244930003fd646c5ef32a0ee4bb22f177c9a01abea,8b4ab88bc21aaca167fa57e6b715893bc9ebdc581173b7787befd9aba9516451,sha256:5d87c842f212c25fef15bbb1d300fbbb5fafc98eb97fc37f01fcfbf2ce3453e8,sha256:39c3f62c162ab0fe10acb5bc2b0c17040b2744ecee5fb9d4dd08a2d12c78dfb2,results/basis_a5_unique_shared/qwen/unique_minus_shared/encoder/seame_dev_man/L04/unique_minus_shared_encoder_L4_oracle_local_rho0.5.json
qwen3_asr_1p7b,seame_dev_man,encoder,5,0.21739130434782608,unique_minus_shared,oracle_local,0.5,NOT_TESTED,0.2638743455497382,0.6868686868686869,0.7070707070707071,,0.9865410497981157,0,3,-3,0,3,,636,9022.246013641357,27.96945525115391,14.185921405096474,0.5071933392235524,0.21450252951096122,0.2712041884816754,0.6666666666666666,,,-0.007329842931937169,,sha256:55bdf6df78548a27c90fa2cb7557de753c9ed6ab46f9b486b8ab504f74f58fdb,90c54e06be3d19143155f8244930003fd646c5ef32a0ee4bb22f177c9a01abea,8b4ab88bc21aaca167fa57e6b715893bc9ebdc581173b7787befd9aba9516451,sha256:5d87c842f212c25fef15bbb1d300fbbb5fafc98eb97fc37f01fcfbf2ce3453e8,sha256:39c3f62c162ab0fe10acb5bc2b0c17040b2744ecee5fb9d4dd08a2d12c78dfb2,results/basis_a5_unique_shared/qwen/unique_minus_shared/encoder/seame_dev_man/L05/unique_minus_shared_encoder_L5_oracle_local_rho0.5.json
qwen3_asr_1p7b,seame_dev_man,encoder,6,0.2608695652173913,unique_minus_shared,oracle_local,0.5,NOT_TESTED,0.2680628272251309,0.6666666666666666,0.6868686868686869,,0.9878869448183042,0,1,-1,0,1,,636,9270.53588294983,28.622415902479638,14.576314281367656,0.5092621926475769,0.21450252951096122,0.2732984293193717,0.6868686868686869,,,-0.005235602094240788,,sha256:5896cb03cdfaa98848f06ed3adec07bfb4c7341651b6cfd3c38eeef03b806a8d,90c54e06be3d19143155f8244930003fd646c5ef32a0ee4bb22f177c9a01abea,8b4ab88bc21aaca167fa57e6b715893bc9ebdc581173b7787befd9aba9516451,sha256:5d87c842f212c25fef15bbb1d300fbbb5fafc98eb97fc37f01fcfbf2ce3453e8,sha256:39c3f62c162ab0fe10acb5bc2b0c17040b2744ecee5fb9d4dd08a2d12c78dfb2,results/basis_a5_unique_shared/qwen/unique_minus_shared/encoder/seame_dev_man/L06/unique_minus_shared_encoder_L6_oracle_local_rho0.5.json
qwen3_asr_1p7b,seame_dev_man,encoder,7,0.30434782608695654,unique_minus_shared,oracle_local,0.5,NOT_TESTED,0.2670157068062827,0.6767676767676768,0.696969696969697,,0.9851951547779273,0,2,-2,0,2,,636,9392.174659729004,29.01279507043227,14.767570219699692,0.5090019828785723,0.21450252951096122,0.2649214659685864,0.6767676767676768,,,0.002094240837696326,,sha256:760af1e4d46eae34e65ce39a86df2c8b42c22d35d3bfeb98ac12f93ac13cf9c6,90c54e06be3d19143155f8244930003fd646c5ef32a0ee4bb22f177c9a01abea,8b4ab88bc21aaca167fa57e6b715893bc9ebdc581173b7787befd9aba9516451,sha256:5d87c842f212c25fef15bbb1d300fbbb5fafc98eb97fc37f01fcfbf2ce3453e8,sha256:39c3f62c162ab0fe10acb5bc2b0c17040b2744ecee5fb9d4dd08a2d12c78dfb2,results/basis_a5_unique_shared/qwen/unique_minus_shared/encoder/seame_dev_man/L07/unique_minus_shared_encoder_L7_oracle_local_rho0.5.json
qwen3_asr_1p7b,seame_dev_man,encoder,8,0.34782608695652173,unique_minus_shared,oracle_local,0.5,NOT_TESTED,0.26910994764397905,0.6767676767676768,0.6868686868686869,,0.9851951547779273,0,2,-2,0,2,,636,9466.251499176025,29.50217450339839,14.884043237698153,0.5045066503821147,0.21450252951096122,0.2712041884816754,0.6767676767676768,,,-0.002094240837696326,,sha256:f372a8cfa639643b24869c871e12a5eee731195963e6272613990088007beab9,90c54e06be3d19143155f8244930003fd646c5ef32a0ee4bb22f177c9a01abea,8b4ab88bc21aaca167fa57e6b715893bc9ebdc581173b7787befd9aba9516451,sha256:5d87c842f212c25fef15bbb1d300fbbb5fafc98eb97fc37f01fcfbf2ce3453e8,sha256:39c3f62c162ab0fe10acb5bc2b0c17040b2744ecee5fb9d4dd08a2d12c78dfb2,results/basis_a5_unique_shared/qwen/unique_minus_shared/encoder/seame_dev_man/L08/unique_minus_shared_encoder_L8_oracle_local_rho0.5.json
qwen3_asr_1p7b,seame_dev_man,encoder,9,0.391304347826087,unique_minus_shared,oracle_local,0.5,NOT_TESTED,0.2628272251308901,0.6767676767676768,0.6868686868686869,,0.9919246298788694,0,2,-2,0,2,,636,9313.694717407227,28.69295550892188,14.644174083973626,0.5103752410385232,0.21450252951096122,0.2680628272251309,0.6666666666666666,,,-0.005235602094240843,,sha256:12cda4c222ac5812819f1ab3139cabb79848cd74f343bb55964d24839109d3b0,90c54e06be3d19143155f8244930003fd646c5ef32a0ee4bb22f177c9a01abea,8b4ab88bc21aaca167fa57e6b715893bc9ebdc581173b7787befd9aba9516451,sha256:5d87c842f212c25fef15bbb1d300fbbb5fafc98eb97fc37f01fcfbf2ce3453e8,sha256:39c3f62c162ab0fe10acb5bc2b0c17040b2744ecee5fb9d4dd08a2d12c78dfb2,results/basis_a5_unique_shared/qwen/unique_minus_shared/encoder/seame_dev_man/L09/unique_minus_shared_encoder_L9_oracle_local_rho0.5.json
qwen3_asr_1p7b,seame_dev_man,encoder,10,0.43478260869565216,unique_minus_shared,oracle_local,0.5,NOT_TESTED,0.2680628272251309,0.6666666666666666,0.6767676767676768,,0.9798115746971736,0,1,-1,0,1,,636,9608.605697631836,29.30181960339816,15.10787059376075,0.515594962983414,0.21450252951096122,0.26910994764397905,0.696969696969697,,,-0.0010471204188481353,,sha256:a151c2a0b2f2a97548f11b017f4b6ba67781669bafcd6d5015a5ee37eace6545,90c54e06be3d19143155f8244930003fd646c5ef32a0ee4bb22f177c9a01abea,8b4ab88bc21aaca167fa57e6b715893bc9ebdc581173b7787befd9aba9516451,sha256:5d87c842f212c25fef15bbb1d300fbbb5fafc98eb97fc37f01fcfbf2ce3453e8,sha256:39c3f62c162ab0fe10acb5bc2b0c17040b2744ecee5fb9d4dd08a2d12c78dfb2,results/basis_a5_unique_shared/qwen/unique_minus_shared/encoder/seame_dev_man/L10/unique_minus_shared_encoder_L10_oracle_local_rho0.5.json
qwen3_asr_1p7b,seame_dev_man,encoder,11,0.4782608695652174,unique_minus_shared,oracle_local,0.5,NOT_TESTED,0.26910994764397905,0.6868686868686869,0.696969696969697,,0.9825033647375505,0,3,-3,0,3,,636,9558.184909820557,29.19242551791593,15.02859262550402,0.5148113717471231,0.21450252951096122,0.2649214659685864,0.6666666666666666,,,0.004188481675392652,,sha256:2cab0f4e00d1b2206dfc3a25831d0244d5e5808c53ac98129f780557360f12c4,90c54e06be3d19143155f8244930003fd646c5ef32a0ee4bb22f177c9a01abea,8b4ab88bc21aaca167fa57e6b715893bc9ebdc581173b7787befd9aba9516451,sha256:5d87c842f212c25fef15bbb1d300fbbb5fafc98eb97fc37f01fcfbf2ce3453e8,sha256:39c3f62c162ab0fe10acb5bc2b0c17040b2744ecee5fb9d4dd08a2d12c78dfb2,results/basis_a5_unique_shared/qwen/unique_minus_shared/encoder/seame_dev_man/L11/unique_minus_shared_encoder_L11_oracle_local_rho0.5.json
qwen3_asr_1p7b,seame_dev_man,encoder,12,0.5217391304347826,unique_minus_shared,oracle_local,0.5,NOT_TESTED,0.2743455497382199,0.6767676767676768,0.696969696969697,,0.9784656796769852,0,2,-2,0,2,,636,9435.552719116211,28.677784038039874,14.835774715591526,0.5173263978804113,0.21450252951096122,0.27015706806282724,0.6868686868686869,,,0.004188481675392652,,sha256:a182f97f973e0d4d405250cbb1164fa7e7e05185ae8c1dd4a91e9e80ba5cd600,90c54e06be3d19143155f8244930003fd646c5ef32a0ee4bb22f177c9a01abea,8b4ab88bc21aaca167fa57e6b715893bc9ebdc581173b7787befd9aba9516451,sha256:5d87c842f212c25fef15bbb1d300fbbb5fafc98eb97fc37f01fcfbf2ce3453e8,sha256:39c3f62c162ab0fe10acb5bc2b0c17040b2744ecee5fb9d4dd08a2d12c78dfb2,results/basis_a5_unique_shared/qwen/unique_minus_shared/encoder/seame_dev_man/L12/unique_minus_shared_encoder_L12_oracle_local_rho0.5.json
qwen3_asr_1p7b,seame_dev_man,encoder,13,0.5652173913043478,unique_minus_shared,oracle_local,0.5,NOT_TESTED,0.26910994764397905,0.6868686868686869,0.696969696969697,,0.9892328398384926,0,3,-3,0,3,,636,9019.397344589233,27.409140682820254,14.181442365706342,0.5173982843831041,0.21450252951096122,0.26910994764397905,0.6767676767676768,,,0.0,,sha256:00addbb02a42893f19e0460707a889e73afb32eafc632976b04532c805fda17e,90c54e06be3d19143155f8244930003fd646c5ef32a0ee4bb22f177c9a01abea,8b4ab88bc21aaca167fa57e6b715893bc9ebdc581173b7787befd9aba9516451,sha256:5d87c842f212c25fef15bbb1d300fbbb5fafc98eb97fc37f01fcfbf2ce3453e8,sha256:39c3f62c162ab0fe10acb5bc2b0c17040b2744ecee5fb9d4dd08a2d12c78dfb2,results/basis_a5_unique_shared/qwen/unique_minus_shared/encoder/seame_dev_man/L13/unique_minus_shared_encoder_L13_oracle_local_rho0.5.json
qwen3_asr_1p7b,seame_dev_man,encoder,14,0.6086956521739131,unique_minus_shared,oracle_local,0.5,NOT_TESTED,0.27015706806282724,0.6565656565656566,0.6666666666666666,,0.9771197846567967,1,1,0,1,1,,636,9006.462223052979,27.415714575809503,14.161104124297136,0.5165323736187534,0.21450252951096122,0.2712041884816754,0.6868686868686869,,,-0.0010471204188481353,,sha256:f1f9f5d6981667800f42f079cf6a44f00c766316b6d95ab8df1169062a2cbb46,90c54e06be3d19143155f8244930003fd646c5ef32a0ee4bb22f177c9a01abea,8b4ab88bc21aaca167fa57e6b715893bc9ebdc581173b7787befd9aba9516451,sha256:5d87c842f212c25fef15bbb1d300fbbb5fafc98eb97fc37f01fcfbf2ce3453e8,sha256:39c3f62c162ab0fe10acb5bc2b0c17040b2744ecee5fb9d4dd08a2d12c78dfb2,results/basis_a5_unique_shared/qwen/unique_minus_shared/encoder/seame_dev_man/L14/unique_minus_shared_encoder_L14_oracle_local_rho0.5.json
qwen3_asr_1p7b,seame_dev_man,encoder,15,0.6521739130434783,unique_minus_shared,oracle_local,0.5,NOT_TESTED,0.26596858638743454,0.6666666666666666,0.6767676767676768,,0.9878869448183042,1,2,-1,1,2,,636,8741.724159240723,26.39504255138853,13.744849306982267,0.5207360162508702,0.21450252951096122,0.2680628272251309,0.6868686868686869,,,-0.0020942408376963817,,sha256:2ff1119d8ba00792cca6431c8d044b817cba7bcdd54342fdc2ca222169a53c5a,90c54e06be3d19143155f8244930003fd646c5ef32a0ee4bb22f177c9a01abea,8b4ab88bc21aaca167fa57e6b715893bc9ebdc581173b7787befd9aba9516451,sha256:5d87c842f212c25fef15bbb1d300fbbb5fafc98eb97fc37f01fcfbf2ce3453e8,sha256:39c3f62c162ab0fe10acb5bc2b0c17040b2744ecee5fb9d4dd08a2d12c78dfb2,results/basis_a5_unique_shared/qwen/unique_minus_shared/encoder/seame_dev_man/L15/unique_minus_shared_encoder_L15_oracle_local_rho0.5.json
qwen3_asr_1p7b,seame_dev_man,encoder,16,0.6956521739130435,unique_minus_shared,oracle_local,0.5,NOT_TESTED,0.2837696335078534,0.6868686868686869,0.696969696969697,,0.9771197846567967,1,4,-3,1,4,,636,8401.37106704712,25.334989349797087,13.209702935608679,0.5214015586596044,0.21450252951096122,0.2743455497382199,0.7070707070707071,,,0.009424083769633496,,sha256:1c60c0a2fc34db67235d6256d86f2e91c7611ecf50e931266a56bf555ca3f723,90c54e06be3d19143155f8244930003fd646c5ef32a0ee4bb22f177c9a01abea,8b4ab88bc21aaca167fa57e6b715893bc9ebdc581173b7787befd9aba9516451,sha256:5d87c842f212c25fef15bbb1d300fbbb5fafc98eb97fc37f01fcfbf2ce3453e8,sha256:39c3f62c162ab0fe10acb5bc2b0c17040b2744ecee5fb9d4dd08a2d12c78dfb2,results/basis_a5_unique_shared/qwen/unique_minus_shared/encoder/seame_dev_man/L16/unique_minus_shared_encoder_L16_oracle_local_rho0.5.json
qwen3_asr_1p7b,seame_dev_man,encoder,17,0.7391304347826086,unique_minus_shared,oracle_local,0.5,NOT_TESTED,0.26596858638743454,0.6666666666666666,0.6868686868686869,,0.990578734858681,0,1,-1,0,1,,636,8469.413990020752,25.790577582593233,13.316688663554642,0.5163392956558848,0.21450252951096122,0.2628272251308901,0.6767676767676768,,,0.0031413612565444615,,sha256:10cc2526bc0d54109b4d36d726fb91c11c688ed15d0ed1751fd46499078ec38d,90c54e06be3d19143155f8244930003fd646c5ef32a0ee4bb22f177c9a01abea,8b4ab88bc21aaca167fa57e6b715893bc9ebdc581173b7787befd9aba9516451,sha256:5d87c842f212c25fef15bbb1d300fbbb5fafc98eb97fc37f01fcfbf2ce3453e8,sha256:39c3f62c162ab0fe10acb5bc2b0c17040b2744ecee5fb9d4dd08a2d12c78dfb2,results/basis_a5_unique_shared/qwen/unique_minus_shared/encoder/seame_dev_man/L17/unique_minus_shared_encoder_L17_oracle_local_rho0.5.json
qwen3_asr_1p7b,seame_dev_man,encoder,18,0.782608695652174,unique_minus_shared,oracle_local,0.5,NOT_TESTED,0.2743455497382199,0.6767676767676768,0.6868686868686869,,0.9892328398384926,0,2,-2,0,2,,636,8318.246215820312,25.273110641623443,13.079003483994201,0.5175066761451118,0.21450252951096122,0.26596858638743454,0.6868686868686869,,,0.00837696335078536,,sha256:0133b3c9e097d5c7da6ed5b9c1b3c0d02f3222cd1d990cc9bdaa364fef04eca4,90c54e06be3d19143155f8244930003fd646c5ef32a0ee4bb22f177c9a01abea,8b4ab88bc21aaca167fa57e6b715893bc9ebdc581173b7787befd9aba9516451,sha256:5d87c842f212c25fef15bbb1d300fbbb5fafc98eb97fc37f01fcfbf2ce3453e8,sha256:39c3f62c162ab0fe10acb5bc2b0c17040b2744ecee5fb9d4dd08a2d12c78dfb2,results/basis_a5_unique_shared/qwen/unique_minus_shared/encoder/seame_dev_man/L18/unique_minus_shared_encoder_L18_oracle_local_rho0.5.json
qwen3_asr_1p7b,seame_dev_man,encoder,19,0.8260869565217391,unique_minus_shared,oracle_local,0.5,NOT_TESTED,0.2670157068062827,0.6868686868686869,0.696969696969697,,0.9946164199192463,0,3,-3,0,3,,636,8423.965061187744,25.47480479426354,13.245228083628529,0.5199344289621843,0.21450252951096122,0.2628272251308901,0.6565656565656566,,,0.004188481675392652,,sha256:ecb9a1f2f792820660bcd9bdf3fca0348faa080a73fdcd0a60f451362a97b80a,90c54e06be3d19143155f8244930003fd646c5ef32a0ee4bb22f177c9a01abea,8b4ab88bc21aaca167fa57e6b715893bc9ebdc581173b7787befd9aba9516451,sha256:5d87c842f212c25fef15bbb1d300fbbb5fafc98eb97fc37f01fcfbf2ce3453e8,sha256:39c3f62c162ab0fe10acb5bc2b0c17040b2744ecee5fb9d4dd08a2d12c78dfb2,results/basis_a5_unique_shared/qwen/unique_minus_shared/encoder/seame_dev_man/L19/unique_minus_shared_encoder_L19_oracle_local_rho0.5.json
qwen3_asr_1p7b,seame_dev_man,encoder,20,0.8695652173913043,unique_minus_shared,oracle_local,0.5,NOT_TESTED,0.26596858638743454,0.6565656565656566,0.6666666666666666,,0.9892328398384926,0,0,0,0,0,,636,8948.491386413574,27.439183037236052,14.069955010084236,0.5127687289738456,0.21450252951096122,0.2607329842931937,0.6767676767676768,,,0.005235602094240843,,sha256:f48d490d6adf3125096f5a704b27899e5acfe97c4755e3542cc174578856c8f4,90c54e06be3d19143155f8244930003fd646c5ef32a0ee4bb22f177c9a01abea,8b4ab88bc21aaca167fa57e6b715893bc9ebdc581173b7787befd9aba9516451,sha256:5d87c842f212c25fef15bbb1d300fbbb5fafc98eb97fc37f01fcfbf2ce3453e8,sha256:39c3f62c162ab0fe10acb5bc2b0c17040b2744ecee5fb9d4dd08a2d12c78dfb2,results/basis_a5_unique_shared/qwen/unique_minus_shared/encoder/seame_dev_man/L20/unique_minus_shared_encoder_L20_oracle_local_rho0.5.json
qwen3_asr_1p7b,seame_dev_man,encoder,21,0.9130434782608695,unique_minus_shared,oracle_local,0.5,NOT_TESTED,0.25968586387434556,0.6666666666666666,0.6767676767676768,,0.9986541049798116,0,1,-1,0,1,,636,9036.891242980957,27.971159317208535,14.208948495253077,0.5079856839008953,0.21450252951096122,0.2638743455497382,0.6868686868686869,,,-0.004188481675392652,,sha256:42dda64aa6f225f58a8ec1f693ed2ee2f8b462581057ffc12ed0fcb64b07dcdb,90c54e06be3d19143155f8244930003fd646c5ef32a0ee4bb22f177c9a01abea,8b4ab88bc21aaca167fa57e6b715893bc9ebdc581173b7787befd9aba9516451,sha256:5d87c842f212c25fef15bbb1d300fbbb5fafc98eb97fc37f01fcfbf2ce3453e8,sha256:39c3f62c162ab0fe10acb5bc2b0c17040b2744ecee5fb9d4dd08a2d12c78dfb2,results/basis_a5_unique_shared/qwen/unique_minus_shared/encoder/seame_dev_man/L21/unique_minus_shared_encoder_L21_oracle_local_rho0.5.json
qwen3_asr_1p7b,seame_dev_man,encoder,22,0.9565217391304348,unique_minus_shared,oracle_local,0.5,NOT_TESTED,0.2617801047120419,0.6565656565656566,0.6666666666666666,,0.9973082099596231,0,0,0,0,0,,636,9466.455387115479,29.547551317035026,14.884363816219306,0.5037427181872102,0.21450252951096122,0.2638743455497382,0.6666666666666666,,,-0.002094240837696326,,sha256:6625bb03ef32fb12940cfcf2bf2a0a06ac19ef908cc3e2529a77be7057d49a0c,90c54e06be3d19143155f8244930003fd646c5ef32a0ee4bb22f177c9a01abea,8b4ab88bc21aaca167fa57e6b715893bc9ebdc581173b7787befd9aba9516451,sha256:5d87c842f212c25fef15bbb1d300fbbb5fafc98eb97fc37f01fcfbf2ce3453e8,sha256:39c3f62c162ab0fe10acb5bc2b0c17040b2744ecee5fb9d4dd08a2d12c78dfb2,results/basis_a5_unique_shared/qwen/unique_minus_shared/encoder/seame_dev_man/L22/unique_minus_shared_encoder_L22_oracle_local_rho0.5.json
qwen3_asr_1p7b,seame_dev_man,encoder,23,1.0,unique_minus_shared,oracle_local,0.5,NOT_TESTED,0.26910994764397905,0.6666666666666666,0.6767676767676768,,0.9932705248990579,0,1,-1,0,1,,636,11540.977611541748,37.606087282768584,18.146191213115955,0.48253334830264805,0.21450252951096122,0.2680628272251309,0.696969696969697,,,0.0010471204188481353,,sha256:97597814e49f6d1d78c8734222fa447040f670f52deb347ba83679f49f636d77,90c54e06be3d19143155f8244930003fd646c5ef32a0ee4bb22f177c9a01abea,8b4ab88bc21aaca167fa57e6b715893bc9ebdc581173b7787befd9aba9516451,sha256:5d87c842f212c25fef15bbb1d300fbbb5fafc98eb97fc37f01fcfbf2ce3453e8,sha256:39c3f62c162ab0fe10acb5bc2b0c17040b2744ecee5fb9d4dd08a2d12c78dfb2,results/basis_a5_unique_shared/qwen/unique_minus_shared/encoder/seame_dev_man/L23/unique_minus_shared_encoder_L23_oracle_local_rho0.5.json
qwen3_asr_1p7b,seame_dev_sge,encoder,0,0.0,unique_minus_shared,oracle_local,0.5,NOT_TESTED,0.25891829689298046,0.7727272727272727,0.8068181818181818,,0.9970059880239521,0,0,0,0,0,,582,7058.764636993408,24.5540740416222,12.128461575590048,0.49394905118518423,0.22761048103245993,0.2773302646720368,0.7840909090909091,,,-0.01841196777905635,,sha256:cd1684e46075471f12e7a53de4006ffde2400156f9b84447406b4c4e6ad04af2,ad094de2d46740670176cedef56225306d00052a070380541fe2fbab4fcdacfd,8b4ab88bc21aaca167fa57e6b715893bc9ebdc581173b7787befd9aba9516451,sha256:5d87c842f212c25fef15bbb1d300fbbb5fafc98eb97fc37f01fcfbf2ce3453e8,sha256:39c3f62c162ab0fe10acb5bc2b0c17040b2744ecee5fb9d4dd08a2d12c78dfb2,results/basis_a5_unique_shared/qwen/unique_minus_shared/encoder/seame_dev_sge/L00/unique_minus_shared_encoder_L0_oracle_local_rho0.5.json
qwen3_asr_1p7b,seame_dev_sge,encoder,1,0.043478260869565216,unique_minus_shared,oracle_local,0.5,NOT_TESTED,0.26352128883774456,0.7840909090909091,0.8181818181818182,,0.9955089820359282,0,1,-1,0,1,,582,7218.734565734863,24.799156385598724,12.403323996108012,0.5001510455940681,0.22761048103245993,0.27502876869965476,0.7954545454545454,,,-0.011507479861910197,,sha256:5766b0c7c9c36dfcb37182040e3cc346d9c784d16bd3f76f0c7bccfb110f249c,ad094de2d46740670176cedef56225306d00052a070380541fe2fbab4fcdacfd,8b4ab88bc21aaca167fa57e6b715893bc9ebdc581173b7787befd9aba9516451,sha256:5d87c842f212c25fef15bbb1d300fbbb5fafc98eb97fc37f01fcfbf2ce3453e8,sha256:39c3f62c162ab0fe10acb5bc2b0c17040b2744ecee5fb9d4dd08a2d12c78dfb2,results/basis_a5_unique_shared/qwen/unique_minus_shared/encoder/seame_dev_sge/L01/unique_minus_shared_encoder_L1_oracle_local_rho0.5.json
qwen3_asr_1p7b,seame_dev_sge,encoder,2,0.08695652173913043,unique_minus_shared,oracle_local,0.5,NOT_TESTED,0.2715765247410817,0.7613636363636364,0.7954545454545454,,0.9880239520958084,1,0,1,1,0,,582,7229.190029144287,24.488499356299332,12.42128870986991,0.5072294765450666,0.22761048103245993,0.2669735327963176,0.7727272727272727,,,0.004602991944764101,,sha256:2c51d35e08464105d193d65056db3646fdc0f9be967251b511ae5b8f804e6453,ad094de2d46740670176cedef56225306d00052a070380541fe2fbab4fcdacfd,8b4ab88bc21aaca167fa57e6b715893bc9ebdc581173b7787befd9aba9516451,sha256:5d87c842f212c25fef15bbb1d300fbbb5fafc98eb97fc37f01fcfbf2ce3453e8,sha256:39c3f62c162ab0fe10acb5bc2b0c17040b2744ecee5fb9d4dd08a2d12c78dfb2,results/basis_a5_unique_shared/qwen/unique_minus_shared/encoder/seame_dev_sge/L02/unique_minus_shared_encoder_L2_oracle_local_rho0.5.json
qwen3_asr_1p7b,seame_dev_sge,encoder,3,0.13043478260869565,unique_minus_shared,oracle_local,0.5,NOT_TESTED,0.27502876869965476,0.7727272727272727,0.8068181818181818,,0.9940119760479041,1,1,0,1,1,,582,7481.158065795898,25.644627771017067,12.854223480748967,0.5012442994113759,0.22761048103245993,0.27042577675489066,0.7840909090909091,,,0.004602991944764101,,sha256:340b7880058e16b61c77c667f84bd6737655a6058a4c8c39b578eece685145e0,ad094de2d46740670176cedef56225306d00052a070380541fe2fbab4fcdacfd,8b4ab88bc21aaca167fa57e6b715893bc9ebdc581173b7787befd9aba9516451,sha256:5d87c842f212c25fef15bbb1d300fbbb5fafc98eb97fc37f01fcfbf2ce3453e8,sha256:39c3f62c162ab0fe10acb5bc2b0c17040b2744ecee5fb9d4dd08a2d12c78dfb2,results/basis_a5_unique_shared/qwen/unique_minus_shared/encoder/seame_dev_sge/L03/unique_minus_shared_encoder_L3_oracle_local_rho0.5.json
qwen3_asr_1p7b,seame_dev_sge,encoder,4,0.17391304347826086,unique_minus_shared,oracle_local,0.5,NOT_TESTED,0.2807825086306099,0.7727272727272727,0.8068181818181818,,0.9850299401197605,1,1,0,1,1,,582,8074.718185424805,27.13702549885229,13.874086229252242,0.5112603896045652,0.22761048103245993,0.27042577675489066,0.7840909090909091,,,0.010356731875719227,,sha256:da6bd427b30a64af4d51b35a460b340df4357392521a7572b201122d1241f290,ad094de2d46740670176cedef56225306d00052a070380541fe2fbab4fcdacfd,8b4ab88bc21aaca167fa57e6b715893bc9ebdc581173b7787befd9aba9516451,sha256:5d87c842f212c25fef15bbb1d300fbbb5fafc98eb97fc37f01fcfbf2ce3453e8,sha256:39c3f62c162ab0fe10acb5bc2b0c17040b2744ecee5fb9d4dd08a2d12c78dfb2,results/basis_a5_unique_shared/qwen/unique_minus_shared/encoder/seame_dev_sge/L04/unique_minus_shared_encoder_L4_oracle_local_rho0.5.json
qwen3_asr_1p7b,seame_dev_sge,encoder,5,0.21739130434782608,unique_minus_shared,oracle_local,0.5,NOT_TESTED,0.2761795166858458,0.7954545454545454,0.8295454545454546,,0.9880239520958084,0,2,-2,0,2,,582,8254.010875701904,28.075374917885693,14.182149270965471,0.5051454989450771,0.22761048103245993,0.2761795166858458,0.7727272727272727,,,0.0,,sha256:55bdf6df78548a27c90fa2cb7557de753c9ed6ab46f9b486b8ab504f74f58fdb,ad094de2d46740670176cedef56225306d00052a070380541fe2fbab4fcdacfd,8b4ab88bc21aaca167fa57e6b715893bc9ebdc581173b7787befd9aba9516451,sha256:5d87c842f212c25fef15bbb1d300fbbb5fafc98eb97fc37f01fcfbf2ce3453e8,sha256:39c3f62c162ab0fe10acb5bc2b0c17040b2744ecee5fb9d4dd08a2d12c78dfb2,results/basis_a5_unique_shared/qwen/unique_minus_shared/encoder/seame_dev_sge/L05/unique_minus_shared_encoder_L5_oracle_local_rho0.5.json
qwen3_asr_1p7b,seame_dev_sge,encoder,6,0.2608695652173913,unique_minus_shared,oracle_local,0.5,NOT_TESTED,0.2761795166858458,0.7954545454545454,0.8295454545454546,,0.9925149700598802,0,2,-2,0,2,,582,8486.426692962646,28.60777533095317,14.58148916316606,0.5097037079772195,0.22761048103245993,0.27502876869965476,0.7954545454545454,,,0.0011507479861910253,,sha256:5896cb03cdfaa98848f06ed3adec07bfb4c7341651b6cfd3c38eeef03b806a8d,ad094de2d46740670176cedef56225306d00052a070380541fe2fbab4fcdacfd,8b4ab88bc21aaca167fa57e6b715893bc9ebdc581173b7787befd9aba9516451,sha256:5d87c842f212c25fef15bbb1d300fbbb5fafc98eb97fc37f01fcfbf2ce3453e8,sha256:39c3f62c162ab0fe10acb5bc2b0c17040b2744ecee5fb9d4dd08a2d12c78dfb2,results/basis_a5_unique_shared/qwen/unique_minus_shared/encoder/seame_dev_sge/L06/unique_minus_shared_encoder_L6_oracle_local_rho0.5.json
qwen3_asr_1p7b,seame_dev_sge,encoder,7,0.30434782608695654,unique_minus_shared,oracle_local,0.5,NOT_TESTED,0.27848101265822783,0.8068181818181818,0.8409090909090909,,0.9925149700598802,0,3,-3,0,3,,582,8598.624828338623,28.971347258263027,14.774269464499353,0.5099614226703084,0.22761048103245993,0.27963176064441886,0.8181818181818182,,,-0.0011507479861910253,,sha256:760af1e4d46eae34e65ce39a86df2c8b42c22d35d3bfeb98ac12f93ac13cf9c6,ad094de2d46740670176cedef56225306d00052a070380541fe2fbab4fcdacfd,8b4ab88bc21aaca167fa57e6b715893bc9ebdc581173b7787befd9aba9516451,sha256:5d87c842f212c25fef15bbb1d300fbbb5fafc98eb97fc37f01fcfbf2ce3453e8,sha256:39c3f62c162ab0fe10acb5bc2b0c17040b2744ecee5fb9d4dd08a2d12c78dfb2,results/basis_a5_unique_shared/qwen/unique_minus_shared/encoder/seame_dev_sge/L07/unique_minus_shared_encoder_L7_oracle_local_rho0.5.json
qwen3_asr_1p7b,seame_dev_sge,encoder,8,0.34782608695652173,unique_minus_shared,oracle_local,0.5,NOT_TESTED,0.27042577675489066,0.7727272727272727,0.8068181818181818,,0.9970059880239521,1,1,0,1,1,,582,8659.632827758789,29.476447967319555,14.879094205771116,0.5047790772574606,0.22761048103245993,0.27042577675489066,0.7840909090909091,,,0.0,,sha256:f372a8cfa639643b24869c871e12a5eee731195963e6272613990088007beab9,ad094de2d46740670176cedef56225306d00052a070380541fe2fbab4fcdacfd,8b4ab88bc21aaca167fa57e6b715893bc9ebdc581173b7787befd9aba9516451,sha256:5d87c842f212c25fef15bbb1d300fbbb5fafc98eb97fc37f01fcfbf2ce3453e8,sha256:39c3f62c162ab0fe10acb5bc2b0c17040b2744ecee5fb9d4dd08a2d12c78dfb2,results/basis_a5_unique_shared/qwen/unique_minus_shared/encoder/seame_dev_sge/L08/unique_minus_shared_encoder_L8_oracle_local_rho0.5.json
qwen3_asr_1p7b,seame_dev_sge,encoder,9,0.391304347826087,unique_minus_shared,oracle_local,0.5,NOT_TESTED,0.28883774453394706,0.8181818181818182,0.8522727272727273,,0.9850299401197605,0,4,-4,0,4,,582,8518.921291351318,28.74797843330095,14.637321806445565,0.509160038519093,0.22761048103245993,0.27848101265822783,0.7954545454545454,,,0.010356731875719227,,sha256:12cda4c222ac5812819f1ab3139cabb79848cd74f343bb55964d24839109d3b0,ad094de2d46740670176cedef56225306d00052a070380541fe2fbab4fcdacfd,8b4ab88bc21aaca167fa57e6b715893bc9ebdc581173b7787befd9aba9516451,sha256:5d87c842f212c25fef15bbb1d300fbbb5fafc98eb97fc37f01fcfbf2ce3453e8,sha256:39c3f62c162ab0fe10acb5bc2b0c17040b2744ecee5fb9d4dd08a2d12c78dfb2,results/basis_a5_unique_shared/qwen/unique_minus_shared/encoder/seame_dev_sge/L09/unique_minus_shared_encoder_L9_oracle_local_rho0.5.json
qwen3_asr_1p7b,seame_dev_sge,encoder,10,0.43478260869565216,unique_minus_shared,oracle_local,0.5,NOT_TESTED,0.26927502876869963,0.7840909090909091,0.8181818181818182,,0.9970059880239521,1,2,-1,1,2,,582,8789.61079788208,29.234484721704856,15.10242405134378,0.5165962114643031,0.22761048103245993,0.27502876869965476,0.7954545454545454,,,-0.005753739930955126,,sha256:a151c2a0b2f2a97548f11b017f4b6ba67781669bafcd6d5015a5ee37eace6545,ad094de2d46740670176cedef56225306d00052a070380541fe2fbab4fcdacfd,8b4ab88bc21aaca167fa57e6b715893bc9ebdc581173b7787befd9aba9516451,sha256:5d87c842f212c25fef15bbb1d300fbbb5fafc98eb97fc37f01fcfbf2ce3453e8,sha256:39c3f62c162ab0fe10acb5bc2b0c17040b2744ecee5fb9d4dd08a2d12c78dfb2,results/basis_a5_unique_shared/qwen/unique_minus_shared/encoder/seame_dev_sge/L10/unique_minus_shared_encoder_L10_oracle_local_rho0.5.json
qwen3_asr_1p7b,seame_dev_sge,encoder,11,0.4782608695652174,unique_minus_shared,oracle_local,0.5,NOT_TESTED,0.27963176064441886,0.7727272727272727,0.8068181818181818,,0.9850299401197605,2,2,0,2,2,,582,8744.235900878906,29.25338690059701,15.024460310788498,0.5135972925747574,0.22761048103245993,0.27963176064441886,0.7840909090909091,,,0.0,,sha256:2cab0f4e00d1b2206dfc3a25831d0244d5e5808c53ac98129f780557360f12c4,ad094de2d46740670176cedef56225306d00052a070380541fe2fbab4fcdacfd,8b4ab88bc21aaca167fa57e6b715893bc9ebdc581173b7787befd9aba9516451,sha256:5d87c842f212c25fef15bbb1d300fbbb5fafc98eb97fc37f01fcfbf2ce3453e8,sha256:39c3f62c162ab0fe10acb5bc2b0c17040b2744ecee5fb9d4dd08a2d12c78dfb2,results/basis_a5_unique_shared/qwen/unique_minus_shared/encoder/seame_dev_sge/L11/unique_minus_shared_encoder_L11_oracle_local_rho0.5.json
qwen3_asr_1p7b,seame_dev_sge,encoder,12,0.5217391304347826,unique_minus_shared,oracle_local,0.5,NOT_TESTED,0.27963176064441886,0.7954545454545454,0.8295454545454546,,0.9835329341317365,1,3,-2,1,3,,582,8635.609645843506,28.82967958745268,14.837817260899495,0.5146715979235941,0.22761048103245993,0.2899884925201381,0.8181818181818182,,,-0.010356731875719227,,sha256:a182f97f973e0d4d405250cbb1164fa7e7e05185ae8c1dd4a91e9e80ba5cd600,ad094de2d46740670176cedef56225306d00052a070380541fe2fbab4fcdacfd,8b4ab88bc21aaca167fa57e6b715893bc9ebdc581173b7787befd9aba9516451,sha256:5d87c842f212c25fef15bbb1d300fbbb5fafc98eb97fc37f01fcfbf2ce3453e8,sha256:39c3f62c162ab0fe10acb5bc2b0c17040b2744ecee5fb9d4dd08a2d12c78dfb2,results/basis_a5_unique_shared/qwen/unique_minus_shared/encoder/seame_dev_sge/L12/unique_minus_shared_encoder_L12_oracle_local_rho0.5.json
qwen3_asr_1p7b,seame_dev_sge,encoder,13,0.5652173913043478,unique_minus_shared,oracle_local,0.5,NOT_TESTED,0.27963176064441886,0.8068181818181818,0.8409090909090909,,0.9880239520958084,2,5,-3,2,5,,582,8252.987545013428,27.488596886703647,14.18039097081345,0.515864488437115,0.22761048103245993,0.28883774453394706,0.8522727272727273,,,-0.009205983889528202,,sha256:00addbb02a42893f19e0460707a889e73afb32eafc632976b04532c805fda17e,ad094de2d46740670176cedef56225306d00052a070380541fe2fbab4fcdacfd,8b4ab88bc21aaca167fa57e6b715893bc9ebdc581173b7787befd9aba9516451,sha256:5d87c842f212c25fef15bbb1d300fbbb5fafc98eb97fc37f01fcfbf2ce3453e8,sha256:39c3f62c162ab0fe10acb5bc2b0c17040b2744ecee5fb9d4dd08a2d12c78dfb2,results/basis_a5_unique_shared/qwen/unique_minus_shared/encoder/seame_dev_sge/L13/unique_minus_shared_encoder_L13_oracle_local_rho0.5.json
qwen3_asr_1p7b,seame_dev_sge,encoder,14,0.6086956521739131,unique_minus_shared,oracle_local,0.5,NOT_TESTED,0.2819332566168009,0.7840909090909091,0.8181818181818182,,0.9805389221556886,1,2,-1,1,2,,582,8240.31725692749,27.496280303116105,14.158620716370258,0.5149285852590645,0.22761048103245993,0.285385500575374,0.8522727272727273,,,-0.0034522439585730758,,sha256:f1f9f5d6981667800f42f079cf6a44f00c766316b6d95ab8df1169062a2cbb46,ad094de2d46740670176cedef56225306d00052a070380541fe2fbab4fcdacfd,8b4ab88bc21aaca167fa57e6b715893bc9ebdc581173b7787befd9aba9516451,sha256:5d87c842f212c25fef15bbb1d300fbbb5fafc98eb97fc37f01fcfbf2ce3453e8,sha256:39c3f62c162ab0fe10acb5bc2b0c17040b2744ecee5fb9d4dd08a2d12c78dfb2,results/basis_a5_unique_shared/qwen/unique_minus_shared/encoder/seame_dev_sge/L14/unique_minus_shared_encoder_L14_oracle_local_rho0.5.json
qwen3_asr_1p7b,seame_dev_sge,encoder,15,0.6521739130434783,unique_minus_shared,oracle_local,0.5,NOT_TESTED,0.27387802071346373,0.7840909090909091,0.8181818181818182,,0.9880239520958084,1,2,-1,1,2,,582,7993.935905456543,26.626675674595784,13.735285060921894,0.5158467857114652,0.22761048103245993,0.28768699654775604,0.8295454545454546,,,-0.013808975834292303,,sha256:2ff1119d8ba00792cca6431c8d044b817cba7bcdd54342fdc2ca222169a53c5a,ad094de2d46740670176cedef56225306d00052a070380541fe2fbab4fcdacfd,8b4ab88bc21aaca167fa57e6b715893bc9ebdc581173b7787befd9aba9516451,sha256:5d87c842f212c25fef15bbb1d300fbbb5fafc98eb97fc37f01fcfbf2ce3453e8,sha256:39c3f62c162ab0fe10acb5bc2b0c17040b2744ecee5fb9d4dd08a2d12c78dfb2,results/basis_a5_unique_shared/qwen/unique_minus_shared/encoder/seame_dev_sge/L15/unique_minus_shared_encoder_L15_oracle_local_rho0.5.json
qwen3_asr_1p7b,seame_dev_sge,encoder,16,0.6956521739130435,unique_minus_shared,oracle_local,0.5,NOT_TESTED,0.2715765247410817,0.7727272727272727,0.8068181818181818,,0.9910179640718563,2,2,0,2,2,,582,7681.425861358643,25.706766344837305,13.19832622226571,0.5134183757388969,0.22761048103245993,0.2899884925201381,0.8863636363636364,,,-0.018411967779056404,,sha256:1c60c0a2fc34db67235d6256d86f2e91c7611ecf50e931266a56bf555ca3f723,ad094de2d46740670176cedef56225306d00052a070380541fe2fbab4fcdacfd,8b4ab88bc21aaca167fa57e6b715893bc9ebdc581173b7787befd9aba9516451,sha256:5d87c842f212c25fef15bbb1d300fbbb5fafc98eb97fc37f01fcfbf2ce3453e8,sha256:39c3f62c162ab0fe10acb5bc2b0c17040b2744ecee5fb9d4dd08a2d12c78dfb2,results/basis_a5_unique_shared/qwen/unique_minus_shared/encoder/seame_dev_sge/L16/unique_minus_shared_encoder_L16_oracle_local_rho0.5.json
qwen3_asr_1p7b,seame_dev_sge,encoder,17,0.7391304347826086,unique_minus_shared,oracle_local,0.5,NOT_TESTED,0.2761795166858458,0.7840909090909091,0.8181818181818182,,0.9925149700598802,1,2,-1,1,2,,582,7748.947521209717,26.035411139943754,13.314342819947967,0.5113936072828512,0.22761048103245993,0.2727272727272727,0.8295454545454546,,,0.0034522439585730758,,sha256:10cc2526bc0d54109b4d36d726fb91c11c688ed15d0ed1751fd46499078ec38d,ad094de2d46740670176cedef56225306d00052a070380541fe2fbab4fcdacfd,8b4ab88bc21aaca167fa57e6b715893bc9ebdc581173b7787befd9aba9516451,sha256:5d87c842f212c25fef15bbb1d300fbbb5fafc98eb97fc37f01fcfbf2ce3453e8,sha256:39c3f62c162ab0fe10acb5bc2b0c17040b2744ecee5fb9d4dd08a2d12c78dfb2,results/basis_a5_unique_shared/qwen/unique_minus_shared/encoder/seame_dev_sge/L17/unique_minus_shared_encoder_L17_oracle_local_rho0.5.json
qwen3_asr_1p7b,seame_dev_sge,encoder,18,0.782608695652174,unique_minus_shared,oracle_local,0.5,NOT_TESTED,0.26927502876869963,0.7727272727272727,0.8068181818181818,,0.9940119760479041,2,2,0,2,2,,582,7608.149570465088,25.490495806297485,13.072421942379876,0.5128351383086988,0.22761048103245993,0.27848101265822783,0.7840909090909091,,,-0.009205983889528202,,sha256:0133b3c9e097d5c7da6ed5b9c1b3c0d02f3222cd1d990cc9bdaa364fef04eca4,ad094de2d46740670176cedef56225306d00052a070380541fe2fbab4fcdacfd,8b4ab88bc21aaca167fa57e6b715893bc9ebdc581173b7787befd9aba9516451,sha256:5d87c842f212c25fef15bbb1d300fbbb5fafc98eb97fc37f01fcfbf2ce3453e8,sha256:39c3f62c162ab0fe10acb5bc2b0c17040b2744ecee5fb9d4dd08a2d12c78dfb2,results/basis_a5_unique_shared/qwen/unique_minus_shared/encoder/seame_dev_sge/L18/unique_minus_shared_encoder_L18_oracle_local_rho0.5.json
qwen3_asr_1p7b,seame_dev_sge,encoder,19,0.8260869565217391,unique_minus_shared,oracle_local,0.5,NOT_TESTED,0.2715765247410817,0.7727272727272727,0.8068181818181818,,0.9940119760479041,1,1,0,1,1,,582,7708.8889083862305,25.68058716554412,13.245513588292493,0.5157792344430551,0.22761048103245993,0.2715765247410817,0.7613636363636364,,,0.0,,sha256:ecb9a1f2f792820660bcd9bdf3fca0348faa080a73fdcd0a60f451362a97b80a,ad094de2d46740670176cedef56225306d00052a070380541fe2fbab4fcdacfd,8b4ab88bc21aaca167fa57e6b715893bc9ebdc581173b7787befd9aba9516451,sha256:5d87c842f212c25fef15bbb1d300fbbb5fafc98eb97fc37f01fcfbf2ce3453e8,sha256:39c3f62c162ab0fe10acb5bc2b0c17040b2744ecee5fb9d4dd08a2d12c78dfb2,results/basis_a5_unique_shared/qwen/unique_minus_shared/encoder/seame_dev_sge/L19/unique_minus_shared_encoder_L19_oracle_local_rho0.5.json
qwen3_asr_1p7b,seame_dev_sge,encoder,20,0.8695652173913043,unique_minus_shared,oracle_local,0.5,NOT_TESTED,0.27502876869965476,0.7954545454545454,0.8295454545454546,,0.9940119760479041,0,2,-2,0,2,,582,8184.663108825684,27.58303264080454,14.062995032346535,0.5098422358222735,0.22761048103245993,0.2727272727272727,0.7613636363636364,,,0.0023014959723820505,,sha256:f48d490d6adf3125096f5a704b27899e5acfe97c4755e3542cc174578856c8f4,ad094de2d46740670176cedef56225306d00052a070380541fe2fbab4fcdacfd,8b4ab88bc21aaca167fa57e6b715893bc9ebdc581173b7787befd9aba9516451,sha256:5d87c842f212c25fef15bbb1d300fbbb5fafc98eb97fc37f01fcfbf2ce3453e8,sha256:39c3f62c162ab0fe10acb5bc2b0c17040b2744ecee5fb9d4dd08a2d12c78dfb2,results/basis_a5_unique_shared/qwen/unique_minus_shared/encoder/seame_dev_sge/L20/unique_minus_shared_encoder_L20_oracle_local_rho0.5.json
qwen3_asr_1p7b,seame_dev_sge,encoder,21,0.9130434782608695,unique_minus_shared,oracle_local,0.5,NOT_TESTED,0.2715765247410817,0.7840909090909091,0.8181818181818182,,0.9955089820359282,1,2,-1,1,2,,582,8269.743766784668,28.082085049029477,14.209181729870563,0.5059874188495002,0.22761048103245993,0.27387802071346373,0.7840909090909091,,,-0.0023014959723820505,,sha256:42dda64aa6f225f58a8ec1f693ed2ee2f8b462581057ffc12ed0fcb64b07dcdb,ad094de2d46740670176cedef56225306d00052a070380541fe2fbab4fcdacfd,8b4ab88bc21aaca167fa57e6b715893bc9ebdc581173b7787befd9aba9516451,sha256:5d87c842f212c25fef15bbb1d300fbbb5fafc98eb97fc37f01fcfbf2ce3453e8,sha256:39c3f62c162ab0fe10acb5bc2b0c17040b2744ecee5fb9d4dd08a2d12c78dfb2,results/basis_a5_unique_shared/qwen/unique_minus_shared/encoder/seame_dev_sge/L21/unique_minus_shared_encoder_L21_oracle_local_rho0.5.json
qwen3_asr_1p7b,seame_dev_sge,encoder,22,0.9565217391304348,unique_minus_shared,oracle_local,0.5,NOT_TESTED,0.27502876869965476,0.7840909090909091,0.8181818181818182,,0.9925149700598802,0,1,-1,0,1,,582,8667.889060974121,29.47742664035653,14.893280173495054,0.5052435667198023,0.22761048103245993,0.2761795166858458,0.7840909090909091,,,-0.0011507479861910253,,sha256:6625bb03ef32fb12940cfcf2bf2a0a06ac19ef908cc3e2529a77be7057d49a0c,ad094de2d46740670176cedef56225306d00052a070380541fe2fbab4fcdacfd,8b4ab88bc21aaca167fa57e6b715893bc9ebdc581173b7787befd9aba9516451,sha256:5d87c842f212c25fef15bbb1d300fbbb5fafc98eb97fc37f01fcfbf2ce3453e8,sha256:39c3f62c162ab0fe10acb5bc2b0c17040b2744ecee5fb9d4dd08a2d12c78dfb2,results/basis_a5_unique_shared/qwen/unique_minus_shared/encoder/seame_dev_sge/L22/unique_minus_shared_encoder_L22_oracle_local_rho0.5.json
qwen3_asr_1p7b,seame_dev_sge,encoder,23,1.0,unique_minus_shared,oracle_local,0.5,NOT_TESTED,0.27387802071346373,0.7954545454545454,0.8295454545454546,,0.9925149700598802,0,2,-2,0,2,,582,10558.886192321777,37.41754963143994,18.142416138009928,0.48486382236975334,0.22761048103245993,0.26927502876869963,0.7613636363636364,,,0.004602991944764101,,sha256:97597814e49f6d1d78c8734222fa447040f670f52deb347ba83679f49f636d77,ad094de2d46740670176cedef56225306d00052a070380541fe2fbab4fcdacfd,8b4ab88bc21aaca167fa57e6b715893bc9ebdc581173b7787befd9aba9516451,sha256:5d87c842f212c25fef15bbb1d300fbbb5fafc98eb97fc37f01fcfbf2ce3453e8,sha256:39c3f62c162ab0fe10acb5bc2b0c17040b2744ecee5fb9d4dd08a2d12c78dfb2,results/basis_a5_unique_shared/qwen/unique_minus_shared/encoder/seame_dev_sge/L23/unique_minus_shared_encoder_L23_oracle_local_rho0.5.json
