model,dataset,side,layer,relative_depth,direction,scope,rho,rank_stability_status,mer,pier,en_wer,matrix_cer,matrix_retention,poi_corrections,poi_corruptions,poi_net_utility,corrections,corruptions,outside_harm,edited_positions_or_frames,total_intervention_energy,original_hidden_norm,mean_perturbation_norm,relative_perturbation,edited_fraction,raw_local_mer,raw_local_pier,conditioning_local_mer,conditioning_local_pier,a5_minus_raw_local_mer,a5_minus_conditioning_local_mer,direction_hash,mask_hash,site_hash,model_revision,config_hash,_path
whisper,cs_dialogue,decoder,0,0.0,neg_shared,oracle_local,0.5,NOT_TESTED,0.35121487554208997,0.6380070546737213,0.6468253968253969,,0.8960511535470491,35,416,-381,35,416,,1576,1800.8560279011726,0.26159262743148526,1.142675144607343,0.5066755161209067,0.11599322882166777,0.2512326976771817,0.48721340388007056,0.2537872037070041,0.4660493827160494,0.09998217786490826,0.09742767183508588,sha256:c9011cf6c8ace94336dbbff748f5ecd7170094d87341cf8676ff4f648d373972,sha256:0cc65e50364fa26ee31b657e748e26033311fbf3161b6d27991b694e461bcfba,sha256:1629d5d6ba2aa530259a76fdb5ecc7109108d4bb4b5c47bf48a4dc3d82cb4395,sha256:a8e94b85976e5864ba3e9525c7e6c83b2a1eca42d4b797a0c7c24d778e40fd95,sha256:39c3f62c162ab0fe10acb5bc2b0c17040b2744ecee5fb9d4dd08a2d12c78dfb2,results/basis_a5_unique_shared/whisper/neg_shared/decoder/cs_dialogue/L00/neg_shared_decoder_L0_oracle_local_rho0.5.json
whisper,cs_dialogue,decoder,1,0.03225806451612903,neg_shared,oracle_local,0.5,NOT_TESTED,0.27594605833778885,0.558641975308642,0.564373897707231,,0.9765834269420203,63,264,-201,63,264,,1776,3302.8966764211655,0.43523363489013217,1.859739119606512,0.5251031031448347,0.12288956545806809,0.2596685082872928,0.4876543209876543,0.26976771817263706,0.4876543209876543,0.016277550050496026,0.0061783401651517855,sha256:a2ac2105b02523d217c6e2f0c2a47424bd6af14afe4f5b2bc56c0a2ffc1bbe24,sha256:0cc65e50364fa26ee31b657e748e26033311fbf3161b6d27991b694e461bcfba,sha256:1629d5d6ba2aa530259a76fdb5ecc7109108d4bb4b5c47bf48a4dc3d82cb4395,sha256:a8e94b85976e5864ba3e9525c7e6c83b2a1eca42d4b797a0c7c24d778e40fd95,sha256:39c3f62c162ab0fe10acb5bc2b0c17040b2744ecee5fb9d4dd08a2d12c78dfb2,results/basis_a5_unique_shared/whisper/neg_shared/decoder/cs_dialogue/L01/neg_shared_decoder_L1_oracle_local_rho0.5.json
whisper,cs_dialogue,decoder,2,0.06451612903225806,neg_shared,oracle_local,0.5,NOT_TESTED,0.2903819877621339,0.49559082892416223,0.5017636684303352,,0.9603387194331634,58,116,-58,58,116,,1821,3964.380066394806,0.507074513171647,2.177034632836247,0.525377397293857,0.12237080841341308,0.26620329115428026,0.49250440917107585,0.2650745559318006,0.48148148148148145,0.024178696607853656,0.025307431830333293,sha256:1700cdebd52245d9aa48e1daa3ae18382f6dd0836289cb6f01fa97758a7329f7,sha256:0cc65e50364fa26ee31b657e748e26033311fbf3161b6d27991b694e461bcfba,sha256:1629d5d6ba2aa530259a76fdb5ecc7109108d4bb4b5c47bf48a4dc3d82cb4395,sha256:a8e94b85976e5864ba3e9525c7e6c83b2a1eca42d4b797a0c7c24d778e40fd95,sha256:39c3f62c162ab0fe10acb5bc2b0c17040b2744ecee5fb9d4dd08a2d12c78dfb2,results/basis_a5_unique_shared/whisper/neg_shared/decoder/cs_dialogue/L02/neg_shared_decoder_L2_oracle_local_rho0.5.json
whisper,cs_dialogue,decoder,3,0.0967741935483871,neg_shared,oracle_local,0.5,NOT_TESTED,0.3492544406819937,0.7235449735449735,0.7279541446208113,,0.9129871252052191,28,603,-575,28,603,,1584,3819.1560497283936,0.4934602038481346,2.411083364727521,0.5190839809166898,0.1062374245472837,0.26151012891344383,0.48677248677248675,0.26703499079189685,0.4898589065255732,0.08774431176854985,0.08221944989009683,sha256:2562bcb8e0dda5b29762352679442234bcb31db347be3eb12a11fe34c3806cc4,sha256:0cc65e50364fa26ee31b657e748e26033311fbf3161b6d27991b694e461bcfba,sha256:1629d5d6ba2aa530259a76fdb5ecc7109108d4bb4b5c47bf48a4dc3d82cb4395,sha256:a8e94b85976e5864ba3e9525c7e6c83b2a1eca42d4b797a0c7c24d778e40fd95,sha256:39c3f62c162ab0fe10acb5bc2b0c17040b2744ecee5fb9d4dd08a2d12c78dfb2,results/basis_a5_unique_shared/whisper/neg_shared/decoder/cs_dialogue/L03/neg_shared_decoder_L3_oracle_local_rho0.5.json
whisper,cs_dialogue,decoder,4,0.12903225806451613,neg_shared,oracle_local,0.5,NOT_TESTED,0.656626863898295,0.7451499118165785,0.966931216931217,,0.659033958351335,164,788,-624,164,788,,1632,4033.344592809677,0.4533161568182342,2.471412127947106,0.5511627812854624,0.10109645047388961,0.2559852670349908,0.4828042328042328,0.2729757024891582,0.5008818342151675,0.40064159686330425,0.38365116140913685,sha256:1c42dec48bfca6bb0a73c445e2f45e1dcad7bd669bbf49a35687ece8aa5a5208,sha256:0cc65e50364fa26ee31b657e748e26033311fbf3161b6d27991b694e461bcfba,sha256:1629d5d6ba2aa530259a76fdb5ecc7109108d4bb4b5c47bf48a4dc3d82cb4395,sha256:a8e94b85976e5864ba3e9525c7e6c83b2a1eca42d4b797a0c7c24d778e40fd95,sha256:39c3f62c162ab0fe10acb5bc2b0c17040b2744ecee5fb9d4dd08a2d12c78dfb2,results/basis_a5_unique_shared/whisper/neg_shared/decoder/cs_dialogue/L04/neg_shared_decoder_L4_oracle_local_rho0.5.json
whisper,cs_dialogue,decoder,5,0.16129032258064516,neg_shared,oracle_local,0.5,NOT_TESTED,0.3493732549159389,0.5493827160493827,0.5630511463844797,,0.8922492007258274,38,218,-180,38,218,,1579,4066.106035709381,0.5703851021777598,2.575114652127537,0.5173975237192238,0.11460299027435042,0.2573516307253609,0.48544973544973546,0.27356977365888435,0.5008818342151675,0.09202162419057802,0.07580348125705455,sha256:e944d7211936f35b19f4f18ccd4cf3d90bd412322c5b222a1a831ab90072f62a,sha256:0cc65e50364fa26ee31b657e748e26033311fbf3161b6d27991b694e461bcfba,sha256:1629d5d6ba2aa530259a76fdb5ecc7109108d4bb4b5c47bf48a4dc3d82cb4395,sha256:a8e94b85976e5864ba3e9525c7e6c83b2a1eca42d4b797a0c7c24d778e40fd95,sha256:39c3f62c162ab0fe10acb5bc2b0c17040b2744ecee5fb9d4dd08a2d12c78dfb2,results/basis_a5_unique_shared/whisper/neg_shared/decoder/cs_dialogue/L05/neg_shared_decoder_L5_oracle_local_rho0.5.json
whisper,cs_dialogue,decoder,6,0.1935483870967742,neg_shared,oracle_local,0.5,NOT_TESTED,0.2784411572506386,0.5052910052910053,0.5529100529100529,,0.9784844033526311,12,92,-80,12,92,,1802,4622.633733987808,0.6557867632573645,2.565279541613656,0.4816528241538429,0.12312948411342671,0.2818273629180776,0.47442680776014107,0.2758272441038436,0.5013227513227513,-0.0033862056674389684,0.0026139131467949883,sha256:ba2ccff0b8e14455a0f6fb060c9e9d5e9c8aa91677f310355ed2a6004f4c9daf,sha256:0cc65e50364fa26ee31b657e748e26033311fbf3161b6d27991b694e461bcfba,sha256:1629d5d6ba2aa530259a76fdb5ecc7109108d4bb4b5c47bf48a4dc3d82cb4395,sha256:a8e94b85976e5864ba3e9525c7e6c83b2a1eca42d4b797a0c7c24d778e40fd95,sha256:39c3f62c162ab0fe10acb5bc2b0c17040b2744ecee5fb9d4dd08a2d12c78dfb2,results/basis_a5_unique_shared/whisper/neg_shared/decoder/cs_dialogue/L06/neg_shared_decoder_L6_oracle_local_rho0.5.json
whisper,cs_dialogue,decoder,7,0.22580645161290322,neg_shared,oracle_local,0.5,NOT_TESTED,0.270242975108418,0.5229276895943563,0.5260141093474426,,0.9735591462887756,13,133,-120,13,133,,1786,4988.259011745453,0.7260796020248175,2.7929781700702425,0.48106763593045426,0.12506127021917232,0.27054001069328104,0.47971781305114636,0.278381750133666,0.5132275132275133,-0.00029703558486304793,-0.008138775025248013,sha256:bbc3c83c427cc62245e5becc3d02d1011d137a2c54fdd005ee2a32e151bee348,sha256:0cc65e50364fa26ee31b657e748e26033311fbf3161b6d27991b694e461bcfba,sha256:1629d5d6ba2aa530259a76fdb5ecc7109108d4bb4b5c47bf48a4dc3d82cb4395,sha256:a8e94b85976e5864ba3e9525c7e6c83b2a1eca42d4b797a0c7c24d778e40fd95,sha256:39c3f62c162ab0fe10acb5bc2b0c17040b2744ecee5fb9d4dd08a2d12c78dfb2,results/basis_a5_unique_shared/whisper/neg_shared/decoder/cs_dialogue/L07/neg_shared_decoder_L7_oracle_local_rho0.5.json
whisper,cs_dialogue,decoder,8,0.25806451612903225,neg_shared,oracle_local,0.5,NOT_TESTED,0.2758272441038436,0.5229276895943563,0.5277777777777778,,0.9889397736109911,18,138,-120,18,138,,1801,5304.786669492722,0.7526532667501677,2.9454673345323275,0.4765781901592208,0.12177970112921767,0.2653715915166637,0.4880952380952381,0.2785005643676112,0.5141093474426808,0.010455652587179953,-0.002673320263767598,sha256:fd10cb3df7468b3491b1e8a69dd3312a93252aeca5870624a093138ba40ae63c,sha256:0cc65e50364fa26ee31b657e748e26033311fbf3161b6d27991b694e461bcfba,sha256:1629d5d6ba2aa530259a76fdb5ecc7109108d4bb4b5c47bf48a4dc3d82cb4395,sha256:a8e94b85976e5864ba3e9525c7e6c83b2a1eca42d4b797a0c7c24d778e40fd95,sha256:39c3f62c162ab0fe10acb5bc2b0c17040b2744ecee5fb9d4dd08a2d12c78dfb2,results/basis_a5_unique_shared/whisper/neg_shared/decoder/cs_dialogue/L08/neg_shared_decoder_L8_oracle_local_rho0.5.json
whisper,cs_dialogue,decoder,9,0.2903225806451613,neg_shared,oracle_local,0.5,NOT_TESTED,0.27814412166577557,0.5242504409171076,0.5295414462081128,,0.9879028773870215,15,138,-123,15,138,,1808,5337.86997294426,0.7559152542719332,2.952361710699259,0.47702939541011946,0.12213740458015267,0.261331907562526,0.49074074074074076,0.27778767896393985,0.5119047619047619,0.016812214103249568,0.00035644270183571303,sha256:aed3adade67115b75fcf9b5d476107c5320a54a8927bfc48bd9f7637d1c197c3,sha256:0cc65e50364fa26ee31b657e748e26033311fbf3161b6d27991b694e461bcfba,sha256:1629d5d6ba2aa530259a76fdb5ecc7109108d4bb4b5c47bf48a4dc3d82cb4395,sha256:a8e94b85976e5864ba3e9525c7e6c83b2a1eca42d4b797a0c7c24d778e40fd95,sha256:39c3f62c162ab0fe10acb5bc2b0c17040b2744ecee5fb9d4dd08a2d12c78dfb2,results/basis_a5_unique_shared/whisper/neg_shared/decoder/cs_dialogue/L09/neg_shared_decoder_L9_oracle_local_rho0.5.json
whisper,cs_dialogue,decoder,10,0.3225806451612903,neg_shared,oracle_local,0.5,NOT_TESTED,0.2758272441038436,0.5445326278659612,0.5493827160493827,,0.9832368443791584,13,182,-169,13,182,,1789,5474.104509115219,0.7896113020547649,3.059868367308675,0.475099865605135,0.12260142543859649,0.25616348838590863,0.48500881834215165,0.28046099922770745,0.5242504409171076,0.019663755717934994,-0.004633755123863825,sha256:af4d30c69928c331f3731ceb492bf11423ccf6ea39048f537e65ab2daa678f6c,sha256:0cc65e50364fa26ee31b657e748e26033311fbf3161b6d27991b694e461bcfba,sha256:1629d5d6ba2aa530259a76fdb5ecc7109108d4bb4b5c47bf48a4dc3d82cb4395,sha256:a8e94b85976e5864ba3e9525c7e6c83b2a1eca42d4b797a0c7c24d778e40fd95,sha256:39c3f62c162ab0fe10acb5bc2b0c17040b2744ecee5fb9d4dd08a2d12c78dfb2,results/basis_a5_unique_shared/whisper/neg_shared/decoder/cs_dialogue/L10/neg_shared_decoder_L10_oracle_local_rho0.5.json
whisper,cs_dialogue,decoder,11,0.3548387096774194,neg_shared,oracle_local,0.5,NOT_TESTED,0.28153032733321454,0.5458553791887125,0.5502645502645502,,0.9771882830726691,12,184,-172,12,184,,1792,5567.642008781433,0.8065070555633793,3.106943085257496,0.4762280277069562,0.12362030905077263,0.25990613675518326,0.49559082892416223,0.27594605833778885,0.5074955908289241,0.021624190578031277,0.00558426899542569,sha256:d97f0330344afb504c224466c6a0dff2b27e4e28dda1b8ef55c16f169e88c84d,sha256:0cc65e50364fa26ee31b657e748e26033311fbf3161b6d27991b694e461bcfba,sha256:1629d5d6ba2aa530259a76fdb5ecc7109108d4bb4b5c47bf48a4dc3d82cb4395,sha256:a8e94b85976e5864ba3e9525c7e6c83b2a1eca42d4b797a0c7c24d778e40fd95,sha256:39c3f62c162ab0fe10acb5bc2b0c17040b2744ecee5fb9d4dd08a2d12c78dfb2,results/basis_a5_unique_shared/whisper/neg_shared/decoder/cs_dialogue/L11/neg_shared_decoder_L11_oracle_local_rho0.5.json
whisper,cs_dialogue,decoder,12,0.3870967741935484,neg_shared,oracle_local,0.5,NOT_TESTED,0.2836689835442286,0.5361552028218695,0.5396825396825397,,0.9866931651257237,12,162,-150,12,162,,1809,5742.7762286663055,0.8272288582844844,3.174558445918356,0.4667643079800894,0.12162979896456666,0.2648369274639102,0.4691358024691358,0.2841442404800095,0.5110229276895943,0.018832056080318405,-0.0004752569357809322,sha256:53bf92e4a78e0c36e44192843b3b7d665d0ab544b2930a956944cf41e7d0adf3,sha256:0cc65e50364fa26ee31b657e748e26033311fbf3161b6d27991b694e461bcfba,sha256:1629d5d6ba2aa530259a76fdb5ecc7109108d4bb4b5c47bf48a4dc3d82cb4395,sha256:a8e94b85976e5864ba3e9525c7e6c83b2a1eca42d4b797a0c7c24d778e40fd95,sha256:39c3f62c162ab0fe10acb5bc2b0c17040b2744ecee5fb9d4dd08a2d12c78dfb2,results/basis_a5_unique_shared/whisper/neg_shared/decoder/cs_dialogue/L12/neg_shared_decoder_L12_oracle_local_rho0.5.json
whisper,cs_dialogue,decoder,13,0.41935483870967744,neg_shared,oracle_local,0.5,NOT_TESTED,0.2288362145785065,0.349647266313933,0.3540564373897707,,0.9911863820962585,289,16,273,289,16,,1820,5678.915007591248,0.899857129007125,3.120282971203982,0.43595657588010406,0.12572533849129594,0.25717340937444305,0.45105820105820105,0.280995663280461,0.49867724867724866,-0.02833719479593655,-0.05215944870195449,sha256:f5e0af30accf23268fadc1545cf553cbc98b160ec0c9918fef8aea33e338fea4,sha256:0cc65e50364fa26ee31b657e748e26033311fbf3161b6d27991b694e461bcfba,sha256:1629d5d6ba2aa530259a76fdb5ecc7109108d4bb4b5c47bf48a4dc3d82cb4395,sha256:a8e94b85976e5864ba3e9525c7e6c83b2a1eca42d4b797a0c7c24d778e40fd95,sha256:39c3f62c162ab0fe10acb5bc2b0c17040b2744ecee5fb9d4dd08a2d12c78dfb2,results/basis_a5_unique_shared/whisper/neg_shared/decoder/cs_dialogue/L13/neg_shared_decoder_L13_oracle_local_rho0.5.json
whisper,cs_dialogue,decoder,14,0.45161290322580644,neg_shared,oracle_local,0.5,NOT_TESTED,0.26281708548684135,0.5339506172839507,0.5383597883597884,,0.9938650306748467,32,177,-145,32,177,,1819,6173.723517894745,0.9080141954421351,3.3940206255606076,0.4607405759629864,0.12326353594904113,0.25444068199370284,0.45458553791887124,0.26156953603041644,0.4929453262786596,0.008376403493138507,0.0012475494564249123,sha256:47e60dfc5cce0e2ab77d60023d50bba1e6c214000fd9cf40e334109976214674,sha256:0cc65e50364fa26ee31b657e748e26033311fbf3161b6d27991b694e461bcfba,sha256:1629d5d6ba2aa530259a76fdb5ecc7109108d4bb4b5c47bf48a4dc3d82cb4395,sha256:a8e94b85976e5864ba3e9525c7e6c83b2a1eca42d4b797a0c7c24d778e40fd95,sha256:39c3f62c162ab0fe10acb5bc2b0c17040b2744ecee5fb9d4dd08a2d12c78dfb2,results/basis_a5_unique_shared/whisper/neg_shared/decoder/cs_dialogue/L14/neg_shared_decoder_L14_oracle_local_rho0.5.json
whisper,cs_dialogue,decoder,15,0.4838709677419355,neg_shared,oracle_local,0.5,NOT_TESTED,0.265015148814828,0.5030864197530864,0.5066137566137566,,0.9945562948241596,23,98,-75,23,98,,1827,6098.263581752777,0.9021280993698332,3.337856366586085,0.4578302982790143,0.1237385709448019,0.24749004930790708,0.4607583774250441,0.2658468484524446,0.49074074074074076,0.017525099506920938,-0.0008316996376165897,sha256:11fe9bfd1acdf9de021835066d3aab2d897749cfef3a2167bf8c725d5f4849cd,sha256:0cc65e50364fa26ee31b657e748e26033311fbf3161b6d27991b694e461bcfba,sha256:1629d5d6ba2aa530259a76fdb5ecc7109108d4bb4b5c47bf48a4dc3d82cb4395,sha256:a8e94b85976e5864ba3e9525c7e6c83b2a1eca42d4b797a0c7c24d778e40fd95,sha256:39c3f62c162ab0fe10acb5bc2b0c17040b2744ecee5fb9d4dd08a2d12c78dfb2,results/basis_a5_unique_shared/whisper/neg_shared/decoder/cs_dialogue/L15/neg_shared_decoder_L15_oracle_local_rho0.5.json
whisper,cs_dialogue,decoder,16,0.5161290322580645,neg_shared,oracle_local,0.5,NOT_TESTED,0.26620329115428026,0.5696649029982364,0.5731922398589065,,0.9942106627495032,21,247,-226,21,247,,1832,6472.882125377655,0.9546957360887677,3.5332326011886765,0.4600384836326851,0.12430451893065544,0.25093566209231866,0.4656084656084656,0.2694112754708014,0.4929453262786596,0.015267629061961607,-0.0032079843165211397,sha256:720b9a68240c223daba74d23997adc94a89d6bb4d492260aaa0106a39544a9fc,sha256:0cc65e50364fa26ee31b657e748e26033311fbf3161b6d27991b694e461bcfba,sha256:1629d5d6ba2aa530259a76fdb5ecc7109108d4bb4b5c47bf48a4dc3d82cb4395,sha256:a8e94b85976e5864ba3e9525c7e6c83b2a1eca42d4b797a0c7c24d778e40fd95,sha256:39c3f62c162ab0fe10acb5bc2b0c17040b2744ecee5fb9d4dd08a2d12c78dfb2,results/basis_a5_unique_shared/whisper/neg_shared/decoder/cs_dialogue/L16/neg_shared_decoder_L16_oracle_local_rho0.5.json
whisper,cs_dialogue,decoder,17,0.5483870967741935,neg_shared,oracle_local,0.5,NOT_TESTED,0.26281708548684135,0.5582010582010583,0.5617283950617284,,0.9929145424695411,22,222,-200,22,222,,1823,6475.878658771515,0.9714230375296481,3.5523196153436722,0.4588013526684537,0.12546455609084653,0.24855937741341413,0.4660493827160494,0.2555694172161825,0.4673721340388007,0.014257708073427217,0.007247668270658869,sha256:0b8f7879b5db08ba555a3c75d44b40b817d859fe4fec358040dcd3c9151bc032,sha256:0cc65e50364fa26ee31b657e748e26033311fbf3161b6d27991b694e461bcfba,sha256:1629d5d6ba2aa530259a76fdb5ecc7109108d4bb4b5c47bf48a4dc3d82cb4395,sha256:a8e94b85976e5864ba3e9525c7e6c83b2a1eca42d4b797a0c7c24d778e40fd95,sha256:39c3f62c162ab0fe10acb5bc2b0c17040b2744ecee5fb9d4dd08a2d12c78dfb2,results/basis_a5_unique_shared/whisper/neg_shared/decoder/cs_dialogue/L17/neg_shared_decoder_L17_oracle_local_rho0.5.json
whisper,cs_dialogue,decoder,18,0.5806451612903226,neg_shared,oracle_local,0.5,NOT_TESTED,0.27600546545476146,0.5758377425044092,0.5802469135802469,,0.9949019268988162,20,260,-240,20,260,,1833,6614.978504419327,0.9494095747026303,3.608826243545732,0.467992043916577,0.12311929070392262,0.24552961444781085,0.468694885361552,0.26691617655795163,0.4783950617283951,0.030475851006950605,0.009089288896809822,sha256:adf030c8d6e7a850bfdd40c5a0d59956b613f04cad5181705ebb8ea9e700dd9e,sha256:0cc65e50364fa26ee31b657e748e26033311fbf3161b6d27991b694e461bcfba,sha256:1629d5d6ba2aa530259a76fdb5ecc7109108d4bb4b5c47bf48a4dc3d82cb4395,sha256:a8e94b85976e5864ba3e9525c7e6c83b2a1eca42d4b797a0c7c24d778e40fd95,sha256:39c3f62c162ab0fe10acb5bc2b0c17040b2744ecee5fb9d4dd08a2d12c78dfb2,results/basis_a5_unique_shared/whisper/neg_shared/decoder/cs_dialogue/L18/neg_shared_decoder_L18_oracle_local_rho0.5.json
whisper,cs_dialogue,decoder,19,0.6129032258064516,neg_shared,oracle_local,0.5,NOT_TESTED,0.2695300897047466,0.5992063492063492,0.6040564373897708,,0.9917048302082433,24,317,-293,24,317,,1836,6705.668008327484,0.9976352829234781,3.65232462327205,0.46088608078673904,0.125891387822271,0.24618309273450958,0.468694885361552,0.26370819224143055,0.48544973544973546,0.02334699697023704,0.0058218974633160725,sha256:5989f68c88acb03f142be9852655c4282c64a5668342f7f8c1cb80962b4954f9,sha256:0cc65e50364fa26ee31b657e748e26033311fbf3161b6d27991b694e461bcfba,sha256:1629d5d6ba2aa530259a76fdb5ecc7109108d4bb4b5c47bf48a4dc3d82cb4395,sha256:a8e94b85976e5864ba3e9525c7e6c83b2a1eca42d4b797a0c7c24d778e40fd95,sha256:39c3f62c162ab0fe10acb5bc2b0c17040b2744ecee5fb9d4dd08a2d12c78dfb2,results/basis_a5_unique_shared/whisper/neg_shared/decoder/cs_dialogue/L19/neg_shared_decoder_L19_oracle_local_rho0.5.json
whisper,cs_dialogue,decoder,20,0.6451612903225806,neg_shared,oracle_local,0.5,NOT_TESTED,0.2701241608744728,0.5859788359788359,0.5912698412698413,,0.98954462974164,27,290,-263,27,290,,1823,6642.189734458923,0.9973228558097518,3.64354894923693,0.458079618072086,0.1253868904326295,0.24552961444781085,0.4607583774250441,0.26780728331254083,0.4775132275132275,0.024594546426661923,0.0023168775619319404,sha256:eeb6c4483ed6dfb41b3627536e126a59b65089486d56bc3e7221c5f90a1629d2,sha256:0cc65e50364fa26ee31b657e748e26033311fbf3161b6d27991b694e461bcfba,sha256:1629d5d6ba2aa530259a76fdb5ecc7109108d4bb4b5c47bf48a4dc3d82cb4395,sha256:a8e94b85976e5864ba3e9525c7e6c83b2a1eca42d4b797a0c7c24d778e40fd95,sha256:39c3f62c162ab0fe10acb5bc2b0c17040b2744ecee5fb9d4dd08a2d12c78dfb2,results/basis_a5_unique_shared/whisper/neg_shared/decoder/cs_dialogue/L20/neg_shared_decoder_L20_oracle_local_rho0.5.json
whisper,cs_dialogue,decoder,21,0.6774193548387096,neg_shared,oracle_local,0.5,NOT_TESTED,0.2796292995900909,0.5961199294532628,0.6009700176366843,,0.9844465566404562,23,309,-286,23,309,,1812,6861.68391084671,1.0188667839034133,3.7868012753017166,0.4601409695067664,0.12380431811970484,0.2575892591932514,0.4638447971781305,0.2610348719776629,0.47707231040564374,0.022040040396839544,0.01859442761242802,sha256:8e13d7fafb1c4b3f582d0f3f778c31fb9d0d0d0e6237ee0c37e7407ec1dc2cd2,sha256:0cc65e50364fa26ee31b657e748e26033311fbf3161b6d27991b694e461bcfba,sha256:1629d5d6ba2aa530259a76fdb5ecc7109108d4bb4b5c47bf48a4dc3d82cb4395,sha256:a8e94b85976e5864ba3e9525c7e6c83b2a1eca42d4b797a0c7c24d778e40fd95,sha256:39c3f62c162ab0fe10acb5bc2b0c17040b2744ecee5fb9d4dd08a2d12c78dfb2,results/basis_a5_unique_shared/whisper/neg_shared/decoder/cs_dialogue/L21/neg_shared_decoder_L21_oracle_local_rho0.5.json
whisper,cs_dialogue,decoder,22,0.7096774193548387,neg_shared,oracle_local,0.5,NOT_TESTED,0.3450365353769382,0.5903880070546738,0.6177248677248677,,0.8997666983496069,67,340,-273,67,340,,1654,6247.916870355606,0.9390946782195982,3.7774588091630026,0.4535192745233467,0.112747102931152,0.25188617596388047,0.4642857142857143,0.27897582130339216,0.5052910052910053,0.09315035941305772,0.06606071407354602,sha256:1f086645a414d6192717090a92a8631d591fac3582c0759072d67e7976710b68,sha256:0cc65e50364fa26ee31b657e748e26033311fbf3161b6d27991b694e461bcfba,sha256:1629d5d6ba2aa530259a76fdb5ecc7109108d4bb4b5c47bf48a4dc3d82cb4395,sha256:a8e94b85976e5864ba3e9525c7e6c83b2a1eca42d4b797a0c7c24d778e40fd95,sha256:39c3f62c162ab0fe10acb5bc2b0c17040b2744ecee5fb9d4dd08a2d12c78dfb2,results/basis_a5_unique_shared/whisper/neg_shared/decoder/cs_dialogue/L22/neg_shared_decoder_L22_oracle_local_rho0.5.json
whisper,cs_dialogue,decoder,23,0.7419354838709677,neg_shared,oracle_local,0.5,NOT_TESTED,0.27446088041347355,0.6353615520282186,0.6388888888888888,,0.9886805495549987,17,392,-375,17,392,,1801,7033.889714479446,1.0704660505376837,3.9055467598442233,0.4529133367942293,0.12413840639647092,0.2530743183033327,0.45634920634920634,0.26982712528960967,0.5048500881834215,0.02138656211014084,0.004633755123863881,sha256:cf12f5a76273ce751914c06d1585822dfc2d594b683eef0bd750a4d2af9fcf4e,sha256:0cc65e50364fa26ee31b657e748e26033311fbf3161b6d27991b694e461bcfba,sha256:1629d5d6ba2aa530259a76fdb5ecc7109108d4bb4b5c47bf48a4dc3d82cb4395,sha256:a8e94b85976e5864ba3e9525c7e6c83b2a1eca42d4b797a0c7c24d778e40fd95,sha256:39c3f62c162ab0fe10acb5bc2b0c17040b2744ecee5fb9d4dd08a2d12c78dfb2,results/basis_a5_unique_shared/whisper/neg_shared/decoder/cs_dialogue/L23/neg_shared_decoder_L23_oracle_local_rho0.5.json
whisper,cs_dialogue,decoder,24,0.7741935483870968,neg_shared,oracle_local,0.5,STABLE,0.27339155230796647,0.458994708994709,0.4651675485008818,,0.9643134882917135,130,105,25,130,105,,1860,7474.157788038254,0.9513356212153377,4.0183644021711045,0.44540444139806784,0.1054481546572935,0.255034753163429,0.4731040564373898,0.26109427909463556,0.49603174603174605,0.018356799144537472,0.012297273213330906,sha256:5b2b9a6df61b89b143e3f8e286da71baea9e2888b7eb66f0c743970b0469813d,sha256:0cc65e50364fa26ee31b657e748e26033311fbf3161b6d27991b694e461bcfba,sha256:1629d5d6ba2aa530259a76fdb5ecc7109108d4bb4b5c47bf48a4dc3d82cb4395,sha256:a8e94b85976e5864ba3e9525c7e6c83b2a1eca42d4b797a0c7c24d778e40fd95,sha256:39c3f62c162ab0fe10acb5bc2b0c17040b2744ecee5fb9d4dd08a2d12c78dfb2,results/basis_a5_unique_shared/whisper/neg_shared/decoder/cs_dialogue/L24/neg_shared_decoder_L24_oracle_local_rho0.5.json
whisper,cs_dialogue,decoder,25,0.8064516129032258,neg_shared,oracle_local,0.5,NOT_TESTED,0.29418404324838116,0.558641975308642,0.5877425044091711,,0.9686338892249201,39,240,-201,39,240,,1794,8161.382186174393,1.1739960058750527,4.549265432650163,0.4689871978569811,0.12102813195709371,0.261331907562526,0.4541446208112875,0.2712528960969524,0.5026455026455027,0.032852135685855155,0.022931147151428743,sha256:c7bdd2d9465905891b102d212f043734d967d713a4cac7700a30c40d92e9745a,sha256:0cc65e50364fa26ee31b657e748e26033311fbf3161b6d27991b694e461bcfba,sha256:1629d5d6ba2aa530259a76fdb5ecc7109108d4bb4b5c47bf48a4dc3d82cb4395,sha256:a8e94b85976e5864ba3e9525c7e6c83b2a1eca42d4b797a0c7c24d778e40fd95,sha256:39c3f62c162ab0fe10acb5bc2b0c17040b2744ecee5fb9d4dd08a2d12c78dfb2,results/basis_a5_unique_shared/whisper/neg_shared/decoder/cs_dialogue/L25/neg_shared_decoder_L25_oracle_local_rho0.5.json
whisper,cs_dialogue,decoder,26,0.8387096774193549,neg_shared,oracle_local,0.5,STABLE,0.2979860987346284,0.6252204585537919,0.6287477954144621,,0.9733863302514474,36,388,-352,36,388,,1786,8813.810134410858,1.277454102387676,4.934944084216606,0.46668778250491155,0.12080627705627706,0.25455949622764806,0.4620811287477954,0.2601437652230737,0.4708994708994709,0.04342660250698033,0.03784233351155469,sha256:386514c280ac2d58e342f7f4772b88bb9aa8941dc169d22ba61609b854d01fdc,sha256:0cc65e50364fa26ee31b657e748e26033311fbf3161b6d27991b694e461bcfba,sha256:1629d5d6ba2aa530259a76fdb5ecc7109108d4bb4b5c47bf48a4dc3d82cb4395,sha256:a8e94b85976e5864ba3e9525c7e6c83b2a1eca42d4b797a0c7c24d778e40fd95,sha256:39c3f62c162ab0fe10acb5bc2b0c17040b2744ecee5fb9d4dd08a2d12c78dfb2,results/basis_a5_unique_shared/whisper/neg_shared/decoder/cs_dialogue/L26/neg_shared_decoder_L26_oracle_local_rho0.5.json
whisper,cs_dialogue,decoder,27,0.8709677419354839,neg_shared,oracle_local,0.5,STABLE,0.2666785480900612,0.5850970017636684,0.5886243386243386,,0.9915320141709151,32,293,-261,32,293,,1833,10656.808590888977,1.5392502517191464,5.813861751712481,0.4710741117901241,0.12471933047560727,0.25164854749599,0.44312169312169314,0.2591338442345393,0.4678130511463845,0.015030000594071169,0.007544703855521917,sha256:c8c46922459a29e16cdf4d1d7e1c9dce7faed3feaea7be21c8e2c6c474613adc,sha256:0cc65e50364fa26ee31b657e748e26033311fbf3161b6d27991b694e461bcfba,sha256:1629d5d6ba2aa530259a76fdb5ecc7109108d4bb4b5c47bf48a4dc3d82cb4395,sha256:a8e94b85976e5864ba3e9525c7e6c83b2a1eca42d4b797a0c7c24d778e40fd95,sha256:39c3f62c162ab0fe10acb5bc2b0c17040b2744ecee5fb9d4dd08a2d12c78dfb2,results/basis_a5_unique_shared/whisper/neg_shared/decoder/cs_dialogue/L27/neg_shared_decoder_L27_oracle_local_rho0.5.json
whisper,cs_dialogue,decoder,28,0.9032258064516129,neg_shared,oracle_local,0.5,NOT_TESTED,0.31236262104200085,0.5052910052910053,0.5110229276895943,,0.9285405685647629,83,163,-80,83,163,,1889,12290.33688735962,1.4705521782553983,6.506266218824574,0.4502792954284178,0.10177253380744572,0.2585397730648132,0.45634920634920634,0.25931206558545716,0.4523809523809524,0.05382284797718767,0.05305055545654369,sha256:703c1850ea60034954e6c0ab7a6fd3981d7d2befd2107943ff146426c5e20cd7,sha256:0cc65e50364fa26ee31b657e748e26033311fbf3161b6d27991b694e461bcfba,sha256:1629d5d6ba2aa530259a76fdb5ecc7109108d4bb4b5c47bf48a4dc3d82cb4395,sha256:a8e94b85976e5864ba3e9525c7e6c83b2a1eca42d4b797a0c7c24d778e40fd95,sha256:39c3f62c162ab0fe10acb5bc2b0c17040b2744ecee5fb9d4dd08a2d12c78dfb2,results/basis_a5_unique_shared/whisper/neg_shared/decoder/cs_dialogue/L28/neg_shared_decoder_L28_oracle_local_rho0.5.json
whisper,cs_dialogue,decoder,29,0.9354838709677419,neg_shared,oracle_local,0.5,NOT_TESTED,0.2739856234776926,0.5895061728395061,0.5925925925925926,,0.9865203490883954,39,310,-271,39,310,,1843,13452.096065044403,1.9455234821971754,7.299021196442975,0.46908981064120964,0.125033921302578,0.25806451612903225,0.44488536155202824,0.2386383888789877,0.37257495590828926,0.015921107348660368,0.035347234598704924,sha256:34580a7f0f05d85d9051301ab9b888b5b60a248532ba9946bc7da7bb346ed319,sha256:0cc65e50364fa26ee31b657e748e26033311fbf3161b6d27991b694e461bcfba,sha256:1629d5d6ba2aa530259a76fdb5ecc7109108d4bb4b5c47bf48a4dc3d82cb4395,sha256:a8e94b85976e5864ba3e9525c7e6c83b2a1eca42d4b797a0c7c24d778e40fd95,sha256:39c3f62c162ab0fe10acb5bc2b0c17040b2744ecee5fb9d4dd08a2d12c78dfb2,results/basis_a5_unique_shared/whisper/neg_shared/decoder/cs_dialogue/L29/neg_shared_decoder_L29_oracle_local_rho0.5.json
whisper,cs_dialogue,decoder,30,0.967741935483871,neg_shared,oracle_local,0.5,NOT_TESTED,0.28509475435157133,0.6155202821869489,0.6190476190476191,,0.9771882830726691,16,346,-330,16,346,,1839,13965.001900672913,2.0431263940430098,7.593802012328935,0.4591639150635057,0.12353889560661024,0.2662626982712529,0.44841269841269843,0.2542030535258124,0.3350970017636684,0.01883205608031846,0.030891700825758928,sha256:dc715b69141676007b18a10bc8de3a2850d7bb9d2d347feb82cf240a3de98bbc,sha256:0cc65e50364fa26ee31b657e748e26033311fbf3161b6d27991b694e461bcfba,sha256:1629d5d6ba2aa530259a76fdb5ecc7109108d4bb4b5c47bf48a4dc3d82cb4395,sha256:a8e94b85976e5864ba3e9525c7e6c83b2a1eca42d4b797a0c7c24d778e40fd95,sha256:39c3f62c162ab0fe10acb5bc2b0c17040b2744ecee5fb9d4dd08a2d12c78dfb2,results/basis_a5_unique_shared/whisper/neg_shared/decoder/cs_dialogue/L30/neg_shared_decoder_L30_oracle_local_rho0.5.json
whisper,cs_dialogue,decoder,31,1.0,neg_shared,oracle_local,0.5,STABLE,0.27250044555337727,0.6009700176366843,0.6022927689594356,,0.9856562689017541,16,313,-297,16,313,,1819,15011.115746974945,2.246924020542547,8.252400080799859,0.4604549074291155,0.12537045971465988,0.25545060298223726,0.45282186948853614,0.28883740272084596,0.31084656084656087,0.017049842571140006,-0.01633695716746869,sha256:369980c00593e116c16a748255679ae343f47279cb763f0e15ccecfa290ca466,sha256:0cc65e50364fa26ee31b657e748e26033311fbf3161b6d27991b694e461bcfba,sha256:1629d5d6ba2aa530259a76fdb5ecc7109108d4bb4b5c47bf48a4dc3d82cb4395,sha256:a8e94b85976e5864ba3e9525c7e6c83b2a1eca42d4b797a0c7c24d778e40fd95,sha256:39c3f62c162ab0fe10acb5bc2b0c17040b2744ecee5fb9d4dd08a2d12c78dfb2,results/basis_a5_unique_shared/whisper/neg_shared/decoder/cs_dialogue/L31/neg_shared_decoder_L31_oracle_local_rho0.5.json
whisper,seame_dev_man,decoder,0,0.0,neg_shared,oracle_local,0.5,NOT_TESTED,0.35706806282722514,0.7070707070707071,0.7373737373737373,,0.9877112135176651,1,3,-2,1,3,,67,76.62122017145157,0.13415768208193204,1.1436003010664413,0.5094808972920142,0.05976806422836753,0.362303664921466,0.6565656565656566,0.6921465968586388,0.6767676767676768,-0.005235602094240843,-0.33507853403141363,sha256:c9011cf6c8ace94336dbbff748f5ecd7170094d87341cf8676ff4f648d373972,sha256:fdb57340f9413a482f764654ef76dffeed2dd96693fc5bce99b3d49fd5192812,sha256:1629d5d6ba2aa530259a76fdb5ecc7109108d4bb4b5c47bf48a4dc3d82cb4395,sha256:a8e94b85976e5864ba3e9525c7e6c83b2a1eca42d4b797a0c7c24d778e40fd95,sha256:39c3f62c162ab0fe10acb5bc2b0c17040b2744ecee5fb9d4dd08a2d12c78dfb2,results/basis_a5_unique_shared/whisper/neg_shared/decoder/seame_dev_man/L00/neg_shared_decoder_L0_oracle_local_rho0.5.json
whisper,seame_dev_man,decoder,1,0.03225806451612903,neg_shared,oracle_local,0.5,NOT_TESTED,0.3581151832460733,0.6666666666666666,0.6666666666666666,,0.9984639016897081,3,1,2,3,1,,68,126.43719160556793,0.21880316882795287,1.8593704647877638,0.5141086632056007,0.060498220640569395,0.3633507853403141,0.6868686868686869,0.3612565445026178,0.6666666666666666,-0.005235602094240843,-0.003141361256544517,sha256:a2ac2105b02523d217c6e2f0c2a47424bd6af14afe4f5b2bc56c0a2ffc1bbe24,sha256:fdb57340f9413a482f764654ef76dffeed2dd96693fc5bce99b3d49fd5192812,sha256:1629d5d6ba2aa530259a76fdb5ecc7109108d4bb4b5c47bf48a4dc3d82cb4395,sha256:a8e94b85976e5864ba3e9525c7e6c83b2a1eca42d4b797a0c7c24d778e40fd95,sha256:39c3f62c162ab0fe10acb5bc2b0c17040b2744ecee5fb9d4dd08a2d12c78dfb2,results/basis_a5_unique_shared/whisper/neg_shared/decoder/seame_dev_man/L01/neg_shared_decoder_L1_oracle_local_rho0.5.json
whisper,seame_dev_man,decoder,2,0.06451612903225806,neg_shared,oracle_local,0.5,NOT_TESTED,0.36020942408376966,0.6666666666666666,0.6868686868686869,,0.9938556067588326,3,1,2,3,1,,68,147.73779582977295,0.2538010389246839,2.1726146445554844,0.5160468365624439,0.06028368794326241,0.362303664921466,0.6868686868686869,0.362303664921466,0.6565656565656566,-0.002094240837696326,-0.002094240837696326,sha256:1700cdebd52245d9aa48e1daa3ae18382f6dd0836289cb6f01fa97758a7329f7,sha256:fdb57340f9413a482f764654ef76dffeed2dd96693fc5bce99b3d49fd5192812,sha256:1629d5d6ba2aa530259a76fdb5ecc7109108d4bb4b5c47bf48a4dc3d82cb4395,sha256:a8e94b85976e5864ba3e9525c7e6c83b2a1eca42d4b797a0c7c24d778e40fd95,sha256:39c3f62c162ab0fe10acb5bc2b0c17040b2744ecee5fb9d4dd08a2d12c78dfb2,results/basis_a5_unique_shared/whisper/neg_shared/decoder/seame_dev_man/L02/neg_shared_decoder_L2_oracle_local_rho0.5.json
whisper,seame_dev_man,decoder,3,0.0967741935483871,neg_shared,oracle_local,0.5,NOT_TESTED,0.374869109947644,0.7070707070707071,0.7070707070707071,,0.9692780337941628,0,2,-2,0,2,,68,163.83766674995422,0.29089865405044274,2.4093774522052094,0.5157620747696807,0.06227106227106227,0.3612565445026178,0.6767676767676768,0.3612565445026178,0.6565656565656566,0.013612565445026203,0.013612565445026203,sha256:2562bcb8e0dda5b29762352679442234bcb31db347be3eb12a11fe34c3806cc4,sha256:fdb57340f9413a482f764654ef76dffeed2dd96693fc5bce99b3d49fd5192812,sha256:1629d5d6ba2aa530259a76fdb5ecc7109108d4bb4b5c47bf48a4dc3d82cb4395,sha256:a8e94b85976e5864ba3e9525c7e6c83b2a1eca42d4b797a0c7c24d778e40fd95,sha256:39c3f62c162ab0fe10acb5bc2b0c17040b2744ecee5fb9d4dd08a2d12c78dfb2,results/basis_a5_unique_shared/whisper/neg_shared/decoder/seame_dev_man/L03/neg_shared_decoder_L3_oracle_local_rho0.5.json
whisper,seame_dev_man,decoder,4,0.12903225806451613,neg_shared,oracle_local,0.5,NOT_TESTED,0.6157068062827226,0.8282828282828283,1.2121212121212122,,0.728110599078341,0,14,-14,0,14,,67,166.49453282356262,0.2484897232857071,2.4849930272173526,0.5630469150620541,0.05630252100840336,0.3612565445026178,0.6767676767676768,0.36020942408376966,0.6565656565656566,0.25445026178010477,0.2554973821989529,sha256:1c42dec48bfca6bb0a73c445e2f45e1dcad7bd669bbf49a35687ece8aa5a5208,sha256:fdb57340f9413a482f764654ef76dffeed2dd96693fc5bce99b3d49fd5192812,sha256:1629d5d6ba2aa530259a76fdb5ecc7109108d4bb4b5c47bf48a4dc3d82cb4395,sha256:a8e94b85976e5864ba3e9525c7e6c83b2a1eca42d4b797a0c7c24d778e40fd95,sha256:39c3f62c162ab0fe10acb5bc2b0c17040b2744ecee5fb9d4dd08a2d12c78dfb2,results/basis_a5_unique_shared/whisper/neg_shared/decoder/seame_dev_man/L04/neg_shared_decoder_L4_oracle_local_rho0.5.json
whisper,seame_dev_man,decoder,5,0.16129032258064516,neg_shared,oracle_local,0.5,NOT_TESTED,0.4073298429319372,0.696969696969697,0.7171717171717171,,0.9324116743471582,3,4,-1,3,4,,67,172.06746172904968,0.3012495294158712,2.568171070582831,0.5230578648698507,0.06135531135531135,0.35916230366492147,0.6767676767676768,0.35602094240837695,0.6565656565656566,0.048167539267015724,0.05130890052356024,sha256:e944d7211936f35b19f4f18ccd4cf3d90bd412322c5b222a1a831ab90072f62a,sha256:fdb57340f9413a482f764654ef76dffeed2dd96693fc5bce99b3d49fd5192812,sha256:1629d5d6ba2aa530259a76fdb5ecc7109108d4bb4b5c47bf48a4dc3d82cb4395,sha256:a8e94b85976e5864ba3e9525c7e6c83b2a1eca42d4b797a0c7c24d778e40fd95,sha256:39c3f62c162ab0fe10acb5bc2b0c17040b2744ecee5fb9d4dd08a2d12c78dfb2,results/basis_a5_unique_shared/whisper/neg_shared/decoder/seame_dev_man/L05/neg_shared_decoder_L5_oracle_local_rho0.5.json
whisper,seame_dev_man,decoder,6,0.1935483870967742,neg_shared,oracle_local,0.5,NOT_TESTED,0.35916230366492147,0.6868686868686869,0.7070707070707071,,0.9984639016897081,0,0,0,0,0,,69,174.8372871875763,0.32946642020506617,2.533873727356178,0.4725449712935274,0.06144256455921639,0.3612565445026178,0.6868686868686869,0.35916230366492147,0.6565656565656566,-0.002094240837696326,0.0,sha256:ba2ccff0b8e14455a0f6fb060c9e9d5e9c8aa91677f310355ed2a6004f4c9daf,sha256:fdb57340f9413a482f764654ef76dffeed2dd96693fc5bce99b3d49fd5192812,sha256:1629d5d6ba2aa530259a76fdb5ecc7109108d4bb4b5c47bf48a4dc3d82cb4395,sha256:a8e94b85976e5864ba3e9525c7e6c83b2a1eca42d4b797a0c7c24d778e40fd95,sha256:39c3f62c162ab0fe10acb5bc2b0c17040b2744ecee5fb9d4dd08a2d12c78dfb2,results/basis_a5_unique_shared/whisper/neg_shared/decoder/seame_dev_man/L06/neg_shared_decoder_L6_oracle_local_rho0.5.json
whisper,seame_dev_man,decoder,7,0.22580645161290322,neg_shared,oracle_local,0.5,NOT_TESTED,0.3549738219895288,0.6868686868686869,0.7070707070707071,,0.9984639016897081,0,0,0,0,0,,69,188.800523519516,0.35220033809263007,2.736239471297333,0.4790527517358547,0.06166219839142091,0.3633507853403141,0.6868686868686869,0.35602094240837695,0.6565656565656566,-0.008376963350785305,-0.0010471204188481353,sha256:bbc3c83c427cc62245e5becc3d02d1011d137a2c54fdd005ee2a32e151bee348,sha256:fdb57340f9413a482f764654ef76dffeed2dd96693fc5bce99b3d49fd5192812,sha256:1629d5d6ba2aa530259a76fdb5ecc7109108d4bb4b5c47bf48a4dc3d82cb4395,sha256:a8e94b85976e5864ba3e9525c7e6c83b2a1eca42d4b797a0c7c24d778e40fd95,sha256:39c3f62c162ab0fe10acb5bc2b0c17040b2744ecee5fb9d4dd08a2d12c78dfb2,results/basis_a5_unique_shared/whisper/neg_shared/decoder/seame_dev_man/L07/neg_shared_decoder_L7_oracle_local_rho0.5.json
whisper,seame_dev_man,decoder,8,0.25806451612903225,neg_shared,oracle_local,0.5,NOT_TESTED,0.35916230366492147,0.6868686868686869,0.7070707070707071,,1.0,0,0,0,0,0,,69,199.06886792182922,0.3754072561661755,2.8850560568381045,0.4705185693969335,0.061224489795918366,0.3612565445026178,0.6868686868686869,0.3581151832460733,0.6565656565656566,-0.002094240837696326,0.0010471204188481908,sha256:fd10cb3df7468b3491b1e8a69dd3312a93252aeca5870624a093138ba40ae63c,sha256:fdb57340f9413a482f764654ef76dffeed2dd96693fc5bce99b3d49fd5192812,sha256:1629d5d6ba2aa530259a76fdb5ecc7109108d4bb4b5c47bf48a4dc3d82cb4395,sha256:a8e94b85976e5864ba3e9525c7e6c83b2a1eca42d4b797a0c7c24d778e40fd95,sha256:39c3f62c162ab0fe10acb5bc2b0c17040b2744ecee5fb9d4dd08a2d12c78dfb2,results/basis_a5_unique_shared/whisper/neg_shared/decoder/seame_dev_man/L08/neg_shared_decoder_L8_oracle_local_rho0.5.json
whisper,seame_dev_man,decoder,9,0.2903225806451613,neg_shared,oracle_local,0.5,NOT_TESTED,0.35706806282722514,0.6868686868686869,0.7070707070707071,,1.0,0,0,0,0,0,,69,200.16284203529358,0.378229132780792,2.9009107541346895,0.4691582764681331,0.061170212765957445,0.3633507853403141,0.6868686868686869,0.362303664921466,0.6565656565656566,-0.0062827225130889786,-0.005235602094240843,sha256:aed3adade67115b75fcf9b5d476107c5320a54a8927bfc48bd9f7637d1c197c3,sha256:fdb57340f9413a482f764654ef76dffeed2dd96693fc5bce99b3d49fd5192812,sha256:1629d5d6ba2aa530259a76fdb5ecc7109108d4bb4b5c47bf48a4dc3d82cb4395,sha256:a8e94b85976e5864ba3e9525c7e6c83b2a1eca42d4b797a0c7c24d778e40fd95,sha256:39c3f62c162ab0fe10acb5bc2b0c17040b2744ecee5fb9d4dd08a2d12c78dfb2,results/basis_a5_unique_shared/whisper/neg_shared/decoder/seame_dev_man/L09/neg_shared_decoder_L9_oracle_local_rho0.5.json
whisper,seame_dev_man,decoder,10,0.3225806451612903,neg_shared,oracle_local,0.5,NOT_TESTED,0.35706806282722514,0.6868686868686869,0.7070707070707071,,0.9984639016897081,0,0,0,0,0,,69,208.0084753036499,0.397863830142551,3.014615584110868,0.4647228737175896,0.06133333333333333,0.362303664921466,0.6868686868686869,0.3633507853403141,0.6565656565656566,-0.005235602094240843,-0.0062827225130889786,sha256:af4d30c69928c331f3731ceb492bf11423ccf6ea39048f537e65ab2daa678f6c,sha256:fdb57340f9413a482f764654ef76dffeed2dd96693fc5bce99b3d49fd5192812,sha256:1629d5d6ba2aa530259a76fdb5ecc7109108d4bb4b5c47bf48a4dc3d82cb4395,sha256:a8e94b85976e5864ba3e9525c7e6c83b2a1eca42d4b797a0c7c24d778e40fd95,sha256:39c3f62c162ab0fe10acb5bc2b0c17040b2744ecee5fb9d4dd08a2d12c78dfb2,results/basis_a5_unique_shared/whisper/neg_shared/decoder/seame_dev_man/L10/neg_shared_decoder_L10_oracle_local_rho0.5.json
whisper,seame_dev_man,decoder,11,0.3548387096774194,neg_shared,oracle_local,0.5,NOT_TESTED,0.3581151832460733,0.6868686868686869,0.7171717171717171,,0.9984639016897081,0,0,0,0,0,,69,212.28690648078918,0.4024906094812414,3.0766218330549155,0.469246611153738,0.06138790035587188,0.362303664921466,0.6868686868686869,0.3612565445026178,0.6565656565656566,-0.004188481675392708,-0.003141361256544517,sha256:d97f0330344afb504c224466c6a0dff2b27e4e28dda1b8ef55c16f169e88c84d,sha256:fdb57340f9413a482f764654ef76dffeed2dd96693fc5bce99b3d49fd5192812,sha256:1629d5d6ba2aa530259a76fdb5ecc7109108d4bb4b5c47bf48a4dc3d82cb4395,sha256:a8e94b85976e5864ba3e9525c7e6c83b2a1eca42d4b797a0c7c24d778e40fd95,sha256:39c3f62c162ab0fe10acb5bc2b0c17040b2744ecee5fb9d4dd08a2d12c78dfb2,results/basis_a5_unique_shared/whisper/neg_shared/decoder/seame_dev_man/L11/neg_shared_decoder_L11_oracle_local_rho0.5.json
whisper,seame_dev_man,decoder,12,0.3870967741935484,neg_shared,oracle_local,0.5,NOT_TESTED,0.35916230366492147,0.6868686868686869,0.7070707070707071,,0.9984639016897081,0,0,0,0,0,,69,213.1130814552307,0.41309044647216797,3.0885953834091406,0.45857717553192173,0.06133333333333333,0.362303664921466,0.6868686868686869,0.3581151832460733,0.6565656565656566,-0.003141361256544517,0.0010471204188481908,sha256:53bf92e4a78e0c36e44192843b3b7d665d0ab544b2930a956944cf41e7d0adf3,sha256:fdb57340f9413a482f764654ef76dffeed2dd96693fc5bce99b3d49fd5192812,sha256:1629d5d6ba2aa530259a76fdb5ecc7109108d4bb4b5c47bf48a4dc3d82cb4395,sha256:a8e94b85976e5864ba3e9525c7e6c83b2a1eca42d4b797a0c7c24d778e40fd95,sha256:39c3f62c162ab0fe10acb5bc2b0c17040b2744ecee5fb9d4dd08a2d12c78dfb2,results/basis_a5_unique_shared/whisper/neg_shared/decoder/seame_dev_man/L12/neg_shared_decoder_L12_oracle_local_rho0.5.json
whisper,seame_dev_man,decoder,13,0.41935483870967744,neg_shared,oracle_local,0.5,NOT_TESTED,0.35706806282722514,0.6363636363636364,0.6666666666666666,,0.9953917050691244,5,0,5,5,0,,70,229.62932991981506,0.4363192341965274,3.280418998854501,0.4645078847540077,0.0617828773168579,0.362303664921466,0.6868686868686869,0.36020942408376966,0.6565656565656566,-0.005235602094240843,-0.003141361256544517,sha256:f5e0af30accf23268fadc1545cf553cbc98b160ec0c9918fef8aea33e338fea4,sha256:fdb57340f9413a482f764654ef76dffeed2dd96693fc5bce99b3d49fd5192812,sha256:1629d5d6ba2aa530259a76fdb5ecc7109108d4bb4b5c47bf48a4dc3d82cb4395,sha256:a8e94b85976e5864ba3e9525c7e6c83b2a1eca42d4b797a0c7c24d778e40fd95,sha256:39c3f62c162ab0fe10acb5bc2b0c17040b2744ecee5fb9d4dd08a2d12c78dfb2,results/basis_a5_unique_shared/whisper/neg_shared/decoder/seame_dev_man/L13/neg_shared_decoder_L13_oracle_local_rho0.5.json
whisper,seame_dev_man,decoder,14,0.45161290322580644,neg_shared,oracle_local,0.5,NOT_TESTED,0.36544502617801045,0.696969696969697,0.7171717171717171,,0.9969278033794163,0,1,-1,0,1,,68,224.0056653022766,0.4315561639501693,3.294200960327597,0.4601639353197015,0.06028368794326241,0.3612565445026178,0.6868686868686869,0.35706806282722514,0.6565656565656566,0.004188481675392652,0.008376963350785305,sha256:47e60dfc5cce0e2ab77d60023d50bba1e6c214000fd9cf40e334109976214674,sha256:fdb57340f9413a482f764654ef76dffeed2dd96693fc5bce99b3d49fd5192812,sha256:1629d5d6ba2aa530259a76fdb5ecc7109108d4bb4b5c47bf48a4dc3d82cb4395,sha256:a8e94b85976e5864ba3e9525c7e6c83b2a1eca42d4b797a0c7c24d778e40fd95,sha256:39c3f62c162ab0fe10acb5bc2b0c17040b2744ecee5fb9d4dd08a2d12c78dfb2,results/basis_a5_unique_shared/whisper/neg_shared/decoder/seame_dev_man/L14/neg_shared_decoder_L14_oracle_local_rho0.5.json
whisper,seame_dev_man,decoder,15,0.4838709677419355,neg_shared,oracle_local,0.5,NOT_TESTED,0.3549738219895288,0.6868686868686869,0.7070707070707071,,0.9984639016897081,0,0,0,0,0,,69,226.37344241142273,0.429426714077182,3.280774527701779,0.4677486053135592,0.061224489795918366,0.36020942408376966,0.6868686868686869,0.35602094240837695,0.6565656565656566,-0.005235602094240843,-0.0010471204188481353,sha256:11fe9bfd1acdf9de021835066d3aab2d897749cfef3a2167bf8c725d5f4849cd,sha256:fdb57340f9413a482f764654ef76dffeed2dd96693fc5bce99b3d49fd5192812,sha256:1629d5d6ba2aa530259a76fdb5ecc7109108d4bb4b5c47bf48a4dc3d82cb4395,sha256:a8e94b85976e5864ba3e9525c7e6c83b2a1eca42d4b797a0c7c24d778e40fd95,sha256:39c3f62c162ab0fe10acb5bc2b0c17040b2744ecee5fb9d4dd08a2d12c78dfb2,results/basis_a5_unique_shared/whisper/neg_shared/decoder/seame_dev_man/L15/neg_shared_decoder_L15_oracle_local_rho0.5.json
whisper,seame_dev_man,decoder,16,0.5161290322580645,neg_shared,oracle_local,0.5,NOT_TESTED,0.36020942408376966,0.6868686868686869,0.7070707070707071,,0.9969278033794163,0,0,0,0,0,,69,237.8044831752777,0.45405689636162955,3.446441785148952,0.4634803412835915,0.061061946902654866,0.35916230366492147,0.6464646464646465,0.35706806282722514,0.6565656565656566,0.0010471204188481908,0.003141361256544517,sha256:720b9a68240c223daba74d23997adc94a89d6bb4d492260aaa0106a39544a9fc,sha256:fdb57340f9413a482f764654ef76dffeed2dd96693fc5bce99b3d49fd5192812,sha256:1629d5d6ba2aa530259a76fdb5ecc7109108d4bb4b5c47bf48a4dc3d82cb4395,sha256:a8e94b85976e5864ba3e9525c7e6c83b2a1eca42d4b797a0c7c24d778e40fd95,sha256:39c3f62c162ab0fe10acb5bc2b0c17040b2744ecee5fb9d4dd08a2d12c78dfb2,results/basis_a5_unique_shared/whisper/neg_shared/decoder/seame_dev_man/L16/neg_shared_decoder_L16_oracle_local_rho0.5.json
whisper,seame_dev_man,decoder,17,0.5483870967741935,neg_shared,oracle_local,0.5,NOT_TESTED,0.3507853403141361,0.6868686868686869,0.7070707070707071,,0.9969278033794163,0,0,0,0,0,,69,240.66724371910095,0.4596200368764862,3.4879310683927676,0.46297274600494565,0.0610079575596817,0.35602094240837695,0.696969696969697,0.3581151832460733,0.6666666666666666,-0.005235602094240843,-0.007329842931937169,sha256:0b8f7879b5db08ba555a3c75d44b40b817d859fe4fec358040dcd3c9151bc032,sha256:fdb57340f9413a482f764654ef76dffeed2dd96693fc5bce99b3d49fd5192812,sha256:1629d5d6ba2aa530259a76fdb5ecc7109108d4bb4b5c47bf48a4dc3d82cb4395,sha256:a8e94b85976e5864ba3e9525c7e6c83b2a1eca42d4b797a0c7c24d778e40fd95,sha256:39c3f62c162ab0fe10acb5bc2b0c17040b2744ecee5fb9d4dd08a2d12c78dfb2,results/basis_a5_unique_shared/whisper/neg_shared/decoder/seame_dev_man/L17/neg_shared_decoder_L17_oracle_local_rho0.5.json
whisper,seame_dev_man,decoder,18,0.5806451612903226,neg_shared,oracle_local,0.5,NOT_TESTED,0.362303664921466,0.6868686868686869,0.7171717171717171,,0.9969278033794163,0,0,0,0,0,,69,243.76559948921204,0.4589124004151524,3.5328347752059717,0.469656156242792,0.0610079575596817,0.36020942408376966,0.6767676767676768,0.35706806282722514,0.696969696969697,0.002094240837696326,0.005235602094240843,sha256:adf030c8d6e7a850bfdd40c5a0d59956b613f04cad5181705ebb8ea9e700dd9e,sha256:fdb57340f9413a482f764654ef76dffeed2dd96693fc5bce99b3d49fd5192812,sha256:1629d5d6ba2aa530259a76fdb5ecc7109108d4bb4b5c47bf48a4dc3d82cb4395,sha256:a8e94b85976e5864ba3e9525c7e6c83b2a1eca42d4b797a0c7c24d778e40fd95,sha256:39c3f62c162ab0fe10acb5bc2b0c17040b2744ecee5fb9d4dd08a2d12c78dfb2,results/basis_a5_unique_shared/whisper/neg_shared/decoder/seame_dev_man/L18/neg_shared_decoder_L18_oracle_local_rho0.5.json
whisper,seame_dev_man,decoder,19,0.6129032258064516,neg_shared,oracle_local,0.5,NOT_TESTED,0.35706806282722514,0.6565656565656566,0.6767676767676768,,1.0,4,1,3,4,1,,69,246.80624151229858,0.4810668783415534,3.576902050902878,0.45361569948219804,0.0610079575596817,0.35706806282722514,0.6767676767676768,0.3612565445026178,0.6868686868686869,0.0,-0.004188481675392652,sha256:5989f68c88acb03f142be9852655c4282c64a5668342f7f8c1cb80962b4954f9,sha256:fdb57340f9413a482f764654ef76dffeed2dd96693fc5bce99b3d49fd5192812,sha256:1629d5d6ba2aa530259a76fdb5ecc7109108d4bb4b5c47bf48a4dc3d82cb4395,sha256:a8e94b85976e5864ba3e9525c7e6c83b2a1eca42d4b797a0c7c24d778e40fd95,sha256:39c3f62c162ab0fe10acb5bc2b0c17040b2744ecee5fb9d4dd08a2d12c78dfb2,results/basis_a5_unique_shared/whisper/neg_shared/decoder/seame_dev_man/L19/neg_shared_decoder_L19_oracle_local_rho0.5.json
whisper,seame_dev_man,decoder,20,0.6451612903225806,neg_shared,oracle_local,0.5,NOT_TESTED,0.3486910994764398,0.6060606060606061,0.6262626262626263,,0.9984639016897081,8,0,8,8,0,,69,246.15568089485168,0.48121155355499184,3.567473636157271,0.4538892543633793,0.061224489795918366,0.3643979057591623,0.696969696969697,0.3612565445026178,0.6868686868686869,-0.01570680628272253,-0.012565445026178013,sha256:eeb6c4483ed6dfb41b3627536e126a59b65089486d56bc3e7221c5f90a1629d2,sha256:fdb57340f9413a482f764654ef76dffeed2dd96693fc5bce99b3d49fd5192812,sha256:1629d5d6ba2aa530259a76fdb5ecc7109108d4bb4b5c47bf48a4dc3d82cb4395,sha256:a8e94b85976e5864ba3e9525c7e6c83b2a1eca42d4b797a0c7c24d778e40fd95,sha256:39c3f62c162ab0fe10acb5bc2b0c17040b2744ecee5fb9d4dd08a2d12c78dfb2,results/basis_a5_unique_shared/whisper/neg_shared/decoder/seame_dev_man/L20/neg_shared_decoder_L20_oracle_local_rho0.5.json
whisper,seame_dev_man,decoder,21,0.6774193548387096,neg_shared,oracle_local,0.5,NOT_TESTED,0.3633507853403141,0.6868686868686869,0.7171717171717171,,0.9984639016897081,0,0,0,0,0,,69,256.3758387565613,0.4943428617663088,3.71559186603712,0.45895529354917386,0.061061946902654866,0.3549738219895288,0.6565656565656566,0.35916230366492147,0.6666666666666666,0.008376963350785305,0.004188481675392652,sha256:8e13d7fafb1c4b3f582d0f3f778c31fb9d0d0d0e6237ee0c37e7407ec1dc2cd2,sha256:fdb57340f9413a482f764654ef76dffeed2dd96693fc5bce99b3d49fd5192812,sha256:1629d5d6ba2aa530259a76fdb5ecc7109108d4bb4b5c47bf48a4dc3d82cb4395,sha256:a8e94b85976e5864ba3e9525c7e6c83b2a1eca42d4b797a0c7c24d778e40fd95,sha256:39c3f62c162ab0fe10acb5bc2b0c17040b2744ecee5fb9d4dd08a2d12c78dfb2,results/basis_a5_unique_shared/whisper/neg_shared/decoder/seame_dev_man/L21/neg_shared_decoder_L21_oracle_local_rho0.5.json
whisper,seame_dev_man,decoder,22,0.7096774193548387,neg_shared,oracle_local,0.5,NOT_TESTED,0.49214659685863876,0.6868686868686869,0.696969696969697,,0.956989247311828,5,5,0,5,5,,63,243.79470539093018,0.4209594204001231,3.869757228427463,0.4666725491206203,0.05076551168412571,0.362303664921466,0.6666666666666666,0.3643979057591623,0.696969696969697,0.12984293193717278,0.12774869109947645,sha256:1f086645a414d6192717090a92a8631d591fac3582c0759072d67e7976710b68,sha256:fdb57340f9413a482f764654ef76dffeed2dd96693fc5bce99b3d49fd5192812,sha256:1629d5d6ba2aa530259a76fdb5ecc7109108d4bb4b5c47bf48a4dc3d82cb4395,sha256:a8e94b85976e5864ba3e9525c7e6c83b2a1eca42d4b797a0c7c24d778e40fd95,sha256:39c3f62c162ab0fe10acb5bc2b0c17040b2744ecee5fb9d4dd08a2d12c78dfb2,results/basis_a5_unique_shared/whisper/neg_shared/decoder/seame_dev_man/L22/neg_shared_decoder_L22_oracle_local_rho0.5.json
whisper,seame_dev_man,decoder,23,0.7419354838709677,neg_shared,oracle_local,0.5,NOT_TESTED,0.3633507853403141,0.6868686868686869,0.7171717171717171,,0.9938556067588326,0,0,0,0,0,,69,265.2053120136261,0.5228695069781001,3.8435552465742915,0.4500543746258133,0.061224489795918366,0.362303664921466,0.6868686868686869,0.36020942408376966,0.6666666666666666,0.0010471204188481353,0.0031413612565444615,sha256:cf12f5a76273ce751914c06d1585822dfc2d594b683eef0bd750a4d2af9fcf4e,sha256:fdb57340f9413a482f764654ef76dffeed2dd96693fc5bce99b3d49fd5192812,sha256:1629d5d6ba2aa530259a76fdb5ecc7109108d4bb4b5c47bf48a4dc3d82cb4395,sha256:a8e94b85976e5864ba3e9525c7e6c83b2a1eca42d4b797a0c7c24d778e40fd95,sha256:39c3f62c162ab0fe10acb5bc2b0c17040b2744ecee5fb9d4dd08a2d12c78dfb2,results/basis_a5_unique_shared/whisper/neg_shared/decoder/seame_dev_man/L23/neg_shared_decoder_L23_oracle_local_rho0.5.json
whisper,seame_dev_man,decoder,24,0.7741935483870968,neg_shared,oracle_local,0.5,STABLE,0.6963350785340314,0.7474747474747475,0.7777777777777778,,0.9370199692780338,5,11,-6,5,11,,70,290.06903862953186,0.4916916162520047,4.1438434089933125,0.47537549517988964,0.05640612409347301,0.3518324607329843,0.6767676767676768,0.3633507853403141,0.6767676767676768,0.34450261780104713,0.3329842931937173,sha256:5b2b9a6df61b89b143e3f8e286da71baea9e2888b7eb66f0c743970b0469813d,sha256:fdb57340f9413a482f764654ef76dffeed2dd96693fc5bce99b3d49fd5192812,sha256:1629d5d6ba2aa530259a76fdb5ecc7109108d4bb4b5c47bf48a4dc3d82cb4395,sha256:a8e94b85976e5864ba3e9525c7e6c83b2a1eca42d4b797a0c7c24d778e40fd95,sha256:39c3f62c162ab0fe10acb5bc2b0c17040b2744ecee5fb9d4dd08a2d12c78dfb2,results/basis_a5_unique_shared/whisper/neg_shared/decoder/seame_dev_man/L24/neg_shared_decoder_L24_oracle_local_rho0.5.json
whisper,seame_dev_man,decoder,25,0.8064516129032258,neg_shared,oracle_local,0.5,NOT_TESTED,0.374869109947644,0.696969696969697,0.7070707070707071,,0.9738863287250384,0,1,-1,0,1,,64,285.9324288368225,0.5628341814793578,4.467694200575352,0.46607568950165984,0.05871559633027523,0.3507853403141361,0.6363636363636364,0.37277486910994767,0.7373737373737373,0.02408376963350789,0.002094240837696326,sha256:c7bdd2d9465905891b102d212f043734d967d713a4cac7700a30c40d92e9745a,sha256:fdb57340f9413a482f764654ef76dffeed2dd96693fc5bce99b3d49fd5192812,sha256:1629d5d6ba2aa530259a76fdb5ecc7109108d4bb4b5c47bf48a4dc3d82cb4395,sha256:a8e94b85976e5864ba3e9525c7e6c83b2a1eca42d4b797a0c7c24d778e40fd95,sha256:39c3f62c162ab0fe10acb5bc2b0c17040b2744ecee5fb9d4dd08a2d12c78dfb2,results/basis_a5_unique_shared/whisper/neg_shared/decoder/seame_dev_man/L25/neg_shared_decoder_L25_oracle_local_rho0.5.json
whisper,seame_dev_man,decoder,26,0.8387096774193549,neg_shared,oracle_local,0.5,STABLE,0.3581151832460733,0.6565656565656566,0.6767676767676768,,0.9969278033794163,3,0,3,3,0,,68,332.0638999938965,0.6445000368207159,4.883292646969066,0.4616730496298497,0.06093189964157706,0.35706806282722514,0.6565656565656566,0.36649214659685864,0.7070707070707071,0.0010471204188481353,-0.00837696335078536,sha256:386514c280ac2d58e342f7f4772b88bb9aa8941dc169d22ba61609b854d01fdc,sha256:fdb57340f9413a482f764654ef76dffeed2dd96693fc5bce99b3d49fd5192812,sha256:1629d5d6ba2aa530259a76fdb5ecc7109108d4bb4b5c47bf48a4dc3d82cb4395,sha256:a8e94b85976e5864ba3e9525c7e6c83b2a1eca42d4b797a0c7c24d778e40fd95,sha256:39c3f62c162ab0fe10acb5bc2b0c17040b2744ecee5fb9d4dd08a2d12c78dfb2,results/basis_a5_unique_shared/whisper/neg_shared/decoder/seame_dev_man/L26/neg_shared_decoder_L26_oracle_local_rho0.5.json
whisper,seame_dev_man,decoder,27,0.8709677419354839,neg_shared,oracle_local,0.5,STABLE,0.3633507853403141,0.6666666666666666,0.6868686868686869,,0.9953917050691244,3,1,2,3,1,,67,386.19215202331543,0.7238933946738464,5.764061970497245,0.47463801492340535,0.059608540925266906,0.3507853403141361,0.6161616161616161,0.36858638743455496,0.7171717171717171,0.012565445026178013,-0.005235602094240843,sha256:c8c46922459a29e16cdf4d1d7e1c9dce7faed3feaea7be21c8e2c6c474613adc,sha256:fdb57340f9413a482f764654ef76dffeed2dd96693fc5bce99b3d49fd5192812,sha256:1629d5d6ba2aa530259a76fdb5ecc7109108d4bb4b5c47bf48a4dc3d82cb4395,sha256:a8e94b85976e5864ba3e9525c7e6c83b2a1eca42d4b797a0c7c24d778e40fd95,sha256:39c3f62c162ab0fe10acb5bc2b0c17040b2744ecee5fb9d4dd08a2d12c78dfb2,results/basis_a5_unique_shared/whisper/neg_shared/decoder/seame_dev_man/L27/neg_shared_decoder_L27_oracle_local_rho0.5.json
whisper,seame_dev_man,decoder,28,0.9032258064516129,neg_shared,oracle_local,0.5,NOT_TESTED,0.36020942408376966,0.7676767676767676,0.7878787878787878,,0.9861751152073732,0,8,-8,0,8,,69,455.867130279541,0.8694495883758707,6.606770004051319,0.46564557727184125,0.06127886323268206,0.3549738219895288,0.6464646464646465,0.35706806282722514,0.6363636363636364,0.005235602094240843,0.003141361256544517,sha256:703c1850ea60034954e6c0ab7a6fd3981d7d2befd2107943ff146426c5e20cd7,sha256:fdb57340f9413a482f764654ef76dffeed2dd96693fc5bce99b3d49fd5192812,sha256:1629d5d6ba2aa530259a76fdb5ecc7109108d4bb4b5c47bf48a4dc3d82cb4395,sha256:a8e94b85976e5864ba3e9525c7e6c83b2a1eca42d4b797a0c7c24d778e40fd95,sha256:39c3f62c162ab0fe10acb5bc2b0c17040b2744ecee5fb9d4dd08a2d12c78dfb2,results/basis_a5_unique_shared/whisper/neg_shared/decoder/seame_dev_man/L28/neg_shared_decoder_L28_oracle_local_rho0.5.json
whisper,seame_dev_man,decoder,29,0.9354838709677419,neg_shared,oracle_local,0.5,NOT_TESTED,0.36858638743455496,0.696969696969697,0.7272727272727273,,0.9938556067588326,0,1,-1,0,1,,68,492.59865045547485,0.9252789305626976,7.244097800815807,0.4715487552327535,0.06023029229406555,0.3633507853403141,0.6767676767676768,0.35287958115183243,0.6060606060606061,0.005235602094240843,0.01570680628272253,sha256:34580a7f0f05d85d9051301ab9b888b5b60a248532ba9946bc7da7bb346ed319,sha256:fdb57340f9413a482f764654ef76dffeed2dd96693fc5bce99b3d49fd5192812,sha256:1629d5d6ba2aa530259a76fdb5ecc7109108d4bb4b5c47bf48a4dc3d82cb4395,sha256:a8e94b85976e5864ba3e9525c7e6c83b2a1eca42d4b797a0c7c24d778e40fd95,sha256:39c3f62c162ab0fe10acb5bc2b0c17040b2744ecee5fb9d4dd08a2d12c78dfb2,results/basis_a5_unique_shared/whisper/neg_shared/decoder/seame_dev_man/L29/neg_shared_decoder_L29_oracle_local_rho0.5.json
whisper,seame_dev_man,decoder,30,0.967741935483871,neg_shared,oracle_local,0.5,NOT_TESTED,0.3706806282722513,0.7070707070707071,0.7373737373737373,,0.9938556067588326,0,2,-2,0,2,,68,510.0167679786682,0.9855530487952557,7.500246587921591,0.4583640067069922,0.06023029229406555,0.3633507853403141,0.6767676767676768,0.3947643979057592,0.6262626262626263,0.007329842931937169,-0.02408376963350789,sha256:dc715b69141676007b18a10bc8de3a2850d7bb9d2d347feb82cf240a3de98bbc,sha256:fdb57340f9413a482f764654ef76dffeed2dd96693fc5bce99b3d49fd5192812,sha256:1629d5d6ba2aa530259a76fdb5ecc7109108d4bb4b5c47bf48a4dc3d82cb4395,sha256:a8e94b85976e5864ba3e9525c7e6c83b2a1eca42d4b797a0c7c24d778e40fd95,sha256:39c3f62c162ab0fe10acb5bc2b0c17040b2744ecee5fb9d4dd08a2d12c78dfb2,results/basis_a5_unique_shared/whisper/neg_shared/decoder/seame_dev_man/L30/neg_shared_decoder_L30_oracle_local_rho0.5.json
whisper,seame_dev_man,decoder,31,1.0,neg_shared,oracle_local,0.5,STABLE,0.36963350785340315,0.7070707070707071,0.7373737373737373,,0.9969278033794163,0,2,-2,0,2,,69,560.1314678192139,1.0680352046456136,8.117847359698752,0.4616640659860809,0.06073943661971831,0.36963350785340315,0.6868686868686869,0.562303664921466,0.6565656565656566,0.0,-0.19267015706806284,sha256:369980c00593e116c16a748255679ae343f47279cb763f0e15ccecfa290ca466,sha256:fdb57340f9413a482f764654ef76dffeed2dd96693fc5bce99b3d49fd5192812,sha256:1629d5d6ba2aa530259a76fdb5ecc7109108d4bb4b5c47bf48a4dc3d82cb4395,sha256:a8e94b85976e5864ba3e9525c7e6c83b2a1eca42d4b797a0c7c24d778e40fd95,sha256:39c3f62c162ab0fe10acb5bc2b0c17040b2744ecee5fb9d4dd08a2d12c78dfb2,results/basis_a5_unique_shared/whisper/neg_shared/decoder/seame_dev_man/L31/neg_shared_decoder_L31_oracle_local_rho0.5.json
whisper,seame_dev_sge,decoder,0,0.0,neg_shared,oracle_local,0.5,NOT_TESTED,0.31530494821634064,0.8295454545454546,0.8295454545454546,,0.985,0,0,0,0,0,,37,42.5724081993103,0.09183364114267166,1.1506056270083866,0.5111155882297755,0.040793825799338476,0.30264672036823936,0.8295454545454546,0.30724971231300346,0.8295454545454546,0.012658227848101278,0.008055235903337177,sha256:c9011cf6c8ace94336dbbff748f5ecd7170094d87341cf8676ff4f648d373972,sha256:bed15a781440fa9ea44eda75cec518ec511a65c1dbb453bf7017e40d6b98c6f0,sha256:1629d5d6ba2aa530259a76fdb5ecc7109108d4bb4b5c47bf48a4dc3d82cb4395,sha256:a8e94b85976e5864ba3e9525c7e6c83b2a1eca42d4b797a0c7c24d778e40fd95,sha256:39c3f62c162ab0fe10acb5bc2b0c17040b2744ecee5fb9d4dd08a2d12c78dfb2,results/basis_a5_unique_shared/whisper/neg_shared/decoder/seame_dev_sge/L00/neg_shared_decoder_L0_oracle_local_rho0.5.json
whisper,seame_dev_sge,decoder,1,0.03225806451612903,neg_shared,oracle_local,0.5,NOT_TESTED,0.31645569620253167,0.875,0.875,,0.9883333333333333,0,4,-4,0,4,,38,70.48850309848785,0.15413203344240292,1.8549606078549434,0.5025554505758697,0.041758241758241756,0.3037974683544304,0.8295454545454546,0.3095512082853855,0.8409090909090909,0.012658227848101278,0.0069044879171461515,sha256:a2ac2105b02523d217c6e2f0c2a47424bd6af14afe4f5b2bc56c0a2ffc1bbe24,sha256:bed15a781440fa9ea44eda75cec518ec511a65c1dbb453bf7017e40d6b98c6f0,sha256:1629d5d6ba2aa530259a76fdb5ecc7109108d4bb4b5c47bf48a4dc3d82cb4395,sha256:a8e94b85976e5864ba3e9525c7e6c83b2a1eca42d4b797a0c7c24d778e40fd95,sha256:39c3f62c162ab0fe10acb5bc2b0c17040b2744ecee5fb9d4dd08a2d12c78dfb2,results/basis_a5_unique_shared/whisper/neg_shared/decoder/seame_dev_sge/L01/neg_shared_decoder_L1_oracle_local_rho0.5.json
whisper,seame_dev_sge,decoder,2,0.06451612903225806,neg_shared,oracle_local,0.5,NOT_TESTED,0.31185270425776757,0.8636363636363636,0.8636363636363636,,0.9933333333333333,0,3,-3,0,3,,38,82.52576231956482,0.18211453766188082,2.171730587356969,0.498518231761427,0.041804180418041806,0.3037974683544304,0.8295454545454546,0.3084004602991945,0.8409090909090909,0.008055235903337177,0.0034522439585730758,sha256:1700cdebd52245d9aa48e1daa3ae18382f6dd0836289cb6f01fa97758a7329f7,sha256:bed15a781440fa9ea44eda75cec518ec511a65c1dbb453bf7017e40d6b98c6f0,sha256:1629d5d6ba2aa530259a76fdb5ecc7109108d4bb4b5c47bf48a4dc3d82cb4395,sha256:a8e94b85976e5864ba3e9525c7e6c83b2a1eca42d4b797a0c7c24d778e40fd95,sha256:39c3f62c162ab0fe10acb5bc2b0c17040b2744ecee5fb9d4dd08a2d12c78dfb2,results/basis_a5_unique_shared/whisper/neg_shared/decoder/seame_dev_sge/L02/neg_shared_decoder_L2_oracle_local_rho0.5.json
whisper,seame_dev_sge,decoder,3,0.0967741935483871,neg_shared,oracle_local,0.5,NOT_TESTED,0.3095512082853855,0.8522727272727273,0.8522727272727273,,0.9866666666666667,0,2,-2,0,2,,38,91.56270051002502,0.20179205718876378,2.4095447502638163,0.5002732002008952,0.04189636163175303,0.30609896432681244,0.8295454545454546,0.3049482163406214,0.8409090909090909,0.0034522439585730758,0.004602991944764101,sha256:2562bcb8e0dda5b29762352679442234bcb31db347be3eb12a11fe34c3806cc4,sha256:bed15a781440fa9ea44eda75cec518ec511a65c1dbb453bf7017e40d6b98c6f0,sha256:1629d5d6ba2aa530259a76fdb5ecc7109108d4bb4b5c47bf48a4dc3d82cb4395,sha256:a8e94b85976e5864ba3e9525c7e6c83b2a1eca42d4b797a0c7c24d778e40fd95,sha256:39c3f62c162ab0fe10acb5bc2b0c17040b2744ecee5fb9d4dd08a2d12c78dfb2,results/basis_a5_unique_shared/whisper/neg_shared/decoder/seame_dev_sge/L03/neg_shared_decoder_L3_oracle_local_rho0.5.json
whisper,seame_dev_sge,decoder,4,0.12903225806451613,neg_shared,oracle_local,0.5,NOT_TESTED,0.4177215189873418,0.8636363636363636,0.9318181818181818,,0.8316666666666667,0,3,-3,0,3,,39,97.31667685508728,0.2140778392148773,2.4952994065406995,0.5142369659914053,0.04411764705882353,0.30724971231300346,0.8295454545454546,0.3049482163406214,0.8409090909090909,0.11047180667433831,0.11277330264672036,sha256:1c42dec48bfca6bb0a73c445e2f45e1dcad7bd669bbf49a35687ece8aa5a5208,sha256:bed15a781440fa9ea44eda75cec518ec511a65c1dbb453bf7017e40d6b98c6f0,sha256:1629d5d6ba2aa530259a76fdb5ecc7109108d4bb4b5c47bf48a4dc3d82cb4395,sha256:a8e94b85976e5864ba3e9525c7e6c83b2a1eca42d4b797a0c7c24d778e40fd95,sha256:39c3f62c162ab0fe10acb5bc2b0c17040b2744ecee5fb9d4dd08a2d12c78dfb2,results/basis_a5_unique_shared/whisper/neg_shared/decoder/seame_dev_sge/L04/neg_shared_decoder_L4_oracle_local_rho0.5.json
whisper,seame_dev_sge,decoder,5,0.16129032258064516,neg_shared,oracle_local,0.5,NOT_TESTED,0.34522439585730724,0.8636363636363636,0.8636363636363636,,0.945,0,3,-3,0,3,,38,97.82696175575256,0.21724315689283635,2.574393730414541,0.504832848857283,0.042600896860986545,0.30724971231300346,0.8295454545454546,0.3037974683544304,0.8409090909090909,0.03797468354430378,0.041426927502876854,sha256:e944d7211936f35b19f4f18ccd4cf3d90bd412322c5b222a1a831ab90072f62a,sha256:bed15a781440fa9ea44eda75cec518ec511a65c1dbb453bf7017e40d6b98c6f0,sha256:1629d5d6ba2aa530259a76fdb5ecc7109108d4bb4b5c47bf48a4dc3d82cb4395,sha256:a8e94b85976e5864ba3e9525c7e6c83b2a1eca42d4b797a0c7c24d778e40fd95,sha256:39c3f62c162ab0fe10acb5bc2b0c17040b2744ecee5fb9d4dd08a2d12c78dfb2,results/basis_a5_unique_shared/whisper/neg_shared/decoder/seame_dev_sge/L05/neg_shared_decoder_L5_oracle_local_rho0.5.json
whisper,seame_dev_sge,decoder,6,0.1935483870967742,neg_shared,oracle_local,0.5,NOT_TESTED,0.3084004602991945,0.8295454545454546,0.8295454545454546,,0.9916666666666667,0,0,0,0,0,,38,98.39058518409729,0.23219224774535865,2.589225925897297,0.46616744874267924,0.041804180418041806,0.30264672036823936,0.8295454545454546,0.3084004602991945,0.8409090909090909,0.005753739930955126,0.0,sha256:ba2ccff0b8e14455a0f6fb060c9e9d5e9c8aa91677f310355ed2a6004f4c9daf,sha256:bed15a781440fa9ea44eda75cec518ec511a65c1dbb453bf7017e40d6b98c6f0,sha256:1629d5d6ba2aa530259a76fdb5ecc7109108d4bb4b5c47bf48a4dc3d82cb4395,sha256:a8e94b85976e5864ba3e9525c7e6c83b2a1eca42d4b797a0c7c24d778e40fd95,sha256:39c3f62c162ab0fe10acb5bc2b0c17040b2744ecee5fb9d4dd08a2d12c78dfb2,results/basis_a5_unique_shared/whisper/neg_shared/decoder/seame_dev_sge/L06/neg_shared_decoder_L6_oracle_local_rho0.5.json
whisper,seame_dev_sge,decoder,7,0.22580645161290322,neg_shared,oracle_local,0.5,NOT_TESTED,0.30724971231300346,0.8295454545454546,0.8295454545454546,,0.9916666666666667,0,0,0,0,0,,38,106.71272921562195,0.24781158999724534,2.8082297162005774,0.4742515560999447,0.04185022026431718,0.30149597238204834,0.8295454545454546,0.3037974683544304,0.8409090909090909,0.005753739930955126,0.0034522439585730758,sha256:bbc3c83c427cc62245e5becc3d02d1011d137a2c54fdd005ee2a32e151bee348,sha256:bed15a781440fa9ea44eda75cec518ec511a65c1dbb453bf7017e40d6b98c6f0,sha256:1629d5d6ba2aa530259a76fdb5ecc7109108d4bb4b5c47bf48a4dc3d82cb4395,sha256:a8e94b85976e5864ba3e9525c7e6c83b2a1eca42d4b797a0c7c24d778e40fd95,sha256:39c3f62c162ab0fe10acb5bc2b0c17040b2744ecee5fb9d4dd08a2d12c78dfb2,results/basis_a5_unique_shared/whisper/neg_shared/decoder/seame_dev_sge/L07/neg_shared_decoder_L7_oracle_local_rho0.5.json
whisper,seame_dev_sge,decoder,8,0.25806451612903225,neg_shared,oracle_local,0.5,NOT_TESTED,0.3049482163406214,0.8409090909090909,0.8409090909090909,,0.9983333333333333,0,1,-1,0,1,,38,112.28607821464539,0.26375882005325135,2.954896795122247,0.4673051264365016,0.04171240395170143,0.30264672036823936,0.8295454545454546,0.3049482163406214,0.8409090909090909,0.0023014959723820505,0.0,sha256:fd10cb3df7468b3491b1e8a69dd3312a93252aeca5870624a093138ba40ae63c,sha256:bed15a781440fa9ea44eda75cec518ec511a65c1dbb453bf7017e40d6b98c6f0,sha256:1629d5d6ba2aa530259a76fdb5ecc7109108d4bb4b5c47bf48a4dc3d82cb4395,sha256:a8e94b85976e5864ba3e9525c7e6c83b2a1eca42d4b797a0c7c24d778e40fd95,sha256:39c3f62c162ab0fe10acb5bc2b0c17040b2744ecee5fb9d4dd08a2d12c78dfb2,results/basis_a5_unique_shared/whisper/neg_shared/decoder/seame_dev_sge/L08/neg_shared_decoder_L8_oracle_local_rho0.5.json
whisper,seame_dev_sge,decoder,9,0.2903225806451613,neg_shared,oracle_local,0.5,NOT_TESTED,0.3095512082853855,0.8409090909090909,0.8409090909090909,,0.9916666666666667,0,1,-1,0,1,,38,112.9768660068512,0.2658364088228433,2.973075421232926,0.4675318247640535,0.041804180418041806,0.30609896432681244,0.8295454545454546,0.3084004602991945,0.8409090909090909,0.0034522439585730758,0.0011507479861910253,sha256:aed3adade67115b75fcf9b5d476107c5320a54a8927bfc48bd9f7637d1c197c3,sha256:bed15a781440fa9ea44eda75cec518ec511a65c1dbb453bf7017e40d6b98c6f0,sha256:1629d5d6ba2aa530259a76fdb5ecc7109108d4bb4b5c47bf48a4dc3d82cb4395,sha256:a8e94b85976e5864ba3e9525c7e6c83b2a1eca42d4b797a0c7c24d778e40fd95,sha256:39c3f62c162ab0fe10acb5bc2b0c17040b2744ecee5fb9d4dd08a2d12c78dfb2,results/basis_a5_unique_shared/whisper/neg_shared/decoder/seame_dev_sge/L09/neg_shared_decoder_L9_oracle_local_rho0.5.json
whisper,seame_dev_sge,decoder,10,0.3225806451612903,neg_shared,oracle_local,0.5,NOT_TESTED,0.31185270425776757,0.8409090909090909,0.8409090909090909,,0.99,0,1,-1,0,1,,38,117.33139753341675,0.27519368337639627,3.087668356142546,0.4695587457615716,0.04185022026431718,0.3084004602991945,0.8409090909090909,0.30609896432681244,0.8409090909090909,0.0034522439585730758,0.005753739930955126,sha256:af4d30c69928c331f3731ceb492bf11423ccf6ea39048f537e65ab2daa678f6c,sha256:bed15a781440fa9ea44eda75cec518ec511a65c1dbb453bf7017e40d6b98c6f0,sha256:1629d5d6ba2aa530259a76fdb5ecc7109108d4bb4b5c47bf48a4dc3d82cb4395,sha256:a8e94b85976e5864ba3e9525c7e6c83b2a1eca42d4b797a0c7c24d778e40fd95,sha256:39c3f62c162ab0fe10acb5bc2b0c17040b2744ecee5fb9d4dd08a2d12c78dfb2,results/basis_a5_unique_shared/whisper/neg_shared/decoder/seame_dev_sge/L10/neg_shared_decoder_L10_oracle_local_rho0.5.json
whisper,seame_dev_sge,decoder,11,0.3548387096774194,neg_shared,oracle_local,0.5,NOT_TESTED,0.31070195627157654,0.8409090909090909,0.8409090909090909,,0.9916666666666667,0,1,-1,0,1,,38,119.09899640083313,0.276598142449743,3.134184115811398,0.47369081035873833,0.041804180418041806,0.30724971231300346,0.8409090909090909,0.30724971231300346,0.8409090909090909,0.0034522439585730758,0.0034522439585730758,sha256:d97f0330344afb504c224466c6a0dff2b27e4e28dda1b8ef55c16f169e88c84d,sha256:bed15a781440fa9ea44eda75cec518ec511a65c1dbb453bf7017e40d6b98c6f0,sha256:1629d5d6ba2aa530259a76fdb5ecc7109108d4bb4b5c47bf48a4dc3d82cb4395,sha256:a8e94b85976e5864ba3e9525c7e6c83b2a1eca42d4b797a0c7c24d778e40fd95,sha256:39c3f62c162ab0fe10acb5bc2b0c17040b2744ecee5fb9d4dd08a2d12c78dfb2,results/basis_a5_unique_shared/whisper/neg_shared/decoder/seame_dev_sge/L11/neg_shared_decoder_L11_oracle_local_rho0.5.json
whisper,seame_dev_sge,decoder,12,0.3870967741935484,neg_shared,oracle_local,0.5,NOT_TESTED,0.3095512082853855,0.8409090909090909,0.8409090909090909,,0.9933333333333333,0,1,-1,0,1,,38,119.26257753372192,0.28603340268265925,3.1384888824663664,0.4576875107436454,0.04171240395170143,0.3095512082853855,0.8409090909090909,0.30609896432681244,0.8409090909090909,0.0,0.0034522439585730758,sha256:53bf92e4a78e0c36e44192843b3b7d665d0ab544b2930a956944cf41e7d0adf3,sha256:bed15a781440fa9ea44eda75cec518ec511a65c1dbb453bf7017e40d6b98c6f0,sha256:1629d5d6ba2aa530259a76fdb5ecc7109108d4bb4b5c47bf48a4dc3d82cb4395,sha256:a8e94b85976e5864ba3e9525c7e6c83b2a1eca42d4b797a0c7c24d778e40fd95,sha256:39c3f62c162ab0fe10acb5bc2b0c17040b2744ecee5fb9d4dd08a2d12c78dfb2,results/basis_a5_unique_shared/whisper/neg_shared/decoder/seame_dev_sge/L12/neg_shared_decoder_L12_oracle_local_rho0.5.json
whisper,seame_dev_sge,decoder,13,0.41935483870967744,neg_shared,oracle_local,0.5,NOT_TESTED,0.30609896432681244,0.8295454545454546,0.8295454545454546,,0.995,0,0,0,0,0,,38,124.86964845657349,0.2965664277354135,3.286043380436144,0.46218572322641677,0.04171240395170143,0.3049482163406214,0.8295454545454546,0.30609896432681244,0.8409090909090909,0.0011507479861910253,0.0,sha256:f5e0af30accf23268fadc1545cf553cbc98b160ec0c9918fef8aea33e338fea4,sha256:bed15a781440fa9ea44eda75cec518ec511a65c1dbb453bf7017e40d6b98c6f0,sha256:1629d5d6ba2aa530259a76fdb5ecc7109108d4bb4b5c47bf48a4dc3d82cb4395,sha256:a8e94b85976e5864ba3e9525c7e6c83b2a1eca42d4b797a0c7c24d778e40fd95,sha256:39c3f62c162ab0fe10acb5bc2b0c17040b2744ecee5fb9d4dd08a2d12c78dfb2,results/basis_a5_unique_shared/whisper/neg_shared/decoder/seame_dev_sge/L13/neg_shared_decoder_L13_oracle_local_rho0.5.json
whisper,seame_dev_sge,decoder,14,0.45161290322580644,neg_shared,oracle_local,0.5,NOT_TESTED,0.30609896432681244,0.8409090909090909,0.8409090909090909,,0.9983333333333333,0,1,-1,0,1,,38,126.3493664264679,0.2989882869239966,3.3249833270123133,0.4628583641403571,0.0416210295728368,0.3037974683544304,0.8295454545454546,0.3049482163406214,0.8409090909090909,0.0023014959723820505,0.0011507479861910253,sha256:47e60dfc5cce0e2ab77d60023d50bba1e6c214000fd9cf40e334109976214674,sha256:bed15a781440fa9ea44eda75cec518ec511a65c1dbb453bf7017e40d6b98c6f0,sha256:1629d5d6ba2aa530259a76fdb5ecc7109108d4bb4b5c47bf48a4dc3d82cb4395,sha256:a8e94b85976e5864ba3e9525c7e6c83b2a1eca42d4b797a0c7c24d778e40fd95,sha256:39c3f62c162ab0fe10acb5bc2b0c17040b2744ecee5fb9d4dd08a2d12c78dfb2,results/basis_a5_unique_shared/whisper/neg_shared/decoder/seame_dev_sge/L14/neg_shared_decoder_L14_oracle_local_rho0.5.json
whisper,seame_dev_sge,decoder,15,0.4838709677419355,neg_shared,oracle_local,0.5,NOT_TESTED,0.3084004602991945,0.8409090909090909,0.8409090909090909,,0.995,0,1,-1,0,1,,38,125.15330362319946,0.295445921130552,3.2935079900841964,0.46499249397267045,0.04171240395170143,0.3003452243958573,0.8295454545454546,0.3095512082853855,0.8409090909090909,0.008055235903337177,-0.0011507479861910253,sha256:11fe9bfd1acdf9de021835066d3aab2d897749cfef3a2167bf8c725d5f4849cd,sha256:bed15a781440fa9ea44eda75cec518ec511a65c1dbb453bf7017e40d6b98c6f0,sha256:1629d5d6ba2aa530259a76fdb5ecc7109108d4bb4b5c47bf48a4dc3d82cb4395,sha256:a8e94b85976e5864ba3e9525c7e6c83b2a1eca42d4b797a0c7c24d778e40fd95,sha256:39c3f62c162ab0fe10acb5bc2b0c17040b2744ecee5fb9d4dd08a2d12c78dfb2,results/basis_a5_unique_shared/whisper/neg_shared/decoder/seame_dev_sge/L15/neg_shared_decoder_L15_oracle_local_rho0.5.json
whisper,seame_dev_sge,decoder,16,0.5161290322580645,neg_shared,oracle_local,0.5,NOT_TESTED,0.30609896432681244,0.8409090909090909,0.8409090909090909,,1.0,0,1,-1,0,1,,38,132.03265690803528,0.31573042900938736,3.4745436028430334,0.45853245939166454,0.041666666666666664,0.30264672036823936,0.8295454545454546,0.31070195627157654,0.8409090909090909,0.0034522439585730758,-0.004602991944764101,sha256:720b9a68240c223daba74d23997adc94a89d6bb4d492260aaa0106a39544a9fc,sha256:bed15a781440fa9ea44eda75cec518ec511a65c1dbb453bf7017e40d6b98c6f0,sha256:1629d5d6ba2aa530259a76fdb5ecc7109108d4bb4b5c47bf48a4dc3d82cb4395,sha256:a8e94b85976e5864ba3e9525c7e6c83b2a1eca42d4b797a0c7c24d778e40fd95,sha256:39c3f62c162ab0fe10acb5bc2b0c17040b2744ecee5fb9d4dd08a2d12c78dfb2,results/basis_a5_unique_shared/whisper/neg_shared/decoder/seame_dev_sge/L16/neg_shared_decoder_L16_oracle_local_rho0.5.json
whisper,seame_dev_sge,decoder,17,0.5483870967741935,neg_shared,oracle_local,0.5,NOT_TESTED,0.30609896432681244,0.8409090909090909,0.8409090909090909,,1.0,0,1,-1,0,1,,38,133.21331477165222,0.32240879953953255,3.5056135466224267,0.45304976575664946,0.041666666666666664,0.30609896432681244,0.8409090909090909,0.30724971231300346,0.8295454545454546,0.0,-0.0011507479861910253,sha256:0b8f7879b5db08ba555a3c75d44b40b817d859fe4fec358040dcd3c9151bc032,sha256:bed15a781440fa9ea44eda75cec518ec511a65c1dbb453bf7017e40d6b98c6f0,sha256:1629d5d6ba2aa530259a76fdb5ecc7109108d4bb4b5c47bf48a4dc3d82cb4395,sha256:a8e94b85976e5864ba3e9525c7e6c83b2a1eca42d4b797a0c7c24d778e40fd95,sha256:39c3f62c162ab0fe10acb5bc2b0c17040b2744ecee5fb9d4dd08a2d12c78dfb2,results/basis_a5_unique_shared/whisper/neg_shared/decoder/seame_dev_sge/L17/neg_shared_decoder_L17_oracle_local_rho0.5.json
whisper,seame_dev_sge,decoder,18,0.5806451612903226,neg_shared,oracle_local,0.5,NOT_TESTED,0.31070195627157654,0.8409090909090909,0.8409090909090909,,0.9933333333333333,0,1,-1,0,1,,38,135.5286943912506,0.3214360420520489,3.566544589243437,0.4633351949221065,0.041758241758241756,0.30149597238204834,0.8295454545454546,0.3084004602991945,0.8295454545454546,0.009205983889528202,0.0023014959723820505,sha256:adf030c8d6e7a850bfdd40c5a0d59956b613f04cad5181705ebb8ea9e700dd9e,sha256:bed15a781440fa9ea44eda75cec518ec511a65c1dbb453bf7017e40d6b98c6f0,sha256:1629d5d6ba2aa530259a76fdb5ecc7109108d4bb4b5c47bf48a4dc3d82cb4395,sha256:a8e94b85976e5864ba3e9525c7e6c83b2a1eca42d4b797a0c7c24d778e40fd95,sha256:39c3f62c162ab0fe10acb5bc2b0c17040b2744ecee5fb9d4dd08a2d12c78dfb2,results/basis_a5_unique_shared/whisper/neg_shared/decoder/seame_dev_sge/L18/neg_shared_decoder_L18_oracle_local_rho0.5.json
whisper,seame_dev_sge,decoder,19,0.6129032258064516,neg_shared,oracle_local,0.5,NOT_TESTED,0.3049482163406214,0.8409090909090909,0.8409090909090909,,1.0,0,1,-1,0,1,,38,136.5831904411316,0.3315104189994954,3.5942944852929366,0.45126255011034583,0.0416210295728368,0.3084004602991945,0.8295454545454546,0.30724971231300346,0.8295454545454546,-0.0034522439585730758,-0.0023014959723820505,sha256:5989f68c88acb03f142be9852655c4282c64a5668342f7f8c1cb80962b4954f9,sha256:bed15a781440fa9ea44eda75cec518ec511a65c1dbb453bf7017e40d6b98c6f0,sha256:1629d5d6ba2aa530259a76fdb5ecc7109108d4bb4b5c47bf48a4dc3d82cb4395,sha256:a8e94b85976e5864ba3e9525c7e6c83b2a1eca42d4b797a0c7c24d778e40fd95,sha256:39c3f62c162ab0fe10acb5bc2b0c17040b2744ecee5fb9d4dd08a2d12c78dfb2,results/basis_a5_unique_shared/whisper/neg_shared/decoder/seame_dev_sge/L19/neg_shared_decoder_L19_oracle_local_rho0.5.json
whisper,seame_dev_sge,decoder,20,0.6451612903225806,neg_shared,oracle_local,0.5,NOT_TESTED,0.30609896432681244,0.8409090909090909,0.8409090909090909,,0.9983333333333333,0,1,-1,0,1,,38,136.51280903816223,0.335351052446146,3.5924423431095325,0.4458645586785047,0.0416210295728368,0.30724971231300346,0.8295454545454546,0.30724971231300346,0.8295454545454546,-0.0011507479861910253,-0.0011507479861910253,sha256:eeb6c4483ed6dfb41b3627536e126a59b65089486d56bc3e7221c5f90a1629d2,sha256:bed15a781440fa9ea44eda75cec518ec511a65c1dbb453bf7017e40d6b98c6f0,sha256:1629d5d6ba2aa530259a76fdb5ecc7109108d4bb4b5c47bf48a4dc3d82cb4395,sha256:a8e94b85976e5864ba3e9525c7e6c83b2a1eca42d4b797a0c7c24d778e40fd95,sha256:39c3f62c162ab0fe10acb5bc2b0c17040b2744ecee5fb9d4dd08a2d12c78dfb2,results/basis_a5_unique_shared/whisper/neg_shared/decoder/seame_dev_sge/L20/neg_shared_decoder_L20_oracle_local_rho0.5.json
whisper,seame_dev_sge,decoder,21,0.6774193548387096,neg_shared,oracle_local,0.5,NOT_TESTED,0.30609896432681244,0.8409090909090909,0.8409090909090909,,0.9983333333333333,0,1,-1,0,1,,38,142.10300946235657,0.34678197325321664,3.739552880588331,0.449316041131333,0.041666666666666664,0.3037974683544304,0.8295454545454546,0.3037974683544304,0.8295454545454546,0.0023014959723820505,0.0023014959723820505,sha256:8e13d7fafb1c4b3f582d0f3f778c31fb9d0d0d0e6237ee0c37e7407ec1dc2cd2,sha256:bed15a781440fa9ea44eda75cec518ec511a65c1dbb453bf7017e40d6b98c6f0,sha256:1629d5d6ba2aa530259a76fdb5ecc7109108d4bb4b5c47bf48a4dc3d82cb4395,sha256:a8e94b85976e5864ba3e9525c7e6c83b2a1eca42d4b797a0c7c24d778e40fd95,sha256:39c3f62c162ab0fe10acb5bc2b0c17040b2744ecee5fb9d4dd08a2d12c78dfb2,results/basis_a5_unique_shared/whisper/neg_shared/decoder/seame_dev_sge/L21/neg_shared_decoder_L21_oracle_local_rho0.5.json
whisper,seame_dev_sge,decoder,22,0.7096774193548387,neg_shared,oracle_local,0.5,NOT_TESTED,0.4660529344073648,0.8295454545454546,0.8295454545454546,,0.94,0,0,0,0,0,,41,159.1173141002655,0.3293848946846816,3.8809101000064756,0.4605091589439417,0.03908484270734033,0.30264672036823936,0.8295454545454546,0.3037974683544304,0.8295454545454546,0.16340621403912542,0.1622554660529344,sha256:1f086645a414d6192717090a92a8631d591fac3582c0759072d67e7976710b68,sha256:bed15a781440fa9ea44eda75cec518ec511a65c1dbb453bf7017e40d6b98c6f0,sha256:1629d5d6ba2aa530259a76fdb5ecc7109108d4bb4b5c47bf48a4dc3d82cb4395,sha256:a8e94b85976e5864ba3e9525c7e6c83b2a1eca42d4b797a0c7c24d778e40fd95,sha256:39c3f62c162ab0fe10acb5bc2b0c17040b2744ecee5fb9d4dd08a2d12c78dfb2,results/basis_a5_unique_shared/whisper/neg_shared/decoder/seame_dev_sge/L22/neg_shared_decoder_L22_oracle_local_rho0.5.json
whisper,seame_dev_sge,decoder,23,0.7419354838709677,neg_shared,oracle_local,0.5,NOT_TESTED,0.31070195627157654,0.8409090909090909,0.8409090909090909,,0.9916666666666667,0,1,-1,0,1,,38,148.5949923992157,0.3645927200485246,3.9103945368214656,0.4483656138313809,0.041804180418041806,0.3084004602991945,0.8295454545454546,0.3037974683544304,0.8295454545454546,0.0023014959723820505,0.0069044879171461515,sha256:cf12f5a76273ce751914c06d1585822dfc2d594b683eef0bd750a4d2af9fcf4e,sha256:bed15a781440fa9ea44eda75cec518ec511a65c1dbb453bf7017e40d6b98c6f0,sha256:1629d5d6ba2aa530259a76fdb5ecc7109108d4bb4b5c47bf48a4dc3d82cb4395,sha256:a8e94b85976e5864ba3e9525c7e6c83b2a1eca42d4b797a0c7c24d778e40fd95,sha256:39c3f62c162ab0fe10acb5bc2b0c17040b2744ecee5fb9d4dd08a2d12c78dfb2,results/basis_a5_unique_shared/whisper/neg_shared/decoder/seame_dev_sge/L23/neg_shared_decoder_L23_oracle_local_rho0.5.json
whisper,seame_dev_sge,decoder,24,0.7741935483870968,neg_shared,oracle_local,0.5,STABLE,0.30149597238204834,0.8295454545454546,0.8295454545454546,,0.99,0,0,0,0,0,,38,157.27808332443237,0.3709337265765081,4.1388969295903255,0.4633944107524122,0.041530054644808745,0.30724971231300346,0.8295454545454546,0.30149597238204834,0.8295454545454546,-0.005753739930955126,0.0,sha256:5b2b9a6df61b89b143e3f8e286da71baea9e2888b7eb66f0c743970b0469813d,sha256:bed15a781440fa9ea44eda75cec518ec511a65c1dbb453bf7017e40d6b98c6f0,sha256:1629d5d6ba2aa530259a76fdb5ecc7109108d4bb4b5c47bf48a4dc3d82cb4395,sha256:a8e94b85976e5864ba3e9525c7e6c83b2a1eca42d4b797a0c7c24d778e40fd95,sha256:39c3f62c162ab0fe10acb5bc2b0c17040b2744ecee5fb9d4dd08a2d12c78dfb2,results/basis_a5_unique_shared/whisper/neg_shared/decoder/seame_dev_sge/L24/neg_shared_decoder_L24_oracle_local_rho0.5.json
whisper,seame_dev_sge,decoder,25,0.8064516129032258,neg_shared,oracle_local,0.5,NOT_TESTED,0.31185270425776757,0.8409090909090909,0.8409090909090909,,0.99,0,1,-1,0,1,,38,171.2793254852295,0.40543591345984503,4.507350670663934,0.46526124626225535,0.04185022026431718,0.3084004602991945,0.8295454545454546,0.30149597238204834,0.8295454545454546,0.0034522439585730758,0.010356731875719227,sha256:c7bdd2d9465905891b102d212f043734d967d713a4cac7700a30c40d92e9745a,sha256:bed15a781440fa9ea44eda75cec518ec511a65c1dbb453bf7017e40d6b98c6f0,sha256:1629d5d6ba2aa530259a76fdb5ecc7109108d4bb4b5c47bf48a4dc3d82cb4395,sha256:a8e94b85976e5864ba3e9525c7e6c83b2a1eca42d4b797a0c7c24d778e40fd95,sha256:39c3f62c162ab0fe10acb5bc2b0c17040b2744ecee5fb9d4dd08a2d12c78dfb2,results/basis_a5_unique_shared/whisper/neg_shared/decoder/seame_dev_sge/L25/neg_shared_decoder_L25_oracle_local_rho0.5.json
whisper,seame_dev_sge,decoder,26,0.8387096774193549,neg_shared,oracle_local,0.5,STABLE,0.31185270425776757,0.8409090909090909,0.8522727272727273,,0.985,0,1,-1,0,1,,38,189.2063045501709,0.4420527920388339,4.979113277636077,0.46931736881012864,0.041666666666666664,0.3049482163406214,0.8295454545454546,0.3037974683544304,0.8295454545454546,0.0069044879171461515,0.008055235903337177,sha256:386514c280ac2d58e342f7f4772b88bb9aa8941dc169d22ba61609b854d01fdc,sha256:bed15a781440fa9ea44eda75cec518ec511a65c1dbb453bf7017e40d6b98c6f0,sha256:1629d5d6ba2aa530259a76fdb5ecc7109108d4bb4b5c47bf48a4dc3d82cb4395,sha256:a8e94b85976e5864ba3e9525c7e6c83b2a1eca42d4b797a0c7c24d778e40fd95,sha256:39c3f62c162ab0fe10acb5bc2b0c17040b2744ecee5fb9d4dd08a2d12c78dfb2,results/basis_a5_unique_shared/whisper/neg_shared/decoder/seame_dev_sge/L26/neg_shared_decoder_L26_oracle_local_rho0.5.json
whisper,seame_dev_sge,decoder,27,0.8709677419354839,neg_shared,oracle_local,0.5,STABLE,0.3049482163406214,0.8409090909090909,0.8522727272727273,,0.9866666666666667,0,1,-1,0,1,,38,222.46031141281128,0.5060853435854792,5.8542187213897705,0.4814575518084805,0.0416210295728368,0.2991944764096663,0.8295454545454546,0.30724971231300346,0.8295454545454546,0.005753739930955126,-0.0023014959723820505,sha256:c8c46922459a29e16cdf4d1d7e1c9dce7faed3feaea7be21c8e2c6c474613adc,sha256:bed15a781440fa9ea44eda75cec518ec511a65c1dbb453bf7017e40d6b98c6f0,sha256:1629d5d6ba2aa530259a76fdb5ecc7109108d4bb4b5c47bf48a4dc3d82cb4395,sha256:a8e94b85976e5864ba3e9525c7e6c83b2a1eca42d4b797a0c7c24d778e40fd95,sha256:39c3f62c162ab0fe10acb5bc2b0c17040b2744ecee5fb9d4dd08a2d12c78dfb2,results/basis_a5_unique_shared/whisper/neg_shared/decoder/seame_dev_sge/L27/neg_shared_decoder_L27_oracle_local_rho0.5.json
whisper,seame_dev_sge,decoder,28,0.9032258064516129,neg_shared,oracle_local,0.5,NOT_TESTED,0.2991944764096663,0.8295454545454546,0.8295454545454546,,0.99,0,0,0,0,0,,38,251.06347703933716,0.5769827234138001,6.606933606298346,0.47143196800008297,0.041170097508125676,0.30149597238204834,0.8295454545454546,0.3095512082853855,0.8181818181818182,-0.0023014959723820505,-0.010356731875719227,sha256:703c1850ea60034954e6c0ab7a6fd3981d7d2befd2107943ff146426c5e20cd7,sha256:bed15a781440fa9ea44eda75cec518ec511a65c1dbb453bf7017e40d6b98c6f0,sha256:1629d5d6ba2aa530259a76fdb5ecc7109108d4bb4b5c47bf48a4dc3d82cb4395,sha256:a8e94b85976e5864ba3e9525c7e6c83b2a1eca42d4b797a0c7c24d778e40fd95,sha256:39c3f62c162ab0fe10acb5bc2b0c17040b2744ecee5fb9d4dd08a2d12c78dfb2,results/basis_a5_unique_shared/whisper/neg_shared/decoder/seame_dev_sge/L28/neg_shared_decoder_L28_oracle_local_rho0.5.json
whisper,seame_dev_sge,decoder,29,0.9354838709677419,neg_shared,oracle_local,0.5,NOT_TESTED,0.30724971231300346,0.8409090909090909,0.8522727272727273,,0.9916666666666667,0,1,-1,0,1,,38,277.26067447662354,0.6385865227120822,7.296333538858514,0.4745122544845272,0.041530054644808745,0.30264672036823936,0.8295454545454546,0.30609896432681244,0.8181818181818182,0.004602991944764101,0.0011507479861910253,sha256:34580a7f0f05d85d9051301ab9b888b5b60a248532ba9946bc7da7bb346ed319,sha256:bed15a781440fa9ea44eda75cec518ec511a65c1dbb453bf7017e40d6b98c6f0,sha256:1629d5d6ba2aa530259a76fdb5ecc7109108d4bb4b5c47bf48a4dc3d82cb4395,sha256:a8e94b85976e5864ba3e9525c7e6c83b2a1eca42d4b797a0c7c24d778e40fd95,sha256:39c3f62c162ab0fe10acb5bc2b0c17040b2744ecee5fb9d4dd08a2d12c78dfb2,results/basis_a5_unique_shared/whisper/neg_shared/decoder/seame_dev_sge/L29/neg_shared_decoder_L29_oracle_local_rho0.5.json
whisper,seame_dev_sge,decoder,30,0.967741935483871,neg_shared,oracle_local,0.5,NOT_TESTED,0.31530494821634064,0.8409090909090909,0.8522727272727273,,0.9883333333333333,0,1,-1,0,1,,38,286.346471786499,0.6811758127034951,7.535433468065764,0.46042812056661875,0.0416210295728368,0.3003452243958573,0.8295454545454546,0.3176064441887227,0.8295454545454546,0.014959723820483328,-0.0023014959723820505,sha256:dc715b69141676007b18a10bc8de3a2850d7bb9d2d347feb82cf240a3de98bbc,sha256:bed15a781440fa9ea44eda75cec518ec511a65c1dbb453bf7017e40d6b98c6f0,sha256:1629d5d6ba2aa530259a76fdb5ecc7109108d4bb4b5c47bf48a4dc3d82cb4395,sha256:a8e94b85976e5864ba3e9525c7e6c83b2a1eca42d4b797a0c7c24d778e40fd95,sha256:39c3f62c162ab0fe10acb5bc2b0c17040b2744ecee5fb9d4dd08a2d12c78dfb2,results/basis_a5_unique_shared/whisper/neg_shared/decoder/seame_dev_sge/L30/neg_shared_decoder_L30_oracle_local_rho0.5.json
whisper,seame_dev_sge,decoder,31,1.0,neg_shared,oracle_local,0.5,STABLE,0.3141542002301496,0.8636363636363636,0.875,,0.98,0,3,-3,0,3,,38,308.8673768043518,0.737060378886417,8.128088863272415,0.4584825150897504,0.04157549234135667,0.3003452243958573,0.8295454545454546,0.34062140391254314,0.7954545454545454,0.013808975834292303,-0.026467203682393525,sha256:369980c00593e116c16a748255679ae343f47279cb763f0e15ccecfa290ca466,sha256:bed15a781440fa9ea44eda75cec518ec511a65c1dbb453bf7017e40d6b98c6f0,sha256:1629d5d6ba2aa530259a76fdb5ecc7109108d4bb4b5c47bf48a4dc3d82cb4395,sha256:a8e94b85976e5864ba3e9525c7e6c83b2a1eca42d4b797a0c7c24d778e40fd95,sha256:39c3f62c162ab0fe10acb5bc2b0c17040b2744ecee5fb9d4dd08a2d12c78dfb2,results/basis_a5_unique_shared/whisper/neg_shared/decoder/seame_dev_sge/L31/neg_shared_decoder_L31_oracle_local_rho0.5.json
whisper,cs_dialogue,encoder,0,0.0,neg_shared,oracle_local,0.5,NOT_TESTED,0.26887661141804786,0.5097001763668431,0.5132275132275133,,0.9678562170569429,65,155,-90,65,155,,79516,936105.1005249023,22.733142462826883,11.772537609096313,0.5178579084852305,1.0,0.46367254797124696,0.6225749559082893,,,-0.1947959365531991,,sha256:b33fd3a15fdc227d61f4ced86cab16f1d5118ac098a583b105838c3456c2fc0b,sha256:10022e9839d9be3dafbe1bd1508d369194e67f9d5f1e4c3677336fa056376fd6,sha256:db44fc36dde6fe547757530d0681da140ba114b627899224deb9690f2a6ffe63,sha256:a8e94b85976e5864ba3e9525c7e6c83b2a1eca42d4b797a0c7c24d778e40fd95,sha256:39c3f62c162ab0fe10acb5bc2b0c17040b2744ecee5fb9d4dd08a2d12c78dfb2,results/basis_a5_unique_shared/whisper/neg_shared/encoder/cs_dialogue/L00/neg_shared_encoder_L0_oracle_local_rho0.5.json
whisper,cs_dialogue,encoder,1,0.03225806451612903,neg_shared,oracle_local,0.5,NOT_TESTED,0.28349076219331076,0.49074074074074076,0.4964726631393298,,0.9683746651689277,74,121,-47,74,121,,79516,685681.9306182861,19.22495596830655,8.623194459206777,0.4485417013918061,1.0,0.5778530267926097,0.6300705467372134,,,-0.294362264599299,,sha256:5d25ee178d76a5bf415f55508f5356ce1c7f3538385f6f43ec2fd183bae543f0,sha256:10022e9839d9be3dafbe1bd1508d369194e67f9d5f1e4c3677336fa056376fd6,sha256:db44fc36dde6fe547757530d0681da140ba114b627899224deb9690f2a6ffe63,sha256:a8e94b85976e5864ba3e9525c7e6c83b2a1eca42d4b797a0c7c24d778e40fd95,sha256:39c3f62c162ab0fe10acb5bc2b0c17040b2744ecee5fb9d4dd08a2d12c78dfb2,results/basis_a5_unique_shared/whisper/neg_shared/encoder/cs_dialogue/L01/neg_shared_encoder_L1_oracle_local_rho0.5.json
whisper,cs_dialogue,encoder,2,0.06451612903225806,neg_shared,oracle_local,0.5,NOT_TESTED,0.3405215944870195,0.6212522045855379,0.6225749559082893,,0.9088395403093407,49,392,-343,49,392,,79516,745202.438659668,19.015832717140782,9.371729446396548,0.49283823568498875,1.0,0.5537931444187013,0.6247795414462081,,,-0.2132715499316818,,sha256:af24b7789d91af78172574b053f11e774343df7ee7eed53c99f2b66fdf9f22f3,sha256:10022e9839d9be3dafbe1bd1508d369194e67f9d5f1e4c3677336fa056376fd6,sha256:db44fc36dde6fe547757530d0681da140ba114b627899224deb9690f2a6ffe63,sha256:a8e94b85976e5864ba3e9525c7e6c83b2a1eca42d4b797a0c7c24d778e40fd95,sha256:39c3f62c162ab0fe10acb5bc2b0c17040b2744ecee5fb9d4dd08a2d12c78dfb2,results/basis_a5_unique_shared/whisper/neg_shared/encoder/cs_dialogue/L02/neg_shared_encoder_L2_oracle_local_rho0.5.json
whisper,cs_dialogue,encoder,3,0.0967741935483871,neg_shared,oracle_local,0.5,NOT_TESTED,0.35163072536089823,0.6265432098765432,0.6313932980599647,,0.9007171865549123,46,401,-355,46,401,,79516,736806.4076843262,18.801977868710757,9.266140244533505,0.4928279518908337,1.0,0.5599714845838532,0.6234567901234568,,,-0.20834075922295492,,sha256:88194d493f59419c205cc3514c3dd1aff8cf919edcae5b575e38d0fe98eb4b9b,sha256:10022e9839d9be3dafbe1bd1508d369194e67f9d5f1e4c3677336fa056376fd6,sha256:db44fc36dde6fe547757530d0681da140ba114b627899224deb9690f2a6ffe63,sha256:a8e94b85976e5864ba3e9525c7e6c83b2a1eca42d4b797a0c7c24d778e40fd95,sha256:39c3f62c162ab0fe10acb5bc2b0c17040b2744ecee5fb9d4dd08a2d12c78dfb2,results/basis_a5_unique_shared/whisper/neg_shared/encoder/cs_dialogue/L03/neg_shared_encoder_L3_oracle_local_rho0.5.json
whisper,cs_dialogue,encoder,4,0.12903225806451613,neg_shared,oracle_local,0.5,NOT_TESTED,0.33202637675993585,0.6353615520282186,0.63668430335097,,0.9160114058584636,37,412,-375,37,412,,79516,733128.4481811523,18.647955654528463,9.219885912032199,0.49441805218971796,1.0,0.5751202994118696,0.6353615520282186,,,-0.24309392265193375,,sha256:afbc8621b07c1b85a9ac211a1fbf6eda3001a1f5939bda5203e27591ef196c84,sha256:10022e9839d9be3dafbe1bd1508d369194e67f9d5f1e4c3677336fa056376fd6,sha256:db44fc36dde6fe547757530d0681da140ba114b627899224deb9690f2a6ffe63,sha256:a8e94b85976e5864ba3e9525c7e6c83b2a1eca42d4b797a0c7c24d778e40fd95,sha256:39c3f62c162ab0fe10acb5bc2b0c17040b2744ecee5fb9d4dd08a2d12c78dfb2,results/basis_a5_unique_shared/whisper/neg_shared/encoder/cs_dialogue/L04/neg_shared_encoder_L4_oracle_local_rho0.5.json
whisper,cs_dialogue,encoder,5,0.16129032258064516,neg_shared,oracle_local,0.5,NOT_TESTED,0.3603041644388998,0.6997354497354498,0.7014991181657848,,0.8824850946167805,23,544,-521,23,544,,79516,730545.3181610107,18.637914914925087,9.187400248516157,0.49294142024218407,1.0,0.5919325135151191,0.6318342151675485,,,-0.23162834907621932,,sha256:d6a489490ea7b23bc4ded0c264991ef8a39654b326d54f6925a9d38b0fc72730,sha256:10022e9839d9be3dafbe1bd1508d369194e67f9d5f1e4c3677336fa056376fd6,sha256:db44fc36dde6fe547757530d0681da140ba114b627899224deb9690f2a6ffe63,sha256:a8e94b85976e5864ba3e9525c7e6c83b2a1eca42d4b797a0c7c24d778e40fd95,sha256:39c3f62c162ab0fe10acb5bc2b0c17040b2744ecee5fb9d4dd08a2d12c78dfb2,results/basis_a5_unique_shared/whisper/neg_shared/encoder/cs_dialogue/L05/neg_shared_encoder_L5_oracle_local_rho0.5.json
whisper,cs_dialogue,encoder,6,0.1935483870967742,neg_shared,oracle_local,0.5,NOT_TESTED,0.3273332145190994,0.6587301587301587,0.6604938271604939,,0.9149745096344941,41,469,-428,41,469,,79516,731785.8233642578,18.683346939528274,9.203000947787336,0.49257774731552983,1.0,0.612546783104616,0.63668430335097,,,-0.28521356858551655,,sha256:5f11435e2d21a941b8995f082cd1d963efe8ba561a4c0cbf2d02bd1dce4f4e0a,sha256:10022e9839d9be3dafbe1bd1508d369194e67f9d5f1e4c3677336fa056376fd6,sha256:db44fc36dde6fe547757530d0681da140ba114b627899224deb9690f2a6ffe63,sha256:a8e94b85976e5864ba3e9525c7e6c83b2a1eca42d4b797a0c7c24d778e40fd95,sha256:39c3f62c162ab0fe10acb5bc2b0c17040b2744ecee5fb9d4dd08a2d12c78dfb2,results/basis_a5_unique_shared/whisper/neg_shared/encoder/cs_dialogue/L06/neg_shared_encoder_L6_oracle_local_rho0.5.json
whisper,cs_dialogue,encoder,7,0.22580645161290322,neg_shared,oracle_local,0.5,NOT_TESTED,0.45387037367076577,0.7738095238095238,0.7755731922398589,,0.7631556208416141,29,718,-689,29,718,,79516,726161.3961486816,18.58475104174184,9.132267671269702,0.4913849881958811,1.0,0.6313788391849343,0.6569664902998237,,,-0.17750846551416855,,sha256:c8d086a5b748a95de4faf4b7effebbb1a8d5b930cdc53fb210823661e44dc2bc,sha256:10022e9839d9be3dafbe1bd1508d369194e67f9d5f1e4c3677336fa056376fd6,sha256:db44fc36dde6fe547757530d0681da140ba114b627899224deb9690f2a6ffe63,sha256:a8e94b85976e5864ba3e9525c7e6c83b2a1eca42d4b797a0c7c24d778e40fd95,sha256:39c3f62c162ab0fe10acb5bc2b0c17040b2744ecee5fb9d4dd08a2d12c78dfb2,results/basis_a5_unique_shared/whisper/neg_shared/encoder/cs_dialogue/L07/neg_shared_encoder_L7_oracle_local_rho0.5.json
whisper,cs_dialogue,encoder,8,0.25806451612903225,neg_shared,oracle_local,0.5,NOT_TESTED,0.4999702964415137,0.7914462081128748,0.7923280423280423,,0.732307958178519,22,751,-729,22,751,,79516,730763.6469116211,18.638596461760613,9.190145969510803,0.4930707088575862,1.0,0.648488088873047,0.6640211640211641,,,-0.1485177924315333,,sha256:b455d9e5ed85c53752c823764833454cac52ef0841c67c604e8f9368444ab1f1,sha256:10022e9839d9be3dafbe1bd1508d369194e67f9d5f1e4c3677336fa056376fd6,sha256:db44fc36dde6fe547757530d0681da140ba114b627899224deb9690f2a6ffe63,sha256:a8e94b85976e5864ba3e9525c7e6c83b2a1eca42d4b797a0c7c24d778e40fd95,sha256:39c3f62c162ab0fe10acb5bc2b0c17040b2744ecee5fb9d4dd08a2d12c78dfb2,results/basis_a5_unique_shared/whisper/neg_shared/encoder/cs_dialogue/L08/neg_shared_encoder_L8_oracle_local_rho0.5.json
whisper,cs_dialogue,encoder,9,0.2903225806451613,neg_shared,oracle_local,0.5,NOT_TESTED,0.4738905720905364,0.7852733686067019,0.7861552028218695,,0.7379244793916876,24,739,-715,24,739,,79516,732032.2868347168,18.68674130516277,9.206100493419147,0.4926541414085765,1.0,0.6531812511138835,0.6657848324514991,,,-0.17929067902334705,,sha256:f83544f608c78622d7dcb47246bad774bdf9550db331505a4b6641aa1d7c8428,sha256:10022e9839d9be3dafbe1bd1508d369194e67f9d5f1e4c3677336fa056376fd6,sha256:db44fc36dde6fe547757530d0681da140ba114b627899224deb9690f2a6ffe63,sha256:a8e94b85976e5864ba3e9525c7e6c83b2a1eca42d4b797a0c7c24d778e40fd95,sha256:39c3f62c162ab0fe10acb5bc2b0c17040b2744ecee5fb9d4dd08a2d12c78dfb2,results/basis_a5_unique_shared/whisper/neg_shared/encoder/cs_dialogue/L09/neg_shared_encoder_L9_oracle_local_rho0.5.json
whisper,cs_dialogue,encoder,10,0.3225806451612903,neg_shared,oracle_local,0.5,NOT_TESTED,0.5009208103130756,0.79673721340388,0.7985008818342152,,0.7082865289898903,26,767,-741,26,767,,79516,738925.9807434082,18.787163284512268,9.29279617615836,0.49463540798727934,1.0,0.5347828669874651,0.6291887125220459,,,-0.03386205667438957,,sha256:fb03649d6a8379ded5ac1666db6635c13872e3c0f2f5917298d3181b596fdaaa,sha256:10022e9839d9be3dafbe1bd1508d369194e67f9d5f1e4c3677336fa056376fd6,sha256:db44fc36dde6fe547757530d0681da140ba114b627899224deb9690f2a6ffe63,sha256:a8e94b85976e5864ba3e9525c7e6c83b2a1eca42d4b797a0c7c24d778e40fd95,sha256:39c3f62c162ab0fe10acb5bc2b0c17040b2744ecee5fb9d4dd08a2d12c78dfb2,results/basis_a5_unique_shared/whisper/neg_shared/encoder/cs_dialogue/L10/neg_shared_encoder_L10_oracle_local_rho0.5.json
whisper,cs_dialogue,encoder,11,0.3548387096774194,neg_shared,oracle_local,0.5,NOT_TESTED,0.5013960672488564,0.800705467372134,0.808641975308642,,0.7127797459604251,26,776,-750,26,776,,79516,738958.1567077637,18.812473037987804,9.293200823831224,0.49399144945300777,1.0,0.5414364640883977,0.6393298059964727,,,-0.0400403968395413,,sha256:1e45f2fe984a3899f7637491ce853b72a8fe29e241b8b15e5a6bdb54546394af,sha256:10022e9839d9be3dafbe1bd1508d369194e67f9d5f1e4c3677336fa056376fd6,sha256:db44fc36dde6fe547757530d0681da140ba114b627899224deb9690f2a6ffe63,sha256:a8e94b85976e5864ba3e9525c7e6c83b2a1eca42d4b797a0c7c24d778e40fd95,sha256:39c3f62c162ab0fe10acb5bc2b0c17040b2744ecee5fb9d4dd08a2d12c78dfb2,results/basis_a5_unique_shared/whisper/neg_shared/encoder/cs_dialogue/L11/neg_shared_encoder_L11_oracle_local_rho0.5.json
whisper,cs_dialogue,encoder,12,0.3870967741935484,neg_shared,oracle_local,0.5,NOT_TESTED,0.4981286758153627,0.7993827160493827,0.8011463844797179,,0.7099282813445088,25,772,-747,25,772,,79516,738188.9529418945,18.794566924965736,9.283527251646142,0.493947388556976,1.0,0.6067842927582724,0.6706349206349206,,,-0.1086556169429097,,sha256:50f615e2aec8a66c969c2e1e5c93219d795f2fc348a77a6428f611bebfb846d8,sha256:10022e9839d9be3dafbe1bd1508d369194e67f9d5f1e4c3677336fa056376fd6,sha256:db44fc36dde6fe547757530d0681da140ba114b627899224deb9690f2a6ffe63,sha256:a8e94b85976e5864ba3e9525c7e6c83b2a1eca42d4b797a0c7c24d778e40fd95,sha256:39c3f62c162ab0fe10acb5bc2b0c17040b2744ecee5fb9d4dd08a2d12c78dfb2,results/basis_a5_unique_shared/whisper/neg_shared/encoder/cs_dialogue/L12/neg_shared_encoder_L12_oracle_local_rho0.5.json
whisper,cs_dialogue,encoder,13,0.41935483870967744,neg_shared,oracle_local,0.5,NOT_TESTED,0.5065050793085012,0.7962962962962963,0.7976190476190477,,0.7063855525792794,30,770,-740,30,770,,79516,738878.1200561523,18.75876163365322,9.292194276072141,0.4953522230061256,1.0,0.6950632685795758,0.6710758377425045,,,-0.1885581892710746,,sha256:b4dd42dc4676e6417a4a071f77af4257a656e7b645cd94cf219539d9dd46456b,sha256:10022e9839d9be3dafbe1bd1508d369194e67f9d5f1e4c3677336fa056376fd6,sha256:db44fc36dde6fe547757530d0681da140ba114b627899224deb9690f2a6ffe63,sha256:a8e94b85976e5864ba3e9525c7e6c83b2a1eca42d4b797a0c7c24d778e40fd95,sha256:39c3f62c162ab0fe10acb5bc2b0c17040b2744ecee5fb9d4dd08a2d12c78dfb2,results/basis_a5_unique_shared/whisper/neg_shared/encoder/cs_dialogue/L13/neg_shared_encoder_L13_oracle_local_rho0.5.json
whisper,cs_dialogue,encoder,14,0.45161290322580644,neg_shared,oracle_local,0.5,NOT_TESTED,0.5363868591457257,0.798941798941799,0.8002645502645502,,0.6927330856303465,31,777,-746,31,777,,79516,737103.9899749756,18.733646145396577,9.269882664809291,0.4948253315378855,1.0,0.8065704271371711,0.718694885361552,,,-0.2701835679914454,,sha256:376678cf55f49abcdcbcb85b7c0f03e67c27b4409d30b0028598fbb7880e7e21,sha256:10022e9839d9be3dafbe1bd1508d369194e67f9d5f1e4c3677336fa056376fd6,sha256:db44fc36dde6fe547757530d0681da140ba114b627899224deb9690f2a6ffe63,sha256:a8e94b85976e5864ba3e9525c7e6c83b2a1eca42d4b797a0c7c24d778e40fd95,sha256:39c3f62c162ab0fe10acb5bc2b0c17040b2744ecee5fb9d4dd08a2d12c78dfb2,results/basis_a5_unique_shared/whisper/neg_shared/encoder/cs_dialogue/L14/neg_shared_encoder_L14_oracle_local_rho0.5.json
whisper,cs_dialogue,encoder,15,0.4838709677419355,neg_shared,oracle_local,0.5,NOT_TESTED,0.5528426305471396,0.7976190476190477,0.7993827160493827,,0.6990408709928282,31,774,-743,31,774,,79516,736654.4898529053,18.78602028308041,9.264229712924509,0.49314487972039067,1.0,0.8402542624606428,0.6825396825396826,,,-0.2874116319135033,,sha256:9cfe07a522f4002b36eebd097aa1179fed074edba1f889d52559a007fd4185f8,sha256:10022e9839d9be3dafbe1bd1508d369194e67f9d5f1e4c3677336fa056376fd6,sha256:db44fc36dde6fe547757530d0681da140ba114b627899224deb9690f2a6ffe63,sha256:a8e94b85976e5864ba3e9525c7e6c83b2a1eca42d4b797a0c7c24d778e40fd95,sha256:39c3f62c162ab0fe10acb5bc2b0c17040b2744ecee5fb9d4dd08a2d12c78dfb2,results/basis_a5_unique_shared/whisper/neg_shared/encoder/cs_dialogue/L15/neg_shared_encoder_L15_oracle_local_rho0.5.json
whisper,cs_dialogue,encoder,16,0.5161290322580645,neg_shared,oracle_local,0.5,NOT_TESTED,0.5403077288659182,0.7971781305114638,0.7980599647266314,,0.703534087963363,29,771,-742,29,771,,79516,743557.3990783691,18.943257808205562,9.35104128827367,0.49363427257074666,1.0,0.6813402245589022,0.6957671957671958,,,-0.14103249569298404,,sha256:770c4b589dc55014489e66376c2ebabc66c05c9d75e3c5de5251a58149a8d7bb,sha256:10022e9839d9be3dafbe1bd1508d369194e67f9d5f1e4c3677336fa056376fd6,sha256:db44fc36dde6fe547757530d0681da140ba114b627899224deb9690f2a6ffe63,sha256:a8e94b85976e5864ba3e9525c7e6c83b2a1eca42d4b797a0c7c24d778e40fd95,sha256:39c3f62c162ab0fe10acb5bc2b0c17040b2744ecee5fb9d4dd08a2d12c78dfb2,results/basis_a5_unique_shared/whisper/neg_shared/encoder/cs_dialogue/L16/neg_shared_encoder_L16_oracle_local_rho0.5.json
whisper,cs_dialogue,encoder,17,0.5483870967741935,neg_shared,oracle_local,0.5,NOT_TESTED,0.5656151606962514,0.794973544973545,0.7958553791887125,,0.6983496068435151,31,768,-737,31,768,,79516,741570.3813476562,18.887899051520225,9.326052383767497,0.49375805950301666,1.0,0.6388641359234837,0.7129629629629629,,,-0.07324897522723228,,sha256:3040de15ec98fcd30ad9ac8956895aef307ebf97e3a4180b98a0ef9dda2efeed,sha256:10022e9839d9be3dafbe1bd1508d369194e67f9d5f1e4c3677336fa056376fd6,sha256:db44fc36dde6fe547757530d0681da140ba114b627899224deb9690f2a6ffe63,sha256:a8e94b85976e5864ba3e9525c7e6c83b2a1eca42d4b797a0c7c24d778e40fd95,sha256:39c3f62c162ab0fe10acb5bc2b0c17040b2744ecee5fb9d4dd08a2d12c78dfb2,results/basis_a5_unique_shared/whisper/neg_shared/encoder/cs_dialogue/L17/neg_shared_encoder_L17_oracle_local_rho0.5.json
whisper,cs_dialogue,encoder,18,0.5806451612903226,neg_shared,oracle_local,0.5,NOT_TESTED,0.5366244876136161,0.79673721340388,0.8112874779541446,,0.6871165644171779,28,769,-741,28,769,,79516,739134.8397216797,18.896887063344447,9.29542280448815,0.49190233149665696,1.0,0.5679914453751559,0.6869488536155203,,,-0.03136695776153975,,sha256:2dd66e6c9fa96b172c3c6f05e25a89a45271dc8e528e69626594a2d79bb33587,sha256:10022e9839d9be3dafbe1bd1508d369194e67f9d5f1e4c3677336fa056376fd6,sha256:db44fc36dde6fe547757530d0681da140ba114b627899224deb9690f2a6ffe63,sha256:a8e94b85976e5864ba3e9525c7e6c83b2a1eca42d4b797a0c7c24d778e40fd95,sha256:39c3f62c162ab0fe10acb5bc2b0c17040b2744ecee5fb9d4dd08a2d12c78dfb2,results/basis_a5_unique_shared/whisper/neg_shared/encoder/cs_dialogue/L18/neg_shared_encoder_L18_oracle_local_rho0.5.json
whisper,cs_dialogue,encoder,19,0.6129032258064516,neg_shared,oracle_local,0.5,NOT_TESTED,0.5228420364759698,0.798941798941799,0.7998236331569665,,0.6960165903395835,22,768,-746,22,768,,79516,735627.3867645264,18.879240736958245,9.251312776856562,0.4900256798328797,1.0,0.6598348482148161,0.7222222222222222,,,-0.13699281173884625,,sha256:13902bb3c79296f0f8cef904e917ba4f01bcd1ea2343a5e81a780bbbaa030327,sha256:10022e9839d9be3dafbe1bd1508d369194e67f9d5f1e4c3677336fa056376fd6,sha256:db44fc36dde6fe547757530d0681da140ba114b627899224deb9690f2a6ffe63,sha256:a8e94b85976e5864ba3e9525c7e6c83b2a1eca42d4b797a0c7c24d778e40fd95,sha256:39c3f62c162ab0fe10acb5bc2b0c17040b2744ecee5fb9d4dd08a2d12c78dfb2,results/basis_a5_unique_shared/whisper/neg_shared/encoder/cs_dialogue/L19/neg_shared_encoder_L19_oracle_local_rho0.5.json
whisper,cs_dialogue,encoder,20,0.6451612903225806,neg_shared,oracle_local,0.5,NOT_TESTED,0.6230024356917959,0.7958553791887125,0.8395061728395061,,0.6778709064201158,24,763,-739,24,763,,79516,742264.4139251709,19.097981228807562,9.334780596674516,0.48878363031344135,1.0,0.5991801817857779,0.7835097001763669,,,0.023822253906018,,sha256:56ef545343d31c1c47c694d4c2f0496073481db0f1da1e91331e8aa474efb674,sha256:10022e9839d9be3dafbe1bd1508d369194e67f9d5f1e4c3677336fa056376fd6,sha256:db44fc36dde6fe547757530d0681da140ba114b627899224deb9690f2a6ffe63,sha256:a8e94b85976e5864ba3e9525c7e6c83b2a1eca42d4b797a0c7c24d778e40fd95,sha256:39c3f62c162ab0fe10acb5bc2b0c17040b2744ecee5fb9d4dd08a2d12c78dfb2,results/basis_a5_unique_shared/whisper/neg_shared/encoder/cs_dialogue/L20/neg_shared_encoder_L20_oracle_local_rho0.5.json
whisper,cs_dialogue,encoder,21,0.6774193548387096,neg_shared,oracle_local,0.5,NOT_TESTED,0.5632388760173469,0.8090828924162258,0.810405643738977,,0.7100146893631729,16,785,-769,16,785,,79516,850613.2626037598,43.51180510446815,10.697384961564461,0.2458501764263962,1.0,0.5987643319669697,0.7945326278659612,,,-0.03552545594962275,,sha256:d74d2a409f36476efeeed1f625ab0dc6a2dc73a8b821d34e135f1081005cb1a5,sha256:10022e9839d9be3dafbe1bd1508d369194e67f9d5f1e4c3677336fa056376fd6,sha256:db44fc36dde6fe547757530d0681da140ba114b627899224deb9690f2a6ffe63,sha256:a8e94b85976e5864ba3e9525c7e6c83b2a1eca42d4b797a0c7c24d778e40fd95,sha256:39c3f62c162ab0fe10acb5bc2b0c17040b2744ecee5fb9d4dd08a2d12c78dfb2,results/basis_a5_unique_shared/whisper/neg_shared/encoder/cs_dialogue/L21/neg_shared_encoder_L21_oracle_local_rho0.5.json
whisper,cs_dialogue,encoder,22,0.7096774193548387,neg_shared,oracle_local,0.5,NOT_TESTED,0.6520525158914038,0.7927689594356261,0.794973544973545,,0.7073360407845848,10,742,-732,10,742,,79516,850612.2211151123,43.44451010033509,10.697371863714375,0.24623069379787685,1.0,0.5514168597397968,0.7667548500881834,,,0.10063565615160697,,sha256:2306f80c3722a529d0ff40ab97252f4975e666ada8c0d3c7efaca8b6f7ac095d,sha256:10022e9839d9be3dafbe1bd1508d369194e67f9d5f1e4c3677336fa056376fd6,sha256:db44fc36dde6fe547757530d0681da140ba114b627899224deb9690f2a6ffe63,sha256:a8e94b85976e5864ba3e9525c7e6c83b2a1eca42d4b797a0c7c24d778e40fd95,sha256:39c3f62c162ab0fe10acb5bc2b0c17040b2744ecee5fb9d4dd08a2d12c78dfb2,results/basis_a5_unique_shared/whisper/neg_shared/encoder/cs_dialogue/L22/neg_shared_encoder_L22_oracle_local_rho0.5.json
whisper,cs_dialogue,encoder,23,0.7419354838709677,neg_shared,oracle_local,0.5,NOT_TESTED,0.7755599120774669,0.7879188712522046,0.8500881834215167,,0.6792534347187419,10,731,-721,10,731,,79516,850886.9067382812,43.44347157620575,10.700826333546472,0.24631609641913096,1.0,0.6480722390542387,0.7482363315696648,,,0.12748767302322817,,sha256:e3c0558ff0fc3f8bc60c09a5dd2dc218a47903945f931568eefd3c35203a69bd,sha256:10022e9839d9be3dafbe1bd1508d369194e67f9d5f1e4c3677336fa056376fd6,sha256:db44fc36dde6fe547757530d0681da140ba114b627899224deb9690f2a6ffe63,sha256:a8e94b85976e5864ba3e9525c7e6c83b2a1eca42d4b797a0c7c24d778e40fd95,sha256:39c3f62c162ab0fe10acb5bc2b0c17040b2744ecee5fb9d4dd08a2d12c78dfb2,results/basis_a5_unique_shared/whisper/neg_shared/encoder/cs_dialogue/L23/neg_shared_encoder_L23_oracle_local_rho0.5.json
whisper,cs_dialogue,encoder,24,0.7741935483870968,neg_shared,oracle_local,0.5,UNSTABLE,0.7259549694053348,0.7782186948853616,0.8690476190476191,,0.6803767389613756,15,714,-699,15,714,,79516,853214.1835632324,43.47940510056545,10.730094365451386,0.24678567566951004,1.0,0.6581120418226103,0.7288359788359788,,,0.06784292758272448,,sha256:6f5f0826b2b854e4e22aebad66bbc30ac0c90e57f7b2e810d070275b6f17d6b5,sha256:10022e9839d9be3dafbe1bd1508d369194e67f9d5f1e4c3677336fa056376fd6,sha256:db44fc36dde6fe547757530d0681da140ba114b627899224deb9690f2a6ffe63,sha256:a8e94b85976e5864ba3e9525c7e6c83b2a1eca42d4b797a0c7c24d778e40fd95,sha256:39c3f62c162ab0fe10acb5bc2b0c17040b2744ecee5fb9d4dd08a2d12c78dfb2,results/basis_a5_unique_shared/whisper/neg_shared/encoder/cs_dialogue/L24/neg_shared_encoder_L24_oracle_local_rho0.5.json
whisper,cs_dialogue,encoder,25,0.8064516129032258,neg_shared,oracle_local,0.5,NOT_TESTED,0.8003920869720192,0.7738095238095238,0.8258377425044092,,0.6951525101529422,8,697,-689,8,697,,79516,857412.909942627,43.624811230389916,10.782897906617874,0.24717351439463173,1.0,0.6525871799441573,0.7103174603174603,,,0.14780490702786198,,sha256:84644dcb47b969cc045112f2d55e42c4e4fe8314947b554c1cb6cc5211e3b3a4,sha256:10022e9839d9be3dafbe1bd1508d369194e67f9d5f1e4c3677336fa056376fd6,sha256:db44fc36dde6fe547757530d0681da140ba114b627899224deb9690f2a6ffe63,sha256:a8e94b85976e5864ba3e9525c7e6c83b2a1eca42d4b797a0c7c24d778e40fd95,sha256:39c3f62c162ab0fe10acb5bc2b0c17040b2744ecee5fb9d4dd08a2d12c78dfb2,results/basis_a5_unique_shared/whisper/neg_shared/encoder/cs_dialogue/L25/neg_shared_encoder_L25_oracle_local_rho0.5.json
whisper,cs_dialogue,encoder,26,0.8387096774193549,neg_shared,oracle_local,0.5,UNSTABLE,0.7613022040040397,0.75,0.7962962962962963,,0.6932515337423313,14,649,-635,14,649,,79516,860718.2782897949,43.65496924811131,10.824466500953204,0.24795496795411245,1.0,0.7027861937860156,0.7182539682539683,,,0.058516010218024106,,sha256:43e647332bebcd960d25a70f61f7c7ed18545f032c39b4f3bea1d732962a6f6e,sha256:10022e9839d9be3dafbe1bd1508d369194e67f9d5f1e4c3677336fa056376fd6,sha256:db44fc36dde6fe547757530d0681da140ba114b627899224deb9690f2a6ffe63,sha256:a8e94b85976e5864ba3e9525c7e6c83b2a1eca42d4b797a0c7c24d778e40fd95,sha256:39c3f62c162ab0fe10acb5bc2b0c17040b2744ecee5fb9d4dd08a2d12c78dfb2,results/basis_a5_unique_shared/whisper/neg_shared/encoder/cs_dialogue/L26/neg_shared_encoder_L26_oracle_local_rho0.5.json
whisper,cs_dialogue,encoder,27,0.8709677419354839,neg_shared,oracle_local,0.5,UNSTABLE,0.5314560684369988,0.6587301587301587,0.6662257495590829,,0.825196578242461,55,483,-428,55,483,,79516,862456.0182037354,43.78790324216062,10.84632046636822,0.24770129792204756,1.0,0.4963464623061843,0.650352733686067,,,0.035109606130814486,,sha256:61392e949d71f93edeffcc709f2effe02fe752b39dee4c268e73ee2b35cf85be,sha256:10022e9839d9be3dafbe1bd1508d369194e67f9d5f1e4c3677336fa056376fd6,sha256:db44fc36dde6fe547757530d0681da140ba114b627899224deb9690f2a6ffe63,sha256:a8e94b85976e5864ba3e9525c7e6c83b2a1eca42d4b797a0c7c24d778e40fd95,sha256:39c3f62c162ab0fe10acb5bc2b0c17040b2744ecee5fb9d4dd08a2d12c78dfb2,results/basis_a5_unique_shared/whisper/neg_shared/encoder/cs_dialogue/L27/neg_shared_encoder_L27_oracle_local_rho0.5.json
whisper,cs_dialogue,encoder,28,0.9032258064516129,neg_shared,oracle_local,0.5,NOT_TESTED,0.31776866868650866,0.5458553791887125,0.5480599647266314,,0.9328609694979694,114,286,-172,114,286,,79516,874502.751953125,44.17195262325572,10.997821217781642,0.24897747472434556,1.0,0.3956513990376047,0.6247795414462081,,,-0.07788273035109605,,sha256:1485a3dfa0e4406852b10396025a0839a44f2b425050ba2b8c1e41895c38a8cc,sha256:10022e9839d9be3dafbe1bd1508d369194e67f9d5f1e4c3677336fa056376fd6,sha256:db44fc36dde6fe547757530d0681da140ba114b627899224deb9690f2a6ffe63,sha256:a8e94b85976e5864ba3e9525c7e6c83b2a1eca42d4b797a0c7c24d778e40fd95,sha256:39c3f62c162ab0fe10acb5bc2b0c17040b2744ecee5fb9d4dd08a2d12c78dfb2,results/basis_a5_unique_shared/whisper/neg_shared/encoder/cs_dialogue/L28/neg_shared_encoder_L28_oracle_local_rho0.5.json
whisper,cs_dialogue,encoder,29,0.9354838709677419,neg_shared,oracle_local,0.5,NOT_TESTED,0.33612546783104613,0.5784832451499118,0.5815696649029982,,0.9071113799360581,85,331,-246,85,331,,79516,889966.2497711182,44.704481962503245,11.19229148562702,0.2503617309560767,1.0,0.5049010871502406,0.6556437389770723,,,-0.1687756193191945,,sha256:a2e047b5d3338502d614457ebb66cdd221ccd58c210c2b0a90806abdd71753ad,sha256:10022e9839d9be3dafbe1bd1508d369194e67f9d5f1e4c3677336fa056376fd6,sha256:db44fc36dde6fe547757530d0681da140ba114b627899224deb9690f2a6ffe63,sha256:a8e94b85976e5864ba3e9525c7e6c83b2a1eca42d4b797a0c7c24d778e40fd95,sha256:39c3f62c162ab0fe10acb5bc2b0c17040b2744ecee5fb9d4dd08a2d12c78dfb2,results/basis_a5_unique_shared/whisper/neg_shared/encoder/cs_dialogue/L29/neg_shared_encoder_L29_oracle_local_rho0.5.json
whisper,cs_dialogue,encoder,30,0.967741935483871,neg_shared,oracle_local,0.5,NOT_TESTED,0.2885403671359829,0.49426807760141095,0.4973544973544973,,0.9571416227425905,117,172,-55,117,172,,79516,918033.0189361572,45.76706788088811,11.545261569195599,0.2522613333946348,1.0,0.5811204182261035,0.6838624338624338,,,-0.2925800510901206,,sha256:d7bc78657c255ffb4b76109dd2b87b228046fdf38b240f4903064821b4fe17b1,sha256:10022e9839d9be3dafbe1bd1508d369194e67f9d5f1e4c3677336fa056376fd6,sha256:db44fc36dde6fe547757530d0681da140ba114b627899224deb9690f2a6ffe63,sha256:a8e94b85976e5864ba3e9525c7e6c83b2a1eca42d4b797a0c7c24d778e40fd95,sha256:39c3f62c162ab0fe10acb5bc2b0c17040b2744ecee5fb9d4dd08a2d12c78dfb2,results/basis_a5_unique_shared/whisper/neg_shared/encoder/cs_dialogue/L30/neg_shared_encoder_L30_oracle_local_rho0.5.json
whisper,cs_dialogue,encoder,31,1.0,neg_shared,oracle_local,0.5,UNSTABLE,0.5774965840907741,0.6463844797178131,0.7059082892416225,,0.7514041303032921,77,477,-400,77,477,,79516,970338.1130065918,47.30925050298239,12.203054894695304,0.25794225790844055,1.0,0.7031426364878512,0.7283950617283951,,,-0.12564605239707716,,sha256:eb4f0d7ad39b052f9b96a9649800988e81ca2e83a29e11dacb648ae895ab92a2,sha256:10022e9839d9be3dafbe1bd1508d369194e67f9d5f1e4c3677336fa056376fd6,sha256:db44fc36dde6fe547757530d0681da140ba114b627899224deb9690f2a6ffe63,sha256:a8e94b85976e5864ba3e9525c7e6c83b2a1eca42d4b797a0c7c24d778e40fd95,sha256:39c3f62c162ab0fe10acb5bc2b0c17040b2744ecee5fb9d4dd08a2d12c78dfb2,results/basis_a5_unique_shared/whisper/neg_shared/encoder/cs_dialogue/L31/neg_shared_encoder_L31_oracle_local_rho0.5.json
whisper,seame_dev_man,encoder,0,0.0,neg_shared,oracle_local,0.5,NOT_TESTED,0.39267015706806285,0.7575757575757576,0.7676767676767676,,0.9278033794162827,0,7,-7,0,7,,2367,25941.46580886841,21.90080835207837,10.959639124997215,0.50042167160269,1.0,0.5015706806282723,0.7575757575757576,,,-0.1089005235602094,,sha256:b33fd3a15fdc227d61f4ced86cab16f1d5118ac098a583b105838c3456c2fc0b,sha256:8cc631cffa63db22ac6fe20f209c8ce0a1c3b43e0a0be4068776f60c78eb69bc,sha256:db44fc36dde6fe547757530d0681da140ba114b627899224deb9690f2a6ffe63,sha256:a8e94b85976e5864ba3e9525c7e6c83b2a1eca42d4b797a0c7c24d778e40fd95,sha256:39c3f62c162ab0fe10acb5bc2b0c17040b2744ecee5fb9d4dd08a2d12c78dfb2,results/basis_a5_unique_shared/whisper/neg_shared/encoder/seame_dev_man/L00/neg_shared_encoder_L0_oracle_local_rho0.5.json
whisper,seame_dev_man,encoder,1,0.03225806451612903,neg_shared,oracle_local,0.5,NOT_TESTED,0.36020942408376966,0.7474747474747475,0.7575757575757576,,0.9646697388632872,1,7,-6,1,7,,2367,17292.750015735626,18.086265248087926,7.305766800057299,0.4039400451029912,1.0,0.4963350785340314,0.7373737373737373,,,-0.13612565445026176,,sha256:5d25ee178d76a5bf415f55508f5356ce1c7f3538385f6f43ec2fd183bae543f0,sha256:8cc631cffa63db22ac6fe20f209c8ce0a1c3b43e0a0be4068776f60c78eb69bc,sha256:db44fc36dde6fe547757530d0681da140ba114b627899224deb9690f2a6ffe63,sha256:a8e94b85976e5864ba3e9525c7e6c83b2a1eca42d4b797a0c7c24d778e40fd95,sha256:39c3f62c162ab0fe10acb5bc2b0c17040b2744ecee5fb9d4dd08a2d12c78dfb2,results/basis_a5_unique_shared/whisper/neg_shared/encoder/seame_dev_man/L01/neg_shared_encoder_L1_oracle_local_rho0.5.json
whisper,seame_dev_man,encoder,2,0.06451612903225806,neg_shared,oracle_local,0.5,NOT_TESTED,0.47853403141361256,0.7373737373737373,0.7474747474747475,,0.7803379416282642,2,7,-5,2,7,,2367,22699.645581245422,17.86814138704984,9.59004883026845,0.5367121639869583,1.0,0.49109947643979057,0.7777777777777778,,,-0.012565445026178013,,sha256:af24b7789d91af78172574b053f11e774343df7ee7eed53c99f2b66fdf9f22f3,sha256:8cc631cffa63db22ac6fe20f209c8ce0a1c3b43e0a0be4068776f60c78eb69bc,sha256:db44fc36dde6fe547757530d0681da140ba114b627899224deb9690f2a6ffe63,sha256:a8e94b85976e5864ba3e9525c7e6c83b2a1eca42d4b797a0c7c24d778e40fd95,sha256:39c3f62c162ab0fe10acb5bc2b0c17040b2744ecee5fb9d4dd08a2d12c78dfb2,results/basis_a5_unique_shared/whisper/neg_shared/encoder/seame_dev_man/L02/neg_shared_encoder_L2_oracle_local_rho0.5.json
whisper,seame_dev_man,encoder,3,0.0967741935483871,neg_shared,oracle_local,0.5,NOT_TESTED,0.47853403141361256,0.7171717171717171,0.7272727272727273,,0.783410138248848,3,6,-3,3,6,,2367,22457.69860458374,17.72732279478975,9.4878321100903,0.5352095305038884,1.0,0.4963350785340314,0.7777777777777778,,,-0.017801047120418856,,sha256:88194d493f59419c205cc3514c3dd1aff8cf919edcae5b575e38d0fe98eb4b9b,sha256:8cc631cffa63db22ac6fe20f209c8ce0a1c3b43e0a0be4068776f60c78eb69bc,sha256:db44fc36dde6fe547757530d0681da140ba114b627899224deb9690f2a6ffe63,sha256:a8e94b85976e5864ba3e9525c7e6c83b2a1eca42d4b797a0c7c24d778e40fd95,sha256:39c3f62c162ab0fe10acb5bc2b0c17040b2744ecee5fb9d4dd08a2d12c78dfb2,results/basis_a5_unique_shared/whisper/neg_shared/encoder/seame_dev_man/L03/neg_shared_encoder_L3_oracle_local_rho0.5.json
whisper,seame_dev_man,encoder,4,0.12903225806451613,neg_shared,oracle_local,0.5,NOT_TESTED,0.4837696335078534,0.7373737373737373,0.7474747474747475,,0.7895545314900153,3,8,-5,3,8,,2367,22357.311136245728,17.727536306635056,9.445420843365326,0.5328106895389687,1.0,0.5099476439790576,0.7373737373737373,,,-0.02617801047120416,,sha256:afbc8621b07c1b85a9ac211a1fbf6eda3001a1f5939bda5203e27591ef196c84,sha256:8cc631cffa63db22ac6fe20f209c8ce0a1c3b43e0a0be4068776f60c78eb69bc,sha256:db44fc36dde6fe547757530d0681da140ba114b627899224deb9690f2a6ffe63,sha256:a8e94b85976e5864ba3e9525c7e6c83b2a1eca42d4b797a0c7c24d778e40fd95,sha256:39c3f62c162ab0fe10acb5bc2b0c17040b2744ecee5fb9d4dd08a2d12c78dfb2,results/basis_a5_unique_shared/whisper/neg_shared/encoder/seame_dev_man/L04/neg_shared_encoder_L4_oracle_local_rho0.5.json
whisper,seame_dev_man,encoder,5,0.16129032258064516,neg_shared,oracle_local,0.5,NOT_TESTED,0.5089005235602094,0.7676767676767676,0.7777777777777778,,0.7588325652841782,2,10,-8,2,10,,2367,22258.979325294495,17.781027431673373,9.403878041949511,0.5288714658410778,1.0,0.4952879581151832,0.7474747474747475,,,0.013612565445026203,,sha256:d6a489490ea7b23bc4ded0c264991ef8a39654b326d54f6925a9d38b0fc72730,sha256:8cc631cffa63db22ac6fe20f209c8ce0a1c3b43e0a0be4068776f60c78eb69bc,sha256:db44fc36dde6fe547757530d0681da140ba114b627899224deb9690f2a6ffe63,sha256:a8e94b85976e5864ba3e9525c7e6c83b2a1eca42d4b797a0c7c24d778e40fd95,sha256:39c3f62c162ab0fe10acb5bc2b0c17040b2744ecee5fb9d4dd08a2d12c78dfb2,results/basis_a5_unique_shared/whisper/neg_shared/encoder/seame_dev_man/L05/neg_shared_encoder_L5_oracle_local_rho0.5.json
whisper,seame_dev_man,encoder,6,0.1935483870967742,neg_shared,oracle_local,0.5,NOT_TESTED,0.4952879581151832,0.7777777777777778,0.7878787878787878,,0.7757296466973886,1,10,-9,1,10,,2367,22278.44149684906,18.419513106900123,9.41210033664937,0.5109852948894458,1.0,0.4837696335078534,0.7474747474747475,,,0.011518324607329822,,sha256:5f11435e2d21a941b8995f082cd1d963efe8ba561a4c0cbf2d02bd1dce4f4e0a,sha256:8cc631cffa63db22ac6fe20f209c8ce0a1c3b43e0a0be4068776f60c78eb69bc,sha256:db44fc36dde6fe547757530d0681da140ba114b627899224deb9690f2a6ffe63,sha256:a8e94b85976e5864ba3e9525c7e6c83b2a1eca42d4b797a0c7c24d778e40fd95,sha256:39c3f62c162ab0fe10acb5bc2b0c17040b2744ecee5fb9d4dd08a2d12c78dfb2,results/basis_a5_unique_shared/whisper/neg_shared/encoder/seame_dev_man/L06/neg_shared_encoder_L6_oracle_local_rho0.5.json
whisper,seame_dev_man,encoder,7,0.22580645161290322,neg_shared,oracle_local,0.5,NOT_TESTED,0.5005235602094241,0.7676767676767676,0.7878787878787878,,0.7557603686635944,2,10,-8,2,10,,2367,22147.921599388123,18.252741038069022,9.356958850607572,0.5126330796614126,1.0,0.48900523560209425,0.7474747474747475,,,0.011518324607329877,,sha256:c8d086a5b748a95de4faf4b7effebbb1a8d5b930cdc53fb210823661e44dc2bc,sha256:8cc631cffa63db22ac6fe20f209c8ce0a1c3b43e0a0be4068776f60c78eb69bc,sha256:db44fc36dde6fe547757530d0681da140ba114b627899224deb9690f2a6ffe63,sha256:a8e94b85976e5864ba3e9525c7e6c83b2a1eca42d4b797a0c7c24d778e40fd95,sha256:39c3f62c162ab0fe10acb5bc2b0c17040b2744ecee5fb9d4dd08a2d12c78dfb2,results/basis_a5_unique_shared/whisper/neg_shared/encoder/seame_dev_man/L07/neg_shared_encoder_L7_oracle_local_rho0.5.json
whisper,seame_dev_man,encoder,8,0.25806451612903225,neg_shared,oracle_local,0.5,NOT_TESTED,0.4952879581151832,0.696969696969697,0.7171717171717171,,0.7542242703533026,7,8,-1,7,8,,2367,22333.57004070282,18.425807198644137,9.435390807225525,0.5120747604435929,1.0,0.5057591623036649,0.7474747474747475,,,-0.010471204188481686,,sha256:b455d9e5ed85c53752c823764833454cac52ef0841c67c604e8f9368444ab1f1,sha256:8cc631cffa63db22ac6fe20f209c8ce0a1c3b43e0a0be4068776f60c78eb69bc,sha256:db44fc36dde6fe547757530d0681da140ba114b627899224deb9690f2a6ffe63,sha256:a8e94b85976e5864ba3e9525c7e6c83b2a1eca42d4b797a0c7c24d778e40fd95,sha256:39c3f62c162ab0fe10acb5bc2b0c17040b2744ecee5fb9d4dd08a2d12c78dfb2,results/basis_a5_unique_shared/whisper/neg_shared/encoder/seame_dev_man/L08/neg_shared_encoder_L8_oracle_local_rho0.5.json
whisper,seame_dev_man,encoder,9,0.2903225806451613,neg_shared,oracle_local,0.5,NOT_TESTED,0.5005235602094241,0.7171717171717171,0.7272727272727273,,0.7496159754224271,5,8,-3,5,8,,2367,22336.31801509857,18.490175518749837,9.436551759652966,0.510354904423914,1.0,0.5057591623036649,0.7575757575757576,,,-0.005235602094240788,,sha256:f83544f608c78622d7dcb47246bad774bdf9550db331505a4b6641aa1d7c8428,sha256:8cc631cffa63db22ac6fe20f209c8ce0a1c3b43e0a0be4068776f60c78eb69bc,sha256:db44fc36dde6fe547757530d0681da140ba114b627899224deb9690f2a6ffe63,sha256:a8e94b85976e5864ba3e9525c7e6c83b2a1eca42d4b797a0c7c24d778e40fd95,sha256:39c3f62c162ab0fe10acb5bc2b0c17040b2744ecee5fb9d4dd08a2d12c78dfb2,results/basis_a5_unique_shared/whisper/neg_shared/encoder/seame_dev_man/L09/neg_shared_encoder_L9_oracle_local_rho0.5.json
whisper,seame_dev_man,encoder,10,0.3225806451612903,neg_shared,oracle_local,0.5,NOT_TESTED,0.5089005235602094,0.7474747474747475,0.7575757575757576,,0.7450076804915514,4,10,-6,4,10,,2367,22518.87656211853,18.639491088087166,9.513678310992198,0.5104044024609964,1.0,0.5099476439790576,0.7575757575757576,,,-0.0010471204188481353,,sha256:fb03649d6a8379ded5ac1666db6635c13872e3c0f2f5917298d3181b596fdaaa,sha256:8cc631cffa63db22ac6fe20f209c8ce0a1c3b43e0a0be4068776f60c78eb69bc,sha256:db44fc36dde6fe547757530d0681da140ba114b627899224deb9690f2a6ffe63,sha256:a8e94b85976e5864ba3e9525c7e6c83b2a1eca42d4b797a0c7c24d778e40fd95,sha256:39c3f62c162ab0fe10acb5bc2b0c17040b2744ecee5fb9d4dd08a2d12c78dfb2,results/basis_a5_unique_shared/whisper/neg_shared/encoder/seame_dev_man/L10/neg_shared_encoder_L10_oracle_local_rho0.5.json
whisper,seame_dev_man,encoder,11,0.3548387096774194,neg_shared,oracle_local,0.5,NOT_TESTED,0.5057591623036649,0.7272727272727273,0.7373737373737373,,0.738863287250384,4,8,-4,4,8,,2367,22483.78613471985,18.607395506529652,9.49885345784531,0.5104880720416782,1.0,0.5109947643979058,0.7777777777777778,,,-0.005235602094240899,,sha256:1e45f2fe984a3899f7637491ce853b72a8fe29e241b8b15e5a6bdb54546394af,sha256:8cc631cffa63db22ac6fe20f209c8ce0a1c3b43e0a0be4068776f60c78eb69bc,sha256:db44fc36dde6fe547757530d0681da140ba114b627899224deb9690f2a6ffe63,sha256:a8e94b85976e5864ba3e9525c7e6c83b2a1eca42d4b797a0c7c24d778e40fd95,sha256:39c3f62c162ab0fe10acb5bc2b0c17040b2744ecee5fb9d4dd08a2d12c78dfb2,results/basis_a5_unique_shared/whisper/neg_shared/encoder/seame_dev_man/L11/neg_shared_encoder_L11_oracle_local_rho0.5.json
whisper,seame_dev_man,encoder,12,0.3870967741935484,neg_shared,oracle_local,0.5,NOT_TESTED,0.5047120418848168,0.7171717171717171,0.7272727272727273,,0.7357910906298003,7,10,-3,7,10,,2367,22441.359917640686,18.51695029545193,9.480929411762013,0.5120135476137605,1.0,0.5172774869109947,0.7676767676767676,,,-0.012565445026177957,,sha256:50f615e2aec8a66c969c2e1e5c93219d795f2fc348a77a6428f611bebfb846d8,sha256:8cc631cffa63db22ac6fe20f209c8ce0a1c3b43e0a0be4068776f60c78eb69bc,sha256:db44fc36dde6fe547757530d0681da140ba114b627899224deb9690f2a6ffe63,sha256:a8e94b85976e5864ba3e9525c7e6c83b2a1eca42d4b797a0c7c24d778e40fd95,sha256:39c3f62c162ab0fe10acb5bc2b0c17040b2744ecee5fb9d4dd08a2d12c78dfb2,results/basis_a5_unique_shared/whisper/neg_shared/encoder/seame_dev_man/L12/neg_shared_encoder_L12_oracle_local_rho0.5.json
whisper,seame_dev_man,encoder,13,0.41935483870967744,neg_shared,oracle_local,0.5,NOT_TESTED,0.48586387434554973,0.6767676767676768,0.6868686868686869,,0.7572964669738863,9,8,1,9,8,,2367,22480.742139816284,18.52021143614717,9.497567443944353,0.5128217610630135,1.0,0.5256544502617801,0.7777777777777778,,,-0.03979057591623042,,sha256:b4dd42dc4676e6417a4a071f77af4257a656e7b645cd94cf219539d9dd46456b,sha256:8cc631cffa63db22ac6fe20f209c8ce0a1c3b43e0a0be4068776f60c78eb69bc,sha256:db44fc36dde6fe547757530d0681da140ba114b627899224deb9690f2a6ffe63,sha256:a8e94b85976e5864ba3e9525c7e6c83b2a1eca42d4b797a0c7c24d778e40fd95,sha256:39c3f62c162ab0fe10acb5bc2b0c17040b2744ecee5fb9d4dd08a2d12c78dfb2,results/basis_a5_unique_shared/whisper/neg_shared/encoder/seame_dev_man/L13/neg_shared_encoder_L13_oracle_local_rho0.5.json
whisper,seame_dev_man,encoder,14,0.45161290322580644,neg_shared,oracle_local,0.5,NOT_TESTED,0.5057591623036649,0.696969696969697,0.7070707070707071,,0.7327188940092166,9,10,-1,9,10,,2367,22431.035279273987,18.438132320318637,9.476567502861846,0.513965695561191,1.0,0.5172774869109947,0.7777777777777778,,,-0.011518324607329822,,sha256:376678cf55f49abcdcbcb85b7c0f03e67c27b4409d30b0028598fbb7880e7e21,sha256:8cc631cffa63db22ac6fe20f209c8ce0a1c3b43e0a0be4068776f60c78eb69bc,sha256:db44fc36dde6fe547757530d0681da140ba114b627899224deb9690f2a6ffe63,sha256:a8e94b85976e5864ba3e9525c7e6c83b2a1eca42d4b797a0c7c24d778e40fd95,sha256:39c3f62c162ab0fe10acb5bc2b0c17040b2744ecee5fb9d4dd08a2d12c78dfb2,results/basis_a5_unique_shared/whisper/neg_shared/encoder/seame_dev_man/L14/neg_shared_encoder_L14_oracle_local_rho0.5.json
whisper,seame_dev_man,encoder,15,0.4838709677419355,neg_shared,oracle_local,0.5,NOT_TESTED,0.4931937172774869,0.6666666666666666,0.6767676767676768,,0.7465437788018433,10,8,2,10,8,,2367,22402.1792345047,18.676176673911723,9.464376524928053,0.5067619936444807,1.0,0.5089005235602094,0.7777777777777778,,,-0.01570680628272253,,sha256:9cfe07a522f4002b36eebd097aa1179fed074edba1f889d52559a007fd4185f8,sha256:8cc631cffa63db22ac6fe20f209c8ce0a1c3b43e0a0be4068776f60c78eb69bc,sha256:db44fc36dde6fe547757530d0681da140ba114b627899224deb9690f2a6ffe63,sha256:a8e94b85976e5864ba3e9525c7e6c83b2a1eca42d4b797a0c7c24d778e40fd95,sha256:39c3f62c162ab0fe10acb5bc2b0c17040b2744ecee5fb9d4dd08a2d12c78dfb2,results/basis_a5_unique_shared/whisper/neg_shared/encoder/seame_dev_man/L15/neg_shared_encoder_L15_oracle_local_rho0.5.json
whisper,seame_dev_man,encoder,16,0.5161290322580645,neg_shared,oracle_local,0.5,NOT_TESTED,0.4952879581151832,0.6868686868686869,0.696969696969697,,0.738863287250384,10,10,0,10,10,,2367,22534.76037979126,18.796552874037722,9.520388838103615,0.5064965316727525,1.0,0.48900523560209425,0.7878787878787878,,,0.0062827225130889786,,sha256:770c4b589dc55014489e66376c2ebabc66c05c9d75e3c5de5251a58149a8d7bb,sha256:8cc631cffa63db22ac6fe20f209c8ce0a1c3b43e0a0be4068776f60c78eb69bc,sha256:db44fc36dde6fe547757530d0681da140ba114b627899224deb9690f2a6ffe63,sha256:a8e94b85976e5864ba3e9525c7e6c83b2a1eca42d4b797a0c7c24d778e40fd95,sha256:39c3f62c162ab0fe10acb5bc2b0c17040b2744ecee5fb9d4dd08a2d12c78dfb2,results/basis_a5_unique_shared/whisper/neg_shared/encoder/seame_dev_man/L16/neg_shared_encoder_L16_oracle_local_rho0.5.json
whisper,seame_dev_man,encoder,17,0.5483870967741935,neg_shared,oracle_local,0.5,NOT_TESTED,0.5047120418848168,0.7878787878787878,0.797979797979798,,0.7250384024577573,6,16,-10,6,16,,2367,22515.993893623352,18.75543419580496,9.512460453579786,0.5071842301420804,1.0,0.4942408376963351,0.7474747474747475,,,0.010471204188481686,,sha256:3040de15ec98fcd30ad9ac8956895aef307ebf97e3a4180b98a0ef9dda2efeed,sha256:8cc631cffa63db22ac6fe20f209c8ce0a1c3b43e0a0be4068776f60c78eb69bc,sha256:db44fc36dde6fe547757530d0681da140ba114b627899224deb9690f2a6ffe63,sha256:a8e94b85976e5864ba3e9525c7e6c83b2a1eca42d4b797a0c7c24d778e40fd95,sha256:39c3f62c162ab0fe10acb5bc2b0c17040b2744ecee5fb9d4dd08a2d12c78dfb2,results/basis_a5_unique_shared/whisper/neg_shared/encoder/seame_dev_man/L17/neg_shared_encoder_L17_oracle_local_rho0.5.json
whisper,seame_dev_man,encoder,18,0.5806451612903226,neg_shared,oracle_local,0.5,NOT_TESTED,0.5005235602094241,0.7474747474747475,0.7575757575757576,,0.7327188940092166,10,16,-6,10,16,,2367,22455.13346004486,18.9089416879413,9.48674839883602,0.5017069995454032,1.0,0.47853403141361256,0.7474747474747475,,,0.021989528795811564,,sha256:2dd66e6c9fa96b172c3c6f05e25a89a45271dc8e528e69626594a2d79bb33587,sha256:8cc631cffa63db22ac6fe20f209c8ce0a1c3b43e0a0be4068776f60c78eb69bc,sha256:db44fc36dde6fe547757530d0681da140ba114b627899224deb9690f2a6ffe63,sha256:a8e94b85976e5864ba3e9525c7e6c83b2a1eca42d4b797a0c7c24d778e40fd95,sha256:39c3f62c162ab0fe10acb5bc2b0c17040b2744ecee5fb9d4dd08a2d12c78dfb2,results/basis_a5_unique_shared/whisper/neg_shared/encoder/seame_dev_man/L18/neg_shared_encoder_L18_oracle_local_rho0.5.json
whisper,seame_dev_man,encoder,19,0.6129032258064516,neg_shared,oracle_local,0.5,NOT_TESTED,0.47853403141361256,0.696969696969697,0.7070707070707071,,0.7665130568356375,9,10,-1,9,10,,2367,22313.478546142578,18.977870885561327,9.426902638843506,0.49673130856926884,1.0,0.4774869109947644,0.7474747474747475,,,0.0010471204188481353,,sha256:13902bb3c79296f0f8cef904e917ba4f01bcd1ea2343a5e81a780bbbaa030327,sha256:8cc631cffa63db22ac6fe20f209c8ce0a1c3b43e0a0be4068776f60c78eb69bc,sha256:db44fc36dde6fe547757530d0681da140ba114b627899224deb9690f2a6ffe63,sha256:a8e94b85976e5864ba3e9525c7e6c83b2a1eca42d4b797a0c7c24d778e40fd95,sha256:39c3f62c162ab0fe10acb5bc2b0c17040b2744ecee5fb9d4dd08a2d12c78dfb2,results/basis_a5_unique_shared/whisper/neg_shared/encoder/seame_dev_man/L19/neg_shared_encoder_L19_oracle_local_rho0.5.json
whisper,seame_dev_man,encoder,20,0.6451612903225806,neg_shared,oracle_local,0.5,NOT_TESTED,0.47853403141361256,0.7373737373737373,0.7575757575757576,,0.7680491551459293,6,11,-5,6,11,,2367,22507.753754615784,19.255093755427925,9.508979195021455,0.4938422692613956,1.0,0.49109947643979057,0.7373737373737373,,,-0.012565445026178013,,sha256:56ef545343d31c1c47c694d4c2f0496073481db0f1da1e91331e8aa474efb674,sha256:8cc631cffa63db22ac6fe20f209c8ce0a1c3b43e0a0be4068776f60c78eb69bc,sha256:db44fc36dde6fe547757530d0681da140ba114b627899224deb9690f2a6ffe63,sha256:a8e94b85976e5864ba3e9525c7e6c83b2a1eca42d4b797a0c7c24d778e40fd95,sha256:39c3f62c162ab0fe10acb5bc2b0c17040b2744ecee5fb9d4dd08a2d12c78dfb2,results/basis_a5_unique_shared/whisper/neg_shared/encoder/seame_dev_man/L20/neg_shared_encoder_L20_oracle_local_rho0.5.json
whisper,seame_dev_man,encoder,21,0.6774193548387096,neg_shared,oracle_local,0.5,NOT_TESTED,0.44397905759162304,0.8080808080808081,0.8181818181818182,,0.858678955453149,4,16,-12,4,16,,2367,26116.04460144043,39.91299347903691,11.033394423929206,0.2764361542995807,1.0,0.43455497382198954,0.7272727272727273,,,0.009424083769633496,,sha256:d74d2a409f36476efeeed1f625ab0dc6a2dc73a8b821d34e135f1081005cb1a5,sha256:8cc631cffa63db22ac6fe20f209c8ce0a1c3b43e0a0be4068776f60c78eb69bc,sha256:db44fc36dde6fe547757530d0681da140ba114b627899224deb9690f2a6ffe63,sha256:a8e94b85976e5864ba3e9525c7e6c83b2a1eca42d4b797a0c7c24d778e40fd95,sha256:39c3f62c162ab0fe10acb5bc2b0c17040b2744ecee5fb9d4dd08a2d12c78dfb2,results/basis_a5_unique_shared/whisper/neg_shared/encoder/seame_dev_man/L21/neg_shared_encoder_L21_oracle_local_rho0.5.json
whisper,seame_dev_man,encoder,22,0.7096774193548387,neg_shared,oracle_local,0.5,NOT_TESTED,0.4492146596858639,0.7777777777777778,0.797979797979798,,0.8387096774193549,6,15,-9,6,15,,2367,26144.61101436615,39.83157556692558,11.04546303944493,0.27730419603628753,1.0,0.7256544502617801,0.7575757575757576,,,-0.2764397905759162,,sha256:2306f80c3722a529d0ff40ab97252f4975e666ada8c0d3c7efaca8b6f7ac095d,sha256:8cc631cffa63db22ac6fe20f209c8ce0a1c3b43e0a0be4068776f60c78eb69bc,sha256:db44fc36dde6fe547757530d0681da140ba114b627899224deb9690f2a6ffe63,sha256:a8e94b85976e5864ba3e9525c7e6c83b2a1eca42d4b797a0c7c24d778e40fd95,sha256:39c3f62c162ab0fe10acb5bc2b0c17040b2744ecee5fb9d4dd08a2d12c78dfb2,results/basis_a5_unique_shared/whisper/neg_shared/encoder/seame_dev_man/L22/neg_shared_encoder_L22_oracle_local_rho0.5.json
whisper,seame_dev_man,encoder,23,0.7419354838709677,neg_shared,oracle_local,0.5,NOT_TESTED,0.4418848167539267,0.7878787878787878,0.8181818181818182,,0.8571428571428571,5,15,-10,5,15,,2367,26136.253330230713,39.97546207506948,11.041932120925523,0.2762177482824339,1.0,0.45549738219895286,0.7171717171717171,,,-0.013612565445026148,,sha256:e3c0558ff0fc3f8bc60c09a5dd2dc218a47903945f931568eefd3c35203a69bd,sha256:8cc631cffa63db22ac6fe20f209c8ce0a1c3b43e0a0be4068776f60c78eb69bc,sha256:db44fc36dde6fe547757530d0681da140ba114b627899224deb9690f2a6ffe63,sha256:a8e94b85976e5864ba3e9525c7e6c83b2a1eca42d4b797a0c7c24d778e40fd95,sha256:39c3f62c162ab0fe10acb5bc2b0c17040b2744ecee5fb9d4dd08a2d12c78dfb2,results/basis_a5_unique_shared/whisper/neg_shared/encoder/seame_dev_man/L23/neg_shared_encoder_L23_oracle_local_rho0.5.json
whisper,seame_dev_man,encoder,24,0.7741935483870968,neg_shared,oracle_local,0.5,UNSTABLE,0.5633507853403141,0.7474747474747475,0.7575757575757576,,0.8494623655913979,1,7,-6,1,7,,2367,26200.56427669525,40.15467143894803,11.069101933542566,0.2756616238380197,1.0,0.46282722513089003,0.7171717171717171,,,0.1005235602094241,,sha256:6f5f0826b2b854e4e22aebad66bbc30ac0c90e57f7b2e810d070275b6f17d6b5,sha256:8cc631cffa63db22ac6fe20f209c8ce0a1c3b43e0a0be4068776f60c78eb69bc,sha256:db44fc36dde6fe547757530d0681da140ba114b627899224deb9690f2a6ffe63,sha256:a8e94b85976e5864ba3e9525c7e6c83b2a1eca42d4b797a0c7c24d778e40fd95,sha256:39c3f62c162ab0fe10acb5bc2b0c17040b2744ecee5fb9d4dd08a2d12c78dfb2,results/basis_a5_unique_shared/whisper/neg_shared/encoder/seame_dev_man/L24/neg_shared_encoder_L24_oracle_local_rho0.5.json
whisper,seame_dev_man,encoder,25,0.8064516129032258,neg_shared,oracle_local,0.5,NOT_TESTED,0.42513089005235605,0.7272727272727273,0.7474747474747475,,0.8755760368663594,3,7,-4,3,7,,2367,26314.958629608154,40.37492109040041,11.117430768740242,0.2753548606038895,1.0,0.6397905759162303,0.696969696969697,,,-0.2146596858638743,,sha256:84644dcb47b969cc045112f2d55e42c4e4fe8314947b554c1cb6cc5211e3b3a4,sha256:8cc631cffa63db22ac6fe20f209c8ce0a1c3b43e0a0be4068776f60c78eb69bc,sha256:db44fc36dde6fe547757530d0681da140ba114b627899224deb9690f2a6ffe63,sha256:a8e94b85976e5864ba3e9525c7e6c83b2a1eca42d4b797a0c7c24d778e40fd95,sha256:39c3f62c162ab0fe10acb5bc2b0c17040b2744ecee5fb9d4dd08a2d12c78dfb2,results/basis_a5_unique_shared/whisper/neg_shared/encoder/seame_dev_man/L25/neg_shared_encoder_L25_oracle_local_rho0.5.json
whisper,seame_dev_man,encoder,26,0.8387096774193549,neg_shared,oracle_local,0.5,UNSTABLE,0.41465968586387436,0.696969696969697,0.7171717171717171,,0.8924731182795699,3,4,-1,3,4,,2367,26404.3610496521,40.27287388855161,11.155201119413645,0.2769904415136547,1.0,0.5340314136125655,0.7171717171717171,,,-0.11937172774869109,,sha256:43e647332bebcd960d25a70f61f7c7ed18545f032c39b4f3bea1d732962a6f6e,sha256:8cc631cffa63db22ac6fe20f209c8ce0a1c3b43e0a0be4068776f60c78eb69bc,sha256:db44fc36dde6fe547757530d0681da140ba114b627899224deb9690f2a6ffe63,sha256:a8e94b85976e5864ba3e9525c7e6c83b2a1eca42d4b797a0c7c24d778e40fd95,sha256:39c3f62c162ab0fe10acb5bc2b0c17040b2744ecee5fb9d4dd08a2d12c78dfb2,results/basis_a5_unique_shared/whisper/neg_shared/encoder/seame_dev_man/L26/neg_shared_encoder_L26_oracle_local_rho0.5.json
whisper,seame_dev_man,encoder,27,0.8709677419354839,neg_shared,oracle_local,0.5,UNSTABLE,0.38848167539267014,0.6868686868686869,0.696969696969697,,0.9324116743471582,4,4,0,4,4,,2367,26443.369185447693,40.48567673200084,11.171681109187872,0.2759415677583946,1.0,0.4418848167539267,0.6464646464646465,,,-0.05340314136125657,,sha256:61392e949d71f93edeffcc709f2effe02fe752b39dee4c268e73ee2b35cf85be,sha256:8cc631cffa63db22ac6fe20f209c8ce0a1c3b43e0a0be4068776f60c78eb69bc,sha256:db44fc36dde6fe547757530d0681da140ba114b627899224deb9690f2a6ffe63,sha256:a8e94b85976e5864ba3e9525c7e6c83b2a1eca42d4b797a0c7c24d778e40fd95,sha256:39c3f62c162ab0fe10acb5bc2b0c17040b2744ecee5fb9d4dd08a2d12c78dfb2,results/basis_a5_unique_shared/whisper/neg_shared/encoder/seame_dev_man/L27/neg_shared_encoder_L27_oracle_local_rho0.5.json
whisper,seame_dev_man,encoder,28,0.9032258064516129,neg_shared,oracle_local,0.5,NOT_TESTED,0.3706806282722513,0.696969696969697,0.7171717171717171,,0.9508448540706606,4,5,-1,4,5,,2367,26803.377354621887,41.032485797529134,11.323775815218372,0.27597099213278126,1.0,0.4167539267015707,0.6767676767676768,,,-0.0460732984293194,,sha256:1485a3dfa0e4406852b10396025a0839a44f2b425050ba2b8c1e41895c38a8cc,sha256:8cc631cffa63db22ac6fe20f209c8ce0a1c3b43e0a0be4068776f60c78eb69bc,sha256:db44fc36dde6fe547757530d0681da140ba114b627899224deb9690f2a6ffe63,sha256:a8e94b85976e5864ba3e9525c7e6c83b2a1eca42d4b797a0c7c24d778e40fd95,sha256:39c3f62c162ab0fe10acb5bc2b0c17040b2744ecee5fb9d4dd08a2d12c78dfb2,results/basis_a5_unique_shared/whisper/neg_shared/encoder/seame_dev_man/L28/neg_shared_encoder_L28_oracle_local_rho0.5.json
whisper,seame_dev_man,encoder,29,0.9354838709677419,neg_shared,oracle_local,0.5,NOT_TESTED,0.38010471204188484,0.6767676767676768,0.696969696969697,,0.9324116743471582,4,3,1,4,3,,2367,27240.430521965027,41.59549017722062,11.508420161370944,0.27667470950188305,1.0,0.6167539267015707,0.7070707070707071,,,-0.23664921465968586,,sha256:a2e047b5d3338502d614457ebb66cdd221ccd58c210c2b0a90806abdd71753ad,sha256:8cc631cffa63db22ac6fe20f209c8ce0a1c3b43e0a0be4068776f60c78eb69bc,sha256:db44fc36dde6fe547757530d0681da140ba114b627899224deb9690f2a6ffe63,sha256:a8e94b85976e5864ba3e9525c7e6c83b2a1eca42d4b797a0c7c24d778e40fd95,sha256:39c3f62c162ab0fe10acb5bc2b0c17040b2744ecee5fb9d4dd08a2d12c78dfb2,results/basis_a5_unique_shared/whisper/neg_shared/encoder/seame_dev_man/L29/neg_shared_encoder_L29_oracle_local_rho0.5.json
whisper,seame_dev_man,encoder,30,0.967741935483871,neg_shared,oracle_local,0.5,NOT_TESTED,0.38010471204188484,0.6868686868686869,0.7070707070707071,,0.9493087557603687,4,4,0,4,4,,2367,28059.995416641235,42.8972680962534,11.85466642021176,0.27635014876966335,1.0,0.8921465968586387,0.6868686868686869,,,-0.5120418848167538,,sha256:d7bc78657c255ffb4b76109dd2b87b228046fdf38b240f4903064821b4fe17b1,sha256:8cc631cffa63db22ac6fe20f209c8ce0a1c3b43e0a0be4068776f60c78eb69bc,sha256:db44fc36dde6fe547757530d0681da140ba114b627899224deb9690f2a6ffe63,sha256:a8e94b85976e5864ba3e9525c7e6c83b2a1eca42d4b797a0c7c24d778e40fd95,sha256:39c3f62c162ab0fe10acb5bc2b0c17040b2744ecee5fb9d4dd08a2d12c78dfb2,results/basis_a5_unique_shared/whisper/neg_shared/encoder/seame_dev_man/L30/neg_shared_encoder_L30_oracle_local_rho0.5.json
whisper,seame_dev_man,encoder,31,1.0,neg_shared,oracle_local,0.5,UNSTABLE,0.4083769633507853,0.6868686868686869,0.696969696969697,,0.9032258064516129,4,4,0,4,4,,2367,29691.831256866455,44.35059401008919,12.544077421574336,0.2828389946416664,1.0,1.0387434554973822,0.7070707070707071,,,-0.6303664921465969,,sha256:eb4f0d7ad39b052f9b96a9649800988e81ca2e83a29e11dacb648ae895ab92a2,sha256:8cc631cffa63db22ac6fe20f209c8ce0a1c3b43e0a0be4068776f60c78eb69bc,sha256:db44fc36dde6fe547757530d0681da140ba114b627899224deb9690f2a6ffe63,sha256:a8e94b85976e5864ba3e9525c7e6c83b2a1eca42d4b797a0c7c24d778e40fd95,sha256:39c3f62c162ab0fe10acb5bc2b0c17040b2744ecee5fb9d4dd08a2d12c78dfb2,results/basis_a5_unique_shared/whisper/neg_shared/encoder/seame_dev_man/L31/neg_shared_encoder_L31_oracle_local_rho0.5.json
whisper,seame_dev_sge,encoder,0,0.0,neg_shared,oracle_local,0.5,NOT_TESTED,0.3394706559263521,0.8409090909090909,0.8409090909090909,,0.925,4,5,-1,4,5,,2176,23466.96251487732,21.848556139013347,10.784449685145827,0.4936001086995783,1.0,0.3970080552359033,0.8977272727272727,,,-0.05753739930955121,,sha256:b33fd3a15fdc227d61f4ced86cab16f1d5118ac098a583b105838c3456c2fc0b,sha256:762b6659d9ce860dec9d0ada3f410521eb69e564df643e06d28479b1fde4f89a,sha256:db44fc36dde6fe547757530d0681da140ba114b627899224deb9690f2a6ffe63,sha256:a8e94b85976e5864ba3e9525c7e6c83b2a1eca42d4b797a0c7c24d778e40fd95,sha256:39c3f62c162ab0fe10acb5bc2b0c17040b2744ecee5fb9d4dd08a2d12c78dfb2,results/basis_a5_unique_shared/whisper/neg_shared/encoder/seame_dev_sge/L00/neg_shared_encoder_L0_oracle_local_rho0.5.json
whisper,seame_dev_sge,encoder,1,0.03225806451612903,neg_shared,oracle_local,0.5,NOT_TESTED,0.3037974683544304,0.8181818181818182,0.8181818181818182,,0.9683333333333334,4,3,1,4,3,,2176,15440.185948848724,18.033286737168538,7.095673689728274,0.39347645235980916,1.0,0.4154200230149597,0.8977272727272727,,,-0.11162255466052934,,sha256:5d25ee178d76a5bf415f55508f5356ce1c7f3538385f6f43ec2fd183bae543f0,sha256:762b6659d9ce860dec9d0ada3f410521eb69e564df643e06d28479b1fde4f89a,sha256:db44fc36dde6fe547757530d0681da140ba114b627899224deb9690f2a6ffe63,sha256:a8e94b85976e5864ba3e9525c7e6c83b2a1eca42d4b797a0c7c24d778e40fd95,sha256:39c3f62c162ab0fe10acb5bc2b0c17040b2744ecee5fb9d4dd08a2d12c78dfb2,results/basis_a5_unique_shared/whisper/neg_shared/encoder/seame_dev_sge/L01/neg_shared_encoder_L1_oracle_local_rho0.5.json
whisper,seame_dev_sge,encoder,2,0.06451612903225806,neg_shared,oracle_local,0.5,NOT_TESTED,0.3912543153049482,0.8863636363636364,0.8863636363636364,,0.845,2,7,-5,2,7,,2176,20853.220413208008,17.832819377674777,9.583281439893385,0.5373957553728642,1.0,0.6006904487917146,0.9090909090909091,,,-0.20943613348676643,,sha256:af24b7789d91af78172574b053f11e774343df7ee7eed53c99f2b66fdf9f22f3,sha256:762b6659d9ce860dec9d0ada3f410521eb69e564df643e06d28479b1fde4f89a,sha256:db44fc36dde6fe547757530d0681da140ba114b627899224deb9690f2a6ffe63,sha256:a8e94b85976e5864ba3e9525c7e6c83b2a1eca42d4b797a0c7c24d778e40fd95,sha256:39c3f62c162ab0fe10acb5bc2b0c17040b2744ecee5fb9d4dd08a2d12c78dfb2,results/basis_a5_unique_shared/whisper/neg_shared/encoder/seame_dev_sge/L02/neg_shared_encoder_L2_oracle_local_rho0.5.json
whisper,seame_dev_sge,encoder,3,0.0967741935483871,neg_shared,oracle_local,0.5,NOT_TESTED,0.4004602991944764,0.8863636363636364,0.8863636363636364,,0.835,3,8,-5,3,8,,2176,20647.788190841675,17.69935661116067,9.488873249467682,0.5361140214263093,1.0,0.5891829689298044,0.8977272727272727,,,-0.18872266973532797,,sha256:88194d493f59419c205cc3514c3dd1aff8cf919edcae5b575e38d0fe98eb4b9b,sha256:762b6659d9ce860dec9d0ada3f410521eb69e564df643e06d28479b1fde4f89a,sha256:db44fc36dde6fe547757530d0681da140ba114b627899224deb9690f2a6ffe63,sha256:a8e94b85976e5864ba3e9525c7e6c83b2a1eca42d4b797a0c7c24d778e40fd95,sha256:39c3f62c162ab0fe10acb5bc2b0c17040b2744ecee5fb9d4dd08a2d12c78dfb2,results/basis_a5_unique_shared/whisper/neg_shared/encoder/seame_dev_sge/L03/neg_shared_encoder_L3_oracle_local_rho0.5.json
whisper,seame_dev_sge,encoder,4,0.12903225806451613,neg_shared,oracle_local,0.5,NOT_TESTED,0.379746835443038,0.875,0.875,,0.8616666666666667,3,7,-4,3,7,,2176,20573.183471679688,17.71869004298659,9.454587992499857,0.533594073239188,1.0,0.6006904487917146,0.9090909090909091,,,-0.22094361334867663,,sha256:afbc8621b07c1b85a9ac211a1fbf6eda3001a1f5939bda5203e27591ef196c84,sha256:762b6659d9ce860dec9d0ada3f410521eb69e564df643e06d28479b1fde4f89a,sha256:db44fc36dde6fe547757530d0681da140ba114b627899224deb9690f2a6ffe63,sha256:a8e94b85976e5864ba3e9525c7e6c83b2a1eca42d4b797a0c7c24d778e40fd95,sha256:39c3f62c162ab0fe10acb5bc2b0c17040b2744ecee5fb9d4dd08a2d12c78dfb2,results/basis_a5_unique_shared/whisper/neg_shared/encoder/seame_dev_sge/L04/neg_shared_encoder_L4_oracle_local_rho0.5.json
whisper,seame_dev_sge,encoder,5,0.16129032258064516,neg_shared,oracle_local,0.5,NOT_TESTED,0.4223245109321059,0.8977272727272727,0.8977272727272727,,0.81,3,9,-6,3,9,,2176,20500.39238357544,17.788567313376596,9.421136205687242,0.5296174806951858,1.0,0.8227848101265823,0.9204545454545454,,,-0.40046029919447645,,sha256:d6a489490ea7b23bc4ded0c264991ef8a39654b326d54f6925a9d38b0fc72730,sha256:762b6659d9ce860dec9d0ada3f410521eb69e564df643e06d28479b1fde4f89a,sha256:db44fc36dde6fe547757530d0681da140ba114b627899224deb9690f2a6ffe63,sha256:a8e94b85976e5864ba3e9525c7e6c83b2a1eca42d4b797a0c7c24d778e40fd95,sha256:39c3f62c162ab0fe10acb5bc2b0c17040b2744ecee5fb9d4dd08a2d12c78dfb2,results/basis_a5_unique_shared/whisper/neg_shared/encoder/seame_dev_sge/L05/neg_shared_encoder_L5_oracle_local_rho0.5.json
whisper,seame_dev_sge,encoder,6,0.1935483870967742,neg_shared,oracle_local,0.5,NOT_TESTED,0.4085155350978136,0.8863636363636364,0.8977272727272727,,0.83,3,8,-5,3,8,,2176,20510.12171459198,18.477954174665843,9.425607405602932,0.5101001613331139,1.0,0.8250863060989643,0.9090909090909091,,,-0.4165707710011507,,sha256:5f11435e2d21a941b8995f082cd1d963efe8ba561a4c0cbf2d02bd1dce4f4e0a,sha256:762b6659d9ce860dec9d0ada3f410521eb69e564df643e06d28479b1fde4f89a,sha256:db44fc36dde6fe547757530d0681da140ba114b627899224deb9690f2a6ffe63,sha256:a8e94b85976e5864ba3e9525c7e6c83b2a1eca42d4b797a0c7c24d778e40fd95,sha256:39c3f62c162ab0fe10acb5bc2b0c17040b2744ecee5fb9d4dd08a2d12c78dfb2,results/basis_a5_unique_shared/whisper/neg_shared/encoder/seame_dev_sge/L06/neg_shared_encoder_L6_oracle_local_rho0.5.json
whisper,seame_dev_sge,encoder,7,0.22580645161290322,neg_shared,oracle_local,0.5,NOT_TESTED,0.4430379746835443,0.9090909090909091,0.9090909090909091,,0.7833333333333333,3,10,-7,3,10,,2176,20374.782192230225,18.302561714368707,9.36341093392933,0.511590185027402,1.0,0.6075949367088608,0.9090909090909091,,,-0.1645569620253165,,sha256:c8d086a5b748a95de4faf4b7effebbb1a8d5b930cdc53fb210823661e44dc2bc,sha256:762b6659d9ce860dec9d0ada3f410521eb69e564df643e06d28479b1fde4f89a,sha256:db44fc36dde6fe547757530d0681da140ba114b627899224deb9690f2a6ffe63,sha256:a8e94b85976e5864ba3e9525c7e6c83b2a1eca42d4b797a0c7c24d778e40fd95,sha256:39c3f62c162ab0fe10acb5bc2b0c17040b2744ecee5fb9d4dd08a2d12c78dfb2,results/basis_a5_unique_shared/whisper/neg_shared/encoder/seame_dev_sge/L07/neg_shared_encoder_L7_oracle_local_rho0.5.json
whisper,seame_dev_sge,encoder,8,0.25806451612903225,neg_shared,oracle_local,0.5,NOT_TESTED,0.4476409666283084,0.8863636363636364,0.8863636363636364,,0.7833333333333333,3,8,-5,3,8,,2176,20542.053126335144,18.4866857923129,9.440281767617254,0.5106530112359401,1.0,0.5972382048331415,0.9318181818181818,,,-0.14959723820483312,,sha256:b455d9e5ed85c53752c823764833454cac52ef0841c67c604e8f9368444ab1f1,sha256:762b6659d9ce860dec9d0ada3f410521eb69e564df643e06d28479b1fde4f89a,sha256:db44fc36dde6fe547757530d0681da140ba114b627899224deb9690f2a6ffe63,sha256:a8e94b85976e5864ba3e9525c7e6c83b2a1eca42d4b797a0c7c24d778e40fd95,sha256:39c3f62c162ab0fe10acb5bc2b0c17040b2744ecee5fb9d4dd08a2d12c78dfb2,results/basis_a5_unique_shared/whisper/neg_shared/encoder/seame_dev_sge/L08/neg_shared_encoder_L8_oracle_local_rho0.5.json
whisper,seame_dev_sge,encoder,9,0.2903225806451613,neg_shared,oracle_local,0.5,NOT_TESTED,0.4372842347525892,0.875,0.875,,0.7966666666666666,4,8,-4,4,8,,2176,20556.77166557312,18.556584268808365,9.447045802193529,0.5090940048742162,1.0,0.6064441887226697,0.9204545454545454,,,-0.1691599539700805,,sha256:f83544f608c78622d7dcb47246bad774bdf9550db331505a4b6641aa1d7c8428,sha256:762b6659d9ce860dec9d0ada3f410521eb69e564df643e06d28479b1fde4f89a,sha256:db44fc36dde6fe547757530d0681da140ba114b627899224deb9690f2a6ffe63,sha256:a8e94b85976e5864ba3e9525c7e6c83b2a1eca42d4b797a0c7c24d778e40fd95,sha256:39c3f62c162ab0fe10acb5bc2b0c17040b2744ecee5fb9d4dd08a2d12c78dfb2,results/basis_a5_unique_shared/whisper/neg_shared/encoder/seame_dev_sge/L09/neg_shared_encoder_L9_oracle_local_rho0.5.json
whisper,seame_dev_sge,encoder,10,0.3225806451612903,neg_shared,oracle_local,0.5,NOT_TESTED,0.45914844649021863,0.8977272727272727,0.8977272727272727,,0.7683333333333333,3,9,-6,3,9,,2176,20719.35364341736,18.708781536011134,9.521761784658713,0.508946120640245,1.0,0.5983889528193326,0.9204545454545454,,,-0.13924050632911394,,sha256:fb03649d6a8379ded5ac1666db6635c13872e3c0f2f5917298d3181b596fdaaa,sha256:762b6659d9ce860dec9d0ada3f410521eb69e564df643e06d28479b1fde4f89a,sha256:db44fc36dde6fe547757530d0681da140ba114b627899224deb9690f2a6ffe63,sha256:a8e94b85976e5864ba3e9525c7e6c83b2a1eca42d4b797a0c7c24d778e40fd95,sha256:39c3f62c162ab0fe10acb5bc2b0c17040b2744ecee5fb9d4dd08a2d12c78dfb2,results/basis_a5_unique_shared/whisper/neg_shared/encoder/seame_dev_sge/L10/neg_shared_encoder_L10_oracle_local_rho0.5.json
whisper,seame_dev_sge,encoder,11,0.3548387096774194,neg_shared,oracle_local,0.5,NOT_TESTED,0.45569620253164556,0.8863636363636364,0.8863636363636364,,0.77,4,9,-5,4,9,,2176,20692.649143218994,18.679800428888377,9.509489495964612,0.5090787523221154,1.0,0.8216340621403913,0.9204545454545454,,,-0.3659378596087457,,sha256:1e45f2fe984a3899f7637491ce853b72a8fe29e241b8b15e5a6bdb54546394af,sha256:762b6659d9ce860dec9d0ada3f410521eb69e564df643e06d28479b1fde4f89a,sha256:db44fc36dde6fe547757530d0681da140ba114b627899224deb9690f2a6ffe63,sha256:a8e94b85976e5864ba3e9525c7e6c83b2a1eca42d4b797a0c7c24d778e40fd95,sha256:39c3f62c162ab0fe10acb5bc2b0c17040b2744ecee5fb9d4dd08a2d12c78dfb2,results/basis_a5_unique_shared/whisper/neg_shared/encoder/seame_dev_sge/L11/neg_shared_encoder_L11_oracle_local_rho0.5.json
whisper,seame_dev_sge,encoder,12,0.3870967741935484,neg_shared,oracle_local,0.5,NOT_TESTED,0.45569620253164556,0.8977272727272727,0.8977272727272727,,0.7666666666666667,3,9,-6,3,9,,2176,20656.020805358887,18.58074501244461,9.492656620109782,0.5108867601246342,1.0,0.8331415420023015,0.9318181818181818,,,-0.37744533947065595,,sha256:50f615e2aec8a66c969c2e1e5c93219d795f2fc348a77a6428f611bebfb846d8,sha256:762b6659d9ce860dec9d0ada3f410521eb69e564df643e06d28479b1fde4f89a,sha256:db44fc36dde6fe547757530d0681da140ba114b627899224deb9690f2a6ffe63,sha256:a8e94b85976e5864ba3e9525c7e6c83b2a1eca42d4b797a0c7c24d778e40fd95,sha256:39c3f62c162ab0fe10acb5bc2b0c17040b2744ecee5fb9d4dd08a2d12c78dfb2,results/basis_a5_unique_shared/whisper/neg_shared/encoder/seame_dev_sge/L12/neg_shared_encoder_L12_oracle_local_rho0.5.json
whisper,seame_dev_sge,encoder,13,0.41935483870967744,neg_shared,oracle_local,0.5,NOT_TESTED,0.4614499424626007,0.9090909090909091,0.9090909090909091,,0.77,2,9,-7,2,9,,2176,20682.640424728394,18.593170038040945,9.504889901070033,0.5112033010843969,1.0,0.8481012658227848,0.9204545454545454,,,-0.3866513233601841,,sha256:b4dd42dc4676e6417a4a071f77af4257a656e7b645cd94cf219539d9dd46456b,sha256:762b6659d9ce860dec9d0ada3f410521eb69e564df643e06d28479b1fde4f89a,sha256:db44fc36dde6fe547757530d0681da140ba114b627899224deb9690f2a6ffe63,sha256:a8e94b85976e5864ba3e9525c7e6c83b2a1eca42d4b797a0c7c24d778e40fd95,sha256:39c3f62c162ab0fe10acb5bc2b0c17040b2744ecee5fb9d4dd08a2d12c78dfb2,results/basis_a5_unique_shared/whisper/neg_shared/encoder/seame_dev_sge/L13/neg_shared_encoder_L13_oracle_local_rho0.5.json
whisper,seame_dev_sge,encoder,14,0.45161290322580644,neg_shared,oracle_local,0.5,NOT_TESTED,0.4568469505178366,0.8977272727272727,0.8977272727272727,,0.7666666666666667,3,9,-6,3,9,,2176,20624.014952659607,18.499880208688623,9.477948048097247,0.512324833522211,1.0,0.6823935558112774,0.9318181818181818,,,-0.22554660529344078,,sha256:376678cf55f49abcdcbcb85b7c0f03e67c27b4409d30b0028598fbb7880e7e21,sha256:762b6659d9ce860dec9d0ada3f410521eb69e564df643e06d28479b1fde4f89a,sha256:db44fc36dde6fe547757530d0681da140ba114b627899224deb9690f2a6ffe63,sha256:a8e94b85976e5864ba3e9525c7e6c83b2a1eca42d4b797a0c7c24d778e40fd95,sha256:39c3f62c162ab0fe10acb5bc2b0c17040b2744ecee5fb9d4dd08a2d12c78dfb2,results/basis_a5_unique_shared/whisper/neg_shared/encoder/seame_dev_sge/L14/neg_shared_encoder_L14_oracle_local_rho0.5.json
whisper,seame_dev_sge,encoder,15,0.4838709677419355,neg_shared,oracle_local,0.5,NOT_TESTED,0.4372842347525892,0.875,0.875,,0.8,4,8,-4,4,8,,2176,20616.050518989563,18.755880519747734,9.474287922329763,0.5051369309137181,1.0,0.6467203682393556,0.9431818181818182,,,-0.20943613348676643,,sha256:9cfe07a522f4002b36eebd097aa1179fed074edba1f889d52559a007fd4185f8,sha256:762b6659d9ce860dec9d0ada3f410521eb69e564df643e06d28479b1fde4f89a,sha256:db44fc36dde6fe547757530d0681da140ba114b627899224deb9690f2a6ffe63,sha256:a8e94b85976e5864ba3e9525c7e6c83b2a1eca42d4b797a0c7c24d778e40fd95,sha256:39c3f62c162ab0fe10acb5bc2b0c17040b2744ecee5fb9d4dd08a2d12c78dfb2,results/basis_a5_unique_shared/whisper/neg_shared/encoder/seame_dev_sge/L15/neg_shared_encoder_L15_oracle_local_rho0.5.json
whisper,seame_dev_sge,encoder,16,0.5161290322580645,neg_shared,oracle_local,0.5,NOT_TESTED,0.43843498273878023,0.8863636363636364,0.8863636363636364,,0.7983333333333333,3,8,-5,3,8,,2176,20741.321166038513,18.866463568280725,9.531857153510346,0.5052275493503614,1.0,0.8607594936708861,0.9204545454545454,,,-0.4223245109321059,,sha256:770c4b589dc55014489e66376c2ebabc66c05c9d75e3c5de5251a58149a8d7bb,sha256:762b6659d9ce860dec9d0ada3f410521eb69e564df643e06d28479b1fde4f89a,sha256:db44fc36dde6fe547757530d0681da140ba114b627899224deb9690f2a6ffe63,sha256:a8e94b85976e5864ba3e9525c7e6c83b2a1eca42d4b797a0c7c24d778e40fd95,sha256:39c3f62c162ab0fe10acb5bc2b0c17040b2744ecee5fb9d4dd08a2d12c78dfb2,results/basis_a5_unique_shared/whisper/neg_shared/encoder/seame_dev_sge/L16/neg_shared_encoder_L16_oracle_local_rho0.5.json
whisper,seame_dev_sge,encoder,17,0.5483870967741935,neg_shared,oracle_local,0.5,NOT_TESTED,0.44533947065592633,0.9318181818181818,0.9318181818181818,,0.795,1,10,-9,1,10,,2176,20725.776673316956,18.820630059522742,9.524713544722866,0.5060783573450885,1.0,0.669735327963176,0.9431818181818182,,,-0.2243958573072497,,sha256:3040de15ec98fcd30ad9ac8956895aef307ebf97e3a4180b98a0ef9dda2efeed,sha256:762b6659d9ce860dec9d0ada3f410521eb69e564df643e06d28479b1fde4f89a,sha256:db44fc36dde6fe547757530d0681da140ba114b627899224deb9690f2a6ffe63,sha256:a8e94b85976e5864ba3e9525c7e6c83b2a1eca42d4b797a0c7c24d778e40fd95,sha256:39c3f62c162ab0fe10acb5bc2b0c17040b2744ecee5fb9d4dd08a2d12c78dfb2,results/basis_a5_unique_shared/whisper/neg_shared/encoder/seame_dev_sge/L17/neg_shared_encoder_L17_oracle_local_rho0.5.json
whisper,seame_dev_sge,encoder,18,0.5806451612903226,neg_shared,oracle_local,0.5,NOT_TESTED,0.43843498273878023,0.9204545454545454,0.9204545454545454,,0.805,2,10,-8,2,10,,2176,20644.611897468567,18.98359620834098,9.487413555821952,0.4997690348919973,1.0,0.6524741081703107,0.9318181818181818,,,-0.21403912543153047,,sha256:2dd66e6c9fa96b172c3c6f05e25a89a45271dc8e528e69626594a2d79bb33587,sha256:762b6659d9ce860dec9d0ada3f410521eb69e564df643e06d28479b1fde4f89a,sha256:db44fc36dde6fe547757530d0681da140ba114b627899224deb9690f2a6ffe63,sha256:a8e94b85976e5864ba3e9525c7e6c83b2a1eca42d4b797a0c7c24d778e40fd95,sha256:39c3f62c162ab0fe10acb5bc2b0c17040b2744ecee5fb9d4dd08a2d12c78dfb2,results/basis_a5_unique_shared/whisper/neg_shared/encoder/seame_dev_sge/L18/neg_shared_encoder_L18_oracle_local_rho0.5.json
whisper,seame_dev_sge,encoder,19,0.6129032258064516,neg_shared,oracle_local,0.5,NOT_TESTED,0.43498273878020716,0.9318181818181818,0.9318181818181818,,0.805,1,10,-9,1,10,,2176,20531.303807258606,19.05408458674655,9.435341823188697,0.4951873589220674,1.0,0.41196777905638665,0.9090909090909091,,,0.023014959723820505,,sha256:13902bb3c79296f0f8cef904e917ba4f01bcd1ea2343a5e81a780bbbaa030327,sha256:762b6659d9ce860dec9d0ada3f410521eb69e564df643e06d28479b1fde4f89a,sha256:db44fc36dde6fe547757530d0681da140ba114b627899224deb9690f2a6ffe63,sha256:a8e94b85976e5864ba3e9525c7e6c83b2a1eca42d4b797a0c7c24d778e40fd95,sha256:39c3f62c162ab0fe10acb5bc2b0c17040b2744ecee5fb9d4dd08a2d12c78dfb2,results/basis_a5_unique_shared/whisper/neg_shared/encoder/seame_dev_sge/L19/neg_shared_encoder_L19_oracle_local_rho0.5.json
whisper,seame_dev_sge,encoder,20,0.6451612903225806,neg_shared,oracle_local,0.5,NOT_TESTED,0.4487917146144994,0.9204545454545454,0.9204545454545454,,0.7883333333333333,2,10,-8,2,10,,2176,20705.127605438232,19.339446964509346,9.51522408338154,0.49201117802610067,1.0,0.42692750287687,0.9090909090909091,,,0.021864211737629424,,sha256:56ef545343d31c1c47c694d4c2f0496073481db0f1da1e91331e8aa474efb674,sha256:762b6659d9ce860dec9d0ada3f410521eb69e564df643e06d28479b1fde4f89a,sha256:db44fc36dde6fe547757530d0681da140ba114b627899224deb9690f2a6ffe63,sha256:a8e94b85976e5864ba3e9525c7e6c83b2a1eca42d4b797a0c7c24d778e40fd95,sha256:39c3f62c162ab0fe10acb5bc2b0c17040b2744ecee5fb9d4dd08a2d12c78dfb2,results/basis_a5_unique_shared/whisper/neg_shared/encoder/seame_dev_sge/L20/neg_shared_encoder_L20_oracle_local_rho0.5.json
whisper,seame_dev_sge,encoder,21,0.6774193548387096,neg_shared,oracle_local,0.5,NOT_TESTED,0.38895281933256615,0.9204545454545454,0.9204545454545454,,0.88,1,9,-8,1,9,,2176,24099.14134979248,39.73674724557821,11.074973046779633,0.2787085963109883,1.0,0.3970080552359033,0.9204545454545454,,,-0.008055235903337177,,sha256:d74d2a409f36476efeeed1f625ab0dc6a2dc73a8b821d34e135f1081005cb1a5,sha256:762b6659d9ce860dec9d0ada3f410521eb69e564df643e06d28479b1fde4f89a,sha256:db44fc36dde6fe547757530d0681da140ba114b627899224deb9690f2a6ffe63,sha256:a8e94b85976e5864ba3e9525c7e6c83b2a1eca42d4b797a0c7c24d778e40fd95,sha256:39c3f62c162ab0fe10acb5bc2b0c17040b2744ecee5fb9d4dd08a2d12c78dfb2,results/basis_a5_unique_shared/whisper/neg_shared/encoder/seame_dev_sge/L21/neg_shared_encoder_L21_oracle_local_rho0.5.json
whisper,seame_dev_sge,encoder,22,0.7096774193548387,neg_shared,oracle_local,0.5,NOT_TESTED,0.666283084004603,0.9204545454545454,0.9204545454545454,,0.9033333333333333,0,8,-8,0,8,,2176,24131.180092811584,39.664965973180884,11.089696733828854,0.2795841736339079,1.0,0.380897583429229,0.9204545454545454,,,0.285385500575374,,sha256:2306f80c3722a529d0ff40ab97252f4975e666ada8c0d3c7efaca8b6f7ac095d,sha256:762b6659d9ce860dec9d0ada3f410521eb69e564df643e06d28479b1fde4f89a,sha256:db44fc36dde6fe547757530d0681da140ba114b627899224deb9690f2a6ffe63,sha256:a8e94b85976e5864ba3e9525c7e6c83b2a1eca42d4b797a0c7c24d778e40fd95,sha256:39c3f62c162ab0fe10acb5bc2b0c17040b2744ecee5fb9d4dd08a2d12c78dfb2,results/basis_a5_unique_shared/whisper/neg_shared/encoder/seame_dev_sge/L22/neg_shared_encoder_L22_oracle_local_rho0.5.json
whisper,seame_dev_sge,encoder,23,0.7419354838709677,neg_shared,oracle_local,0.5,NOT_TESTED,0.5868814729574223,0.9090909090909091,0.9090909090909091,,0.865,1,8,-7,1,8,,2176,24127.325565338135,39.81338823718183,11.087925351717892,0.2784974060902169,1.0,0.5350978135788262,0.8863636363636364,,,0.05178365937859608,,sha256:e3c0558ff0fc3f8bc60c09a5dd2dc218a47903945f931568eefd3c35203a69bd,sha256:762b6659d9ce860dec9d0ada3f410521eb69e564df643e06d28479b1fde4f89a,sha256:db44fc36dde6fe547757530d0681da140ba114b627899224deb9690f2a6ffe63,sha256:a8e94b85976e5864ba3e9525c7e6c83b2a1eca42d4b797a0c7c24d778e40fd95,sha256:39c3f62c162ab0fe10acb5bc2b0c17040b2744ecee5fb9d4dd08a2d12c78dfb2,results/basis_a5_unique_shared/whisper/neg_shared/encoder/seame_dev_sge/L23/neg_shared_encoder_L23_oracle_local_rho0.5.json
whisper,seame_dev_sge,encoder,24,0.7741935483870968,neg_shared,oracle_local,0.5,UNSTABLE,0.6087456846950517,0.9090909090909091,0.9204545454545454,,0.8466666666666667,0,7,-7,0,7,,2176,24186.14009952545,39.988302283427295,11.114954089855447,0.27795513825706764,1.0,0.39355581127733025,0.8863636363636364,,,0.2151898734177215,,sha256:6f5f0826b2b854e4e22aebad66bbc30ac0c90e57f7b2e810d070275b6f17d6b5,sha256:762b6659d9ce860dec9d0ada3f410521eb69e564df643e06d28479b1fde4f89a,sha256:db44fc36dde6fe547757530d0681da140ba114b627899224deb9690f2a6ffe63,sha256:a8e94b85976e5864ba3e9525c7e6c83b2a1eca42d4b797a0c7c24d778e40fd95,sha256:39c3f62c162ab0fe10acb5bc2b0c17040b2744ecee5fb9d4dd08a2d12c78dfb2,results/basis_a5_unique_shared/whisper/neg_shared/encoder/seame_dev_sge/L24/neg_shared_encoder_L24_oracle_local_rho0.5.json
whisper,seame_dev_sge,encoder,25,0.8064516129032258,neg_shared,oracle_local,0.5,NOT_TESTED,0.7008055235903338,0.9090909090909091,0.9090909090909091,,0.8666666666666667,1,8,-7,1,8,,2176,24286.228207588196,40.20313564819448,11.160950463046046,0.27761392943854324,1.0,0.4016110471806674,0.8863636363636364,,,0.29919447640966634,,sha256:84644dcb47b969cc045112f2d55e42c4e4fe8314947b554c1cb6cc5211e3b3a4,sha256:762b6659d9ce860dec9d0ada3f410521eb69e564df643e06d28479b1fde4f89a,sha256:db44fc36dde6fe547757530d0681da140ba114b627899224deb9690f2a6ffe63,sha256:a8e94b85976e5864ba3e9525c7e6c83b2a1eca42d4b797a0c7c24d778e40fd95,sha256:39c3f62c162ab0fe10acb5bc2b0c17040b2744ecee5fb9d4dd08a2d12c78dfb2,results/basis_a5_unique_shared/whisper/neg_shared/encoder/seame_dev_sge/L25/neg_shared_encoder_L25_oracle_local_rho0.5.json
whisper,seame_dev_sge,encoder,26,0.8387096774193549,neg_shared,oracle_local,0.5,UNSTABLE,0.6766398158803222,0.9090909090909091,0.9090909090909091,,0.895,1,8,-7,1,8,,2176,24364.686645507812,40.091117941281375,11.19700673047234,0.2792889623799417,1.0,0.6743383199079401,0.8977272727272727,,,0.0023014959723820505,,sha256:43e647332bebcd960d25a70f61f7c7ed18545f032c39b4f3bea1d732962a6f6e,sha256:762b6659d9ce860dec9d0ada3f410521eb69e564df643e06d28479b1fde4f89a,sha256:db44fc36dde6fe547757530d0681da140ba114b627899224deb9690f2a6ffe63,sha256:a8e94b85976e5864ba3e9525c7e6c83b2a1eca42d4b797a0c7c24d778e40fd95,sha256:39c3f62c162ab0fe10acb5bc2b0c17040b2744ecee5fb9d4dd08a2d12c78dfb2,results/basis_a5_unique_shared/whisper/neg_shared/encoder/seame_dev_sge/L26/neg_shared_encoder_L26_oracle_local_rho0.5.json
whisper,seame_dev_sge,encoder,27,0.8709677419354839,neg_shared,oracle_local,0.5,UNSTABLE,0.6524741081703107,0.8522727272727273,0.8522727272727273,,0.9233333333333333,3,5,-2,3,5,,2176,24411.688656806946,40.30262530200622,11.218606919488487,0.27835920949124965,1.0,0.38204833141542005,0.9090909090909091,,,0.27042577675489066,,sha256:61392e949d71f93edeffcc709f2effe02fe752b39dee4c268e73ee2b35cf85be,sha256:762b6659d9ce860dec9d0ada3f410521eb69e564df643e06d28479b1fde4f89a,sha256:db44fc36dde6fe547757530d0681da140ba114b627899224deb9690f2a6ffe63,sha256:a8e94b85976e5864ba3e9525c7e6c83b2a1eca42d4b797a0c7c24d778e40fd95,sha256:39c3f62c162ab0fe10acb5bc2b0c17040b2744ecee5fb9d4dd08a2d12c78dfb2,results/basis_a5_unique_shared/whisper/neg_shared/encoder/seame_dev_sge/L27/neg_shared_encoder_L27_oracle_local_rho0.5.json
whisper,seame_dev_sge,encoder,28,0.9032258064516129,neg_shared,oracle_local,0.5,NOT_TESTED,0.32796317606444186,0.8636363636363636,0.8636363636363636,,0.965,1,4,-3,1,4,,2176,24740.246866226196,40.84361584396923,11.369598743670126,0.27836905496086006,1.0,0.383199079401611,0.8977272727272727,,,-0.05523590333716916,,sha256:1485a3dfa0e4406852b10396025a0839a44f2b425050ba2b8c1e41895c38a8cc,sha256:762b6659d9ce860dec9d0ada3f410521eb69e564df643e06d28479b1fde4f89a,sha256:db44fc36dde6fe547757530d0681da140ba114b627899224deb9690f2a6ffe63,sha256:a8e94b85976e5864ba3e9525c7e6c83b2a1eca42d4b797a0c7c24d778e40fd95,sha256:39c3f62c162ab0fe10acb5bc2b0c17040b2744ecee5fb9d4dd08a2d12c78dfb2,results/basis_a5_unique_shared/whisper/neg_shared/encoder/seame_dev_sge/L28/neg_shared_encoder_L28_oracle_local_rho0.5.json
whisper,seame_dev_sge,encoder,29,0.9354838709677419,neg_shared,oracle_local,0.5,NOT_TESTED,0.3429228998849252,0.8863636363636364,0.8863636363636364,,0.9466666666666667,0,5,-5,0,5,,2176,25148.92221927643,41.39350151489763,11.557409108123359,0.27920829804562,1.0,0.6409666283084005,0.9204545454545454,,,-0.29804372842347526,,sha256:a2e047b5d3338502d614457ebb66cdd221ccd58c210c2b0a90806abdd71753ad,sha256:762b6659d9ce860dec9d0ada3f410521eb69e564df643e06d28479b1fde4f89a,sha256:db44fc36dde6fe547757530d0681da140ba114b627899224deb9690f2a6ffe63,sha256:a8e94b85976e5864ba3e9525c7e6c83b2a1eca42d4b797a0c7c24d778e40fd95,sha256:39c3f62c162ab0fe10acb5bc2b0c17040b2744ecee5fb9d4dd08a2d12c78dfb2,results/basis_a5_unique_shared/whisper/neg_shared/encoder/seame_dev_sge/L29/neg_shared_encoder_L29_oracle_local_rho0.5.json
whisper,seame_dev_sge,encoder,30,0.967741935483871,neg_shared,oracle_local,0.5,NOT_TESTED,0.33716915995397007,0.8409090909090909,0.8409090909090909,,0.9433333333333334,2,3,-1,2,3,,2176,25914.503945350647,42.6863639021621,11.909238945473643,0.2789939891055099,1.0,0.903337169159954,0.9090909090909091,,,-0.566168009205984,,sha256:d7bc78657c255ffb4b76109dd2b87b228046fdf38b240f4903064821b4fe17b1,sha256:762b6659d9ce860dec9d0ada3f410521eb69e564df643e06d28479b1fde4f89a,sha256:db44fc36dde6fe547757530d0681da140ba114b627899224deb9690f2a6ffe63,sha256:a8e94b85976e5864ba3e9525c7e6c83b2a1eca42d4b797a0c7c24d778e40fd95,sha256:39c3f62c162ab0fe10acb5bc2b0c17040b2744ecee5fb9d4dd08a2d12c78dfb2,results/basis_a5_unique_shared/whisper/neg_shared/encoder/seame_dev_sge/L30/neg_shared_encoder_L30_oracle_local_rho0.5.json
whisper,seame_dev_sge,encoder,31,1.0,neg_shared,oracle_local,0.5,UNSTABLE,0.3624856156501726,0.8522727272727273,0.8522727272727273,,0.915,1,3,-2,1,3,,2176,27415.095811843872,44.114771974437375,12.598849178237074,0.28559252636594307,1.0,0.6754890678941312,0.8977272727272727,,,-0.3130034522439586,,sha256:eb4f0d7ad39b052f9b96a9649800988e81ca2e83a29e11dacb648ae895ab92a2,sha256:762b6659d9ce860dec9d0ada3f410521eb69e564df643e06d28479b1fde4f89a,sha256:db44fc36dde6fe547757530d0681da140ba114b627899224deb9690f2a6ffe63,sha256:a8e94b85976e5864ba3e9525c7e6c83b2a1eca42d4b797a0c7c24d778e40fd95,sha256:39c3f62c162ab0fe10acb5bc2b0c17040b2744ecee5fb9d4dd08a2d12c78dfb2,results/basis_a5_unique_shared/whisper/neg_shared/encoder/seame_dev_sge/L31/neg_shared_encoder_L31_oracle_local_rho0.5.json
whisper,cs_dialogue,decoder,0,0.0,pos_unique,oracle_local,0.5,NOT_TESTED,0.26644091962217076,0.4792768959435626,0.48324514991181655,,0.9953339669921368,16,37,-21,16,37,,1830,1884.4263495206833,0.27912671471028455,1.0297411746014662,0.4558507836395906,0.12356515867656989,0.2512326976771817,0.48721340388007056,0.2537872037070041,0.4660493827160494,0.015208221944989053,0.012653715915166674,sha256:833eb0fb7efa6069e2df050b47c3ba9e75fa00a56ad2662eff6b5927e6c7e8ae,sha256:0cc65e50364fa26ee31b657e748e26033311fbf3161b6d27991b694e461bcfba,sha256:1629d5d6ba2aa530259a76fdb5ecc7109108d4bb4b5c47bf48a4dc3d82cb4395,sha256:a8e94b85976e5864ba3e9525c7e6c83b2a1eca42d4b797a0c7c24d778e40fd95,sha256:39c3f62c162ab0fe10acb5bc2b0c17040b2744ecee5fb9d4dd08a2d12c78dfb2,results/basis_a5_unique_shared/whisper/pos_unique/decoder/cs_dialogue/L00/pos_unique_decoder_L0_oracle_local_rho0.5.json
whisper,cs_dialogue,decoder,1,0.03225806451612903,pos_unique,oracle_local,0.5,NOT_TESTED,0.26240123566803303,0.4704585537918871,0.4739858906525573,,0.9917912382269075,14,15,-1,14,15,,1819,2952.516018986702,0.43919185559689977,1.6231533914165486,0.4606105545916011,0.12463172319287427,0.2596685082872928,0.4876543209876543,0.26976771817263706,0.4876543209876543,0.0027327273807402075,-0.007366482504604033,sha256:c43c33bf523e7ca0ab1111e1eb33d3e3a7e810bc48ac271d4a125b2953d7623e,sha256:0cc65e50364fa26ee31b657e748e26033311fbf3161b6d27991b694e461bcfba,sha256:1629d5d6ba2aa530259a76fdb5ecc7109108d4bb4b5c47bf48a4dc3d82cb4395,sha256:a8e94b85976e5864ba3e9525c7e6c83b2a1eca42d4b797a0c7c24d778e40fd95,sha256:39c3f62c162ab0fe10acb5bc2b0c17040b2744ecee5fb9d4dd08a2d12c78dfb2,results/basis_a5_unique_shared/whisper/pos_unique/decoder/cs_dialogue/L01/pos_unique_decoder_L1_oracle_local_rho0.5.json
whisper,cs_dialogue,decoder,2,0.06451612903225806,pos_unique,oracle_local,0.5,NOT_TESTED,0.2539060179409493,0.4585537918871252,0.46164021164021163,,0.9953339669921368,48,22,26,48,22,,1831,3444.2800122499466,0.5175788569046719,1.8810923059803095,0.45247837894144727,0.12449853811110356,0.26620329115428026,0.49250440917107585,0.2650745559318006,0.48148148148148145,-0.012297273213330961,-0.011168537990851324,sha256:0a600602f6d28f6ba2540827e76f93f0aea8e39d962f78212b02b9b1faeda30a,sha256:0cc65e50364fa26ee31b657e748e26033311fbf3161b6d27991b694e461bcfba,sha256:1629d5d6ba2aa530259a76fdb5ecc7109108d4bb4b5c47bf48a4dc3d82cb4395,sha256:a8e94b85976e5864ba3e9525c7e6c83b2a1eca42d4b797a0c7c24d778e40fd95,sha256:39c3f62c162ab0fe10acb5bc2b0c17040b2744ecee5fb9d4dd08a2d12c78dfb2,results/basis_a5_unique_shared/whisper/pos_unique/decoder/cs_dialogue/L02/pos_unique_decoder_L2_oracle_local_rho0.5.json
whisper,cs_dialogue,decoder,3,0.0967741935483871,pos_unique,oracle_local,0.5,NOT_TESTED,0.24362858670468723,0.37786596119929455,0.38580246913580246,,0.9819407240991964,217,8,209,217,8,,1807,3419.9895231723785,0.5745157461104676,1.8926339364540004,0.4097481564835031,0.12438050660792951,0.26151012891344383,0.48677248677248675,0.26703499079189685,0.4898589065255732,-0.017881542208756596,-0.02340640408720962,sha256:d86e0b3826aab9b3c695a785bf31f7286c27b0e028ba33ff6cb1d2fc9e04c712,sha256:0cc65e50364fa26ee31b657e748e26033311fbf3161b6d27991b694e461bcfba,sha256:1629d5d6ba2aa530259a76fdb5ecc7109108d4bb4b5c47bf48a4dc3d82cb4395,sha256:a8e94b85976e5864ba3e9525c7e6c83b2a1eca42d4b797a0c7c24d778e40fd95,sha256:39c3f62c162ab0fe10acb5bc2b0c17040b2744ecee5fb9d4dd08a2d12c78dfb2,results/basis_a5_unique_shared/whisper/pos_unique/decoder/cs_dialogue/L03/pos_unique_decoder_L3_oracle_local_rho0.5.json
whisper,cs_dialogue,decoder,4,0.12903225806451613,pos_unique,oracle_local,0.5,NOT_TESTED,0.24998514822075685,0.41005291005291006,0.4184303350970018,,0.9815950920245399,161,25,136,161,25,,1828,3701.692648410797,0.5981294001523179,2.024995978342887,0.4189819447622474,0.1237560083948277,0.2559852670349908,0.4828042328042328,0.2729757024891582,0.5008818342151675,-0.006000118814233957,-0.022990554268401353,sha256:3b3484694f07f904d56a2cc39be63bf9edbe4c3dc12803e96694b256bb956d3e,sha256:0cc65e50364fa26ee31b657e748e26033311fbf3161b6d27991b694e461bcfba,sha256:1629d5d6ba2aa530259a76fdb5ecc7109108d4bb4b5c47bf48a4dc3d82cb4395,sha256:a8e94b85976e5864ba3e9525c7e6c83b2a1eca42d4b797a0c7c24d778e40fd95,sha256:39c3f62c162ab0fe10acb5bc2b0c17040b2744ecee5fb9d4dd08a2d12c78dfb2,results/basis_a5_unique_shared/whisper/pos_unique/decoder/cs_dialogue/L04/pos_unique_decoder_L4_oracle_local_rho0.5.json
whisper,cs_dialogue,decoder,5,0.16129032258064516,pos_unique,oracle_local,0.5,NOT_TESTED,0.25360898235608625,0.42328042328042326,0.4281305114638448,,0.9834960684351508,121,15,106,121,15,,1823,3802.361327767372,0.6218699403010879,2.085771435966743,0.4158889689681969,0.12399673513807645,0.2573516307253609,0.48544973544973546,0.27356977365888435,0.5008818342151675,-0.003742648369274626,-0.019960791302798098,sha256:da395e5fd7594bdd48ad33febdf1067c8e2c78c8b687b1da1da66c6b15c093f9,sha256:0cc65e50364fa26ee31b657e748e26033311fbf3161b6d27991b694e461bcfba,sha256:1629d5d6ba2aa530259a76fdb5ecc7109108d4bb4b5c47bf48a4dc3d82cb4395,sha256:a8e94b85976e5864ba3e9525c7e6c83b2a1eca42d4b797a0c7c24d778e40fd95,sha256:39c3f62c162ab0fe10acb5bc2b0c17040b2744ecee5fb9d4dd08a2d12c78dfb2,results/basis_a5_unique_shared/whisper/pos_unique/decoder/cs_dialogue/L05/pos_unique_decoder_L5_oracle_local_rho0.5.json
whisper,cs_dialogue,decoder,6,0.1935483870967742,pos_unique,oracle_local,0.5,NOT_TESTED,0.2730945167231034,0.47971781305114636,0.48412698412698413,,0.9918776462455716,17,39,-22,17,39,,1823,3541.5547009706497,0.6489870134588798,1.9427069122164837,0.3638761207996355,0.12155764486230579,0.2818273629180776,0.47442680776014107,0.2758272441038436,0.5013227513227513,-0.008732846194974164,-0.0027327273807402075,sha256:702c35af3d5db7d5ad7c67cc087999414ef9ef804377c4ba6fc4d32bb2a60d5c,sha256:0cc65e50364fa26ee31b657e748e26033311fbf3161b6d27991b694e461bcfba,sha256:1629d5d6ba2aa530259a76fdb5ecc7109108d4bb4b5c47bf48a4dc3d82cb4395,sha256:a8e94b85976e5864ba3e9525c7e6c83b2a1eca42d4b797a0c7c24d778e40fd95,sha256:39c3f62c162ab0fe10acb5bc2b0c17040b2744ecee5fb9d4dd08a2d12c78dfb2,results/basis_a5_unique_shared/whisper/pos_unique/decoder/cs_dialogue/L06/pos_unique_decoder_L6_oracle_local_rho0.5.json
whisper,cs_dialogue,decoder,7,0.22580645161290322,pos_unique,oracle_local,0.5,NOT_TESTED,0.2730945167231034,0.4678130511463845,0.5158730158730159,,0.9917048302082433,32,27,5,32,27,,1829,3850.3033524751663,0.7084685114729653,2.1051412534035903,0.361012702678528,0.12149594792081839,0.27054001069328104,0.47971781305114636,0.278381750133666,0.5132275132275133,0.0025545060298223787,-0.005287233410562586,sha256:60389684180cb7a39074b8235b3440df57dccca38d61af7676f1604cd5d36a89,sha256:0cc65e50364fa26ee31b657e748e26033311fbf3161b6d27991b694e461bcfba,sha256:1629d5d6ba2aa530259a76fdb5ecc7109108d4bb4b5c47bf48a4dc3d82cb4395,sha256:a8e94b85976e5864ba3e9525c7e6c83b2a1eca42d4b797a0c7c24d778e40fd95,sha256:39c3f62c162ab0fe10acb5bc2b0c17040b2744ecee5fb9d4dd08a2d12c78dfb2,results/basis_a5_unique_shared/whisper/pos_unique/decoder/cs_dialogue/L07/pos_unique_decoder_L7_oracle_local_rho0.5.json
whisper,cs_dialogue,decoder,8,0.25806451612903225,pos_unique,oracle_local,0.5,NOT_TESTED,0.2609160577437177,0.47266313932980597,0.5211640211640212,,0.9912727901149226,28,34,-6,28,34,,1822,4001.6905291080475,0.7600926431135885,2.196317524208588,0.35510188246421825,0.12289221637663564,0.2653715915166637,0.4880952380952381,0.2785005643676112,0.5141093474426808,-0.0044555337729459965,-0.017584506623893548,sha256:d5dfdb1609460f235886ab5f25f1803a00de15ee4018caba9f575163eb32ef6b,sha256:0cc65e50364fa26ee31b657e748e26033311fbf3161b6d27991b694e461bcfba,sha256:1629d5d6ba2aa530259a76fdb5ecc7109108d4bb4b5c47bf48a4dc3d82cb4395,sha256:a8e94b85976e5864ba3e9525c7e6c83b2a1eca42d4b797a0c7c24d778e40fd95,sha256:39c3f62c162ab0fe10acb5bc2b0c17040b2744ecee5fb9d4dd08a2d12c78dfb2,results/basis_a5_unique_shared/whisper/pos_unique/decoder/cs_dialogue/L08/pos_unique_decoder_L8_oracle_local_rho0.5.json
whisper,cs_dialogue,decoder,9,0.2903225806451613,pos_unique,oracle_local,0.5,NOT_TESTED,0.27178756014970595,0.4739858906525573,0.5216049382716049,,0.9913591981335867,27,36,-9,27,36,,1824,4040.838691830635,0.7527505527964765,2.215372089819427,0.3586382910235078,0.12185996793158739,0.261331907562526,0.49074074074074076,0.27778767896393985,0.5119047619047619,0.010455652587179953,-0.006000118814233901,sha256:8277418a8c6ebbd33422ac913dad460fc4d1879ac62bf5e15cca0458e0d1fa8e,sha256:0cc65e50364fa26ee31b657e748e26033311fbf3161b6d27991b694e461bcfba,sha256:1629d5d6ba2aa530259a76fdb5ecc7109108d4bb4b5c47bf48a4dc3d82cb4395,sha256:a8e94b85976e5864ba3e9525c7e6c83b2a1eca42d4b797a0c7c24d778e40fd95,sha256:39c3f62c162ab0fe10acb5bc2b0c17040b2744ecee5fb9d4dd08a2d12c78dfb2,results/basis_a5_unique_shared/whisper/pos_unique/decoder/cs_dialogue/L09/pos_unique_decoder_L9_oracle_local_rho0.5.json
whisper,cs_dialogue,decoder,10,0.3225806451612903,pos_unique,oracle_local,0.5,NOT_TESTED,0.255034753163429,0.4695767195767196,0.4731040564373898,,0.9936058066188542,30,29,1,30,29,,1821,4381.434825181961,0.7972709289918118,2.4060597612201873,0.37425365584417225,0.12401253064560065,0.25616348838590863,0.48500881834215165,0.28046099922770745,0.5242504409171076,-0.0011287352224796376,-0.025426246064278457,sha256:2f4e08b53edc37614d6fa2fcf14f1c477ebe67fa4d76f7df11ab26501a1f91fb,sha256:0cc65e50364fa26ee31b657e748e26033311fbf3161b6d27991b694e461bcfba,sha256:1629d5d6ba2aa530259a76fdb5ecc7109108d4bb4b5c47bf48a4dc3d82cb4395,sha256:a8e94b85976e5864ba3e9525c7e6c83b2a1eca42d4b797a0c7c24d778e40fd95,sha256:39c3f62c162ab0fe10acb5bc2b0c17040b2744ecee5fb9d4dd08a2d12c78dfb2,results/basis_a5_unique_shared/whisper/pos_unique/decoder/cs_dialogue/L10/pos_unique_decoder_L10_oracle_local_rho0.5.json
whisper,cs_dialogue,decoder,11,0.3548387096774194,pos_unique,oracle_local,0.5,NOT_TESTED,0.26067842927582724,0.4691358024691358,0.47266313932980597,,0.9879028773870215,35,33,2,35,33,,1810,4376.327241182327,0.8037751191487121,2.4178603542443797,0.3724410689514076,0.12381147821328409,0.25990613675518326,0.49559082892416223,0.27594605833778885,0.5074955908289241,0.0007722925206439801,-0.015267629061961607,sha256:3ec5dc2f1f05605272273b77758321eec235f5280cef62e3136bccd2ca4b8606,sha256:0cc65e50364fa26ee31b657e748e26033311fbf3161b6d27991b694e461bcfba,sha256:1629d5d6ba2aa530259a76fdb5ecc7109108d4bb4b5c47bf48a4dc3d82cb4395,sha256:a8e94b85976e5864ba3e9525c7e6c83b2a1eca42d4b797a0c7c24d778e40fd95,sha256:39c3f62c162ab0fe10acb5bc2b0c17040b2744ecee5fb9d4dd08a2d12c78dfb2,results/basis_a5_unique_shared/whisper/pos_unique/decoder/cs_dialogue/L11/pos_unique_decoder_L11_oracle_local_rho0.5.json
whisper,cs_dialogue,decoder,12,0.3870967741935484,pos_unique,oracle_local,0.5,NOT_TESTED,0.24392562228955028,0.45811287477954143,0.4607583774250441,,0.9960252311414499,46,19,27,46,19,,1825,4671.596926450729,0.8473332125220434,2.559779137781222,0.3776745975882092,0.12501712563364845,0.2648369274639102,0.4691358024691358,0.2841442404800095,0.5110229276895943,-0.020911305174359907,-0.04021861819045924,sha256:4fedb51c9552558628c3a53e999402c32fd8aa8890844443bde2c3fc78bc4525,sha256:0cc65e50364fa26ee31b657e748e26033311fbf3161b6d27991b694e461bcfba,sha256:1629d5d6ba2aa530259a76fdb5ecc7109108d4bb4b5c47bf48a4dc3d82cb4395,sha256:a8e94b85976e5864ba3e9525c7e6c83b2a1eca42d4b797a0c7c24d778e40fd95,sha256:39c3f62c162ab0fe10acb5bc2b0c17040b2744ecee5fb9d4dd08a2d12c78dfb2,results/basis_a5_unique_shared/whisper/pos_unique/decoder/cs_dialogue/L12/pos_unique_decoder_L12_oracle_local_rho0.5.json
whisper,cs_dialogue,decoder,13,0.41935483870967744,pos_unique,oracle_local,0.5,NOT_TESTED,0.24939107705103072,0.455026455026455,0.458994708994709,,0.9932601745441977,58,24,34,58,24,,1828,4944.807452917099,0.8958547971989895,2.7050368998452403,0.37733475626843316,0.1249658189773038,0.25717340937444305,0.45105820105820105,0.280995663280461,0.49867724867724866,-0.007782332323412328,-0.03160458622943027,sha256:5bc31ac44256be6a6925a9a9caf831bcc75d3b0e0928d7d8864ed15ca2cb09c2,sha256:0cc65e50364fa26ee31b657e748e26033311fbf3161b6d27991b694e461bcfba,sha256:1629d5d6ba2aa530259a76fdb5ecc7109108d4bb4b5c47bf48a4dc3d82cb4395,sha256:a8e94b85976e5864ba3e9525c7e6c83b2a1eca42d4b797a0c7c24d778e40fd95,sha256:39c3f62c162ab0fe10acb5bc2b0c17040b2744ecee5fb9d4dd08a2d12c78dfb2,results/basis_a5_unique_shared/whisper/pos_unique/decoder/cs_dialogue/L13/pos_unique_decoder_L13_oracle_local_rho0.5.json
whisper,cs_dialogue,decoder,14,0.45161290322580644,pos_unique,oracle_local,0.5,NOT_TESTED,0.24968811263589377,0.4537037037037037,0.4572310405643739,,0.9936922146375183,60,23,37,60,23,,1829,5020.153299808502,0.9171441514888016,2.7447530343403512,0.3736555173491041,0.12485493890367944,0.25444068199370284,0.45458553791887124,0.26156953603041644,0.4929453262786596,-0.004752569357809072,-0.011881423394522667,sha256:65ba2b12700b6289216e992d53b48699292accbe407f36d5f87500281e6a0dae,sha256:0cc65e50364fa26ee31b657e748e26033311fbf3161b6d27991b694e461bcfba,sha256:1629d5d6ba2aa530259a76fdb5ecc7109108d4bb4b5c47bf48a4dc3d82cb4395,sha256:a8e94b85976e5864ba3e9525c7e6c83b2a1eca42d4b797a0c7c24d778e40fd95,sha256:39c3f62c162ab0fe10acb5bc2b0c17040b2744ecee5fb9d4dd08a2d12c78dfb2,results/basis_a5_unique_shared/whisper/pos_unique/decoder/cs_dialogue/L14/pos_unique_decoder_L14_oracle_local_rho0.5.json
whisper,cs_dialogue,decoder,15,0.4838709677419355,pos_unique,oracle_local,0.5,NOT_TESTED,0.24832174894552367,0.4506172839506173,0.45282186948853614,,0.995420375010801,61,17,44,61,17,,1830,4939.734342575073,0.9063240701667361,2.699308383920805,0.37122298574379897,0.12464241928892522,0.24749004930790708,0.4607583774250441,0.2658468484524446,0.49074074074074076,0.0008316996376165897,-0.017525099506920938,sha256:4bbeb6078780ad457449fd612b967d2dfe3a9431d33e46d613fb9e255c67c008,sha256:0cc65e50364fa26ee31b657e748e26033311fbf3161b6d27991b694e461bcfba,sha256:1629d5d6ba2aa530259a76fdb5ecc7109108d4bb4b5c47bf48a4dc3d82cb4395,sha256:a8e94b85976e5864ba3e9525c7e6c83b2a1eca42d4b797a0c7c24d778e40fd95,sha256:39c3f62c162ab0fe10acb5bc2b0c17040b2744ecee5fb9d4dd08a2d12c78dfb2,results/basis_a5_unique_shared/whisper/pos_unique/decoder/cs_dialogue/L15/pos_unique_decoder_L15_oracle_local_rho0.5.json
whisper,cs_dialogue,decoder,16,0.5161290322580645,pos_unique,oracle_local,0.5,NOT_TESTED,0.24285629418404325,0.4519400352733686,0.455026455026455,,0.9966300872720989,60,19,41,60,19,,1825,5144.2623682022095,0.9589740287220676,2.8187739003847723,0.3676975537054301,0.1250942490917815,0.25093566209231866,0.4656084656084656,0.2694112754708014,0.4929453262786596,-0.008079367908275403,-0.02655498128675815,sha256:f82f7790b6df3ee2a9b8cacda1a98c91a35cdb7e894008e58dde15314f9f7bff,sha256:0cc65e50364fa26ee31b657e748e26033311fbf3161b6d27991b694e461bcfba,sha256:1629d5d6ba2aa530259a76fdb5ecc7109108d4bb4b5c47bf48a4dc3d82cb4395,sha256:a8e94b85976e5864ba3e9525c7e6c83b2a1eca42d4b797a0c7c24d778e40fd95,sha256:39c3f62c162ab0fe10acb5bc2b0c17040b2744ecee5fb9d4dd08a2d12c78dfb2,results/basis_a5_unique_shared/whisper/pos_unique/decoder/cs_dialogue/L16/pos_unique_decoder_L16_oracle_local_rho0.5.json
whisper,cs_dialogue,decoder,17,0.5483870967741935,pos_unique,oracle_local,0.5,NOT_TESTED,0.2540248321748946,0.4625220458553792,0.4656084656084656,,0.9952475589734727,49,32,17,49,32,,1821,5098.942271471024,0.9559209392661506,2.800078128210337,0.36278737313921794,0.123852275045909,0.24855937741341413,0.4660493827160494,0.2555694172161825,0.4673721340388007,0.005465454761480443,-0.0015445850412879047,sha256:b50e95836fad66d26b8e8579930a819baa9524c96ef7999dd251def26b0fd05c,sha256:0cc65e50364fa26ee31b657e748e26033311fbf3161b6d27991b694e461bcfba,sha256:1629d5d6ba2aa530259a76fdb5ecc7109108d4bb4b5c47bf48a4dc3d82cb4395,sha256:a8e94b85976e5864ba3e9525c7e6c83b2a1eca42d4b797a0c7c24d778e40fd95,sha256:39c3f62c162ab0fe10acb5bc2b0c17040b2744ecee5fb9d4dd08a2d12c78dfb2,results/basis_a5_unique_shared/whisper/pos_unique/decoder/cs_dialogue/L17/pos_unique_decoder_L17_oracle_local_rho0.5.json
whisper,cs_dialogue,decoder,18,0.5806451612903226,pos_unique,oracle_local,0.5,NOT_TESTED,0.2567575595556348,0.45634920634920634,0.458994708994709,,0.9948155188801521,53,22,31,53,22,,1848,5220.772691965103,0.9555339224718693,2.8250934480330643,0.3672844194354148,0.12422694272653939,0.24552961444781085,0.468694885361552,0.26691617655795163,0.4783950617283951,0.011227945107823933,-0.01015861700231685,sha256:e77c03013db9e87d39cdbab023ebae7b39f0c5a4166c3e38a42125cf93378479,sha256:0cc65e50364fa26ee31b657e748e26033311fbf3161b6d27991b694e461bcfba,sha256:1629d5d6ba2aa530259a76fdb5ecc7109108d4bb4b5c47bf48a4dc3d82cb4395,sha256:a8e94b85976e5864ba3e9525c7e6c83b2a1eca42d4b797a0c7c24d778e40fd95,sha256:39c3f62c162ab0fe10acb5bc2b0c17040b2744ecee5fb9d4dd08a2d12c78dfb2,results/basis_a5_unique_shared/whisper/pos_unique/decoder/cs_dialogue/L18/pos_unique_decoder_L18_oracle_local_rho0.5.json
whisper,cs_dialogue,decoder,19,0.6129032258064516,pos_unique,oracle_local,0.5,NOT_TESTED,0.2539654250579219,0.4554673721340388,0.45943562610229277,,0.987557245312365,53,20,33,53,20,,1827,5127.311691761017,0.9895626078347372,2.806410340318017,0.35408951760398266,0.1248547802911228,0.24618309273450958,0.468694885361552,0.26370819224143055,0.48544973544973546,0.007782332323412328,-0.009742767183508638,sha256:0b5b5c22490dc7ceb0dc93711d9a003a7d9d5e67774e412c333c50bfebd3a03f,sha256:0cc65e50364fa26ee31b657e748e26033311fbf3161b6d27991b694e461bcfba,sha256:1629d5d6ba2aa530259a76fdb5ecc7109108d4bb4b5c47bf48a4dc3d82cb4395,sha256:a8e94b85976e5864ba3e9525c7e6c83b2a1eca42d4b797a0c7c24d778e40fd95,sha256:39c3f62c162ab0fe10acb5bc2b0c17040b2744ecee5fb9d4dd08a2d12c78dfb2,results/basis_a5_unique_shared/whisper/pos_unique/decoder/cs_dialogue/L19/pos_unique_decoder_L19_oracle_local_rho0.5.json
whisper,cs_dialogue,decoder,20,0.6451612903225806,pos_unique,oracle_local,0.5,NOT_TESTED,0.2546783104615933,0.4523809523809524,0.45634920634920634,,0.98954462974164,59,19,40,59,19,,1837,5101.789519071579,0.9822896098103839,2.7772398035229062,0.34895009878016653,0.12342112335393711,0.24552961444781085,0.4607583774250441,0.26780728331254083,0.4775132275132275,0.009148696013782431,-0.013128972850947551,sha256:12be148bf1d2a4eaa20903ed65b1b709f9d93bd84b60849e85a17e1ab23d8675,sha256:0cc65e50364fa26ee31b657e748e26033311fbf3161b6d27991b694e461bcfba,sha256:1629d5d6ba2aa530259a76fdb5ecc7109108d4bb4b5c47bf48a4dc3d82cb4395,sha256:a8e94b85976e5864ba3e9525c7e6c83b2a1eca42d4b797a0c7c24d778e40fd95,sha256:39c3f62c162ab0fe10acb5bc2b0c17040b2744ecee5fb9d4dd08a2d12c78dfb2,results/basis_a5_unique_shared/whisper/pos_unique/decoder/cs_dialogue/L20/pos_unique_decoder_L20_oracle_local_rho0.5.json
whisper,cs_dialogue,decoder,21,0.6774193548387096,pos_unique,oracle_local,0.5,NOT_TESTED,0.2511138834432365,0.4497354497354497,0.4541446208112875,,0.990840750021602,60,14,46,60,14,,1831,5221.733197927475,1.0306535808695332,2.8518477323470646,0.3460439182195417,0.12505976367734445,0.2575892591932514,0.4638447971781305,0.2610348719776629,0.47707231040564374,-0.006475375750014889,-0.009920988534426411,sha256:e250150e109756047b3d7f2cc48369321d653925e40d55fc30a68161f98ec036,sha256:0cc65e50364fa26ee31b657e748e26033311fbf3161b6d27991b694e461bcfba,sha256:1629d5d6ba2aa530259a76fdb5ecc7109108d4bb4b5c47bf48a4dc3d82cb4395,sha256:a8e94b85976e5864ba3e9525c7e6c83b2a1eca42d4b797a0c7c24d778e40fd95,sha256:39c3f62c162ab0fe10acb5bc2b0c17040b2744ecee5fb9d4dd08a2d12c78dfb2,results/basis_a5_unique_shared/whisper/pos_unique/decoder/cs_dialogue/L21/pos_unique_decoder_L21_oracle_local_rho0.5.json
whisper,cs_dialogue,decoder,22,0.7096774193548387,pos_unique,oracle_local,0.5,NOT_TESTED,0.2556882314501277,0.4559082892416226,0.45987654320987653,,0.9917048302082433,58,26,32,58,26,,1805,5162.401291847229,1.0461762427435168,2.8600561173668857,0.33772792091556203,0.1235370611183355,0.25188617596388047,0.4642857142857143,0.27897582130339216,0.5052910052910053,0.0038020554862472355,-0.023287589853264457,sha256:b4f6df649b4fedccdf195da582a6066d4f848d6c45cc39d759b6c52229b1d687,sha256:0cc65e50364fa26ee31b657e748e26033311fbf3161b6d27991b694e461bcfba,sha256:1629d5d6ba2aa530259a76fdb5ecc7109108d4bb4b5c47bf48a4dc3d82cb4395,sha256:a8e94b85976e5864ba3e9525c7e6c83b2a1eca42d4b797a0c7c24d778e40fd95,sha256:39c3f62c162ab0fe10acb5bc2b0c17040b2744ecee5fb9d4dd08a2d12c78dfb2,results/basis_a5_unique_shared/whisper/pos_unique/decoder/cs_dialogue/L22/pos_unique_decoder_L22_oracle_local_rho0.5.json
whisper,cs_dialogue,decoder,23,0.7419354838709677,pos_unique,oracle_local,0.5,NOT_TESTED,0.2574704449593061,0.4554673721340388,0.458994708994709,,0.9876436533310291,62,29,33,62,29,,1809,5106.947761654854,1.0760041316995532,2.823077811860063,0.3265594987191514,0.12446676757946883,0.2530743183033327,0.45634920634920634,0.26982712528960967,0.5048500881834215,0.004396126655973387,-0.012356680330303571,sha256:800512e313b0919278e77da267866125517d357c6be801ab6ad21b44bfedbce2,sha256:0cc65e50364fa26ee31b657e748e26033311fbf3161b6d27991b694e461bcfba,sha256:1629d5d6ba2aa530259a76fdb5ecc7109108d4bb4b5c47bf48a4dc3d82cb4395,sha256:a8e94b85976e5864ba3e9525c7e6c83b2a1eca42d4b797a0c7c24d778e40fd95,sha256:39c3f62c162ab0fe10acb5bc2b0c17040b2744ecee5fb9d4dd08a2d12c78dfb2,results/basis_a5_unique_shared/whisper/pos_unique/decoder/cs_dialogue/L23/pos_unique_decoder_L23_oracle_local_rho0.5.json
whisper,cs_dialogue,decoder,24,0.7741935483870968,pos_unique,oracle_local,0.5,STABLE,0.2593714727024298,0.44664902998236333,0.4501763668430335,,0.982286356173853,82,29,53,82,29,,1808,5159.901473879814,1.09624515428987,2.853927806349455,0.3120863585920172,0.11987800026521682,0.255034753163429,0.4731040564373898,0.26109427909463556,0.49603174603174605,0.004336719539000777,-0.001722806392205789,sha256:b40b29af2de4a0e7a1e762cfabd395c0fb63ba82bda6bed966567efc1de0df92,sha256:0cc65e50364fa26ee31b657e748e26033311fbf3161b6d27991b694e461bcfba,sha256:1629d5d6ba2aa530259a76fdb5ecc7109108d4bb4b5c47bf48a4dc3d82cb4395,sha256:a8e94b85976e5864ba3e9525c7e6c83b2a1eca42d4b797a0c7c24d778e40fd95,sha256:39c3f62c162ab0fe10acb5bc2b0c17040b2744ecee5fb9d4dd08a2d12c78dfb2,results/basis_a5_unique_shared/whisper/pos_unique/decoder/cs_dialogue/L24/pos_unique_decoder_L24_oracle_local_rho0.5.json
whisper,cs_dialogue,decoder,25,0.8064516129032258,pos_unique,oracle_local,0.5,NOT_TESTED,0.2692924612368562,0.45634920634920634,0.46119929453262787,,0.9872116132377085,52,21,31,52,21,,1783,5356.596985578537,1.1462070742521564,3.0042607883222305,0.30849059093366626,0.11769753779127336,0.261331907562526,0.4541446208112875,0.2712528960969524,0.5026455026455027,0.007960553674330184,-0.0019604348600962274,sha256:7bfd191c7bb92d40ceb4ba2eb7302cbad1bf511e27fd22b271729b0e5f60dbca,sha256:0cc65e50364fa26ee31b657e748e26033311fbf3161b6d27991b694e461bcfba,sha256:1629d5d6ba2aa530259a76fdb5ecc7109108d4bb4b5c47bf48a4dc3d82cb4395,sha256:a8e94b85976e5864ba3e9525c7e6c83b2a1eca42d4b797a0c7c24d778e40fd95,sha256:39c3f62c162ab0fe10acb5bc2b0c17040b2744ecee5fb9d4dd08a2d12c78dfb2,results/basis_a5_unique_shared/whisper/pos_unique/decoder/cs_dialogue/L25/pos_unique_decoder_L25_oracle_local_rho0.5.json
whisper,cs_dialogue,decoder,26,0.8387096774193549,pos_unique,oracle_local,0.5,STABLE,0.25687637378958,0.4537037037037037,0.45811287477954143,,0.9834960684351508,69,32,37,69,32,,1833,5775.4706065654755,1.2686365080125666,3.1508295725943674,0.2971801220017149,0.11965532998237483,0.25455949622764806,0.4620811287477954,0.2601437652230737,0.4708994708994709,0.0023168775619319404,-0.0032673914334936938,sha256:961df4948801e77c5f1b9a2a37f1b0346727a60fd8bc72aa9db06f6266303523,sha256:0cc65e50364fa26ee31b657e748e26033311fbf3161b6d27991b694e461bcfba,sha256:1629d5d6ba2aa530259a76fdb5ecc7109108d4bb4b5c47bf48a4dc3d82cb4395,sha256:a8e94b85976e5864ba3e9525c7e6c83b2a1eca42d4b797a0c7c24d778e40fd95,sha256:39c3f62c162ab0fe10acb5bc2b0c17040b2744ecee5fb9d4dd08a2d12c78dfb2,results/basis_a5_unique_shared/whisper/pos_unique/decoder/cs_dialogue/L26/pos_unique_decoder_L26_oracle_local_rho0.5.json
whisper,cs_dialogue,decoder,27,0.8709677419354839,pos_unique,oracle_local,0.5,STABLE,0.2902037664112161,0.468694885361552,0.4739858906525573,,0.9844465566404562,39,36,3,39,36,,1844,6724.946684598923,1.4350469331980442,3.646934210736943,0.2952136026466875,0.11616479778253748,0.25164854749599,0.44312169312169314,0.2591338442345393,0.4678130511463845,0.038555218915226064,0.031069922176676812,sha256:43acaa898ffe9e60702baa6390ee1ce7bd556ff8e80d283ef814ebc39d9deb48,sha256:0cc65e50364fa26ee31b657e748e26033311fbf3161b6d27991b694e461bcfba,sha256:1629d5d6ba2aa530259a76fdb5ecc7109108d4bb4b5c47bf48a4dc3d82cb4395,sha256:a8e94b85976e5864ba3e9525c7e6c83b2a1eca42d4b797a0c7c24d778e40fd95,sha256:39c3f62c162ab0fe10acb5bc2b0c17040b2744ecee5fb9d4dd08a2d12c78dfb2,results/basis_a5_unique_shared/whisper/pos_unique/decoder/cs_dialogue/L27/pos_unique_decoder_L27_oracle_local_rho0.5.json
whisper,cs_dialogue,decoder,28,0.9032258064516129,pos_unique,oracle_local,0.5,NOT_TESTED,0.26293589972078657,0.4638447971781305,0.4695767195767196,,0.9790892594832801,54,40,14,54,40,,1783,7483.133424043655,1.737668262029608,4.196934057231439,0.29263538601083294,0.12116064147866268,0.2585397730648132,0.45634920634920634,0.25931206558545716,0.4523809523809524,0.004396126655973387,0.003623834135329407,sha256:8648ba65421dad13f71ba84263221f9542245e176aaf327400573b67b7702677,sha256:0cc65e50364fa26ee31b657e748e26033311fbf3161b6d27991b694e461bcfba,sha256:1629d5d6ba2aa530259a76fdb5ecc7109108d4bb4b5c47bf48a4dc3d82cb4395,sha256:a8e94b85976e5864ba3e9525c7e6c83b2a1eca42d4b797a0c7c24d778e40fd95,sha256:39c3f62c162ab0fe10acb5bc2b0c17040b2744ecee5fb9d4dd08a2d12c78dfb2,results/basis_a5_unique_shared/whisper/pos_unique/decoder/cs_dialogue/L28/pos_unique_decoder_L28_oracle_local_rho0.5.json
whisper,cs_dialogue,decoder,29,0.9354838709677419,pos_unique,oracle_local,0.5,NOT_TESTED,0.27315392384007603,0.4669312169312169,0.47266313932980597,,0.9829776203231659,40,33,7,40,33,,1802,8014.80298781395,1.8421067199836032,4.4477264083318255,0.2829478838287166,0.11718800806399167,0.25806451612903225,0.44488536155202824,0.2386383888789877,0.37257495590828926,0.015089407711043779,0.034515534961088334,sha256:25525f4f46e388ba3311f2e14bab1f9878f7c05bb804e175ed6cbee1d305d450,sha256:0cc65e50364fa26ee31b657e748e26033311fbf3161b6d27991b694e461bcfba,sha256:1629d5d6ba2aa530259a76fdb5ecc7109108d4bb4b5c47bf48a4dc3d82cb4395,sha256:a8e94b85976e5864ba3e9525c7e6c83b2a1eca42d4b797a0c7c24d778e40fd95,sha256:39c3f62c162ab0fe10acb5bc2b0c17040b2744ecee5fb9d4dd08a2d12c78dfb2,results/basis_a5_unique_shared/whisper/pos_unique/decoder/cs_dialogue/L29/pos_unique_decoder_L29_oracle_local_rho0.5.json
whisper,cs_dialogue,decoder,30,0.967741935483871,pos_unique,oracle_local,0.5,NOT_TESTED,0.26382700647537577,0.47707231040564374,0.48236331569664903,,0.9916184221895792,37,53,-16,37,53,,1832,8311.703675031662,2.0541513705018963,4.536956154493265,0.2708907820256367,0.1226484568521122,0.2662626982712529,0.44841269841269843,0.2542030535258124,0.3350970017636684,-0.002435691795877104,0.009623952949563364,sha256:1cd2a9e4946a77e4fba70d8a76f6fc08d22743a201aaa6cd2036145608bfac55,sha256:0cc65e50364fa26ee31b657e748e26033311fbf3161b6d27991b694e461bcfba,sha256:1629d5d6ba2aa530259a76fdb5ecc7109108d4bb4b5c47bf48a4dc3d82cb4395,sha256:a8e94b85976e5864ba3e9525c7e6c83b2a1eca42d4b797a0c7c24d778e40fd95,sha256:39c3f62c162ab0fe10acb5bc2b0c17040b2744ecee5fb9d4dd08a2d12c78dfb2,results/basis_a5_unique_shared/whisper/pos_unique/decoder/cs_dialogue/L30/pos_unique_decoder_L30_oracle_local_rho0.5.json
whisper,cs_dialogue,decoder,31,1.0,pos_unique,oracle_local,0.5,STABLE,0.2686389829501574,0.4731040564373898,0.47707231040564374,,0.9793484835392724,41,48,-7,41,48,,1791,16118.693758964539,2.2412882527967657,8.999829011147146,0.49693956492455893,0.12375621890547264,0.25545060298223726,0.45282186948853614,0.28883740272084596,0.31084656084656087,0.01318837996792016,-0.020198419770688536,sha256:21bf0e918ab7bb5a41e531b7d90c01a90ad27bc244126608994d399b630d8ee5,sha256:0cc65e50364fa26ee31b657e748e26033311fbf3161b6d27991b694e461bcfba,sha256:1629d5d6ba2aa530259a76fdb5ecc7109108d4bb4b5c47bf48a4dc3d82cb4395,sha256:a8e94b85976e5864ba3e9525c7e6c83b2a1eca42d4b797a0c7c24d778e40fd95,sha256:39c3f62c162ab0fe10acb5bc2b0c17040b2744ecee5fb9d4dd08a2d12c78dfb2,results/basis_a5_unique_shared/whisper/pos_unique/decoder/cs_dialogue/L31/pos_unique_decoder_L31_oracle_local_rho0.5.json
whisper,seame_dev_man,decoder,0,0.0,pos_unique,oracle_local,0.5,NOT_TESTED,0.36020942408376966,0.6565656565656566,0.6868686868686869,,0.9984639016897081,3,0,3,3,0,,68,70.48403060436249,0.13342543855203803,1.03652986182886,0.46832030992345913,0.06028368794326241,0.362303664921466,0.6565656565656566,0.6921465968586388,0.6767676767676768,-0.002094240837696326,-0.3319371727748691,sha256:833eb0fb7efa6069e2df050b47c3ba9e75fa00a56ad2662eff6b5927e6c7e8ae,sha256:fdb57340f9413a482f764654ef76dffeed2dd96693fc5bce99b3d49fd5192812,sha256:1629d5d6ba2aa530259a76fdb5ecc7109108d4bb4b5c47bf48a4dc3d82cb4395,sha256:a8e94b85976e5864ba3e9525c7e6c83b2a1eca42d4b797a0c7c24d778e40fd95,sha256:39c3f62c162ab0fe10acb5bc2b0c17040b2744ecee5fb9d4dd08a2d12c78dfb2,results/basis_a5_unique_shared/whisper/pos_unique/decoder/seame_dev_man/L00/pos_unique_decoder_L0_oracle_local_rho0.5.json
whisper,seame_dev_man,decoder,1,0.03225806451612903,pos_unique,oracle_local,0.5,NOT_TESTED,0.35602094240837695,0.6464646464646465,0.6767676767676768,,1.0,4,0,4,4,0,,68,110.98441112041473,0.21784272273943198,1.6321236929472756,0.4500621584899364,0.06007067137809187,0.3633507853403141,0.6868686868686869,0.3612565445026178,0.6666666666666666,-0.007329842931937169,-0.005235602094240843,sha256:c43c33bf523e7ca0ab1111e1eb33d3e3a7e810bc48ac271d4a125b2953d7623e,sha256:fdb57340f9413a482f764654ef76dffeed2dd96693fc5bce99b3d49fd5192812,sha256:1629d5d6ba2aa530259a76fdb5ecc7109108d4bb4b5c47bf48a4dc3d82cb4395,sha256:a8e94b85976e5864ba3e9525c7e6c83b2a1eca42d4b797a0c7c24d778e40fd95,sha256:39c3f62c162ab0fe10acb5bc2b0c17040b2744ecee5fb9d4dd08a2d12c78dfb2,results/basis_a5_unique_shared/whisper/pos_unique/decoder/seame_dev_man/L01/pos_unique_decoder_L1_oracle_local_rho0.5.json
whisper,seame_dev_man,decoder,2,0.06451612903225806,pos_unique,oracle_local,0.5,NOT_TESTED,0.36963350785340315,0.696969696969697,0.7272727272727273,,0.9984639016897081,0,1,-1,0,1,,69,132.9832444190979,0.2568168929192872,1.9272933973782305,0.4582420017577769,0.061061946902654866,0.362303664921466,0.6868686868686869,0.362303664921466,0.6565656565656566,0.007329842931937169,0.007329842931937169,sha256:0a600602f6d28f6ba2540827e76f93f0aea8e39d962f78212b02b9b1faeda30a,sha256:fdb57340f9413a482f764654ef76dffeed2dd96693fc5bce99b3d49fd5192812,sha256:1629d5d6ba2aa530259a76fdb5ecc7109108d4bb4b5c47bf48a4dc3d82cb4395,sha256:a8e94b85976e5864ba3e9525c7e6c83b2a1eca42d4b797a0c7c24d778e40fd95,sha256:39c3f62c162ab0fe10acb5bc2b0c17040b2744ecee5fb9d4dd08a2d12c78dfb2,results/basis_a5_unique_shared/whisper/pos_unique/decoder/seame_dev_man/L02/pos_unique_decoder_L2_oracle_local_rho0.5.json
whisper,seame_dev_man,decoder,3,0.0967741935483871,pos_unique,oracle_local,0.5,NOT_TESTED,0.34973821989528797,0.6060606060606061,0.6767676767676768,,0.989247311827957,9,1,8,9,1,,68,135.41345369815826,0.2764538603072221,1.9913743190905626,0.43080297276699,0.05980650835532102,0.3612565445026178,0.6767676767676768,0.3612565445026178,0.6565656565656566,-0.011518324607329822,-0.011518324607329822,sha256:d86e0b3826aab9b3c695a785bf31f7286c27b0e028ba33ff6cb1d2fc9e04c712,sha256:fdb57340f9413a482f764654ef76dffeed2dd96693fc5bce99b3d49fd5192812,sha256:1629d5d6ba2aa530259a76fdb5ecc7109108d4bb4b5c47bf48a4dc3d82cb4395,sha256:a8e94b85976e5864ba3e9525c7e6c83b2a1eca42d4b797a0c7c24d778e40fd95,sha256:39c3f62c162ab0fe10acb5bc2b0c17040b2744ecee5fb9d4dd08a2d12c78dfb2,results/basis_a5_unique_shared/whisper/pos_unique/decoder/seame_dev_man/L03/pos_unique_decoder_L3_oracle_local_rho0.5.json
whisper,seame_dev_man,decoder,4,0.12903225806451613,pos_unique,oracle_local,0.5,NOT_TESTED,0.3539267015706806,0.6363636363636364,0.6565656565656566,,0.9953917050691244,7,2,5,7,2,,68,144.573716878891,0.2891309715754597,2.126084071748397,0.4432876492754798,0.06028368794326241,0.3612565445026178,0.6767676767676768,0.36020942408376966,0.6565656565656566,-0.007329842931937169,-0.006282722513089034,sha256:3b3484694f07f904d56a2cc39be63bf9edbe4c3dc12803e96694b256bb956d3e,sha256:fdb57340f9413a482f764654ef76dffeed2dd96693fc5bce99b3d49fd5192812,sha256:1629d5d6ba2aa530259a76fdb5ecc7109108d4bb4b5c47bf48a4dc3d82cb4395,sha256:a8e94b85976e5864ba3e9525c7e6c83b2a1eca42d4b797a0c7c24d778e40fd95,sha256:39c3f62c162ab0fe10acb5bc2b0c17040b2744ecee5fb9d4dd08a2d12c78dfb2,results/basis_a5_unique_shared/whisper/pos_unique/decoder/seame_dev_man/L04/pos_unique_decoder_L4_oracle_local_rho0.5.json
whisper,seame_dev_man,decoder,5,0.16129032258064516,pos_unique,oracle_local,0.5,NOT_TESTED,0.3549738219895288,0.6464646464646465,0.6767676767676768,,0.9984639016897081,5,1,4,5,1,,68,149.8697818517685,0.2961227686876106,2.203967380173066,0.44827893546560493,0.06023029229406555,0.35916230366492147,0.6767676767676768,0.35602094240837695,0.6565656565656566,-0.004188481675392652,-0.0010471204188481353,sha256:da395e5fd7594bdd48ad33febdf1067c8e2c78c8b687b1da1da66c6b15c093f9,sha256:fdb57340f9413a482f764654ef76dffeed2dd96693fc5bce99b3d49fd5192812,sha256:1629d5d6ba2aa530259a76fdb5ecc7109108d4bb4b5c47bf48a4dc3d82cb4395,sha256:a8e94b85976e5864ba3e9525c7e6c83b2a1eca42d4b797a0c7c24d778e40fd95,sha256:39c3f62c162ab0fe10acb5bc2b0c17040b2744ecee5fb9d4dd08a2d12c78dfb2,results/basis_a5_unique_shared/whisper/pos_unique/decoder/seame_dev_man/L05/pos_unique_decoder_L5_oracle_local_rho0.5.json
whisper,seame_dev_man,decoder,6,0.1935483870967742,pos_unique,oracle_local,0.5,NOT_TESTED,0.3581151832460733,0.6565656565656566,0.696969696969697,,0.9984639016897081,3,0,3,3,0,,69,133.54297292232513,0.32475345113636117,1.9354054046713787,0.36390566949058345,0.061061946902654866,0.3612565445026178,0.6868686868686869,0.35916230366492147,0.6565656565656566,-0.003141361256544517,-0.0010471204188481908,sha256:702c35af3d5db7d5ad7c67cc087999414ef9ef804377c4ba6fc4d32bb2a60d5c,sha256:fdb57340f9413a482f764654ef76dffeed2dd96693fc5bce99b3d49fd5192812,sha256:1629d5d6ba2aa530259a76fdb5ecc7109108d4bb4b5c47bf48a4dc3d82cb4395,sha256:a8e94b85976e5864ba3e9525c7e6c83b2a1eca42d4b797a0c7c24d778e40fd95,sha256:39c3f62c162ab0fe10acb5bc2b0c17040b2744ecee5fb9d4dd08a2d12c78dfb2,results/basis_a5_unique_shared/whisper/pos_unique/decoder/seame_dev_man/L06/pos_unique_decoder_L6_oracle_local_rho0.5.json
whisper,seame_dev_man,decoder,7,0.22580645161290322,pos_unique,oracle_local,0.5,NOT_TESTED,0.3581151832460733,0.6565656565656566,0.696969696969697,,0.9953917050691244,3,0,3,3,0,,69,146.1590337753296,0.3466698287862592,2.1182468663091245,0.3731050900222142,0.061061946902654866,0.3633507853403141,0.6868686868686869,0.35602094240837695,0.6565656565656566,-0.005235602094240843,0.002094240837696326,sha256:60389684180cb7a39074b8235b3440df57dccca38d61af7676f1604cd5d36a89,sha256:fdb57340f9413a482f764654ef76dffeed2dd96693fc5bce99b3d49fd5192812,sha256:1629d5d6ba2aa530259a76fdb5ecc7109108d4bb4b5c47bf48a4dc3d82cb4395,sha256:a8e94b85976e5864ba3e9525c7e6c83b2a1eca42d4b797a0c7c24d778e40fd95,sha256:39c3f62c162ab0fe10acb5bc2b0c17040b2744ecee5fb9d4dd08a2d12c78dfb2,results/basis_a5_unique_shared/whisper/pos_unique/decoder/seame_dev_man/L07/pos_unique_decoder_L7_oracle_local_rho0.5.json
whisper,seame_dev_man,decoder,8,0.25806451612903225,pos_unique,oracle_local,0.5,NOT_TESTED,0.36020942408376966,0.6868686868686869,0.7171717171717171,,1.0,0,0,0,0,0,,68,152.52822196483612,0.36893170533982,2.243062087718178,0.3658691444753445,0.06017699115044248,0.3612565445026178,0.6868686868686869,0.3581151832460733,0.6565656565656566,-0.0010471204188481353,0.0020942408376963817,sha256:d5dfdb1609460f235886ab5f25f1803a00de15ee4018caba9f575163eb32ef6b,sha256:fdb57340f9413a482f764654ef76dffeed2dd96693fc5bce99b3d49fd5192812,sha256:1629d5d6ba2aa530259a76fdb5ecc7109108d4bb4b5c47bf48a4dc3d82cb4395,sha256:a8e94b85976e5864ba3e9525c7e6c83b2a1eca42d4b797a0c7c24d778e40fd95,sha256:39c3f62c162ab0fe10acb5bc2b0c17040b2744ecee5fb9d4dd08a2d12c78dfb2,results/basis_a5_unique_shared/whisper/pos_unique/decoder/seame_dev_man/L08/pos_unique_decoder_L8_oracle_local_rho0.5.json
whisper,seame_dev_man,decoder,9,0.2903225806451613,pos_unique,oracle_local,0.5,NOT_TESTED,0.35602094240837695,0.6565656565656566,0.6868686868686869,,1.0,3,0,3,3,0,,68,153.7758401632309,0.3728779818104432,2.2614094141651604,0.3649580316944658,0.06017699115044248,0.3633507853403141,0.6868686868686869,0.362303664921466,0.6565656565656566,-0.007329842931937169,-0.006282722513089034,sha256:8277418a8c6ebbd33422ac913dad460fc4d1879ac62bf5e15cca0458e0d1fa8e,sha256:fdb57340f9413a482f764654ef76dffeed2dd96693fc5bce99b3d49fd5192812,sha256:1629d5d6ba2aa530259a76fdb5ecc7109108d4bb4b5c47bf48a4dc3d82cb4395,sha256:a8e94b85976e5864ba3e9525c7e6c83b2a1eca42d4b797a0c7c24d778e40fd95,sha256:39c3f62c162ab0fe10acb5bc2b0c17040b2744ecee5fb9d4dd08a2d12c78dfb2,results/basis_a5_unique_shared/whisper/pos_unique/decoder/seame_dev_man/L09/pos_unique_decoder_L9_oracle_local_rho0.5.json
whisper,seame_dev_man,decoder,10,0.3225806451612903,pos_unique,oracle_local,0.5,NOT_TESTED,0.35916230366492147,0.6565656565656566,0.6868686868686869,,0.9984639016897081,3,0,3,3,0,,69,167.8421356678009,0.3970710005320556,2.4324947198232016,0.37473454209517615,0.061170212765957445,0.362303664921466,0.6868686868686869,0.3633507853403141,0.6565656565656566,-0.003141361256544517,-0.004188481675392652,sha256:2f4e08b53edc37614d6fa2fcf14f1c477ebe67fa4d76f7df11ab26501a1f91fb,sha256:fdb57340f9413a482f764654ef76dffeed2dd96693fc5bce99b3d49fd5192812,sha256:1629d5d6ba2aa530259a76fdb5ecc7109108d4bb4b5c47bf48a4dc3d82cb4395,sha256:a8e94b85976e5864ba3e9525c7e6c83b2a1eca42d4b797a0c7c24d778e40fd95,sha256:39c3f62c162ab0fe10acb5bc2b0c17040b2744ecee5fb9d4dd08a2d12c78dfb2,results/basis_a5_unique_shared/whisper/pos_unique/decoder/seame_dev_man/L10/pos_unique_decoder_L10_oracle_local_rho0.5.json
whisper,seame_dev_man,decoder,11,0.3548387096774194,pos_unique,oracle_local,0.5,NOT_TESTED,0.3612565445026178,0.6565656565656566,0.696969696969697,,0.9984639016897081,3,0,3,3,0,,69,168.48413252830505,0.3990542367034723,2.4417990221493486,0.373966877613435,0.06111603188662533,0.362303664921466,0.6868686868686869,0.3612565445026178,0.6565656565656566,-0.0010471204188481908,0.0,sha256:3ec5dc2f1f05605272273b77758321eec235f5280cef62e3136bccd2ca4b8606,sha256:fdb57340f9413a482f764654ef76dffeed2dd96693fc5bce99b3d49fd5192812,sha256:1629d5d6ba2aa530259a76fdb5ecc7109108d4bb4b5c47bf48a4dc3d82cb4395,sha256:a8e94b85976e5864ba3e9525c7e6c83b2a1eca42d4b797a0c7c24d778e40fd95,sha256:39c3f62c162ab0fe10acb5bc2b0c17040b2744ecee5fb9d4dd08a2d12c78dfb2,results/basis_a5_unique_shared/whisper/pos_unique/decoder/seame_dev_man/L11/pos_unique_decoder_L11_oracle_local_rho0.5.json
whisper,seame_dev_man,decoder,12,0.3870967741935484,pos_unique,oracle_local,0.5,NOT_TESTED,0.35602094240837695,0.6565656565656566,0.6868686868686869,,1.0,3,0,3,3,0,,69,179.91903042793274,0.41237767537434894,2.6075221801149673,0.38678787935062714,0.061170212765957445,0.362303664921466,0.6868686868686869,0.3581151832460733,0.6565656565656566,-0.006282722513089034,-0.002094240837696326,sha256:4fedb51c9552558628c3a53e999402c32fd8aa8890844443bde2c3fc78bc4525,sha256:fdb57340f9413a482f764654ef76dffeed2dd96693fc5bce99b3d49fd5192812,sha256:1629d5d6ba2aa530259a76fdb5ecc7109108d4bb4b5c47bf48a4dc3d82cb4395,sha256:a8e94b85976e5864ba3e9525c7e6c83b2a1eca42d4b797a0c7c24d778e40fd95,sha256:39c3f62c162ab0fe10acb5bc2b0c17040b2744ecee5fb9d4dd08a2d12c78dfb2,results/basis_a5_unique_shared/whisper/pos_unique/decoder/seame_dev_man/L12/pos_unique_decoder_L12_oracle_local_rho0.5.json
whisper,seame_dev_man,decoder,13,0.41935483870967744,pos_unique,oracle_local,0.5,NOT_TESTED,0.3581151832460733,0.6565656565656566,0.6868686868686869,,1.0,3,0,3,3,0,,69,190.8318316936493,0.4316429039265247,2.765678720197816,0.391937766653472,0.061170212765957445,0.362303664921466,0.6868686868686869,0.36020942408376966,0.6565656565656566,-0.004188481675392708,-0.0020942408376963817,sha256:5bc31ac44256be6a6925a9a9caf831bcc75d3b0e0928d7d8864ed15ca2cb09c2,sha256:fdb57340f9413a482f764654ef76dffeed2dd96693fc5bce99b3d49fd5192812,sha256:1629d5d6ba2aa530259a76fdb5ecc7109108d4bb4b5c47bf48a4dc3d82cb4395,sha256:a8e94b85976e5864ba3e9525c7e6c83b2a1eca42d4b797a0c7c24d778e40fd95,sha256:39c3f62c162ab0fe10acb5bc2b0c17040b2744ecee5fb9d4dd08a2d12c78dfb2,results/basis_a5_unique_shared/whisper/pos_unique/decoder/seame_dev_man/L13/pos_unique_decoder_L13_oracle_local_rho0.5.json
whisper,seame_dev_man,decoder,14,0.45161290322580644,pos_unique,oracle_local,0.5,NOT_TESTED,0.35602094240837695,0.6464646464646465,0.6666666666666666,,1.0,4,0,4,4,0,,69,194.78952598571777,0.4383983760278136,2.8230366084886636,0.3946010836077005,0.06127886323268206,0.3612565445026178,0.6868686868686869,0.35706806282722514,0.6565656565656566,-0.005235602094240843,-0.0010471204188481908,sha256:65ba2b12700b6289216e992d53b48699292accbe407f36d5f87500281e6a0dae,sha256:fdb57340f9413a482f764654ef76dffeed2dd96693fc5bce99b3d49fd5192812,sha256:1629d5d6ba2aa530259a76fdb5ecc7109108d4bb4b5c47bf48a4dc3d82cb4395,sha256:a8e94b85976e5864ba3e9525c7e6c83b2a1eca42d4b797a0c7c24d778e40fd95,sha256:39c3f62c162ab0fe10acb5bc2b0c17040b2744ecee5fb9d4dd08a2d12c78dfb2,results/basis_a5_unique_shared/whisper/pos_unique/decoder/seame_dev_man/L14/pos_unique_decoder_L14_oracle_local_rho0.5.json
whisper,seame_dev_man,decoder,15,0.4838709677419355,pos_unique,oracle_local,0.5,NOT_TESTED,0.3518324607329843,0.6363636363636364,0.6565656565656566,,1.0,5,0,5,5,0,,69,190.4967818260193,0.4314655303110371,2.7608229250147724,0.39106378161169375,0.06111603188662533,0.36020942408376966,0.6868686868686869,0.35602094240837695,0.6565656565656566,-0.00837696335078536,-0.004188481675392652,sha256:4bbeb6078780ad457449fd612b967d2dfe3a9431d33e46d613fb9e255c67c008,sha256:fdb57340f9413a482f764654ef76dffeed2dd96693fc5bce99b3d49fd5192812,sha256:1629d5d6ba2aa530259a76fdb5ecc7109108d4bb4b5c47bf48a4dc3d82cb4395,sha256:a8e94b85976e5864ba3e9525c7e6c83b2a1eca42d4b797a0c7c24d778e40fd95,sha256:39c3f62c162ab0fe10acb5bc2b0c17040b2744ecee5fb9d4dd08a2d12c78dfb2,results/basis_a5_unique_shared/whisper/pos_unique/decoder/seame_dev_man/L15/pos_unique_decoder_L15_oracle_local_rho0.5.json
whisper,seame_dev_man,decoder,16,0.5161290322580645,pos_unique,oracle_local,0.5,NOT_TESTED,0.3507853403141361,0.6363636363636364,0.6464646464646465,,0.9938556067588326,5,0,5,5,0,,69,198.67672872543335,0.456588421730285,2.879372880078744,0.3857562814218463,0.061170212765957445,0.35916230366492147,0.6464646464646465,0.35706806282722514,0.6565656565656566,-0.00837696335078536,-0.006282722513089034,sha256:f82f7790b6df3ee2a9b8cacda1a98c91a35cdb7e894008e58dde15314f9f7bff,sha256:fdb57340f9413a482f764654ef76dffeed2dd96693fc5bce99b3d49fd5192812,sha256:1629d5d6ba2aa530259a76fdb5ecc7109108d4bb4b5c47bf48a4dc3d82cb4395,sha256:a8e94b85976e5864ba3e9525c7e6c83b2a1eca42d4b797a0c7c24d778e40fd95,sha256:39c3f62c162ab0fe10acb5bc2b0c17040b2744ecee5fb9d4dd08a2d12c78dfb2,results/basis_a5_unique_shared/whisper/pos_unique/decoder/seame_dev_man/L16/pos_unique_decoder_L16_oracle_local_rho0.5.json
whisper,seame_dev_man,decoder,17,0.5483870967741935,pos_unique,oracle_local,0.5,NOT_TESTED,0.34973821989528797,0.6363636363636364,0.6464646464646465,,0.9938556067588326,5,0,5,5,0,,69,197.4252805709839,0.46101554375607107,2.8612359503041143,0.37930909259421725,0.06111603188662533,0.35602094240837695,0.696969696969697,0.3581151832460733,0.6666666666666666,-0.0062827225130889786,-0.008376963350785305,sha256:b50e95836fad66d26b8e8579930a819baa9524c96ef7999dd251def26b0fd05c,sha256:fdb57340f9413a482f764654ef76dffeed2dd96693fc5bce99b3d49fd5192812,sha256:1629d5d6ba2aa530259a76fdb5ecc7109108d4bb4b5c47bf48a4dc3d82cb4395,sha256:a8e94b85976e5864ba3e9525c7e6c83b2a1eca42d4b797a0c7c24d778e40fd95,sha256:39c3f62c162ab0fe10acb5bc2b0c17040b2744ecee5fb9d4dd08a2d12c78dfb2,results/basis_a5_unique_shared/whisper/pos_unique/decoder/seame_dev_man/L17/pos_unique_decoder_L17_oracle_local_rho0.5.json
whisper,seame_dev_man,decoder,18,0.5806451612903226,pos_unique,oracle_local,0.5,NOT_TESTED,0.3539267015706806,0.6464646464646465,0.6767676767676768,,0.9953917050691244,4,0,4,4,0,,69,199.25392603874207,0.46052079542851004,2.8877380585324937,0.3832337063112946,0.06111603188662533,0.36020942408376966,0.6767676767676768,0.35706806282722514,0.696969696969697,-0.006282722513089034,-0.003141361256544517,sha256:e77c03013db9e87d39cdbab023ebae7b39f0c5a4166c3e38a42125cf93378479,sha256:fdb57340f9413a482f764654ef76dffeed2dd96693fc5bce99b3d49fd5192812,sha256:1629d5d6ba2aa530259a76fdb5ecc7109108d4bb4b5c47bf48a4dc3d82cb4395,sha256:a8e94b85976e5864ba3e9525c7e6c83b2a1eca42d4b797a0c7c24d778e40fd95,sha256:39c3f62c162ab0fe10acb5bc2b0c17040b2744ecee5fb9d4dd08a2d12c78dfb2,results/basis_a5_unique_shared/whisper/pos_unique/decoder/seame_dev_man/L18/pos_unique_decoder_L18_oracle_local_rho0.5.json
whisper,seame_dev_man,decoder,19,0.6129032258064516,pos_unique,oracle_local,0.5,NOT_TESTED,0.3549738219895288,0.6363636363636364,0.6666666666666666,,0.9938556067588326,5,0,5,5,0,,69,198.0005805492401,0.47617424240584505,2.8695736311484072,0.3676528688720497,0.0610079575596817,0.35706806282722514,0.6767676767676768,0.3612565445026178,0.6868686868686869,-0.002094240837696326,-0.0062827225130889786,sha256:0b5b5c22490dc7ceb0dc93711d9a003a7d9d5e67774e412c333c50bfebd3a03f,sha256:fdb57340f9413a482f764654ef76dffeed2dd96693fc5bce99b3d49fd5192812,sha256:1629d5d6ba2aa530259a76fdb5ecc7109108d4bb4b5c47bf48a4dc3d82cb4395,sha256:a8e94b85976e5864ba3e9525c7e6c83b2a1eca42d4b797a0c7c24d778e40fd95,sha256:39c3f62c162ab0fe10acb5bc2b0c17040b2744ecee5fb9d4dd08a2d12c78dfb2,results/basis_a5_unique_shared/whisper/pos_unique/decoder/seame_dev_man/L19/pos_unique_decoder_L19_oracle_local_rho0.5.json
whisper,seame_dev_man,decoder,20,0.6451612903225806,pos_unique,oracle_local,0.5,NOT_TESTED,0.3549738219895288,0.6464646464646465,0.6767676767676768,,0.9953917050691244,4,0,4,4,0,,69,196.7869429588318,0.4793879245889598,2.8519846805627793,0.36294981877531307,0.0610079575596817,0.3643979057591623,0.696969696969697,0.3612565445026178,0.6868686868686869,-0.009424083769633496,-0.0062827225130889786,sha256:12be148bf1d2a4eaa20903ed65b1b709f9d93bd84b60849e85a17e1ab23d8675,sha256:fdb57340f9413a482f764654ef76dffeed2dd96693fc5bce99b3d49fd5192812,sha256:1629d5d6ba2aa530259a76fdb5ecc7109108d4bb4b5c47bf48a4dc3d82cb4395,sha256:a8e94b85976e5864ba3e9525c7e6c83b2a1eca42d4b797a0c7c24d778e40fd95,sha256:39c3f62c162ab0fe10acb5bc2b0c17040b2744ecee5fb9d4dd08a2d12c78dfb2,results/basis_a5_unique_shared/whisper/pos_unique/decoder/seame_dev_man/L20/pos_unique_decoder_L20_oracle_local_rho0.5.json
whisper,seame_dev_man,decoder,21,0.6774193548387096,pos_unique,oracle_local,0.5,NOT_TESTED,0.3539267015706806,0.6464646464646465,0.6767676767676768,,0.9953917050691244,4,0,4,4,0,,69,201.94862914085388,0.49514444992605566,2.926791726679042,0.3609362904830992,0.061061946902654866,0.3549738219895288,0.6565656565656566,0.35916230366492147,0.6666666666666666,-0.0010471204188481908,-0.005235602094240843,sha256:e250150e109756047b3d7f2cc48369321d653925e40d55fc30a68161f98ec036,sha256:fdb57340f9413a482f764654ef76dffeed2dd96693fc5bce99b3d49fd5192812,sha256:1629d5d6ba2aa530259a76fdb5ecc7109108d4bb4b5c47bf48a4dc3d82cb4395,sha256:a8e94b85976e5864ba3e9525c7e6c83b2a1eca42d4b797a0c7c24d778e40fd95,sha256:39c3f62c162ab0fe10acb5bc2b0c17040b2744ecee5fb9d4dd08a2d12c78dfb2,results/basis_a5_unique_shared/whisper/pos_unique/decoder/seame_dev_man/L21/pos_unique_decoder_L21_oracle_local_rho0.5.json
whisper,seame_dev_man,decoder,22,0.7096774193548387,pos_unique,oracle_local,0.5,NOT_TESTED,0.3539267015706806,0.6464646464646465,0.6767676767676768,,0.9953917050691244,4,0,4,4,0,,69,203.8042733669281,0.5108384676376626,2.9536851212598276,0.3533749423545906,0.06111603188662533,0.362303664921466,0.6666666666666666,0.3643979057591623,0.696969696969697,-0.00837696335078536,-0.010471204188481686,sha256:b4f6df649b4fedccdf195da582a6066d4f848d6c45cc39d759b6c52229b1d687,sha256:fdb57340f9413a482f764654ef76dffeed2dd96693fc5bce99b3d49fd5192812,sha256:1629d5d6ba2aa530259a76fdb5ecc7109108d4bb4b5c47bf48a4dc3d82cb4395,sha256:a8e94b85976e5864ba3e9525c7e6c83b2a1eca42d4b797a0c7c24d778e40fd95,sha256:39c3f62c162ab0fe10acb5bc2b0c17040b2744ecee5fb9d4dd08a2d12c78dfb2,results/basis_a5_unique_shared/whisper/pos_unique/decoder/seame_dev_man/L22/pos_unique_decoder_L22_oracle_local_rho0.5.json
whisper,seame_dev_man,decoder,23,0.7419354838709677,pos_unique,oracle_local,0.5,NOT_TESTED,0.3507853403141361,0.6464646464646465,0.6868686868686869,,0.9984639016897081,4,0,4,4,0,,69,202.60493969917297,0.5210556522765409,2.9363034739010576,0.34501819774937076,0.061224489795918366,0.362303664921466,0.6868686868686869,0.36020942408376966,0.6666666666666666,-0.011518324607329877,-0.009424083769633551,sha256:800512e313b0919278e77da267866125517d357c6be801ab6ad21b44bfedbce2,sha256:fdb57340f9413a482f764654ef76dffeed2dd96693fc5bce99b3d49fd5192812,sha256:1629d5d6ba2aa530259a76fdb5ecc7109108d4bb4b5c47bf48a4dc3d82cb4395,sha256:a8e94b85976e5864ba3e9525c7e6c83b2a1eca42d4b797a0c7c24d778e40fd95,sha256:39c3f62c162ab0fe10acb5bc2b0c17040b2744ecee5fb9d4dd08a2d12c78dfb2,results/basis_a5_unique_shared/whisper/pos_unique/decoder/seame_dev_man/L23/pos_unique_decoder_L23_oracle_local_rho0.5.json
whisper,seame_dev_man,decoder,24,0.7741935483870968,pos_unique,oracle_local,0.5,STABLE,0.3507853403141361,0.6464646464646465,0.6868686868686869,,0.9984639016897081,4,0,4,4,0,,69,206.7327425479889,0.5436524892529697,2.996126703594042,0.3371155500169783,0.061170212765957445,0.3518324607329843,0.6767676767676768,0.3633507853403141,0.6767676767676768,-0.0010471204188481908,-0.012565445026178013,sha256:b40b29af2de4a0e7a1e762cfabd395c0fb63ba82bda6bed966567efc1de0df92,sha256:fdb57340f9413a482f764654ef76dffeed2dd96693fc5bce99b3d49fd5192812,sha256:1629d5d6ba2aa530259a76fdb5ecc7109108d4bb4b5c47bf48a4dc3d82cb4395,sha256:a8e94b85976e5864ba3e9525c7e6c83b2a1eca42d4b797a0c7c24d778e40fd95,sha256:39c3f62c162ab0fe10acb5bc2b0c17040b2744ecee5fb9d4dd08a2d12c78dfb2,results/basis_a5_unique_shared/whisper/pos_unique/decoder/seame_dev_man/L24/pos_unique_decoder_L24_oracle_local_rho0.5.json
whisper,seame_dev_man,decoder,25,0.8064516129032258,pos_unique,oracle_local,0.5,NOT_TESTED,0.34973821989528797,0.6868686868686869,0.7272727272727273,,0.9923195084485407,1,1,0,1,1,,69,215.1975314617157,0.5924451649188995,3.118804803792981,0.32431803729399994,0.06160714285714286,0.3507853403141361,0.6363636363636364,0.37277486910994767,0.7373737373737373,-0.0010471204188481353,-0.0230366492146597,sha256:7bfd191c7bb92d40ceb4ba2eb7302cbad1bf511e27fd22b271729b0e5f60dbca,sha256:fdb57340f9413a482f764654ef76dffeed2dd96693fc5bce99b3d49fd5192812,sha256:1629d5d6ba2aa530259a76fdb5ecc7109108d4bb4b5c47bf48a4dc3d82cb4395,sha256:a8e94b85976e5864ba3e9525c7e6c83b2a1eca42d4b797a0c7c24d778e40fd95,sha256:39c3f62c162ab0fe10acb5bc2b0c17040b2744ecee5fb9d4dd08a2d12c78dfb2,results/basis_a5_unique_shared/whisper/pos_unique/decoder/seame_dev_man/L25/pos_unique_decoder_L25_oracle_local_rho0.5.json
whisper,seame_dev_man,decoder,26,0.8387096774193549,pos_unique,oracle_local,0.5,STABLE,0.3581151832460733,0.696969696969697,0.7373737373737373,,0.9953917050691244,0,1,-1,0,1,,69,227.71038675308228,0.6498674986097548,3.300150532653366,0.31146231055163626,0.06133333333333333,0.35706806282722514,0.6565656565656566,0.36649214659685864,0.7070707070707071,0.0010471204188481353,-0.00837696335078536,sha256:961df4948801e77c5f1b9a2a37f1b0346727a60fd8bc72aa9db06f6266303523,sha256:fdb57340f9413a482f764654ef76dffeed2dd96693fc5bce99b3d49fd5192812,sha256:1629d5d6ba2aa530259a76fdb5ecc7109108d4bb4b5c47bf48a4dc3d82cb4395,sha256:a8e94b85976e5864ba3e9525c7e6c83b2a1eca42d4b797a0c7c24d778e40fd95,sha256:39c3f62c162ab0fe10acb5bc2b0c17040b2744ecee5fb9d4dd08a2d12c78dfb2,results/basis_a5_unique_shared/whisper/pos_unique/decoder/seame_dev_man/L26/pos_unique_decoder_L26_oracle_local_rho0.5.json
whisper,seame_dev_man,decoder,27,0.8709677419354839,pos_unique,oracle_local,0.5,STABLE,0.3612565445026178,0.696969696969697,0.7373737373737373,,0.9953917050691244,0,1,-1,0,1,,68,254.31035232543945,0.7362304072008066,3.739858122432933,0.30622538515083386,0.06028368794326241,0.3507853403141361,0.6161616161616161,0.36858638743455496,0.7171717171717171,0.010471204188481686,-0.007329842931937169,sha256:43acaa898ffe9e60702baa6390ee1ce7bd556ff8e80d283ef814ebc39d9deb48,sha256:fdb57340f9413a482f764654ef76dffeed2dd96693fc5bce99b3d49fd5192812,sha256:1629d5d6ba2aa530259a76fdb5ecc7109108d4bb4b5c47bf48a4dc3d82cb4395,sha256:a8e94b85976e5864ba3e9525c7e6c83b2a1eca42d4b797a0c7c24d778e40fd95,sha256:39c3f62c162ab0fe10acb5bc2b0c17040b2744ecee5fb9d4dd08a2d12c78dfb2,results/basis_a5_unique_shared/whisper/pos_unique/decoder/seame_dev_man/L27/pos_unique_decoder_L27_oracle_local_rho0.5.json
whisper,seame_dev_man,decoder,28,0.9032258064516129,pos_unique,oracle_local,0.5,NOT_TESTED,0.3581151832460733,0.6666666666666666,0.6868686868686869,,0.9953917050691244,3,1,2,3,1,,68,291.31607031822205,0.8511594845177225,4.284059857620912,0.30395907174272696,0.06039076376554174,0.3549738219895288,0.6464646464646465,0.35706806282722514,0.6363636363636364,0.0031413612565444615,0.0010471204188481353,sha256:8648ba65421dad13f71ba84263221f9542245e176aaf327400573b67b7702677,sha256:fdb57340f9413a482f764654ef76dffeed2dd96693fc5bce99b3d49fd5192812,sha256:1629d5d6ba2aa530259a76fdb5ecc7109108d4bb4b5c47bf48a4dc3d82cb4395,sha256:a8e94b85976e5864ba3e9525c7e6c83b2a1eca42d4b797a0c7c24d778e40fd95,sha256:39c3f62c162ab0fe10acb5bc2b0c17040b2744ecee5fb9d4dd08a2d12c78dfb2,results/basis_a5_unique_shared/whisper/pos_unique/decoder/seame_dev_man/L28/pos_unique_decoder_L28_oracle_local_rho0.5.json
whisper,seame_dev_man,decoder,29,0.9354838709677419,pos_unique,oracle_local,0.5,NOT_TESTED,0.36020942408376966,0.7171717171717171,0.7474747474747475,,0.9953917050691244,0,3,-3,0,3,,68,306.44141125679016,0.9290985891403253,4.50649134201162,0.29344001886398047,0.060498220640569395,0.3633507853403141,0.6767676767676768,0.35287958115183243,0.6060606060606061,-0.0031413612565444615,0.007329842931937225,sha256:25525f4f46e388ba3311f2e14bab1f9878f7c05bb804e175ed6cbee1d305d450,sha256:fdb57340f9413a482f764654ef76dffeed2dd96693fc5bce99b3d49fd5192812,sha256:1629d5d6ba2aa530259a76fdb5ecc7109108d4bb4b5c47bf48a4dc3d82cb4395,sha256:a8e94b85976e5864ba3e9525c7e6c83b2a1eca42d4b797a0c7c24d778e40fd95,sha256:39c3f62c162ab0fe10acb5bc2b0c17040b2744ecee5fb9d4dd08a2d12c78dfb2,results/basis_a5_unique_shared/whisper/pos_unique/decoder/seame_dev_man/L29/pos_unique_decoder_L29_oracle_local_rho0.5.json
whisper,seame_dev_man,decoder,30,0.967741935483871,pos_unique,oracle_local,0.5,NOT_TESTED,0.36649214659685864,0.696969696969697,0.7171717171717171,,0.9969278033794163,0,1,-1,0,1,,68,310.28523778915405,0.9826450491500598,4.563018202781677,0.27968585435239135,0.06023029229406555,0.3633507853403141,0.6767676767676768,0.3947643979057592,0.6262626262626263,0.003141361256544517,-0.028272251308900542,sha256:1cd2a9e4946a77e4fba70d8a76f6fc08d22743a201aaa6cd2036145608bfac55,sha256:fdb57340f9413a482f764654ef76dffeed2dd96693fc5bce99b3d49fd5192812,sha256:1629d5d6ba2aa530259a76fdb5ecc7109108d4bb4b5c47bf48a4dc3d82cb4395,sha256:a8e94b85976e5864ba3e9525c7e6c83b2a1eca42d4b797a0c7c24d778e40fd95,sha256:39c3f62c162ab0fe10acb5bc2b0c17040b2744ecee5fb9d4dd08a2d12c78dfb2,results/basis_a5_unique_shared/whisper/pos_unique/decoder/seame_dev_man/L30/pos_unique_decoder_L30_oracle_local_rho0.5.json
whisper,seame_dev_man,decoder,31,1.0,pos_unique,oracle_local,0.5,STABLE,0.3633507853403141,0.6767676767676768,0.6868686868686869,,0.9969278033794163,1,0,1,1,0,,68,614.987398147583,1.0649381952082857,9.04393232569975,0.5119560896168571,0.06028368794326241,0.36963350785340315,0.6868686868686869,0.562303664921466,0.6565656565656566,-0.006282722513089034,-0.19895287958115188,sha256:21bf0e918ab7bb5a41e531b7d90c01a90ad27bc244126608994d399b630d8ee5,sha256:fdb57340f9413a482f764654ef76dffeed2dd96693fc5bce99b3d49fd5192812,sha256:1629d5d6ba2aa530259a76fdb5ecc7109108d4bb4b5c47bf48a4dc3d82cb4395,sha256:a8e94b85976e5864ba3e9525c7e6c83b2a1eca42d4b797a0c7c24d778e40fd95,sha256:39c3f62c162ab0fe10acb5bc2b0c17040b2744ecee5fb9d4dd08a2d12c78dfb2,results/basis_a5_unique_shared/whisper/pos_unique/decoder/seame_dev_man/L31/pos_unique_decoder_L31_oracle_local_rho0.5.json
whisper,seame_dev_sge,decoder,0,0.0,pos_unique,oracle_local,0.5,NOT_TESTED,0.30724971231300346,0.8295454545454546,0.8295454545454546,,0.9933333333333333,0,0,0,0,0,,38,39.37731319665909,0.09333494636020598,1.0362450841226076,0.46310921286730405,0.04171240395170143,0.30264672036823936,0.8295454545454546,0.30724971231300346,0.8295454545454546,0.004602991944764101,0.0,sha256:833eb0fb7efa6069e2df050b47c3ba9e75fa00a56ad2662eff6b5927e6c7e8ae,sha256:bed15a781440fa9ea44eda75cec518ec511a65c1dbb453bf7017e40d6b98c6f0,sha256:1629d5d6ba2aa530259a76fdb5ecc7109108d4bb4b5c47bf48a4dc3d82cb4395,sha256:a8e94b85976e5864ba3e9525c7e6c83b2a1eca42d4b797a0c7c24d778e40fd95,sha256:39c3f62c162ab0fe10acb5bc2b0c17040b2744ecee5fb9d4dd08a2d12c78dfb2,results/basis_a5_unique_shared/whisper/pos_unique/decoder/seame_dev_sge/L00/pos_unique_decoder_L0_oracle_local_rho0.5.json
whisper,seame_dev_sge,decoder,1,0.03225806451612903,pos_unique,oracle_local,0.5,NOT_TESTED,0.3037974683544304,0.8295454545454546,0.8295454545454546,,0.9983333333333333,0,0,0,0,0,,38,62.27163088321686,0.15469265951399216,1.6387271285057068,0.4413932583200243,0.041666666666666664,0.3037974683544304,0.8295454545454546,0.3095512082853855,0.8409090909090909,0.0,-0.005753739930955126,sha256:c43c33bf523e7ca0ab1111e1eb33d3e3a7e810bc48ac271d4a125b2953d7623e,sha256:bed15a781440fa9ea44eda75cec518ec511a65c1dbb453bf7017e40d6b98c6f0,sha256:1629d5d6ba2aa530259a76fdb5ecc7109108d4bb4b5c47bf48a4dc3d82cb4395,sha256:a8e94b85976e5864ba3e9525c7e6c83b2a1eca42d4b797a0c7c24d778e40fd95,sha256:39c3f62c162ab0fe10acb5bc2b0c17040b2744ecee5fb9d4dd08a2d12c78dfb2,results/basis_a5_unique_shared/whisper/pos_unique/decoder/seame_dev_sge/L01/pos_unique_decoder_L1_oracle_local_rho0.5.json
whisper,seame_dev_sge,decoder,2,0.06451612903225806,pos_unique,oracle_local,0.5,NOT_TESTED,0.30609896432681244,0.8295454545454546,0.8295454545454546,,0.9933333333333333,0,0,0,0,0,,38,73.91241192817688,0.18244212111755304,1.9450634717941284,0.44568537024973987,0.041804180418041806,0.3037974683544304,0.8295454545454546,0.3084004602991945,0.8409090909090909,0.0023014959723820505,-0.0023014959723820505,sha256:0a600602f6d28f6ba2540827e76f93f0aea8e39d962f78212b02b9b1faeda30a,sha256:bed15a781440fa9ea44eda75cec518ec511a65c1dbb453bf7017e40d6b98c6f0,sha256:1629d5d6ba2aa530259a76fdb5ecc7109108d4bb4b5c47bf48a4dc3d82cb4395,sha256:a8e94b85976e5864ba3e9525c7e6c83b2a1eca42d4b797a0c7c24d778e40fd95,sha256:39c3f62c162ab0fe10acb5bc2b0c17040b2744ecee5fb9d4dd08a2d12c78dfb2,results/basis_a5_unique_shared/whisper/pos_unique/decoder/seame_dev_sge/L02/pos_unique_decoder_L2_oracle_local_rho0.5.json
whisper,seame_dev_sge,decoder,3,0.0967741935483871,pos_unique,oracle_local,0.5,NOT_TESTED,0.3049482163406214,0.8295454545454546,0.8295454545454546,,0.9966666666666667,0,0,0,0,0,,38,76.51930630207062,0.20041102818678552,2.0136659553176477,0.4191129026777621,0.04171240395170143,0.30609896432681244,0.8295454545454546,0.3049482163406214,0.8409090909090909,-0.0011507479861910253,0.0,sha256:d86e0b3826aab9b3c695a785bf31f7286c27b0e028ba33ff6cb1d2fc9e04c712,sha256:bed15a781440fa9ea44eda75cec518ec511a65c1dbb453bf7017e40d6b98c6f0,sha256:1629d5d6ba2aa530259a76fdb5ecc7109108d4bb4b5c47bf48a4dc3d82cb4395,sha256:a8e94b85976e5864ba3e9525c7e6c83b2a1eca42d4b797a0c7c24d778e40fd95,sha256:39c3f62c162ab0fe10acb5bc2b0c17040b2744ecee5fb9d4dd08a2d12c78dfb2,results/basis_a5_unique_shared/whisper/pos_unique/decoder/seame_dev_sge/L03/pos_unique_decoder_L3_oracle_local_rho0.5.json
whisper,seame_dev_sge,decoder,4,0.12903225806451613,pos_unique,oracle_local,0.5,NOT_TESTED,0.30149597238204834,0.8295454545454546,0.8295454545454546,,1.0,0,0,0,0,0,,38,81.53144550323486,0.20765024116089,2.1455643553482857,0.4309970775584914,0.04171240395170143,0.30724971231300346,0.8295454545454546,0.3049482163406214,0.8409090909090909,-0.005753739930955126,-0.0034522439585730758,sha256:3b3484694f07f904d56a2cc39be63bf9edbe4c3dc12803e96694b256bb956d3e,sha256:bed15a781440fa9ea44eda75cec518ec511a65c1dbb453bf7017e40d6b98c6f0,sha256:1629d5d6ba2aa530259a76fdb5ecc7109108d4bb4b5c47bf48a4dc3d82cb4395,sha256:a8e94b85976e5864ba3e9525c7e6c83b2a1eca42d4b797a0c7c24d778e40fd95,sha256:39c3f62c162ab0fe10acb5bc2b0c17040b2744ecee5fb9d4dd08a2d12c78dfb2,results/basis_a5_unique_shared/whisper/pos_unique/decoder/seame_dev_sge/L04/pos_unique_decoder_L4_oracle_local_rho0.5.json
whisper,seame_dev_sge,decoder,5,0.16129032258064516,pos_unique,oracle_local,0.5,NOT_TESTED,0.30724971231300346,0.8295454545454546,0.8295454545454546,,0.995,0,0,0,0,0,,38,83.99114799499512,0.21542617297907757,2.2102933682893453,0.42938730718041607,0.04185022026431718,0.30724971231300346,0.8295454545454546,0.3037974683544304,0.8409090909090909,0.0,0.0034522439585730758,sha256:da395e5fd7594bdd48ad33febdf1067c8e2c78c8b687b1da1da66c6b15c093f9,sha256:bed15a781440fa9ea44eda75cec518ec511a65c1dbb453bf7017e40d6b98c6f0,sha256:1629d5d6ba2aa530259a76fdb5ecc7109108d4bb4b5c47bf48a4dc3d82cb4395,sha256:a8e94b85976e5864ba3e9525c7e6c83b2a1eca42d4b797a0c7c24d778e40fd95,sha256:39c3f62c162ab0fe10acb5bc2b0c17040b2744ecee5fb9d4dd08a2d12c78dfb2,results/basis_a5_unique_shared/whisper/pos_unique/decoder/seame_dev_sge/L05/pos_unique_decoder_L5_oracle_local_rho0.5.json
whisper,seame_dev_sge,decoder,6,0.1935483870967742,pos_unique,oracle_local,0.5,NOT_TESTED,0.30264672036823936,0.8295454545454546,0.8295454545454546,,0.9983333333333333,0,0,0,0,0,,38,76.2090984582901,0.23217106702953216,2.0055025910076343,0.3603133468463297,0.04171240395170143,0.30264672036823936,0.8295454545454546,0.3084004602991945,0.8409090909090909,0.0,-0.005753739930955126,sha256:702c35af3d5db7d5ad7c67cc087999414ef9ef804377c4ba6fc4d32bb2a60d5c,sha256:bed15a781440fa9ea44eda75cec518ec511a65c1dbb453bf7017e40d6b98c6f0,sha256:1629d5d6ba2aa530259a76fdb5ecc7109108d4bb4b5c47bf48a4dc3d82cb4395,sha256:a8e94b85976e5864ba3e9525c7e6c83b2a1eca42d4b797a0c7c24d778e40fd95,sha256:39c3f62c162ab0fe10acb5bc2b0c17040b2744ecee5fb9d4dd08a2d12c78dfb2,results/basis_a5_unique_shared/whisper/pos_unique/decoder/seame_dev_sge/L06/pos_unique_decoder_L6_oracle_local_rho0.5.json
whisper,seame_dev_sge,decoder,7,0.22580645161290322,pos_unique,oracle_local,0.5,NOT_TESTED,0.3037974683544304,0.8295454545454546,0.8295454545454546,,0.9966666666666667,0,0,0,0,0,,38,82.35207676887512,0.24726694914010855,2.167159914970398,0.365988208180732,0.041758241758241756,0.30149597238204834,0.8295454545454546,0.3037974683544304,0.8409090909090909,0.0023014959723820505,0.0,sha256:60389684180cb7a39074b8235b3440df57dccca38d61af7676f1604cd5d36a89,sha256:bed15a781440fa9ea44eda75cec518ec511a65c1dbb453bf7017e40d6b98c6f0,sha256:1629d5d6ba2aa530259a76fdb5ecc7109108d4bb4b5c47bf48a4dc3d82cb4395,sha256:a8e94b85976e5864ba3e9525c7e6c83b2a1eca42d4b797a0c7c24d778e40fd95,sha256:39c3f62c162ab0fe10acb5bc2b0c17040b2744ecee5fb9d4dd08a2d12c78dfb2,results/basis_a5_unique_shared/whisper/pos_unique/decoder/seame_dev_sge/L07/pos_unique_decoder_L7_oracle_local_rho0.5.json
whisper,seame_dev_sge,decoder,8,0.25806451612903225,pos_unique,oracle_local,0.5,NOT_TESTED,0.30264672036823936,0.8295454545454546,0.8295454545454546,,0.9983333333333333,0,0,0,0,0,,38,86.45526373386383,0.2644398377673461,2.2751385193122062,0.35966706809524635,0.041804180418041806,0.30264672036823936,0.8295454545454546,0.3049482163406214,0.8409090909090909,0.0,-0.0023014959723820505,sha256:d5dfdb1609460f235886ab5f25f1803a00de15ee4018caba9f575163eb32ef6b,sha256:bed15a781440fa9ea44eda75cec518ec511a65c1dbb453bf7017e40d6b98c6f0,sha256:1629d5d6ba2aa530259a76fdb5ecc7109108d4bb4b5c47bf48a4dc3d82cb4395,sha256:a8e94b85976e5864ba3e9525c7e6c83b2a1eca42d4b797a0c7c24d778e40fd95,sha256:39c3f62c162ab0fe10acb5bc2b0c17040b2744ecee5fb9d4dd08a2d12c78dfb2,results/basis_a5_unique_shared/whisper/pos_unique/decoder/seame_dev_sge/L08/pos_unique_decoder_L8_oracle_local_rho0.5.json
whisper,seame_dev_sge,decoder,9,0.2903225806451613,pos_unique,oracle_local,0.5,NOT_TESTED,0.30264672036823936,0.8295454545454546,0.8295454545454546,,0.9983333333333333,0,0,0,0,0,,38,87.08371019363403,0.26513115966713036,2.291676584043001,0.36093978900222506,0.041758241758241756,0.30609896432681244,0.8295454545454546,0.3084004602991945,0.8409090909090909,-0.0034522439585730758,-0.005753739930955126,sha256:8277418a8c6ebbd33422ac913dad460fc4d1879ac62bf5e15cca0458e0d1fa8e,sha256:bed15a781440fa9ea44eda75cec518ec511a65c1dbb453bf7017e40d6b98c6f0,sha256:1629d5d6ba2aa530259a76fdb5ecc7109108d4bb4b5c47bf48a4dc3d82cb4395,sha256:a8e94b85976e5864ba3e9525c7e6c83b2a1eca42d4b797a0c7c24d778e40fd95,sha256:39c3f62c162ab0fe10acb5bc2b0c17040b2744ecee5fb9d4dd08a2d12c78dfb2,results/basis_a5_unique_shared/whisper/pos_unique/decoder/seame_dev_sge/L09/pos_unique_decoder_L9_oracle_local_rho0.5.json
whisper,seame_dev_sge,decoder,10,0.3225806451612903,pos_unique,oracle_local,0.5,NOT_TESTED,0.30609896432681244,0.8409090909090909,0.8409090909090909,,0.9983333333333333,0,1,-1,0,1,,38,93.34413504600525,0.27428744731697896,2.4564246064738224,0.373562029412611,0.04171240395170143,0.3084004602991945,0.8409090909090909,0.30609896432681244,0.8409090909090909,-0.0023014959723820505,0.0,sha256:2f4e08b53edc37614d6fa2fcf14f1c477ebe67fa4d76f7df11ab26501a1f91fb,sha256:bed15a781440fa9ea44eda75cec518ec511a65c1dbb453bf7017e40d6b98c6f0,sha256:1629d5d6ba2aa530259a76fdb5ecc7109108d4bb4b5c47bf48a4dc3d82cb4395,sha256:a8e94b85976e5864ba3e9525c7e6c83b2a1eca42d4b797a0c7c24d778e40fd95,sha256:39c3f62c162ab0fe10acb5bc2b0c17040b2744ecee5fb9d4dd08a2d12c78dfb2,results/basis_a5_unique_shared/whisper/pos_unique/decoder/seame_dev_sge/L10/pos_unique_decoder_L10_oracle_local_rho0.5.json
whisper,seame_dev_sge,decoder,11,0.3548387096774194,pos_unique,oracle_local,0.5,NOT_TESTED,0.30609896432681244,0.8409090909090909,0.8409090909090909,,0.9983333333333333,0,1,-1,0,1,,38,93.43455624580383,0.276294188447051,2.4588041117316797,0.3716159833507575,0.041758241758241756,0.30724971231300346,0.8409090909090909,0.30724971231300346,0.8409090909090909,-0.0011507479861910253,-0.0011507479861910253,sha256:3ec5dc2f1f05605272273b77758321eec235f5280cef62e3136bccd2ca4b8606,sha256:bed15a781440fa9ea44eda75cec518ec511a65c1dbb453bf7017e40d6b98c6f0,sha256:1629d5d6ba2aa530259a76fdb5ecc7109108d4bb4b5c47bf48a4dc3d82cb4395,sha256:a8e94b85976e5864ba3e9525c7e6c83b2a1eca42d4b797a0c7c24d778e40fd95,sha256:39c3f62c162ab0fe10acb5bc2b0c17040b2744ecee5fb9d4dd08a2d12c78dfb2,results/basis_a5_unique_shared/whisper/pos_unique/decoder/seame_dev_sge/L11/pos_unique_decoder_L11_oracle_local_rho0.5.json
whisper,seame_dev_sge,decoder,12,0.3870967741935484,pos_unique,oracle_local,0.5,NOT_TESTED,0.30264672036823936,0.8409090909090909,0.8409090909090909,,1.0,0,1,-1,0,1,,38,100.3851888179779,0.28540682348729746,2.641715495209945,0.3852427822351903,0.0416210295728368,0.3095512082853855,0.8409090909090909,0.30609896432681244,0.8409090909090909,-0.0069044879171461515,-0.0034522439585730758,sha256:4fedb51c9552558628c3a53e999402c32fd8aa8890844443bde2c3fc78bc4525,sha256:bed15a781440fa9ea44eda75cec518ec511a65c1dbb453bf7017e40d6b98c6f0,sha256:1629d5d6ba2aa530259a76fdb5ecc7109108d4bb4b5c47bf48a4dc3d82cb4395,sha256:a8e94b85976e5864ba3e9525c7e6c83b2a1eca42d4b797a0c7c24d778e40fd95,sha256:39c3f62c162ab0fe10acb5bc2b0c17040b2744ecee5fb9d4dd08a2d12c78dfb2,results/basis_a5_unique_shared/whisper/pos_unique/decoder/seame_dev_sge/L12/pos_unique_decoder_L12_oracle_local_rho0.5.json
whisper,seame_dev_sge,decoder,13,0.41935483870967744,pos_unique,oracle_local,0.5,NOT_TESTED,0.30264672036823936,0.8409090909090909,0.8409090909090909,,1.0,0,1,-1,0,1,,38,107.39605855941772,0.2962062021988767,2.826212067353098,0.3971215158939626,0.0416210295728368,0.3049482163406214,0.8295454545454546,0.30609896432681244,0.8409090909090909,-0.0023014959723820505,-0.0034522439585730758,sha256:5bc31ac44256be6a6925a9a9caf831bcc75d3b0e0928d7d8864ed15ca2cb09c2,sha256:bed15a781440fa9ea44eda75cec518ec511a65c1dbb453bf7017e40d6b98c6f0,sha256:1629d5d6ba2aa530259a76fdb5ecc7109108d4bb4b5c47bf48a4dc3d82cb4395,sha256:a8e94b85976e5864ba3e9525c7e6c83b2a1eca42d4b797a0c7c24d778e40fd95,sha256:39c3f62c162ab0fe10acb5bc2b0c17040b2744ecee5fb9d4dd08a2d12c78dfb2,results/basis_a5_unique_shared/whisper/pos_unique/decoder/seame_dev_sge/L13/pos_unique_decoder_L13_oracle_local_rho0.5.json
whisper,seame_dev_sge,decoder,14,0.45161290322580644,pos_unique,oracle_local,0.5,NOT_TESTED,0.3003452243958573,0.8295454545454546,0.8295454545454546,,1.0,0,0,0,0,0,,38,109.24705123901367,0.29858559800446427,2.8749224010266756,0.4003083707476481,0.04157549234135667,0.3037974683544304,0.8295454545454546,0.3049482163406214,0.8409090909090909,-0.0034522439585730758,-0.004602991944764101,sha256:65ba2b12700b6289216e992d53b48699292accbe407f36d5f87500281e6a0dae,sha256:bed15a781440fa9ea44eda75cec518ec511a65c1dbb453bf7017e40d6b98c6f0,sha256:1629d5d6ba2aa530259a76fdb5ecc7109108d4bb4b5c47bf48a4dc3d82cb4395,sha256:a8e94b85976e5864ba3e9525c7e6c83b2a1eca42d4b797a0c7c24d778e40fd95,sha256:39c3f62c162ab0fe10acb5bc2b0c17040b2744ecee5fb9d4dd08a2d12c78dfb2,results/basis_a5_unique_shared/whisper/pos_unique/decoder/seame_dev_sge/L14/pos_unique_decoder_L14_oracle_local_rho0.5.json
whisper,seame_dev_sge,decoder,15,0.4838709677419355,pos_unique,oracle_local,0.5,NOT_TESTED,0.3003452243958573,0.8295454545454546,0.8295454545454546,,1.0,0,0,0,0,0,,38,106.51716685295105,0.2946425126651292,2.803083338235554,0.3959619182599905,0.0416210295728368,0.3003452243958573,0.8295454545454546,0.3095512082853855,0.8409090909090909,0.0,-0.009205983889528202,sha256:4bbeb6078780ad457449fd612b967d2dfe3a9431d33e46d613fb9e255c67c008,sha256:bed15a781440fa9ea44eda75cec518ec511a65c1dbb453bf7017e40d6b98c6f0,sha256:1629d5d6ba2aa530259a76fdb5ecc7109108d4bb4b5c47bf48a4dc3d82cb4395,sha256:a8e94b85976e5864ba3e9525c7e6c83b2a1eca42d4b797a0c7c24d778e40fd95,sha256:39c3f62c162ab0fe10acb5bc2b0c17040b2744ecee5fb9d4dd08a2d12c78dfb2,results/basis_a5_unique_shared/whisper/pos_unique/decoder/seame_dev_sge/L15/pos_unique_decoder_L15_oracle_local_rho0.5.json
whisper,seame_dev_sge,decoder,16,0.5161290322580645,pos_unique,oracle_local,0.5,NOT_TESTED,0.3003452243958573,0.8295454545454546,0.8295454545454546,,1.0,0,0,0,0,0,,38,112.09137916564941,0.3148644424371698,2.9497731359381425,0.38949545865728535,0.04157549234135667,0.30264672036823936,0.8295454545454546,0.31070195627157654,0.8409090909090909,-0.0023014959723820505,-0.010356731875719227,sha256:f82f7790b6df3ee2a9b8cacda1a98c91a35cdb7e894008e58dde15314f9f7bff,sha256:bed15a781440fa9ea44eda75cec518ec511a65c1dbb453bf7017e40d6b98c6f0,sha256:1629d5d6ba2aa530259a76fdb5ecc7109108d4bb4b5c47bf48a4dc3d82cb4395,sha256:a8e94b85976e5864ba3e9525c7e6c83b2a1eca42d4b797a0c7c24d778e40fd95,sha256:39c3f62c162ab0fe10acb5bc2b0c17040b2744ecee5fb9d4dd08a2d12c78dfb2,results/basis_a5_unique_shared/whisper/pos_unique/decoder/seame_dev_sge/L16/pos_unique_decoder_L16_oracle_local_rho0.5.json
whisper,seame_dev_sge,decoder,17,0.5483870967741935,pos_unique,oracle_local,0.5,NOT_TESTED,0.30264672036823936,0.8409090909090909,0.8409090909090909,,1.0,0,1,-1,0,1,,38,111.55391240119934,0.32170330982500406,2.9356292737157723,0.37938755573520155,0.04157549234135667,0.30609896432681244,0.8409090909090909,0.30724971231300346,0.8295454545454546,-0.0034522439585730758,-0.004602991944764101,sha256:b50e95836fad66d26b8e8579930a819baa9524c96ef7999dd251def26b0fd05c,sha256:bed15a781440fa9ea44eda75cec518ec511a65c1dbb453bf7017e40d6b98c6f0,sha256:1629d5d6ba2aa530259a76fdb5ecc7109108d4bb4b5c47bf48a4dc3d82cb4395,sha256:a8e94b85976e5864ba3e9525c7e6c83b2a1eca42d4b797a0c7c24d778e40fd95,sha256:39c3f62c162ab0fe10acb5bc2b0c17040b2744ecee5fb9d4dd08a2d12c78dfb2,results/basis_a5_unique_shared/whisper/pos_unique/decoder/seame_dev_sge/L17/pos_unique_decoder_L17_oracle_local_rho0.5.json
whisper,seame_dev_sge,decoder,18,0.5806451612903226,pos_unique,oracle_local,0.5,NOT_TESTED,0.3037974683544304,0.8295454545454546,0.8295454545454546,,0.9983333333333333,0,0,0,0,0,,38,112.88841271400452,0.3204960112764958,2.970747703000119,0.3857944362787542,0.0416210295728368,0.30149597238204834,0.8295454545454546,0.3084004602991945,0.8295454545454546,0.0023014959723820505,-0.004602991944764101,sha256:e77c03013db9e87d39cdbab023ebae7b39f0c5a4166c3e38a42125cf93378479,sha256:bed15a781440fa9ea44eda75cec518ec511a65c1dbb453bf7017e40d6b98c6f0,sha256:1629d5d6ba2aa530259a76fdb5ecc7109108d4bb4b5c47bf48a4dc3d82cb4395,sha256:a8e94b85976e5864ba3e9525c7e6c83b2a1eca42d4b797a0c7c24d778e40fd95,sha256:39c3f62c162ab0fe10acb5bc2b0c17040b2744ecee5fb9d4dd08a2d12c78dfb2,results/basis_a5_unique_shared/whisper/pos_unique/decoder/seame_dev_sge/L18/pos_unique_decoder_L18_oracle_local_rho0.5.json
whisper,seame_dev_sge,decoder,19,0.6129032258064516,pos_unique,oracle_local,0.5,NOT_TESTED,0.30264672036823936,0.8295454545454546,0.8295454545454546,,1.0,0,0,0,0,0,,38,111.89138531684875,0.33155139252494487,2.9445101399170723,0.3696366426866561,0.0416210295728368,0.3084004602991945,0.8295454545454546,0.30724971231300346,0.8295454545454546,-0.005753739930955126,-0.004602991944764101,sha256:0b5b5c22490dc7ceb0dc93711d9a003a7d9d5e67774e412c333c50bfebd3a03f,sha256:bed15a781440fa9ea44eda75cec518ec511a65c1dbb453bf7017e40d6b98c6f0,sha256:1629d5d6ba2aa530259a76fdb5ecc7109108d4bb4b5c47bf48a4dc3d82cb4395,sha256:a8e94b85976e5864ba3e9525c7e6c83b2a1eca42d4b797a0c7c24d778e40fd95,sha256:39c3f62c162ab0fe10acb5bc2b0c17040b2744ecee5fb9d4dd08a2d12c78dfb2,results/basis_a5_unique_shared/whisper/pos_unique/decoder/seame_dev_sge/L19/pos_unique_decoder_L19_oracle_local_rho0.5.json
whisper,seame_dev_sge,decoder,20,0.6451612903225806,pos_unique,oracle_local,0.5,NOT_TESTED,0.3037974683544304,0.8295454545454546,0.8295454545454546,,0.9983333333333333,0,0,0,0,0,,38,111.25724840164185,0.3354425409406848,2.9278223263589958,0.3632782511355575,0.0416210295728368,0.30724971231300346,0.8295454545454546,0.30724971231300346,0.8295454545454546,-0.0034522439585730758,-0.0034522439585730758,sha256:12be148bf1d2a4eaa20903ed65b1b709f9d93bd84b60849e85a17e1ab23d8675,sha256:bed15a781440fa9ea44eda75cec518ec511a65c1dbb453bf7017e40d6b98c6f0,sha256:1629d5d6ba2aa530259a76fdb5ecc7109108d4bb4b5c47bf48a4dc3d82cb4395,sha256:a8e94b85976e5864ba3e9525c7e6c83b2a1eca42d4b797a0c7c24d778e40fd95,sha256:39c3f62c162ab0fe10acb5bc2b0c17040b2744ecee5fb9d4dd08a2d12c78dfb2,results/basis_a5_unique_shared/whisper/pos_unique/decoder/seame_dev_sge/L20/pos_unique_decoder_L20_oracle_local_rho0.5.json
whisper,seame_dev_sge,decoder,21,0.6774193548387096,pos_unique,oracle_local,0.5,NOT_TESTED,0.29804372842347526,0.8295454545454546,0.8295454545454546,,1.0,0,0,0,0,0,,38,113.22700214385986,0.3464176015028687,2.979657951154207,0.3579969122928662,0.0416210295728368,0.3037974683544304,0.8295454545454546,0.3037974683544304,0.8295454545454546,-0.005753739930955126,-0.005753739930955126,sha256:e250150e109756047b3d7f2cc48369321d653925e40d55fc30a68161f98ec036,sha256:bed15a781440fa9ea44eda75cec518ec511a65c1dbb453bf7017e40d6b98c6f0,sha256:1629d5d6ba2aa530259a76fdb5ecc7109108d4bb4b5c47bf48a4dc3d82cb4395,sha256:a8e94b85976e5864ba3e9525c7e6c83b2a1eca42d4b797a0c7c24d778e40fd95,sha256:39c3f62c162ab0fe10acb5bc2b0c17040b2744ecee5fb9d4dd08a2d12c78dfb2,results/basis_a5_unique_shared/whisper/pos_unique/decoder/seame_dev_sge/L21/pos_unique_decoder_L21_oracle_local_rho0.5.json
whisper,seame_dev_sge,decoder,22,0.7096774193548387,pos_unique,oracle_local,0.5,NOT_TESTED,0.30264672036823936,0.8295454545454546,0.8295454545454546,,0.9933333333333333,0,0,0,0,0,,38,114.2395510673523,0.3535279343078479,3.0063039754566394,0.35471077008770757,0.04171240395170143,0.30264672036823936,0.8295454545454546,0.3037974683544304,0.8295454545454546,0.0,-0.0011507479861910253,sha256:b4f6df649b4fedccdf195da582a6066d4f848d6c45cc39d759b6c52229b1d687,sha256:bed15a781440fa9ea44eda75cec518ec511a65c1dbb453bf7017e40d6b98c6f0,sha256:1629d5d6ba2aa530259a76fdb5ecc7109108d4bb4b5c47bf48a4dc3d82cb4395,sha256:a8e94b85976e5864ba3e9525c7e6c83b2a1eca42d4b797a0c7c24d778e40fd95,sha256:39c3f62c162ab0fe10acb5bc2b0c17040b2744ecee5fb9d4dd08a2d12c78dfb2,results/basis_a5_unique_shared/whisper/pos_unique/decoder/seame_dev_sge/L22/pos_unique_decoder_L22_oracle_local_rho0.5.json
whisper,seame_dev_sge,decoder,23,0.7419354838709677,pos_unique,oracle_local,0.5,NOT_TESTED,0.3049482163406214,0.8295454545454546,0.8295454545454546,,0.9916666666666667,0,0,0,0,0,,38,115.02122116088867,0.3643381758050604,3.0268742410760177,0.346922048592228,0.041758241758241756,0.3084004602991945,0.8295454545454546,0.3037974683544304,0.8295454545454546,-0.0034522439585730758,0.0011507479861910253,sha256:800512e313b0919278e77da267866125517d357c6be801ab6ad21b44bfedbce2,sha256:bed15a781440fa9ea44eda75cec518ec511a65c1dbb453bf7017e40d6b98c6f0,sha256:1629d5d6ba2aa530259a76fdb5ecc7109108d4bb4b5c47bf48a4dc3d82cb4395,sha256:a8e94b85976e5864ba3e9525c7e6c83b2a1eca42d4b797a0c7c24d778e40fd95,sha256:39c3f62c162ab0fe10acb5bc2b0c17040b2744ecee5fb9d4dd08a2d12c78dfb2,results/basis_a5_unique_shared/whisper/pos_unique/decoder/seame_dev_sge/L23/pos_unique_decoder_L23_oracle_local_rho0.5.json
whisper,seame_dev_sge,decoder,24,0.7741935483870968,pos_unique,oracle_local,0.5,STABLE,0.30149597238204834,0.8295454545454546,0.8295454545454546,,0.9933333333333333,0,0,0,0,0,,38,117.5693130493164,0.3752116843273765,3.0939292907714844,0.3435759754654472,0.041666666666666664,0.30724971231300346,0.8295454545454546,0.30149597238204834,0.8295454545454546,-0.005753739930955126,0.0,sha256:b40b29af2de4a0e7a1e762cfabd395c0fb63ba82bda6bed966567efc1de0df92,sha256:bed15a781440fa9ea44eda75cec518ec511a65c1dbb453bf7017e40d6b98c6f0,sha256:1629d5d6ba2aa530259a76fdb5ecc7109108d4bb4b5c47bf48a4dc3d82cb4395,sha256:a8e94b85976e5864ba3e9525c7e6c83b2a1eca42d4b797a0c7c24d778e40fd95,sha256:39c3f62c162ab0fe10acb5bc2b0c17040b2744ecee5fb9d4dd08a2d12c78dfb2,results/basis_a5_unique_shared/whisper/pos_unique/decoder/seame_dev_sge/L24/pos_unique_decoder_L24_oracle_local_rho0.5.json
whisper,seame_dev_sge,decoder,25,0.8064516129032258,pos_unique,oracle_local,0.5,NOT_TESTED,0.29804372842347526,0.8295454545454546,0.8295454545454546,,1.0,0,0,0,0,0,,38,122.30625510215759,0.4029212739616469,3.2185856605830945,0.3324740032828072,0.0416210295728368,0.3084004602991945,0.8295454545454546,0.30149597238204834,0.8295454545454546,-0.010356731875719227,-0.0034522439585730758,sha256:7bfd191c7bb92d40ceb4ba2eb7302cbad1bf511e27fd22b271729b0e5f60dbca,sha256:bed15a781440fa9ea44eda75cec518ec511a65c1dbb453bf7017e40d6b98c6f0,sha256:1629d5d6ba2aa530259a76fdb5ecc7109108d4bb4b5c47bf48a4dc3d82cb4395,sha256:a8e94b85976e5864ba3e9525c7e6c83b2a1eca42d4b797a0c7c24d778e40fd95,sha256:39c3f62c162ab0fe10acb5bc2b0c17040b2744ecee5fb9d4dd08a2d12c78dfb2,results/basis_a5_unique_shared/whisper/pos_unique/decoder/seame_dev_sge/L25/pos_unique_decoder_L25_oracle_local_rho0.5.json
whisper,seame_dev_sge,decoder,26,0.8387096774193549,pos_unique,oracle_local,0.5,STABLE,0.30149597238204834,0.8295454545454546,0.8295454545454546,,0.9966666666666667,0,0,0,0,0,,38,128.27798199653625,0.44059642469673826,3.3757363683299015,0.3192392723353553,0.041666666666666664,0.3049482163406214,0.8295454545454546,0.3037974683544304,0.8295454545454546,-0.0034522439585730758,-0.0023014959723820505,sha256:961df4948801e77c5f1b9a2a37f1b0346727a60fd8bc72aa9db06f6266303523,sha256:bed15a781440fa9ea44eda75cec518ec511a65c1dbb453bf7017e40d6b98c6f0,sha256:1629d5d6ba2aa530259a76fdb5ecc7109108d4bb4b5c47bf48a4dc3d82cb4395,sha256:a8e94b85976e5864ba3e9525c7e6c83b2a1eca42d4b797a0c7c24d778e40fd95,sha256:39c3f62c162ab0fe10acb5bc2b0c17040b2744ecee5fb9d4dd08a2d12c78dfb2,results/basis_a5_unique_shared/whisper/pos_unique/decoder/seame_dev_sge/L26/pos_unique_decoder_L26_oracle_local_rho0.5.json
whisper,seame_dev_sge,decoder,27,0.8709677419354839,pos_unique,oracle_local,0.5,STABLE,0.2991944764096663,0.8295454545454546,0.8295454545454546,,0.9966666666666667,0,0,0,0,0,,38,145.13162779808044,0.5059995431649057,3.81925336310738,0.31449743175811207,0.041666666666666664,0.2991944764096663,0.8295454545454546,0.30724971231300346,0.8295454545454546,0.0,-0.008055235903337177,sha256:43acaa898ffe9e60702baa6390ee1ce7bd556ff8e80d283ef814ebc39d9deb48,sha256:bed15a781440fa9ea44eda75cec518ec511a65c1dbb453bf7017e40d6b98c6f0,sha256:1629d5d6ba2aa530259a76fdb5ecc7109108d4bb4b5c47bf48a4dc3d82cb4395,sha256:a8e94b85976e5864ba3e9525c7e6c83b2a1eca42d4b797a0c7c24d778e40fd95,sha256:39c3f62c162ab0fe10acb5bc2b0c17040b2744ecee5fb9d4dd08a2d12c78dfb2,results/basis_a5_unique_shared/whisper/pos_unique/decoder/seame_dev_sge/L27/pos_unique_decoder_L27_oracle_local_rho0.5.json
whisper,seame_dev_sge,decoder,28,0.9032258064516129,pos_unique,oracle_local,0.5,NOT_TESTED,0.3003452243958573,0.8295454545454546,0.8295454545454546,,0.9983333333333333,0,0,0,0,0,,38,164.7744219303131,0.5821715133231983,4.336168998166134,0.3103444674329496,0.041666666666666664,0.30149597238204834,0.8295454545454546,0.3095512082853855,0.8181818181818182,-0.0011507479861910253,-0.009205983889528202,sha256:8648ba65421dad13f71ba84263221f9542245e176aaf327400573b67b7702677,sha256:bed15a781440fa9ea44eda75cec518ec511a65c1dbb453bf7017e40d6b98c6f0,sha256:1629d5d6ba2aa530259a76fdb5ecc7109108d4bb4b5c47bf48a4dc3d82cb4395,sha256:a8e94b85976e5864ba3e9525c7e6c83b2a1eca42d4b797a0c7c24d778e40fd95,sha256:39c3f62c162ab0fe10acb5bc2b0c17040b2744ecee5fb9d4dd08a2d12c78dfb2,results/basis_a5_unique_shared/whisper/pos_unique/decoder/seame_dev_sge/L28/pos_unique_decoder_L28_oracle_local_rho0.5.json
whisper,seame_dev_sge,decoder,29,0.9354838709677419,pos_unique,oracle_local,0.5,NOT_TESTED,0.3003452243958573,0.8295454545454546,0.8295454545454546,,0.9983333333333333,0,0,0,0,0,,38,173.92246341705322,0.6403754298031527,4.5769069320277165,0.2974748403894954,0.0416210295728368,0.30264672036823936,0.8295454545454546,0.30609896432681244,0.8181818181818182,-0.0023014959723820505,-0.005753739930955126,sha256:25525f4f46e388ba3311f2e14bab1f9878f7c05bb804e175ed6cbee1d305d450,sha256:bed15a781440fa9ea44eda75cec518ec511a65c1dbb453bf7017e40d6b98c6f0,sha256:1629d5d6ba2aa530259a76fdb5ecc7109108d4bb4b5c47bf48a4dc3d82cb4395,sha256:a8e94b85976e5864ba3e9525c7e6c83b2a1eca42d4b797a0c7c24d778e40fd95,sha256:39c3f62c162ab0fe10acb5bc2b0c17040b2744ecee5fb9d4dd08a2d12c78dfb2,results/basis_a5_unique_shared/whisper/pos_unique/decoder/seame_dev_sge/L29/pos_unique_decoder_L29_oracle_local_rho0.5.json
whisper,seame_dev_sge,decoder,30,0.967741935483871,pos_unique,oracle_local,0.5,NOT_TESTED,0.2991944764096663,0.8295454545454546,0.8295454545454546,,0.9966666666666667,0,0,0,0,0,,38,175.87971305847168,0.6829181461543827,4.628413501538728,0.28301255581320023,0.041758241758241756,0.3003452243958573,0.8295454545454546,0.3176064441887227,0.8295454545454546,-0.0011507479861910253,-0.018411967779056404,sha256:1cd2a9e4946a77e4fba70d8a76f6fc08d22743a201aaa6cd2036145608bfac55,sha256:bed15a781440fa9ea44eda75cec518ec511a65c1dbb453bf7017e40d6b98c6f0,sha256:1629d5d6ba2aa530259a76fdb5ecc7109108d4bb4b5c47bf48a4dc3d82cb4395,sha256:a8e94b85976e5864ba3e9525c7e6c83b2a1eca42d4b797a0c7c24d778e40fd95,sha256:39c3f62c162ab0fe10acb5bc2b0c17040b2744ecee5fb9d4dd08a2d12c78dfb2,results/basis_a5_unique_shared/whisper/pos_unique/decoder/seame_dev_sge/L30/pos_unique_decoder_L30_oracle_local_rho0.5.json
whisper,seame_dev_sge,decoder,31,1.0,pos_unique,oracle_local,0.5,STABLE,0.30724971231300346,0.8295454545454546,0.8295454545454546,,0.9933333333333333,0,0,0,0,0,,38,344.19420528411865,0.7406569408504876,9.057742244318911,0.5112373490037447,0.041804180418041806,0.3003452243958573,0.8295454545454546,0.34062140391254314,0.7954545454545454,0.0069044879171461515,-0.03337169159953968,sha256:21bf0e918ab7bb5a41e531b7d90c01a90ad27bc244126608994d399b630d8ee5,sha256:bed15a781440fa9ea44eda75cec518ec511a65c1dbb453bf7017e40d6b98c6f0,sha256:1629d5d6ba2aa530259a76fdb5ecc7109108d4bb4b5c47bf48a4dc3d82cb4395,sha256:a8e94b85976e5864ba3e9525c7e6c83b2a1eca42d4b797a0c7c24d778e40fd95,sha256:39c3f62c162ab0fe10acb5bc2b0c17040b2744ecee5fb9d4dd08a2d12c78dfb2,results/basis_a5_unique_shared/whisper/pos_unique/decoder/seame_dev_sge/L31/pos_unique_decoder_L31_oracle_local_rho0.5.json
whisper,cs_dialogue,encoder,0,0.0,pos_unique,oracle_local,0.5,NOT_TESTED,0.3260262579457019,0.5753968253968254,0.5873015873015873,,0.9313920331806792,33,272,-239,33,272,,79516,869535.1301269531,22.733142462826883,10.935347981877271,0.48103107609336,1.0,0.46367254797124696,0.6225749559082893,,,-0.13764629002554507,,sha256:a80c587771c8d86f5b22030c010e3f587776a6ec592de49878ddec9520886238,sha256:10022e9839d9be3dafbe1bd1508d369194e67f9d5f1e4c3677336fa056376fd6,sha256:db44fc36dde6fe547757530d0681da140ba114b627899224deb9690f2a6ffe63,sha256:a8e94b85976e5864ba3e9525c7e6c83b2a1eca42d4b797a0c7c24d778e40fd95,sha256:39c3f62c162ab0fe10acb5bc2b0c17040b2744ecee5fb9d4dd08a2d12c78dfb2,results/basis_a5_unique_shared/whisper/pos_unique/encoder/cs_dialogue/L00/pos_unique_encoder_L0_oracle_local_rho0.5.json
whisper,cs_dialogue,encoder,1,0.03225806451612903,pos_unique,oracle_local,0.5,NOT_TESTED,0.31141210717043905,0.5992063492063492,0.6014109347442681,,0.9381318586364815,73,366,-293,73,366,,79516,745134.4052429199,19.22495596830655,9.370873852343175,0.4874327862072403,1.0,0.5778530267926097,0.6300705467372134,,,-0.2664409196221707,,sha256:2d418e8930495895b292b6372b5c9ab930c4282dcd740cf545f65ae0f57444a8,sha256:10022e9839d9be3dafbe1bd1508d369194e67f9d5f1e4c3677336fa056376fd6,sha256:db44fc36dde6fe547757530d0681da140ba114b627899224deb9690f2a6ffe63,sha256:a8e94b85976e5864ba3e9525c7e6c83b2a1eca42d4b797a0c7c24d778e40fd95,sha256:39c3f62c162ab0fe10acb5bc2b0c17040b2744ecee5fb9d4dd08a2d12c78dfb2,results/basis_a5_unique_shared/whisper/pos_unique/encoder/cs_dialogue/L01/pos_unique_encoder_L1_oracle_local_rho0.5.json
whisper,cs_dialogue,encoder,2,0.06451612903225806,pos_unique,oracle_local,0.5,NOT_TESTED,0.267629061961623,0.4731040564373898,0.47619047619047616,,0.9733863302514474,98,105,-7,98,105,,79516,647662.1101074219,19.015832717140782,8.145053952756953,0.42833012226780054,1.0,0.5537931444187013,0.6247795414462081,,,-0.2861640824570783,,sha256:878970d561ea3442bbe20673d6d101158179edcbff376fcf59cf0835a8a8caab,sha256:10022e9839d9be3dafbe1bd1508d369194e67f9d5f1e4c3677336fa056376fd6,sha256:db44fc36dde6fe547757530d0681da140ba114b627899224deb9690f2a6ffe63,sha256:a8e94b85976e5864ba3e9525c7e6c83b2a1eca42d4b797a0c7c24d778e40fd95,sha256:39c3f62c162ab0fe10acb5bc2b0c17040b2744ecee5fb9d4dd08a2d12c78dfb2,results/basis_a5_unique_shared/whisper/pos_unique/encoder/cs_dialogue/L02/pos_unique_encoder_L2_oracle_local_rho0.5.json
whisper,cs_dialogue,encoder,3,0.0967741935483871,pos_unique,oracle_local,0.5,NOT_TESTED,0.27261925978732254,0.49250440917107585,0.49559082892416223,,0.9704484576168668,94,145,-51,94,145,,79516,610502.87550354,18.801977868710757,7.6777362480952265,0.4083472654689219,1.0,0.5599714845838532,0.6234567901234568,,,-0.2873522247965306,,sha256:924e53d7ac210db2239f7183fb174c6da9a2a8476dc27e27e31f48629bb8ff70,sha256:10022e9839d9be3dafbe1bd1508d369194e67f9d5f1e4c3677336fa056376fd6,sha256:db44fc36dde6fe547757530d0681da140ba114b627899224deb9690f2a6ffe63,sha256:a8e94b85976e5864ba3e9525c7e6c83b2a1eca42d4b797a0c7c24d778e40fd95,sha256:39c3f62c162ab0fe10acb5bc2b0c17040b2744ecee5fb9d4dd08a2d12c78dfb2,results/basis_a5_unique_shared/whisper/pos_unique/encoder/cs_dialogue/L03/pos_unique_encoder_L3_oracle_local_rho0.5.json
whisper,cs_dialogue,encoder,4,0.12903225806451613,pos_unique,oracle_local,0.5,NOT_TESTED,0.2666785480900612,0.48236331569664903,0.48721340388007056,,0.9716581698781647,82,110,-28,82,110,,79516,549748.4547958374,18.647955654528463,6.913683469941112,0.37074752847034975,1.0,0.5751202994118696,0.6353615520282186,,,-0.3084417513218084,,sha256:31da88a193b87fab69660f511c390aa247972421288e50cebcc40b9982cb2856,sha256:10022e9839d9be3dafbe1bd1508d369194e67f9d5f1e4c3677336fa056376fd6,sha256:db44fc36dde6fe547757530d0681da140ba114b627899224deb9690f2a6ffe63,sha256:a8e94b85976e5864ba3e9525c7e6c83b2a1eca42d4b797a0c7c24d778e40fd95,sha256:39c3f62c162ab0fe10acb5bc2b0c17040b2744ecee5fb9d4dd08a2d12c78dfb2,results/basis_a5_unique_shared/whisper/pos_unique/encoder/cs_dialogue/L04/pos_unique_encoder_L4_oracle_local_rho0.5.json
whisper,cs_dialogue,encoder,5,0.16129032258064516,pos_unique,oracle_local,0.5,NOT_TESTED,0.2674508406107052,0.4964726631393298,0.5,,0.9721766179901495,67,127,-60,67,127,,79516,519642.34576416016,18.637914914925087,6.535066474221039,0.35063291704308686,1.0,0.5919325135151191,0.6318342151675485,,,-0.32448167290441393,,sha256:7c85ada9c5eba5bb457f3b82fa15b36058802413443e109bfa691260a0bcd877,sha256:10022e9839d9be3dafbe1bd1508d369194e67f9d5f1e4c3677336fa056376fd6,sha256:db44fc36dde6fe547757530d0681da140ba114b627899224deb9690f2a6ffe63,sha256:a8e94b85976e5864ba3e9525c7e6c83b2a1eca42d4b797a0c7c24d778e40fd95,sha256:39c3f62c162ab0fe10acb5bc2b0c17040b2744ecee5fb9d4dd08a2d12c78dfb2,results/basis_a5_unique_shared/whisper/pos_unique/encoder/cs_dialogue/L05/pos_unique_encoder_L5_oracle_local_rho0.5.json
whisper,cs_dialogue,encoder,6,0.1935483870967742,pos_unique,oracle_local,0.5,NOT_TESTED,0.26798550466345866,0.48721340388007056,0.4898589065255732,,0.9699300095048821,82,121,-39,82,121,,79516,501007.9319458008,18.683346939528274,6.300718496224669,0.337237140466212,1.0,0.612546783104616,0.63668430335097,,,-0.3445612784411573,,sha256:fc65455615cbd5d05632b2be53ea06e6f562e945d57ed57e9959b824459c213d,sha256:10022e9839d9be3dafbe1bd1508d369194e67f9d5f1e4c3677336fa056376fd6,sha256:db44fc36dde6fe547757530d0681da140ba114b627899224deb9690f2a6ffe63,sha256:a8e94b85976e5864ba3e9525c7e6c83b2a1eca42d4b797a0c7c24d778e40fd95,sha256:39c3f62c162ab0fe10acb5bc2b0c17040b2744ecee5fb9d4dd08a2d12c78dfb2,results/basis_a5_unique_shared/whisper/pos_unique/encoder/cs_dialogue/L06/pos_unique_encoder_L6_oracle_local_rho0.5.json
whisper,cs_dialogue,encoder,7,0.22580645161290322,pos_unique,oracle_local,0.5,NOT_TESTED,0.2658468484524446,0.4916225749559083,0.49514991181657847,,0.9737319623261038,72,121,-49,72,121,,79516,478707.84328460693,18.58475104174184,6.0202706786635005,0.3239360411738535,1.0,0.6313788391849343,0.6569664902998237,,,-0.3655319907324897,,sha256:aaecf810f6bfe4f8002d2572410b322eda07e7380b716df85ae910bbbd5381e9,sha256:10022e9839d9be3dafbe1bd1508d369194e67f9d5f1e4c3677336fa056376fd6,sha256:db44fc36dde6fe547757530d0681da140ba114b627899224deb9690f2a6ffe63,sha256:a8e94b85976e5864ba3e9525c7e6c83b2a1eca42d4b797a0c7c24d778e40fd95,sha256:39c3f62c162ab0fe10acb5bc2b0c17040b2744ecee5fb9d4dd08a2d12c78dfb2,results/basis_a5_unique_shared/whisper/pos_unique/encoder/cs_dialogue/L07/pos_unique_encoder_L7_oracle_local_rho0.5.json
whisper,cs_dialogue,encoder,8,0.25806451612903225,pos_unique,oracle_local,0.5,NOT_TESTED,0.26560921998455417,0.48412698412698413,0.4876543209876543,,0.971830985915493,89,121,-32,89,121,,79516,471190.15842437744,18.638596461760613,5.925727632481229,0.3179277819893034,1.0,0.648488088873047,0.6640211640211641,,,-0.3828788688884928,,sha256:bc7ab4138215305aaf691817443581f4725f626600c09a537433546c1355d9f7,sha256:10022e9839d9be3dafbe1bd1508d369194e67f9d5f1e4c3677336fa056376fd6,sha256:db44fc36dde6fe547757530d0681da140ba114b627899224deb9690f2a6ffe63,sha256:a8e94b85976e5864ba3e9525c7e6c83b2a1eca42d4b797a0c7c24d778e40fd95,sha256:39c3f62c162ab0fe10acb5bc2b0c17040b2744ecee5fb9d4dd08a2d12c78dfb2,results/basis_a5_unique_shared/whisper/pos_unique/encoder/cs_dialogue/L08/pos_unique_encoder_L8_oracle_local_rho0.5.json
whisper,cs_dialogue,encoder,9,0.2903225806451613,pos_unique,oracle_local,0.5,NOT_TESTED,0.2595496940533476,0.45811287477954143,0.46119929453262787,,0.9739047783634321,110,83,27,110,83,,79516,459081.9869155884,18.68674130516277,5.773454234563967,0.3089599272704053,1.0,0.6531812511138835,0.6657848324514991,,,-0.3936315570605359,,sha256:f1358cd4819cdfcd70c982ed5acc546216352e1c8c802c9060d241a3d5c0e349,sha256:10022e9839d9be3dafbe1bd1508d369194e67f9d5f1e4c3677336fa056376fd6,sha256:db44fc36dde6fe547757530d0681da140ba114b627899224deb9690f2a6ffe63,sha256:a8e94b85976e5864ba3e9525c7e6c83b2a1eca42d4b797a0c7c24d778e40fd95,sha256:39c3f62c162ab0fe10acb5bc2b0c17040b2744ecee5fb9d4dd08a2d12c78dfb2,results/basis_a5_unique_shared/whisper/pos_unique/encoder/cs_dialogue/L09/pos_unique_encoder_L9_oracle_local_rho0.5.json
whisper,cs_dialogue,encoder,10,0.3225806451612903,pos_unique,oracle_local,0.5,NOT_TESTED,0.2621636072001426,0.4678130511463845,0.4708994708994709,,0.9771882830726691,103,98,5,103,98,,79516,461927.9068374634,18.787163284512268,5.809244766304434,0.30921351341495235,1.0,0.5347828669874651,0.6291887125220459,,,-0.27261925978732254,,sha256:e9a1ff734288e6bb6a6516cfde5fcf6c1310cefc081d0bb06d5997c61cc33ae3,sha256:10022e9839d9be3dafbe1bd1508d369194e67f9d5f1e4c3677336fa056376fd6,sha256:db44fc36dde6fe547757530d0681da140ba114b627899224deb9690f2a6ffe63,sha256:a8e94b85976e5864ba3e9525c7e6c83b2a1eca42d4b797a0c7c24d778e40fd95,sha256:39c3f62c162ab0fe10acb5bc2b0c17040b2744ecee5fb9d4dd08a2d12c78dfb2,results/basis_a5_unique_shared/whisper/pos_unique/encoder/cs_dialogue/L10/pos_unique_encoder_L10_oracle_local_rho0.5.json
whisper,cs_dialogue,encoder,11,0.3548387096774194,pos_unique,oracle_local,0.5,NOT_TESTED,0.26210420008317,0.4673721340388007,0.4708994708994709,,0.9727814741207984,101,95,6,101,95,,79516,462213.01167297363,18.812473037987804,5.812830269039861,0.30898809833784646,1.0,0.5414364640883977,0.6393298059964727,,,-0.27933226400522776,,sha256:e4a9dc57f0d91bde3155101f1798007fec5c44366e4aecf049cc2649e2c214d7,sha256:10022e9839d9be3dafbe1bd1508d369194e67f9d5f1e4c3677336fa056376fd6,sha256:db44fc36dde6fe547757530d0681da140ba114b627899224deb9690f2a6ffe63,sha256:a8e94b85976e5864ba3e9525c7e6c83b2a1eca42d4b797a0c7c24d778e40fd95,sha256:39c3f62c162ab0fe10acb5bc2b0c17040b2744ecee5fb9d4dd08a2d12c78dfb2,results/basis_a5_unique_shared/whisper/pos_unique/encoder/cs_dialogue/L11/pos_unique_encoder_L11_oracle_local_rho0.5.json
whisper,cs_dialogue,encoder,12,0.3870967741935484,pos_unique,oracle_local,0.5,NOT_TESTED,0.25349016812214104,0.4708994708994709,0.4739858906525573,,0.9735591462887756,102,104,-2,102,104,,79516,453710.2390136719,18.794566924965736,5.705898674652547,0.30359298500638093,1.0,0.6067842927582724,0.6706349206349206,,,-0.35329412463613136,,sha256:7bf85b4792b320266aeaf325741caed55bbdbe31ae36e1a97ae2f46632405ce6,sha256:10022e9839d9be3dafbe1bd1508d369194e67f9d5f1e4c3677336fa056376fd6,sha256:db44fc36dde6fe547757530d0681da140ba114b627899224deb9690f2a6ffe63,sha256:a8e94b85976e5864ba3e9525c7e6c83b2a1eca42d4b797a0c7c24d778e40fd95,sha256:39c3f62c162ab0fe10acb5bc2b0c17040b2744ecee5fb9d4dd08a2d12c78dfb2,results/basis_a5_unique_shared/whisper/pos_unique/encoder/cs_dialogue/L12/pos_unique_encoder_L12_oracle_local_rho0.5.json
whisper,cs_dialogue,encoder,13,0.41935483870967744,pos_unique,oracle_local,0.5,NOT_TESTED,0.2574110378423335,0.4722222222222222,0.4748677248677249,,0.9740775944007604,93,98,-5,93,98,,79516,445009.57415008545,18.75876163365322,5.596478371020743,0.2983394362760419,1.0,0.6950632685795758,0.6710758377425045,,,-0.4376522307372423,,sha256:c0d4ac23773c238c0eae3f5a266639136913cac960b314fc08ae5414b48b14b8,sha256:10022e9839d9be3dafbe1bd1508d369194e67f9d5f1e4c3677336fa056376fd6,sha256:db44fc36dde6fe547757530d0681da140ba114b627899224deb9690f2a6ffe63,sha256:a8e94b85976e5864ba3e9525c7e6c83b2a1eca42d4b797a0c7c24d778e40fd95,sha256:39c3f62c162ab0fe10acb5bc2b0c17040b2744ecee5fb9d4dd08a2d12c78dfb2,results/basis_a5_unique_shared/whisper/pos_unique/encoder/cs_dialogue/L13/pos_unique_encoder_L13_oracle_local_rho0.5.json
whisper,cs_dialogue,encoder,14,0.45161290322580644,pos_unique,oracle_local,0.5,NOT_TESTED,0.25188617596388047,0.4695767195767196,0.4731040564373898,,0.9760649788300354,94,93,1,94,93,,79516,427396.0816497803,18.733646145396577,5.3749695866213125,0.28691529373966024,1.0,0.8065704271371711,0.718694885361552,,,-0.5546842511732906,,sha256:93f4100114aea64e68580e9f09293ee54ed6f8acf5a9d64bb37634c9550a207b,sha256:10022e9839d9be3dafbe1bd1508d369194e67f9d5f1e4c3677336fa056376fd6,sha256:db44fc36dde6fe547757530d0681da140ba114b627899224deb9690f2a6ffe63,sha256:a8e94b85976e5864ba3e9525c7e6c83b2a1eca42d4b797a0c7c24d778e40fd95,sha256:39c3f62c162ab0fe10acb5bc2b0c17040b2744ecee5fb9d4dd08a2d12c78dfb2,results/basis_a5_unique_shared/whisper/pos_unique/encoder/cs_dialogue/L14/pos_unique_encoder_L14_oracle_local_rho0.5.json
whisper,cs_dialogue,encoder,15,0.4838709677419355,pos_unique,oracle_local,0.5,NOT_TESTED,0.2519455830808531,0.47619047619047616,0.47971781305114636,,0.9771882830726691,90,104,-14,90,104,,79516,439815.5860595703,18.78602028308041,5.531158333663292,0.29442948800842705,1.0,0.8402542624606428,0.6825396825396826,,,-0.5883086793797898,,sha256:e2093ccaf7aa7785257beeb42d08ee3f7453c5309b7db4ff5f1ee70f3a52afd9,sha256:10022e9839d9be3dafbe1bd1508d369194e67f9d5f1e4c3677336fa056376fd6,sha256:db44fc36dde6fe547757530d0681da140ba114b627899224deb9690f2a6ffe63,sha256:a8e94b85976e5864ba3e9525c7e6c83b2a1eca42d4b797a0c7c24d778e40fd95,sha256:39c3f62c162ab0fe10acb5bc2b0c17040b2744ecee5fb9d4dd08a2d12c78dfb2,results/basis_a5_unique_shared/whisper/pos_unique/encoder/cs_dialogue/L15/pos_unique_encoder_L15_oracle_local_rho0.5.json
whisper,cs_dialogue,encoder,16,0.5161290322580645,pos_unique,oracle_local,0.5,NOT_TESTED,0.25164854749599,0.47883597883597884,0.4828042328042328,,0.9765834269420203,94,114,-20,94,114,,79516,446618.6462249756,18.943257808205562,5.616714198714417,0.2965020196410699,1.0,0.6813402245589022,0.6957671957671958,,,-0.42969167706291217,,sha256:8a89d4aaeb4bdcf7f17869f55ec76b3b6035f151875eadb9fef6c95dc90edbf6,sha256:10022e9839d9be3dafbe1bd1508d369194e67f9d5f1e4c3677336fa056376fd6,sha256:db44fc36dde6fe547757530d0681da140ba114b627899224deb9690f2a6ffe63,sha256:a8e94b85976e5864ba3e9525c7e6c83b2a1eca42d4b797a0c7c24d778e40fd95,sha256:39c3f62c162ab0fe10acb5bc2b0c17040b2744ecee5fb9d4dd08a2d12c78dfb2,results/basis_a5_unique_shared/whisper/pos_unique/encoder/cs_dialogue/L16/pos_unique_encoder_L16_oracle_local_rho0.5.json
whisper,cs_dialogue,encoder,17,0.5483870967741935,pos_unique,oracle_local,0.5,NOT_TESTED,0.25663874532168957,0.4876543209876543,0.4911816578483245,,0.9775339151473257,94,134,-40,94,134,,79516,445685.69191741943,18.887899051520225,5.60498128574651,0.2967498539915895,1.0,0.6388641359234837,0.7129629629629629,,,-0.3822253906017941,,sha256:d09c558600ca4ff8a6bf6f03fc53c29e164d3a465217d77bff5bc6df1939cb9f,sha256:10022e9839d9be3dafbe1bd1508d369194e67f9d5f1e4c3677336fa056376fd6,sha256:db44fc36dde6fe547757530d0681da140ba114b627899224deb9690f2a6ffe63,sha256:a8e94b85976e5864ba3e9525c7e6c83b2a1eca42d4b797a0c7c24d778e40fd95,sha256:39c3f62c162ab0fe10acb5bc2b0c17040b2744ecee5fb9d4dd08a2d12c78dfb2,results/basis_a5_unique_shared/whisper/pos_unique/encoder/cs_dialogue/L17/pos_unique_encoder_L17_oracle_local_rho0.5.json
whisper,cs_dialogue,encoder,18,0.5806451612903226,pos_unique,oracle_local,0.5,NOT_TESTED,0.25752985207627876,0.4911816578483245,0.4947089947089947,,0.9773610991099974,89,137,-48,89,137,,79516,456622.8012161255,18.896887063344447,5.742527305399234,0.3038874755482027,1.0,0.5679914453751559,0.6869488536155203,,,-0.3104615932988771,,sha256:f124788c1e961eec11e783db025b2d34f77e316b9520c51c7ed8e4cc36241d24,sha256:10022e9839d9be3dafbe1bd1508d369194e67f9d5f1e4c3677336fa056376fd6,sha256:db44fc36dde6fe547757530d0681da140ba114b627899224deb9690f2a6ffe63,sha256:a8e94b85976e5864ba3e9525c7e6c83b2a1eca42d4b797a0c7c24d778e40fd95,sha256:39c3f62c162ab0fe10acb5bc2b0c17040b2744ecee5fb9d4dd08a2d12c78dfb2,results/basis_a5_unique_shared/whisper/pos_unique/encoder/cs_dialogue/L18/pos_unique_encoder_L18_oracle_local_rho0.5.json
whisper,cs_dialogue,encoder,19,0.6129032258064516,pos_unique,oracle_local,0.5,NOT_TESTED,0.256104081268936,0.4933862433862434,0.4964726631393298,,0.9796077075952648,86,139,-53,86,139,,79516,447924.5005645752,18.879240736958245,5.633136734299703,0.2983772924338107,1.0,0.6598348482148161,0.7222222222222222,,,-0.40373076694588006,,sha256:fb2e94594f831b451f9b5ade66d56882275e452dde3186f41996fd14cc109e23,sha256:10022e9839d9be3dafbe1bd1508d369194e67f9d5f1e4c3677336fa056376fd6,sha256:db44fc36dde6fe547757530d0681da140ba114b627899224deb9690f2a6ffe63,sha256:a8e94b85976e5864ba3e9525c7e6c83b2a1eca42d4b797a0c7c24d778e40fd95,sha256:39c3f62c162ab0fe10acb5bc2b0c17040b2744ecee5fb9d4dd08a2d12c78dfb2,results/basis_a5_unique_shared/whisper/pos_unique/encoder/cs_dialogue/L19/pos_unique_encoder_L19_oracle_local_rho0.5.json
whisper,cs_dialogue,encoder,20,0.6451612903225806,pos_unique,oracle_local,0.5,NOT_TESTED,0.2533119467712232,0.47795414462081126,0.48192239858906527,,0.9777067311846539,112,130,-18,112,130,,79516,458576.8979797363,19.097981228807562,5.767102193014441,0.30197444033065096,1.0,0.5991801817857779,0.7835097001763669,,,-0.3458682350145547,,sha256:8da67d43b15d1ed889d0c2ffa70f7dbc71b6220a8807b23a20658e6669ea2dd3,sha256:10022e9839d9be3dafbe1bd1508d369194e67f9d5f1e4c3677336fa056376fd6,sha256:db44fc36dde6fe547757530d0681da140ba114b627899224deb9690f2a6ffe63,sha256:a8e94b85976e5864ba3e9525c7e6c83b2a1eca42d4b797a0c7c24d778e40fd95,sha256:39c3f62c162ab0fe10acb5bc2b0c17040b2744ecee5fb9d4dd08a2d12c78dfb2,results/basis_a5_unique_shared/whisper/pos_unique/encoder/cs_dialogue/L20/pos_unique_encoder_L20_oracle_local_rho0.5.json
whisper,cs_dialogue,encoder,21,0.6774193548387096,pos_unique,oracle_local,0.5,NOT_TESTED,0.26531218439969106,0.49603174603174605,0.49955908289241624,,0.9637086321610645,96,155,-59,96,155,,79516,664188.4886627197,43.51180510446815,8.352891099435581,0.19196838833463697,1.0,0.5987643319669697,0.7945326278659612,,,-0.3334521475672786,,sha256:5b451740b5414ea5056ecd66c013e8ca6a18e682417e70f60e9441faa611fe47,sha256:10022e9839d9be3dafbe1bd1508d369194e67f9d5f1e4c3677336fa056376fd6,sha256:db44fc36dde6fe547757530d0681da140ba114b627899224deb9690f2a6ffe63,sha256:a8e94b85976e5864ba3e9525c7e6c83b2a1eca42d4b797a0c7c24d778e40fd95,sha256:39c3f62c162ab0fe10acb5bc2b0c17040b2744ecee5fb9d4dd08a2d12c78dfb2,results/basis_a5_unique_shared/whisper/pos_unique/encoder/cs_dialogue/L21/pos_unique_encoder_L21_oracle_local_rho0.5.json
whisper,cs_dialogue,encoder,22,0.7096774193548387,pos_unique,oracle_local,0.5,NOT_TESTED,0.27517376581714487,0.4704585537918871,0.47530864197530864,,0.9622396958437743,114,115,-1,114,115,,79516,673661.5997009277,43.44451010033509,8.472025752061569,0.19500797068479833,1.0,0.5514168597397968,0.7667548500881834,,,-0.27624309392265195,,sha256:f54dc5a5636e2a9afa2d8d5381274db89a31177738048f91a6510f1ba02b5673,sha256:10022e9839d9be3dafbe1bd1508d369194e67f9d5f1e4c3677336fa056376fd6,sha256:db44fc36dde6fe547757530d0681da140ba114b627899224deb9690f2a6ffe63,sha256:a8e94b85976e5864ba3e9525c7e6c83b2a1eca42d4b797a0c7c24d778e40fd95,sha256:39c3f62c162ab0fe10acb5bc2b0c17040b2744ecee5fb9d4dd08a2d12c78dfb2,results/basis_a5_unique_shared/whisper/pos_unique/encoder/cs_dialogue/L22/pos_unique_encoder_L22_oracle_local_rho0.5.json
whisper,cs_dialogue,encoder,23,0.7419354838709677,pos_unique,oracle_local,0.5,NOT_TESTED,0.6441513693340463,0.808641975308642,0.8095238095238095,,0.6638728073965264,18,786,-768,18,786,,79516,848693.5595092773,43.44347157620575,10.673242611666549,0.2456811627713552,1.0,0.6480722390542387,0.7482363315696648,,,-0.003920869720192455,,sha256:95fb79443c690e85cf498b5d5ff7cf8606d6e2157cdb1ebeb770d40d8f2fd171,sha256:10022e9839d9be3dafbe1bd1508d369194e67f9d5f1e4c3677336fa056376fd6,sha256:db44fc36dde6fe547757530d0681da140ba114b627899224deb9690f2a6ffe63,sha256:a8e94b85976e5864ba3e9525c7e6c83b2a1eca42d4b797a0c7c24d778e40fd95,sha256:39c3f62c162ab0fe10acb5bc2b0c17040b2744ecee5fb9d4dd08a2d12c78dfb2,results/basis_a5_unique_shared/whisper/pos_unique/encoder/cs_dialogue/L23/pos_unique_encoder_L23_oracle_local_rho0.5.json
whisper,cs_dialogue,encoder,24,0.7741935483870968,pos_unique,oracle_local,0.5,UNSTABLE,0.25444068199370284,0.4554673721340388,0.4576719576719577,,0.9732999222327832,138,105,33,138,105,,79516,708063.4089813232,43.47940510056545,8.904665840602183,0.20480192449749912,1.0,0.6581120418226103,0.7288359788359788,,,-0.40367135982890745,,sha256:69c246959027af42dc8b30ec8130a63c0d4b53d6add069ddd2942cd3bad8235d,sha256:10022e9839d9be3dafbe1bd1508d369194e67f9d5f1e4c3677336fa056376fd6,sha256:db44fc36dde6fe547757530d0681da140ba114b627899224deb9690f2a6ffe63,sha256:a8e94b85976e5864ba3e9525c7e6c83b2a1eca42d4b797a0c7c24d778e40fd95,sha256:39c3f62c162ab0fe10acb5bc2b0c17040b2744ecee5fb9d4dd08a2d12c78dfb2,results/basis_a5_unique_shared/whisper/pos_unique/encoder/cs_dialogue/L24/pos_unique_encoder_L24_oracle_local_rho0.5.json
whisper,cs_dialogue,encoder,25,0.8064516129032258,pos_unique,oracle_local,0.5,NOT_TESTED,0.26174775738133427,0.4470899470899471,0.4506172839506173,,0.9758057547740431,144,92,52,144,92,,79516,746368.5463104248,43.624811230389916,9.386394515700298,0.21516183683017398,1.0,0.6525871799441573,0.7103174603174603,,,-0.390839422562823,,sha256:24780d84a0534120e435921e45b8793a3d4ec3c959a6244613293c07d92b1917,sha256:10022e9839d9be3dafbe1bd1508d369194e67f9d5f1e4c3677336fa056376fd6,sha256:db44fc36dde6fe547757530d0681da140ba114b627899224deb9690f2a6ffe63,sha256:a8e94b85976e5864ba3e9525c7e6c83b2a1eca42d4b797a0c7c24d778e40fd95,sha256:39c3f62c162ab0fe10acb5bc2b0c17040b2744ecee5fb9d4dd08a2d12c78dfb2,results/basis_a5_unique_shared/whisper/pos_unique/encoder/cs_dialogue/L25/pos_unique_encoder_L25_oracle_local_rho0.5.json
whisper,cs_dialogue,encoder,26,0.8387096774193549,pos_unique,oracle_local,0.5,UNSTABLE,0.5707835798728688,0.794973544973545,0.8699294532627866,,0.668193208329733,18,755,-737,18,755,,79516,854320.9483184814,43.65496924811131,10.74401313343832,0.24611203073755802,1.0,0.7027861937860156,0.7182539682539683,,,-0.13200261391314683,,sha256:a22b527b4bde78b7eab7d37612c22e1f9a8cb1e2d8c57ea238aed05306a1154c,sha256:10022e9839d9be3dafbe1bd1508d369194e67f9d5f1e4c3677336fa056376fd6,sha256:db44fc36dde6fe547757530d0681da140ba114b627899224deb9690f2a6ffe63,sha256:a8e94b85976e5864ba3e9525c7e6c83b2a1eca42d4b797a0c7c24d778e40fd95,sha256:39c3f62c162ab0fe10acb5bc2b0c17040b2744ecee5fb9d4dd08a2d12c78dfb2,results/basis_a5_unique_shared/whisper/pos_unique/encoder/cs_dialogue/L26/pos_unique_encoder_L26_oracle_local_rho0.5.json
whisper,cs_dialogue,encoder,27,0.8709677419354839,pos_unique,oracle_local,0.5,UNSTABLE,0.611299233648191,0.7905643738977073,0.843915343915344,,0.6690572885163744,10,737,-727,10,737,,79516,855694.7855682373,43.78790324216062,10.761290627901772,0.24575944110382528,1.0,0.4963464623061843,0.650352733686067,,,0.11495277134200677,,sha256:970a0f5692f63b5a33e8818d4c0650a2d4d7c6a2558983d676aef7dadfeb2cf4,sha256:10022e9839d9be3dafbe1bd1508d369194e67f9d5f1e4c3677336fa056376fd6,sha256:db44fc36dde6fe547757530d0681da140ba114b627899224deb9690f2a6ffe63,sha256:a8e94b85976e5864ba3e9525c7e6c83b2a1eca42d4b797a0c7c24d778e40fd95,sha256:39c3f62c162ab0fe10acb5bc2b0c17040b2744ecee5fb9d4dd08a2d12c78dfb2,results/basis_a5_unique_shared/whisper/pos_unique/encoder/cs_dialogue/L27/pos_unique_encoder_L27_oracle_local_rho0.5.json
whisper,cs_dialogue,encoder,28,0.9032258064516129,pos_unique,oracle_local,0.5,NOT_TESTED,0.6339333452147567,0.7486772486772487,0.892416225749559,,0.6870301563985138,41,673,-632,41,673,,79516,869232.905456543,44.17195262325572,10.931547178637544,0.2474771100085416,1.0,0.3956513990376047,0.6247795414462081,,,0.23828194617715204,,sha256:8467ae5006b8044fac2703cf476037855d9b863863922949cad610a82ff5bda0,sha256:10022e9839d9be3dafbe1bd1508d369194e67f9d5f1e4c3677336fa056376fd6,sha256:db44fc36dde6fe547757530d0681da140ba114b627899224deb9690f2a6ffe63,sha256:a8e94b85976e5864ba3e9525c7e6c83b2a1eca42d4b797a0c7c24d778e40fd95,sha256:39c3f62c162ab0fe10acb5bc2b0c17040b2744ecee5fb9d4dd08a2d12c78dfb2,results/basis_a5_unique_shared/whisper/pos_unique/encoder/cs_dialogue/L28/pos_unique_encoder_L28_oracle_local_rho0.5.json
whisper,cs_dialogue,encoder,29,0.9354838709677419,pos_unique,oracle_local,0.5,NOT_TESTED,1.0270302382225391,0.8029100529100529,0.8258377425044092,,0.6325931046401106,18,773,-755,18,773,,79516,880520.8655853271,44.704481962503245,11.073505528262578,0.24770459341304296,1.0,0.5049010871502406,0.6556437389770723,,,0.5221291510722985,,sha256:2d6b14ebbc44951f160585e3b0a96ab6db294ba3fb4f82b252d3992fa8e38f4a,sha256:10022e9839d9be3dafbe1bd1508d369194e67f9d5f1e4c3677336fa056376fd6,sha256:db44fc36dde6fe547757530d0681da140ba114b627899224deb9690f2a6ffe63,sha256:a8e94b85976e5864ba3e9525c7e6c83b2a1eca42d4b797a0c7c24d778e40fd95,sha256:39c3f62c162ab0fe10acb5bc2b0c17040b2744ecee5fb9d4dd08a2d12c78dfb2,results/basis_a5_unique_shared/whisper/pos_unique/encoder/cs_dialogue/L29/pos_unique_encoder_L29_oracle_local_rho0.5.json
whisper,cs_dialogue,encoder,30,0.967741935483871,pos_unique,oracle_local,0.5,NOT_TESTED,0.8525515356739738,0.6878306878306878,1.009700176366843,,0.6698349606843516,43,537,-494,43,537,,79516,1093741.317993164,45.76706788088811,13.754984128894362,0.3005432675891022,1.0,0.5811204182261035,0.6838624338624338,,,0.2714311174478703,,sha256:95dd84ae2ead1da3f4ad81fd8601975160e99163375a64596fffda7bf3604780,sha256:10022e9839d9be3dafbe1bd1508d369194e67f9d5f1e4c3677336fa056376fd6,sha256:db44fc36dde6fe547757530d0681da140ba114b627899224deb9690f2a6ffe63,sha256:a8e94b85976e5864ba3e9525c7e6c83b2a1eca42d4b797a0c7c24d778e40fd95,sha256:39c3f62c162ab0fe10acb5bc2b0c17040b2744ecee5fb9d4dd08a2d12c78dfb2,results/basis_a5_unique_shared/whisper/pos_unique/encoder/cs_dialogue/L30/pos_unique_encoder_L30_oracle_local_rho0.5.json
whisper,cs_dialogue,encoder,31,1.0,pos_unique,oracle_local,0.5,UNSTABLE,0.726370819224143,0.6935626102292769,0.857583774250441,,0.6828825715026354,51,558,-507,51,558,,79516,1155182.7611694336,47.30925050298239,14.527676960227295,0.3070789920738961,1.0,0.7031426364878512,0.7283950617283951,,,0.02322818273629179,,sha256:9db12fab122cce7ce632eb2b94928422e47779e6bb1bb4be0aa514bee49ee8d4,sha256:10022e9839d9be3dafbe1bd1508d369194e67f9d5f1e4c3677336fa056376fd6,sha256:db44fc36dde6fe547757530d0681da140ba114b627899224deb9690f2a6ffe63,sha256:a8e94b85976e5864ba3e9525c7e6c83b2a1eca42d4b797a0c7c24d778e40fd95,sha256:39c3f62c162ab0fe10acb5bc2b0c17040b2744ecee5fb9d4dd08a2d12c78dfb2,results/basis_a5_unique_shared/whisper/pos_unique/encoder/cs_dialogue/L31/pos_unique_encoder_L31_oracle_local_rho0.5.json
whisper,seame_dev_man,encoder,0,0.0,pos_unique,oracle_local,0.5,NOT_TESTED,0.4806282722513089,0.6767676767676768,0.696969696969697,,0.8894009216589862,5,4,1,5,4,,2367,26072.808723449707,21.90080835207837,11.015128315779345,0.5029553310863987,1.0,0.5015706806282723,0.7575757575757576,,,-0.020942408376963373,,sha256:a80c587771c8d86f5b22030c010e3f587776a6ec592de49878ddec9520886238,sha256:8cc631cffa63db22ac6fe20f209c8ce0a1c3b43e0a0be4068776f60c78eb69bc,sha256:db44fc36dde6fe547757530d0681da140ba114b627899224deb9690f2a6ffe63,sha256:a8e94b85976e5864ba3e9525c7e6c83b2a1eca42d4b797a0c7c24d778e40fd95,sha256:39c3f62c162ab0fe10acb5bc2b0c17040b2744ecee5fb9d4dd08a2d12c78dfb2,results/basis_a5_unique_shared/whisper/pos_unique/encoder/seame_dev_man/L00/pos_unique_encoder_L0_oracle_local_rho0.5.json
whisper,seame_dev_man,encoder,1,0.03225806451612903,pos_unique,oracle_local,0.5,NOT_TESTED,0.4900523560209424,0.7878787878787878,0.797979797979798,,0.7788018433179723,0,10,-10,0,10,,2367,22802.27327632904,18.086265248087926,9.633406538373062,0.5326365839620484,1.0,0.4963350785340314,0.7373737373737373,,,-0.006282722513089034,,sha256:2d418e8930495895b292b6372b5c9ab930c4282dcd740cf545f65ae0f57444a8,sha256:8cc631cffa63db22ac6fe20f209c8ce0a1c3b43e0a0be4068776f60c78eb69bc,sha256:db44fc36dde6fe547757530d0681da140ba114b627899224deb9690f2a6ffe63,sha256:a8e94b85976e5864ba3e9525c7e6c83b2a1eca42d4b797a0c7c24d778e40fd95,sha256:39c3f62c162ab0fe10acb5bc2b0c17040b2744ecee5fb9d4dd08a2d12c78dfb2,results/basis_a5_unique_shared/whisper/pos_unique/encoder/seame_dev_man/L01/pos_unique_encoder_L1_oracle_local_rho0.5.json
whisper,seame_dev_man,encoder,2,0.06451612903225806,pos_unique,oracle_local,0.5,NOT_TESTED,0.362303664921466,0.7070707070707071,0.7272727272727273,,0.9508448540706606,4,6,-2,4,6,,2367,16213.702229976654,17.86814138704984,6.849895323184053,0.3833580211173279,1.0,0.49109947643979057,0.7777777777777778,,,-0.1287958115183246,,sha256:878970d561ea3442bbe20673d6d101158179edcbff376fcf59cf0835a8a8caab,sha256:8cc631cffa63db22ac6fe20f209c8ce0a1c3b43e0a0be4068776f60c78eb69bc,sha256:db44fc36dde6fe547757530d0681da140ba114b627899224deb9690f2a6ffe63,sha256:a8e94b85976e5864ba3e9525c7e6c83b2a1eca42d4b797a0c7c24d778e40fd95,sha256:39c3f62c162ab0fe10acb5bc2b0c17040b2744ecee5fb9d4dd08a2d12c78dfb2,results/basis_a5_unique_shared/whisper/pos_unique/encoder/seame_dev_man/L02/pos_unique_encoder_L2_oracle_local_rho0.5.json
whisper,seame_dev_man,encoder,3,0.0967741935483871,pos_unique,oracle_local,0.5,NOT_TESTED,0.36858638743455496,0.7272727272727273,0.7474747474747475,,0.9477726574500768,2,6,-4,2,6,,2367,14988.11551618576,17.72732279478975,6.332114708992717,0.3571952055193463,1.0,0.4963350785340314,0.7777777777777778,,,-0.12774869109947645,,sha256:924e53d7ac210db2239f7183fb174c6da9a2a8476dc27e27e31f48629bb8ff70,sha256:8cc631cffa63db22ac6fe20f209c8ce0a1c3b43e0a0be4068776f60c78eb69bc,sha256:db44fc36dde6fe547757530d0681da140ba114b627899224deb9690f2a6ffe63,sha256:a8e94b85976e5864ba3e9525c7e6c83b2a1eca42d4b797a0c7c24d778e40fd95,sha256:39c3f62c162ab0fe10acb5bc2b0c17040b2744ecee5fb9d4dd08a2d12c78dfb2,results/basis_a5_unique_shared/whisper/pos_unique/encoder/seame_dev_man/L03/pos_unique_encoder_L3_oracle_local_rho0.5.json
whisper,seame_dev_man,encoder,4,0.12903225806451613,pos_unique,oracle_local,0.5,NOT_TESTED,0.3643979057591623,0.7373737373737373,0.7575757575757576,,0.9477726574500768,1,6,-5,1,6,,2367,13251.837439060211,17.727536306635056,5.598579399687457,0.3158126037847698,1.0,0.5099476439790576,0.7373737373737373,,,-0.14554973821989525,,sha256:31da88a193b87fab69660f511c390aa247972421288e50cebcc40b9982cb2856,sha256:8cc631cffa63db22ac6fe20f209c8ce0a1c3b43e0a0be4068776f60c78eb69bc,sha256:db44fc36dde6fe547757530d0681da140ba114b627899224deb9690f2a6ffe63,sha256:a8e94b85976e5864ba3e9525c7e6c83b2a1eca42d4b797a0c7c24d778e40fd95,sha256:39c3f62c162ab0fe10acb5bc2b0c17040b2744ecee5fb9d4dd08a2d12c78dfb2,results/basis_a5_unique_shared/whisper/pos_unique/encoder/seame_dev_man/L04/pos_unique_encoder_L4_oracle_local_rho0.5.json
whisper,seame_dev_man,encoder,5,0.16129032258064516,pos_unique,oracle_local,0.5,NOT_TESTED,0.3633507853403141,0.7272727272727273,0.7474747474747475,,0.9523809523809523,1,5,-4,1,5,,2367,12595.30013179779,17.781027431673373,5.321208336205235,0.2992632656719576,1.0,0.4952879581151832,0.7474747474747475,,,-0.1319371727748691,,sha256:7c85ada9c5eba5bb457f3b82fa15b36058802413443e109bfa691260a0bcd877,sha256:8cc631cffa63db22ac6fe20f209c8ce0a1c3b43e0a0be4068776f60c78eb69bc,sha256:db44fc36dde6fe547757530d0681da140ba114b627899224deb9690f2a6ffe63,sha256:a8e94b85976e5864ba3e9525c7e6c83b2a1eca42d4b797a0c7c24d778e40fd95,sha256:39c3f62c162ab0fe10acb5bc2b0c17040b2744ecee5fb9d4dd08a2d12c78dfb2,results/basis_a5_unique_shared/whisper/pos_unique/encoder/seame_dev_man/L05/pos_unique_encoder_L5_oracle_local_rho0.5.json
whisper,seame_dev_man,encoder,6,0.1935483870967742,pos_unique,oracle_local,0.5,NOT_TESTED,0.3643979057591623,0.7272727272727273,0.7474747474747475,,0.9508448540706606,2,6,-4,2,6,,2367,12003.624412059784,18.419513106900123,5.071239717811484,0.27531887994975013,1.0,0.4837696335078534,0.7474747474747475,,,-0.11937172774869109,,sha256:fc65455615cbd5d05632b2be53ea06e6f562e945d57ed57e9959b824459c213d,sha256:8cc631cffa63db22ac6fe20f209c8ce0a1c3b43e0a0be4068776f60c78eb69bc,sha256:db44fc36dde6fe547757530d0681da140ba114b627899224deb9690f2a6ffe63,sha256:a8e94b85976e5864ba3e9525c7e6c83b2a1eca42d4b797a0c7c24d778e40fd95,sha256:39c3f62c162ab0fe10acb5bc2b0c17040b2744ecee5fb9d4dd08a2d12c78dfb2,results/basis_a5_unique_shared/whisper/pos_unique/encoder/seame_dev_man/L06/pos_unique_encoder_L6_oracle_local_rho0.5.json
whisper,seame_dev_man,encoder,7,0.22580645161290322,pos_unique,oracle_local,0.5,NOT_TESTED,0.3643979057591623,0.7272727272727273,0.7474747474747475,,0.9493087557603687,1,5,-4,1,5,,2367,11496.942973136902,18.252741038069022,4.857179118351036,0.2661068333912484,1.0,0.48900523560209425,0.7474747474747475,,,-0.12460732984293194,,sha256:aaecf810f6bfe4f8002d2572410b322eda07e7380b716df85ae910bbbd5381e9,sha256:8cc631cffa63db22ac6fe20f209c8ce0a1c3b43e0a0be4068776f60c78eb69bc,sha256:db44fc36dde6fe547757530d0681da140ba114b627899224deb9690f2a6ffe63,sha256:a8e94b85976e5864ba3e9525c7e6c83b2a1eca42d4b797a0c7c24d778e40fd95,sha256:39c3f62c162ab0fe10acb5bc2b0c17040b2744ecee5fb9d4dd08a2d12c78dfb2,results/basis_a5_unique_shared/whisper/pos_unique/encoder/seame_dev_man/L07/pos_unique_encoder_L7_oracle_local_rho0.5.json
whisper,seame_dev_man,encoder,8,0.25806451612903225,pos_unique,oracle_local,0.5,NOT_TESTED,0.35706806282722514,0.696969696969697,0.7171717171717171,,0.9523809523809523,4,5,-1,4,5,,2367,11165.388719081879,18.425807198644137,4.71710550024583,0.2560053651594128,1.0,0.5057591623036649,0.7474747474747475,,,-0.14869109947643977,,sha256:bc7ab4138215305aaf691817443581f4725f626600c09a537433546c1355d9f7,sha256:8cc631cffa63db22ac6fe20f209c8ce0a1c3b43e0a0be4068776f60c78eb69bc,sha256:db44fc36dde6fe547757530d0681da140ba114b627899224deb9690f2a6ffe63,sha256:a8e94b85976e5864ba3e9525c7e6c83b2a1eca42d4b797a0c7c24d778e40fd95,sha256:39c3f62c162ab0fe10acb5bc2b0c17040b2744ecee5fb9d4dd08a2d12c78dfb2,results/basis_a5_unique_shared/whisper/pos_unique/encoder/seame_dev_man/L08/pos_unique_encoder_L8_oracle_local_rho0.5.json
whisper,seame_dev_man,encoder,9,0.2903225806451613,pos_unique,oracle_local,0.5,NOT_TESTED,0.362303664921466,0.7373737373737373,0.7575757575757576,,0.9523809523809523,1,6,-5,1,6,,2367,10828.865721225739,18.490175518749837,4.574932708587131,0.2474250557517938,1.0,0.5057591623036649,0.7575757575757576,,,-0.14345549738219893,,sha256:f1358cd4819cdfcd70c982ed5acc546216352e1c8c802c9060d241a3d5c0e349,sha256:8cc631cffa63db22ac6fe20f209c8ce0a1c3b43e0a0be4068776f60c78eb69bc,sha256:db44fc36dde6fe547757530d0681da140ba114b627899224deb9690f2a6ffe63,sha256:a8e94b85976e5864ba3e9525c7e6c83b2a1eca42d4b797a0c7c24d778e40fd95,sha256:39c3f62c162ab0fe10acb5bc2b0c17040b2744ecee5fb9d4dd08a2d12c78dfb2,results/basis_a5_unique_shared/whisper/pos_unique/encoder/seame_dev_man/L09/pos_unique_encoder_L9_oracle_local_rho0.5.json
whisper,seame_dev_man,encoder,10,0.3225806451612903,pos_unique,oracle_local,0.5,NOT_TESTED,0.3612565445026178,0.7070707070707071,0.7272727272727273,,0.9447004608294931,4,6,-2,4,6,,2367,10896.687403440475,18.639491088087166,4.603585721774599,0.24698022601683764,1.0,0.5099476439790576,0.7575757575757576,,,-0.14869109947643977,,sha256:e9a1ff734288e6bb6a6516cfde5fcf6c1310cefc081d0bb06d5997c61cc33ae3,sha256:8cc631cffa63db22ac6fe20f209c8ce0a1c3b43e0a0be4068776f60c78eb69bc,sha256:db44fc36dde6fe547757530d0681da140ba114b627899224deb9690f2a6ffe63,sha256:a8e94b85976e5864ba3e9525c7e6c83b2a1eca42d4b797a0c7c24d778e40fd95,sha256:39c3f62c162ab0fe10acb5bc2b0c17040b2744ecee5fb9d4dd08a2d12c78dfb2,results/basis_a5_unique_shared/whisper/pos_unique/encoder/seame_dev_man/L10/pos_unique_encoder_L10_oracle_local_rho0.5.json
whisper,seame_dev_man,encoder,11,0.3548387096774194,pos_unique,oracle_local,0.5,NOT_TESTED,0.36020942408376966,0.696969696969697,0.7070707070707071,,0.9477726574500768,4,5,-1,4,5,,2367,10989.108144283295,18.607395506529652,4.6426312396634115,0.24950462508491492,1.0,0.5109947643979058,0.7777777777777778,,,-0.15078534031413615,,sha256:e4a9dc57f0d91bde3155101f1798007fec5c44366e4aecf049cc2649e2c214d7,sha256:8cc631cffa63db22ac6fe20f209c8ce0a1c3b43e0a0be4068776f60c78eb69bc,sha256:db44fc36dde6fe547757530d0681da140ba114b627899224deb9690f2a6ffe63,sha256:a8e94b85976e5864ba3e9525c7e6c83b2a1eca42d4b797a0c7c24d778e40fd95,sha256:39c3f62c162ab0fe10acb5bc2b0c17040b2744ecee5fb9d4dd08a2d12c78dfb2,results/basis_a5_unique_shared/whisper/pos_unique/encoder/seame_dev_man/L11/pos_unique_encoder_L11_oracle_local_rho0.5.json
whisper,seame_dev_man,encoder,12,0.3870967741935484,pos_unique,oracle_local,0.5,NOT_TESTED,0.3539267015706806,0.696969696969697,0.7171717171717171,,0.956989247311828,4,5,-1,4,5,,2367,10827.624687671661,18.51695029545193,4.574408402058158,0.24703897397087626,1.0,0.5172774869109947,0.7676767676767676,,,-0.1633507853403141,,sha256:7bf85b4792b320266aeaf325741caed55bbdbe31ae36e1a97ae2f46632405ce6,sha256:8cc631cffa63db22ac6fe20f209c8ce0a1c3b43e0a0be4068776f60c78eb69bc,sha256:db44fc36dde6fe547757530d0681da140ba114b627899224deb9690f2a6ffe63,sha256:a8e94b85976e5864ba3e9525c7e6c83b2a1eca42d4b797a0c7c24d778e40fd95,sha256:39c3f62c162ab0fe10acb5bc2b0c17040b2744ecee5fb9d4dd08a2d12c78dfb2,results/basis_a5_unique_shared/whisper/pos_unique/encoder/seame_dev_man/L12/pos_unique_encoder_L12_oracle_local_rho0.5.json
whisper,seame_dev_man,encoder,13,0.41935483870967744,pos_unique,oracle_local,0.5,NOT_TESTED,0.3769633507853403,0.7070707070707071,0.7272727272727273,,0.9539170506912442,3,5,-2,3,5,,2367,10605.541594028473,18.52021143614717,4.48058368991486,0.24192940266166704,1.0,0.5256544502617801,0.7777777777777778,,,-0.14869109947643983,,sha256:c0d4ac23773c238c0eae3f5a266639136913cac960b314fc08ae5414b48b14b8,sha256:8cc631cffa63db22ac6fe20f209c8ce0a1c3b43e0a0be4068776f60c78eb69bc,sha256:db44fc36dde6fe547757530d0681da140ba114b627899224deb9690f2a6ffe63,sha256:a8e94b85976e5864ba3e9525c7e6c83b2a1eca42d4b797a0c7c24d778e40fd95,sha256:39c3f62c162ab0fe10acb5bc2b0c17040b2744ecee5fb9d4dd08a2d12c78dfb2,results/basis_a5_unique_shared/whisper/pos_unique/encoder/seame_dev_man/L13/pos_unique_encoder_L13_oracle_local_rho0.5.json
whisper,seame_dev_man,encoder,14,0.45161290322580644,pos_unique,oracle_local,0.5,NOT_TESTED,0.38010471204188484,0.7070707070707071,0.7272727272727273,,0.9493087557603687,3,5,-2,3,5,,2367,10077.756758213043,18.438132320318637,4.25760741791848,0.23091316104867302,1.0,0.5172774869109947,0.7777777777777778,,,-0.1371727748691099,,sha256:93f4100114aea64e68580e9f09293ee54ed6f8acf5a9d64bb37634c9550a207b,sha256:8cc631cffa63db22ac6fe20f209c8ce0a1c3b43e0a0be4068776f60c78eb69bc,sha256:db44fc36dde6fe547757530d0681da140ba114b627899224deb9690f2a6ffe63,sha256:a8e94b85976e5864ba3e9525c7e6c83b2a1eca42d4b797a0c7c24d778e40fd95,sha256:39c3f62c162ab0fe10acb5bc2b0c17040b2744ecee5fb9d4dd08a2d12c78dfb2,results/basis_a5_unique_shared/whisper/pos_unique/encoder/seame_dev_man/L14/pos_unique_encoder_L14_oracle_local_rho0.5.json
whisper,seame_dev_man,encoder,15,0.4838709677419355,pos_unique,oracle_local,0.5,NOT_TESTED,0.3612565445026178,0.7171717171717171,0.7373737373737373,,0.9692780337941628,3,6,-3,3,6,,2367,10310.886364459991,18.676176673911723,4.356099013291082,0.23324361775694735,1.0,0.5089005235602094,0.7777777777777778,,,-0.14764397905759163,,sha256:e2093ccaf7aa7785257beeb42d08ee3f7453c5309b7db4ff5f1ee70f3a52afd9,sha256:8cc631cffa63db22ac6fe20f209c8ce0a1c3b43e0a0be4068776f60c78eb69bc,sha256:db44fc36dde6fe547757530d0681da140ba114b627899224deb9690f2a6ffe63,sha256:a8e94b85976e5864ba3e9525c7e6c83b2a1eca42d4b797a0c7c24d778e40fd95,sha256:39c3f62c162ab0fe10acb5bc2b0c17040b2744ecee5fb9d4dd08a2d12c78dfb2,results/basis_a5_unique_shared/whisper/pos_unique/encoder/seame_dev_man/L15/pos_unique_encoder_L15_oracle_local_rho0.5.json
whisper,seame_dev_man,encoder,16,0.5161290322580645,pos_unique,oracle_local,0.5,NOT_TESTED,0.36020942408376966,0.7171717171717171,0.7373737373737373,,0.9662058371735791,3,6,-3,3,6,,2367,10720.022659301758,18.796552874037722,4.528949158978351,0.2409457302798244,1.0,0.48900523560209425,0.7878787878787878,,,-0.1287958115183246,,sha256:8a89d4aaeb4bdcf7f17869f55ec76b3b6035f151875eadb9fef6c95dc90edbf6,sha256:8cc631cffa63db22ac6fe20f209c8ce0a1c3b43e0a0be4068776f60c78eb69bc,sha256:db44fc36dde6fe547757530d0681da140ba114b627899224deb9690f2a6ffe63,sha256:a8e94b85976e5864ba3e9525c7e6c83b2a1eca42d4b797a0c7c24d778e40fd95,sha256:39c3f62c162ab0fe10acb5bc2b0c17040b2744ecee5fb9d4dd08a2d12c78dfb2,results/basis_a5_unique_shared/whisper/pos_unique/encoder/seame_dev_man/L16/pos_unique_encoder_L16_oracle_local_rho0.5.json
whisper,seame_dev_man,encoder,17,0.5483870967741935,pos_unique,oracle_local,0.5,NOT_TESTED,0.35916230366492147,0.7171717171717171,0.7373737373737373,,0.9754224270353302,3,6,-3,3,6,,2367,10674.870025157928,18.75543419580496,4.509873267916319,0.2404568841666724,1.0,0.4942408376963351,0.7474747474747475,,,-0.13507853403141362,,sha256:d09c558600ca4ff8a6bf6f03fc53c29e164d3a465217d77bff5bc6df1939cb9f,sha256:8cc631cffa63db22ac6fe20f209c8ce0a1c3b43e0a0be4068776f60c78eb69bc,sha256:db44fc36dde6fe547757530d0681da140ba114b627899224deb9690f2a6ffe63,sha256:a8e94b85976e5864ba3e9525c7e6c83b2a1eca42d4b797a0c7c24d778e40fd95,sha256:39c3f62c162ab0fe10acb5bc2b0c17040b2744ecee5fb9d4dd08a2d12c78dfb2,results/basis_a5_unique_shared/whisper/pos_unique/encoder/seame_dev_man/L17/pos_unique_encoder_L17_oracle_local_rho0.5.json
whisper,seame_dev_man,encoder,18,0.5806451612903226,pos_unique,oracle_local,0.5,NOT_TESTED,0.3643979057591623,0.7171717171717171,0.7373737373737373,,0.9615975422427036,3,6,-3,3,6,,2367,10903.829264640808,18.9089416879413,4.6066029846391245,0.24362034960300658,1.0,0.47853403141361256,0.7474747474747475,,,-0.11413612565445025,,sha256:f124788c1e961eec11e783db025b2d34f77e316b9520c51c7ed8e4cc36241d24,sha256:8cc631cffa63db22ac6fe20f209c8ce0a1c3b43e0a0be4068776f60c78eb69bc,sha256:db44fc36dde6fe547757530d0681da140ba114b627899224deb9690f2a6ffe63,sha256:a8e94b85976e5864ba3e9525c7e6c83b2a1eca42d4b797a0c7c24d778e40fd95,sha256:39c3f62c162ab0fe10acb5bc2b0c17040b2744ecee5fb9d4dd08a2d12c78dfb2,results/basis_a5_unique_shared/whisper/pos_unique/encoder/seame_dev_man/L18/pos_unique_encoder_L18_oracle_local_rho0.5.json
whisper,seame_dev_man,encoder,19,0.6129032258064516,pos_unique,oracle_local,0.5,NOT_TESTED,0.3507853403141361,0.7070707070707071,0.7272727272727273,,0.9692780337941628,3,5,-2,3,5,,2367,10736.746478557587,18.977870885561327,4.536014566353015,0.2390159883427223,1.0,0.4774869109947644,0.7474747474747475,,,-0.12670157068062832,,sha256:fb2e94594f831b451f9b5ade66d56882275e452dde3186f41996fd14cc109e23,sha256:8cc631cffa63db22ac6fe20f209c8ce0a1c3b43e0a0be4068776f60c78eb69bc,sha256:db44fc36dde6fe547757530d0681da140ba114b627899224deb9690f2a6ffe63,sha256:a8e94b85976e5864ba3e9525c7e6c83b2a1eca42d4b797a0c7c24d778e40fd95,sha256:39c3f62c162ab0fe10acb5bc2b0c17040b2744ecee5fb9d4dd08a2d12c78dfb2,results/basis_a5_unique_shared/whisper/pos_unique/encoder/seame_dev_man/L19/pos_unique_encoder_L19_oracle_local_rho0.5.json
whisper,seame_dev_man,encoder,20,0.6451612903225806,pos_unique,oracle_local,0.5,NOT_TESTED,0.36020942408376966,0.7070707070707071,0.7373737373737373,,0.9723502304147466,3,5,-2,3,5,,2367,11044.45288324356,19.255093755427925,4.6660130474201775,0.24232616608812146,1.0,0.49109947643979057,0.7373737373737373,,,-0.13089005235602091,,sha256:8da67d43b15d1ed889d0c2ffa70f7dbc71b6220a8807b23a20658e6669ea2dd3,sha256:8cc631cffa63db22ac6fe20f209c8ce0a1c3b43e0a0be4068776f60c78eb69bc,sha256:db44fc36dde6fe547757530d0681da140ba114b627899224deb9690f2a6ffe63,sha256:a8e94b85976e5864ba3e9525c7e6c83b2a1eca42d4b797a0c7c24d778e40fd95,sha256:39c3f62c162ab0fe10acb5bc2b0c17040b2744ecee5fb9d4dd08a2d12c78dfb2,results/basis_a5_unique_shared/whisper/pos_unique/encoder/seame_dev_man/L20/pos_unique_encoder_L20_oracle_local_rho0.5.json
whisper,seame_dev_man,encoder,21,0.6774193548387096,pos_unique,oracle_local,0.5,NOT_TESTED,0.36020942408376966,0.6767676767676768,0.7070707070707071,,0.9692780337941628,5,4,1,5,4,,2367,15486.028399467468,39.91299347903691,6.54247080670362,0.16391831923455838,1.0,0.43455497382198954,0.7272727272727273,,,-0.07434554973821988,,sha256:5b451740b5414ea5056ecd66c013e8ca6a18e682417e70f60e9441faa611fe47,sha256:8cc631cffa63db22ac6fe20f209c8ce0a1c3b43e0a0be4068776f60c78eb69bc,sha256:db44fc36dde6fe547757530d0681da140ba114b627899224deb9690f2a6ffe63,sha256:a8e94b85976e5864ba3e9525c7e6c83b2a1eca42d4b797a0c7c24d778e40fd95,sha256:39c3f62c162ab0fe10acb5bc2b0c17040b2744ecee5fb9d4dd08a2d12c78dfb2,results/basis_a5_unique_shared/whisper/pos_unique/encoder/seame_dev_man/L21/pos_unique_encoder_L21_oracle_local_rho0.5.json
whisper,seame_dev_man,encoder,22,0.7096774193548387,pos_unique,oracle_local,0.5,NOT_TESTED,0.37277486910994767,0.6767676767676768,0.696969696969697,,0.9615975422427036,4,3,1,4,3,,2367,15727.395480155945,39.83157556692558,6.644442534920128,0.166813449891181,1.0,0.7256544502617801,0.7575757575757576,,,-0.35287958115183243,,sha256:f54dc5a5636e2a9afa2d8d5381274db89a31177738048f91a6510f1ba02b5673,sha256:8cc631cffa63db22ac6fe20f209c8ce0a1c3b43e0a0be4068776f60c78eb69bc,sha256:db44fc36dde6fe547757530d0681da140ba114b627899224deb9690f2a6ffe63,sha256:a8e94b85976e5864ba3e9525c7e6c83b2a1eca42d4b797a0c7c24d778e40fd95,sha256:39c3f62c162ab0fe10acb5bc2b0c17040b2744ecee5fb9d4dd08a2d12c78dfb2,results/basis_a5_unique_shared/whisper/pos_unique/encoder/seame_dev_man/L22/pos_unique_encoder_L22_oracle_local_rho0.5.json
whisper,seame_dev_man,encoder,23,0.7419354838709677,pos_unique,oracle_local,0.5,NOT_TESTED,0.4806282722513089,0.7777777777777778,0.7878787878787878,,0.7726574500768049,4,13,-9,4,13,,2367,26099.666308403015,39.97546207506948,11.026474992988177,0.27583108288483776,1.0,0.45549738219895286,0.7171717171717171,,,0.025130890052356025,,sha256:95fb79443c690e85cf498b5d5ff7cf8606d6e2157cdb1ebeb770d40d8f2fd171,sha256:8cc631cffa63db22ac6fe20f209c8ce0a1c3b43e0a0be4068776f60c78eb69bc,sha256:db44fc36dde6fe547757530d0681da140ba114b627899224deb9690f2a6ffe63,sha256:a8e94b85976e5864ba3e9525c7e6c83b2a1eca42d4b797a0c7c24d778e40fd95,sha256:39c3f62c162ab0fe10acb5bc2b0c17040b2744ecee5fb9d4dd08a2d12c78dfb2,results/basis_a5_unique_shared/whisper/pos_unique/encoder/seame_dev_man/L23/pos_unique_encoder_L23_oracle_local_rho0.5.json
whisper,seame_dev_man,encoder,24,0.7741935483870968,pos_unique,oracle_local,0.5,UNSTABLE,0.3581151832460733,0.6666666666666666,0.696969696969697,,0.9738863287250384,3,1,2,3,1,,2367,16425.186052322388,40.15467143894803,6.939242100685419,0.17281282231971398,1.0,0.46282722513089003,0.7171717171717171,,,-0.10471204188481675,,sha256:69c246959027af42dc8b30ec8130a63c0d4b53d6add069ddd2942cd3bad8235d,sha256:8cc631cffa63db22ac6fe20f209c8ce0a1c3b43e0a0be4068776f60c78eb69bc,sha256:db44fc36dde6fe547757530d0681da140ba114b627899224deb9690f2a6ffe63,sha256:a8e94b85976e5864ba3e9525c7e6c83b2a1eca42d4b797a0c7c24d778e40fd95,sha256:39c3f62c162ab0fe10acb5bc2b0c17040b2744ecee5fb9d4dd08a2d12c78dfb2,results/basis_a5_unique_shared/whisper/pos_unique/encoder/seame_dev_man/L24/pos_unique_encoder_L24_oracle_local_rho0.5.json
whisper,seame_dev_man,encoder,25,0.8064516129032258,pos_unique,oracle_local,0.5,NOT_TESTED,0.3539267015706806,0.6868686868686869,0.7171717171717171,,0.9800307219662059,3,3,0,3,3,,2367,17642.89374923706,40.37492109040041,7.453694021646413,0.1846119774440528,1.0,0.6397905759162303,0.696969696969697,,,-0.2858638743455497,,sha256:24780d84a0534120e435921e45b8793a3d4ec3c959a6244613293c07d92b1917,sha256:8cc631cffa63db22ac6fe20f209c8ce0a1c3b43e0a0be4068776f60c78eb69bc,sha256:db44fc36dde6fe547757530d0681da140ba114b627899224deb9690f2a6ffe63,sha256:a8e94b85976e5864ba3e9525c7e6c83b2a1eca42d4b797a0c7c24d778e40fd95,sha256:39c3f62c162ab0fe10acb5bc2b0c17040b2744ecee5fb9d4dd08a2d12c78dfb2,results/basis_a5_unique_shared/whisper/pos_unique/encoder/seame_dev_man/L25/pos_unique_encoder_L25_oracle_local_rho0.5.json
whisper,seame_dev_man,encoder,26,0.8387096774193549,pos_unique,oracle_local,0.5,UNSTABLE,0.4732984293193717,0.7272727272727273,0.7373737373737373,,0.7956989247311828,4,8,-4,4,8,,2367,26115.93419933319,40.27287388855161,11.033347781720824,0.2739647488841684,1.0,0.5340314136125655,0.7171717171717171,,,-0.06073298429319374,,sha256:a22b527b4bde78b7eab7d37612c22e1f9a8cb1e2d8c57ea238aed05306a1154c,sha256:8cc631cffa63db22ac6fe20f209c8ce0a1c3b43e0a0be4068776f60c78eb69bc,sha256:db44fc36dde6fe547757530d0681da140ba114b627899224deb9690f2a6ffe63,sha256:a8e94b85976e5864ba3e9525c7e6c83b2a1eca42d4b797a0c7c24d778e40fd95,sha256:39c3f62c162ab0fe10acb5bc2b0c17040b2744ecee5fb9d4dd08a2d12c78dfb2,results/basis_a5_unique_shared/whisper/pos_unique/encoder/seame_dev_man/L26/pos_unique_encoder_L26_oracle_local_rho0.5.json
whisper,seame_dev_man,encoder,27,0.8709677419354839,pos_unique,oracle_local,0.5,UNSTABLE,0.6649214659685864,0.7272727272727273,0.7373737373737373,,0.7849462365591398,6,10,-4,6,10,,2367,26204.102339744568,40.48567673200084,11.070596679233024,0.27344477288884145,1.0,0.4418848167539267,0.6464646464646465,,,0.22303664921465965,,sha256:970a0f5692f63b5a33e8818d4c0650a2d4d7c6a2558983d676aef7dadfeb2cf4,sha256:8cc631cffa63db22ac6fe20f209c8ce0a1c3b43e0a0be4068776f60c78eb69bc,sha256:db44fc36dde6fe547757530d0681da140ba114b627899224deb9690f2a6ffe63,sha256:a8e94b85976e5864ba3e9525c7e6c83b2a1eca42d4b797a0c7c24d778e40fd95,sha256:39c3f62c162ab0fe10acb5bc2b0c17040b2744ecee5fb9d4dd08a2d12c78dfb2,results/basis_a5_unique_shared/whisper/pos_unique/encoder/seame_dev_man/L27/pos_unique_encoder_L27_oracle_local_rho0.5.json
whisper,seame_dev_man,encoder,28,0.9032258064516129,pos_unique,oracle_local,0.5,NOT_TESTED,0.45654450261780105,0.7070707070707071,0.7272727272727273,,0.8095238095238095,4,6,-2,4,6,,2367,26693.589035987854,41.032485797529134,11.277392917612106,0.27484059760013857,1.0,0.4167539267015707,0.6767676767676768,,,0.039790575916230364,,sha256:8467ae5006b8044fac2703cf476037855d9b863863922949cad610a82ff5bda0,sha256:8cc631cffa63db22ac6fe20f209c8ce0a1c3b43e0a0be4068776f60c78eb69bc,sha256:db44fc36dde6fe547757530d0681da140ba114b627899224deb9690f2a6ffe63,sha256:a8e94b85976e5864ba3e9525c7e6c83b2a1eca42d4b797a0c7c24d778e40fd95,sha256:39c3f62c162ab0fe10acb5bc2b0c17040b2744ecee5fb9d4dd08a2d12c78dfb2,results/basis_a5_unique_shared/whisper/pos_unique/encoder/seame_dev_man/L28/pos_unique_encoder_L28_oracle_local_rho0.5.json
whisper,seame_dev_man,encoder,29,0.9354838709677419,pos_unique,oracle_local,0.5,NOT_TESTED,1.1916230366492147,0.7575757575757576,1.0707070707070707,,0.7788018433179723,3,10,-7,3,10,,2367,26968.38320350647,41.59549017722062,11.393486777991749,0.2739115882382674,1.0,0.6167539267015707,0.7070707070707071,,,0.574869109947644,,sha256:2d6b14ebbc44951f160585e3b0a96ab6db294ba3fb4f82b252d3992fa8e38f4a,sha256:8cc631cffa63db22ac6fe20f209c8ce0a1c3b43e0a0be4068776f60c78eb69bc,sha256:db44fc36dde6fe547757530d0681da140ba114b627899224deb9690f2a6ffe63,sha256:a8e94b85976e5864ba3e9525c7e6c83b2a1eca42d4b797a0c7c24d778e40fd95,sha256:39c3f62c162ab0fe10acb5bc2b0c17040b2744ecee5fb9d4dd08a2d12c78dfb2,results/basis_a5_unique_shared/whisper/pos_unique/encoder/seame_dev_man/L29/pos_unique_encoder_L29_oracle_local_rho0.5.json
whisper,seame_dev_man,encoder,30,0.967741935483871,pos_unique,oracle_local,0.5,NOT_TESTED,1.1026178010471204,0.7070707070707071,0.7272727272727273,,0.8325652841781874,4,6,-2,4,6,,2367,31485.774989128113,42.8972680962534,13.301975069340141,0.3100890956387482,1.0,0.8921465968586387,0.6868686868686869,,,0.21047120418848164,,sha256:95dd84ae2ead1da3f4ad81fd8601975160e99163375a64596fffda7bf3604780,sha256:8cc631cffa63db22ac6fe20f209c8ce0a1c3b43e0a0be4068776f60c78eb69bc,sha256:db44fc36dde6fe547757530d0681da140ba114b627899224deb9690f2a6ffe63,sha256:a8e94b85976e5864ba3e9525c7e6c83b2a1eca42d4b797a0c7c24d778e40fd95,sha256:39c3f62c162ab0fe10acb5bc2b0c17040b2744ecee5fb9d4dd08a2d12c78dfb2,results/basis_a5_unique_shared/whisper/pos_unique/encoder/seame_dev_man/L30/pos_unique_encoder_L30_oracle_local_rho0.5.json
whisper,seame_dev_man,encoder,31,1.0,pos_unique,oracle_local,0.5,UNSTABLE,0.8890052356020942,0.6868686868686869,0.7171717171717171,,0.8878648233486943,4,4,0,4,4,,2367,33336.35020542145,44.35059401008919,14.083798143397317,0.31755602056183135,1.0,1.0387434554973822,0.7070707070707071,,,-0.14973821989528802,,sha256:9db12fab122cce7ce632eb2b94928422e47779e6bb1bb4be0aa514bee49ee8d4,sha256:8cc631cffa63db22ac6fe20f209c8ce0a1c3b43e0a0be4068776f60c78eb69bc,sha256:db44fc36dde6fe547757530d0681da140ba114b627899224deb9690f2a6ffe63,sha256:a8e94b85976e5864ba3e9525c7e6c83b2a1eca42d4b797a0c7c24d778e40fd95,sha256:39c3f62c162ab0fe10acb5bc2b0c17040b2744ecee5fb9d4dd08a2d12c78dfb2,results/basis_a5_unique_shared/whisper/pos_unique/encoder/seame_dev_man/L31/pos_unique_encoder_L31_oracle_local_rho0.5.json
whisper,seame_dev_sge,encoder,0,0.0,pos_unique,oracle_local,0.5,NOT_TESTED,0.3383199079401611,0.8409090909090909,0.8409090909090909,,0.93,1,2,-1,1,2,,2176,24167.012435913086,21.848556139013347,11.106163803268881,0.5083248399850747,1.0,0.3970080552359033,0.8977272727272727,,,-0.05868814729574223,,sha256:a80c587771c8d86f5b22030c010e3f587776a6ec592de49878ddec9520886238,sha256:762b6659d9ce860dec9d0ada3f410521eb69e564df643e06d28479b1fde4f89a,sha256:db44fc36dde6fe547757530d0681da140ba114b627899224deb9690f2a6ffe63,sha256:a8e94b85976e5864ba3e9525c7e6c83b2a1eca42d4b797a0c7c24d778e40fd95,sha256:39c3f62c162ab0fe10acb5bc2b0c17040b2744ecee5fb9d4dd08a2d12c78dfb2,results/basis_a5_unique_shared/whisper/pos_unique/encoder/seame_dev_sge/L00/pos_unique_encoder_L0_oracle_local_rho0.5.json
whisper,seame_dev_sge,encoder,1,0.03225806451612903,pos_unique,oracle_local,0.5,NOT_TESTED,0.43037974683544306,0.9090909090909091,0.9204545454545454,,0.805,2,9,-7,2,9,,2176,21013.051587104797,18.033286737168538,9.656733266132719,0.5354949104330026,1.0,0.4154200230149597,0.8977272727272727,,,0.014959723820483328,,sha256:2d418e8930495895b292b6372b5c9ab930c4282dcd740cf545f65ae0f57444a8,sha256:762b6659d9ce860dec9d0ada3f410521eb69e564df643e06d28479b1fde4f89a,sha256:db44fc36dde6fe547757530d0681da140ba114b627899224deb9690f2a6ffe63,sha256:a8e94b85976e5864ba3e9525c7e6c83b2a1eca42d4b797a0c7c24d778e40fd95,sha256:39c3f62c162ab0fe10acb5bc2b0c17040b2744ecee5fb9d4dd08a2d12c78dfb2,results/basis_a5_unique_shared/whisper/pos_unique/encoder/seame_dev_sge/L01/pos_unique_encoder_L1_oracle_local_rho0.5.json
whisper,seame_dev_sge,encoder,2,0.06451612903225806,pos_unique,oracle_local,0.5,NOT_TESTED,0.3037974683544304,0.7954545454545454,0.7954545454545454,,0.975,4,1,3,4,1,,2176,14471.50401353836,17.832819377674777,6.65050735916285,0.3729363943139994,1.0,0.6006904487917146,0.9090909090909091,,,-0.29689298043728424,,sha256:878970d561ea3442bbe20673d6d101158179edcbff376fcf59cf0835a8a8caab,sha256:762b6659d9ce860dec9d0ada3f410521eb69e564df643e06d28479b1fde4f89a,sha256:db44fc36dde6fe547757530d0681da140ba114b627899224deb9690f2a6ffe63,sha256:a8e94b85976e5864ba3e9525c7e6c83b2a1eca42d4b797a0c7c24d778e40fd95,sha256:39c3f62c162ab0fe10acb5bc2b0c17040b2744ecee5fb9d4dd08a2d12c78dfb2,results/basis_a5_unique_shared/whisper/pos_unique/encoder/seame_dev_sge/L02/pos_unique_encoder_L2_oracle_local_rho0.5.json
whisper,seame_dev_sge,encoder,3,0.0967741935483871,pos_unique,oracle_local,0.5,NOT_TESTED,0.31185270425776757,0.8181818181818182,0.8181818181818182,,0.9716666666666667,4,3,1,4,3,,2176,13344.849766731262,17.69935661116067,6.132743458975764,0.3464952762807572,1.0,0.5891829689298044,0.8977272727272727,,,-0.2773302646720368,,sha256:924e53d7ac210db2239f7183fb174c6da9a2a8476dc27e27e31f48629bb8ff70,sha256:762b6659d9ce860dec9d0ada3f410521eb69e564df643e06d28479b1fde4f89a,sha256:db44fc36dde6fe547757530d0681da140ba114b627899224deb9690f2a6ffe63,sha256:a8e94b85976e5864ba3e9525c7e6c83b2a1eca42d4b797a0c7c24d778e40fd95,sha256:39c3f62c162ab0fe10acb5bc2b0c17040b2744ecee5fb9d4dd08a2d12c78dfb2,results/basis_a5_unique_shared/whisper/pos_unique/encoder/seame_dev_sge/L03/pos_unique_encoder_L3_oracle_local_rho0.5.json
whisper,seame_dev_sge,encoder,4,0.12903225806451613,pos_unique,oracle_local,0.5,NOT_TESTED,0.3037974683544304,0.8068181818181818,0.8068181818181818,,0.98,3,1,2,3,1,,2176,11805.481174468994,17.71869004298659,5.425313039737589,0.30619154274810717,1.0,0.6006904487917146,0.9090909090909091,,,-0.29689298043728424,,sha256:31da88a193b87fab69660f511c390aa247972421288e50cebcc40b9982cb2856,sha256:762b6659d9ce860dec9d0ada3f410521eb69e564df643e06d28479b1fde4f89a,sha256:db44fc36dde6fe547757530d0681da140ba114b627899224deb9690f2a6ffe63,sha256:a8e94b85976e5864ba3e9525c7e6c83b2a1eca42d4b797a0c7c24d778e40fd95,sha256:39c3f62c162ab0fe10acb5bc2b0c17040b2744ecee5fb9d4dd08a2d12c78dfb2,results/basis_a5_unique_shared/whisper/pos_unique/encoder/seame_dev_sge/L04/pos_unique_encoder_L4_oracle_local_rho0.5.json
whisper,seame_dev_sge,encoder,5,0.16129032258064516,pos_unique,oracle_local,0.5,NOT_TESTED,0.30149597238204834,0.8068181818181818,0.8068181818181818,,0.9833333333333333,3,1,2,3,1,,2176,11219.743828296661,17.788567313376596,5.156132274033392,0.2898565231926294,1.0,0.8227848101265823,0.9204545454545454,,,-0.5212888377445339,,sha256:7c85ada9c5eba5bb457f3b82fa15b36058802413443e109bfa691260a0bcd877,sha256:762b6659d9ce860dec9d0ada3f410521eb69e564df643e06d28479b1fde4f89a,sha256:db44fc36dde6fe547757530d0681da140ba114b627899224deb9690f2a6ffe63,sha256:a8e94b85976e5864ba3e9525c7e6c83b2a1eca42d4b797a0c7c24d778e40fd95,sha256:39c3f62c162ab0fe10acb5bc2b0c17040b2744ecee5fb9d4dd08a2d12c78dfb2,results/basis_a5_unique_shared/whisper/pos_unique/encoder/seame_dev_sge/L05/pos_unique_encoder_L5_oracle_local_rho0.5.json
whisper,seame_dev_sge,encoder,6,0.1935483870967742,pos_unique,oracle_local,0.5,NOT_TESTED,0.3037974683544304,0.8295454545454546,0.8295454545454546,,0.9766666666666667,1,1,0,1,1,,2176,10695.965997219086,18.477954174665843,4.9154255501925945,0.2660156802927825,1.0,0.8250863060989643,0.9090909090909091,,,-0.5212888377445339,,sha256:fc65455615cbd5d05632b2be53ea06e6f562e945d57ed57e9959b824459c213d,sha256:762b6659d9ce860dec9d0ada3f410521eb69e564df643e06d28479b1fde4f89a,sha256:db44fc36dde6fe547757530d0681da140ba114b627899224deb9690f2a6ffe63,sha256:a8e94b85976e5864ba3e9525c7e6c83b2a1eca42d4b797a0c7c24d778e40fd95,sha256:39c3f62c162ab0fe10acb5bc2b0c17040b2744ecee5fb9d4dd08a2d12c78dfb2,results/basis_a5_unique_shared/whisper/pos_unique/encoder/seame_dev_sge/L06/pos_unique_encoder_L6_oracle_local_rho0.5.json
whisper,seame_dev_sge,encoder,7,0.22580645161290322,pos_unique,oracle_local,0.5,NOT_TESTED,0.30724971231300346,0.8068181818181818,0.8068181818181818,,0.975,3,1,2,3,1,,2176,10286.230948925018,18.302561714368707,4.727128193439806,0.2582768613056336,1.0,0.6075949367088608,0.9090909090909091,,,-0.3003452243958573,,sha256:aaecf810f6bfe4f8002d2572410b322eda07e7380b716df85ae910bbbd5381e9,sha256:762b6659d9ce860dec9d0ada3f410521eb69e564df643e06d28479b1fde4f89a,sha256:db44fc36dde6fe547757530d0681da140ba114b627899224deb9690f2a6ffe63,sha256:a8e94b85976e5864ba3e9525c7e6c83b2a1eca42d4b797a0c7c24d778e40fd95,sha256:39c3f62c162ab0fe10acb5bc2b0c17040b2744ecee5fb9d4dd08a2d12c78dfb2,results/basis_a5_unique_shared/whisper/pos_unique/encoder/seame_dev_sge/L07/pos_unique_encoder_L7_oracle_local_rho0.5.json
whisper,seame_dev_sge,encoder,8,0.25806451612903225,pos_unique,oracle_local,0.5,NOT_TESTED,0.3095512082853855,0.8181818181818182,0.8181818181818182,,0.9766666666666667,2,1,1,2,1,,2176,10003.114401817322,18.4866857923129,4.597019486129284,0.2486665018150959,1.0,0.5972382048331415,0.9318181818181818,,,-0.287686996547756,,sha256:bc7ab4138215305aaf691817443581f4725f626600c09a537433546c1355d9f7,sha256:762b6659d9ce860dec9d0ada3f410521eb69e564df643e06d28479b1fde4f89a,sha256:db44fc36dde6fe547757530d0681da140ba114b627899224deb9690f2a6ffe63,sha256:a8e94b85976e5864ba3e9525c7e6c83b2a1eca42d4b797a0c7c24d778e40fd95,sha256:39c3f62c162ab0fe10acb5bc2b0c17040b2744ecee5fb9d4dd08a2d12c78dfb2,results/basis_a5_unique_shared/whisper/pos_unique/encoder/seame_dev_sge/L08/pos_unique_encoder_L8_oracle_local_rho0.5.json
whisper,seame_dev_sge,encoder,9,0.2903225806451613,pos_unique,oracle_local,0.5,NOT_TESTED,0.3095512082853855,0.8295454545454546,0.8295454545454546,,0.98,1,1,0,1,1,,2176,9699.960292339325,18.556584268808365,4.457702340229469,0.24022213763350783,1.0,0.6064441887226697,0.9204545454545454,,,-0.2968929804372842,,sha256:f1358cd4819cdfcd70c982ed5acc546216352e1c8c802c9060d241a3d5c0e349,sha256:762b6659d9ce860dec9d0ada3f410521eb69e564df643e06d28479b1fde4f89a,sha256:db44fc36dde6fe547757530d0681da140ba114b627899224deb9690f2a6ffe63,sha256:a8e94b85976e5864ba3e9525c7e6c83b2a1eca42d4b797a0c7c24d778e40fd95,sha256:39c3f62c162ab0fe10acb5bc2b0c17040b2744ecee5fb9d4dd08a2d12c78dfb2,results/basis_a5_unique_shared/whisper/pos_unique/encoder/seame_dev_sge/L09/pos_unique_encoder_L9_oracle_local_rho0.5.json
whisper,seame_dev_sge,encoder,10,0.3225806451612903,pos_unique,oracle_local,0.5,NOT_TESTED,0.3176064441887227,0.8295454545454546,0.8295454545454546,,0.9733333333333334,1,1,0,1,1,,2176,9771.284355163574,18.708781536011134,4.490479942630319,0.24001990370067286,1.0,0.5983889528193326,0.9204545454545454,,,-0.2807825086306099,,sha256:e9a1ff734288e6bb6a6516cfde5fcf6c1310cefc081d0bb06d5997c61cc33ae3,sha256:762b6659d9ce860dec9d0ada3f410521eb69e564df643e06d28479b1fde4f89a,sha256:db44fc36dde6fe547757530d0681da140ba114b627899224deb9690f2a6ffe63,sha256:a8e94b85976e5864ba3e9525c7e6c83b2a1eca42d4b797a0c7c24d778e40fd95,sha256:39c3f62c162ab0fe10acb5bc2b0c17040b2744ecee5fb9d4dd08a2d12c78dfb2,results/basis_a5_unique_shared/whisper/pos_unique/encoder/seame_dev_sge/L10/pos_unique_encoder_L10_oracle_local_rho0.5.json
whisper,seame_dev_sge,encoder,11,0.3548387096774194,pos_unique,oracle_local,0.5,NOT_TESTED,0.31070195627157654,0.8295454545454546,0.8295454545454546,,0.9766666666666667,1,1,0,1,1,,2176,9841.857198238373,18.679800428888377,4.5229123153668995,0.24212851376999722,1.0,0.8216340621403913,0.9204545454545454,,,-0.5109321058688148,,sha256:e4a9dc57f0d91bde3155101f1798007fec5c44366e4aecf049cc2649e2c214d7,sha256:762b6659d9ce860dec9d0ada3f410521eb69e564df643e06d28479b1fde4f89a,sha256:db44fc36dde6fe547757530d0681da140ba114b627899224deb9690f2a6ffe63,sha256:a8e94b85976e5864ba3e9525c7e6c83b2a1eca42d4b797a0c7c24d778e40fd95,sha256:39c3f62c162ab0fe10acb5bc2b0c17040b2744ecee5fb9d4dd08a2d12c78dfb2,results/basis_a5_unique_shared/whisper/pos_unique/encoder/seame_dev_sge/L11/pos_unique_encoder_L11_oracle_local_rho0.5.json
whisper,seame_dev_sge,encoder,12,0.3870967741935484,pos_unique,oracle_local,0.5,NOT_TESTED,0.3130034522439586,0.8295454545454546,0.8295454545454546,,0.9766666666666667,1,1,0,1,1,,2176,9700.006363153458,18.58074501244461,4.457723512478611,0.23991091366320422,1.0,0.8331415420023015,0.9318181818181818,,,-0.520138089758343,,sha256:7bf85b4792b320266aeaf325741caed55bbdbe31ae36e1a97ae2f46632405ce6,sha256:762b6659d9ce860dec9d0ada3f410521eb69e564df643e06d28479b1fde4f89a,sha256:db44fc36dde6fe547757530d0681da140ba114b627899224deb9690f2a6ffe63,sha256:a8e94b85976e5864ba3e9525c7e6c83b2a1eca42d4b797a0c7c24d778e40fd95,sha256:39c3f62c162ab0fe10acb5bc2b0c17040b2744ecee5fb9d4dd08a2d12c78dfb2,results/basis_a5_unique_shared/whisper/pos_unique/encoder/seame_dev_sge/L12/pos_unique_encoder_L12_oracle_local_rho0.5.json
whisper,seame_dev_sge,encoder,13,0.41935483870967744,pos_unique,oracle_local,0.5,NOT_TESTED,0.31185270425776757,0.8181818181818182,0.8181818181818182,,0.975,1,0,1,1,0,,2176,9520.058763504028,18.593170038040945,4.3750270052867775,0.23530290941972953,1.0,0.8481012658227848,0.9204545454545454,,,-0.5362485615650172,,sha256:c0d4ac23773c238c0eae3f5a266639136913cac960b314fc08ae5414b48b14b8,sha256:762b6659d9ce860dec9d0ada3f410521eb69e564df643e06d28479b1fde4f89a,sha256:db44fc36dde6fe547757530d0681da140ba114b627899224deb9690f2a6ffe63,sha256:a8e94b85976e5864ba3e9525c7e6c83b2a1eca42d4b797a0c7c24d778e40fd95,sha256:39c3f62c162ab0fe10acb5bc2b0c17040b2744ecee5fb9d4dd08a2d12c78dfb2,results/basis_a5_unique_shared/whisper/pos_unique/encoder/seame_dev_sge/L13/pos_unique_encoder_L13_oracle_local_rho0.5.json
whisper,seame_dev_sge,encoder,14,0.45161290322580644,pos_unique,oracle_local,0.5,NOT_TESTED,0.3095512082853855,0.8181818181818182,0.8181818181818182,,0.9783333333333334,1,0,1,1,0,,2176,9078.45341706276,18.499880208688623,4.1720833718119295,0.22551948038303923,1.0,0.6823935558112774,0.9318181818181818,,,-0.37284234752589185,,sha256:93f4100114aea64e68580e9f09293ee54ed6f8acf5a9d64bb37634c9550a207b,sha256:762b6659d9ce860dec9d0ada3f410521eb69e564df643e06d28479b1fde4f89a,sha256:db44fc36dde6fe547757530d0681da140ba114b627899224deb9690f2a6ffe63,sha256:a8e94b85976e5864ba3e9525c7e6c83b2a1eca42d4b797a0c7c24d778e40fd95,sha256:39c3f62c162ab0fe10acb5bc2b0c17040b2744ecee5fb9d4dd08a2d12c78dfb2,results/basis_a5_unique_shared/whisper/pos_unique/encoder/seame_dev_sge/L14/pos_unique_encoder_L14_oracle_local_rho0.5.json
whisper,seame_dev_sge,encoder,15,0.4838709677419355,pos_unique,oracle_local,0.5,NOT_TESTED,0.31185270425776757,0.8068181818181818,0.8068181818181818,,0.9783333333333334,2,0,2,2,0,,2176,9289.132970571518,18.755880519747734,4.268903019564116,0.22760344496060658,1.0,0.6467203682393556,0.9431818181818182,,,-0.33486766398158807,,sha256:e2093ccaf7aa7785257beeb42d08ee3f7453c5309b7db4ff5f1ee70f3a52afd9,sha256:762b6659d9ce860dec9d0ada3f410521eb69e564df643e06d28479b1fde4f89a,sha256:db44fc36dde6fe547757530d0681da140ba114b627899224deb9690f2a6ffe63,sha256:a8e94b85976e5864ba3e9525c7e6c83b2a1eca42d4b797a0c7c24d778e40fd95,sha256:39c3f62c162ab0fe10acb5bc2b0c17040b2744ecee5fb9d4dd08a2d12c78dfb2,results/basis_a5_unique_shared/whisper/pos_unique/encoder/seame_dev_sge/L15/pos_unique_encoder_L15_oracle_local_rho0.5.json
whisper,seame_dev_sge,encoder,16,0.5161290322580645,pos_unique,oracle_local,0.5,NOT_TESTED,0.30724971231300346,0.8068181818181818,0.8068181818181818,,0.9783333333333334,2,0,2,2,0,,2176,9663.484223604202,18.866463568280725,4.440939440994578,0.2353880166742492,1.0,0.8607594936708861,0.9204545454545454,,,-0.5535097813578826,,sha256:8a89d4aaeb4bdcf7f17869f55ec76b3b6035f151875eadb9fef6c95dc90edbf6,sha256:762b6659d9ce860dec9d0ada3f410521eb69e564df643e06d28479b1fde4f89a,sha256:db44fc36dde6fe547757530d0681da140ba114b627899224deb9690f2a6ffe63,sha256:a8e94b85976e5864ba3e9525c7e6c83b2a1eca42d4b797a0c7c24d778e40fd95,sha256:39c3f62c162ab0fe10acb5bc2b0c17040b2744ecee5fb9d4dd08a2d12c78dfb2,results/basis_a5_unique_shared/whisper/pos_unique/encoder/seame_dev_sge/L16/pos_unique_encoder_L16_oracle_local_rho0.5.json
whisper,seame_dev_sge,encoder,17,0.5483870967741935,pos_unique,oracle_local,0.5,NOT_TESTED,0.31185270425776757,0.8068181818181818,0.8068181818181818,,0.9783333333333334,2,0,2,2,0,,2176,9607.233376026154,18.820630059522742,4.415088867659078,0.23458772919375034,1.0,0.669735327963176,0.9431818181818182,,,-0.35788262370540846,,sha256:d09c558600ca4ff8a6bf6f03fc53c29e164d3a465217d77bff5bc6df1939cb9f,sha256:762b6659d9ce860dec9d0ada3f410521eb69e564df643e06d28479b1fde4f89a,sha256:db44fc36dde6fe547757530d0681da140ba114b627899224deb9690f2a6ffe63,sha256:a8e94b85976e5864ba3e9525c7e6c83b2a1eca42d4b797a0c7c24d778e40fd95,sha256:39c3f62c162ab0fe10acb5bc2b0c17040b2744ecee5fb9d4dd08a2d12c78dfb2,results/basis_a5_unique_shared/whisper/pos_unique/encoder/seame_dev_sge/L17/pos_unique_encoder_L17_oracle_local_rho0.5.json
whisper,seame_dev_sge,encoder,18,0.5806451612903226,pos_unique,oracle_local,0.5,NOT_TESTED,0.3176064441887227,0.7954545454545454,0.7954545454545454,,0.9683333333333334,3,0,3,3,0,,2176,9762.398953676224,18.98359620834098,4.486396577976206,0.23633017309991983,1.0,0.6524741081703107,0.9318181818181818,,,-0.334867663981588,,sha256:f124788c1e961eec11e783db025b2d34f77e316b9520c51c7ed8e4cc36241d24,sha256:762b6659d9ce860dec9d0ada3f410521eb69e564df643e06d28479b1fde4f89a,sha256:db44fc36dde6fe547757530d0681da140ba114b627899224deb9690f2a6ffe63,sha256:a8e94b85976e5864ba3e9525c7e6c83b2a1eca42d4b797a0c7c24d778e40fd95,sha256:39c3f62c162ab0fe10acb5bc2b0c17040b2744ecee5fb9d4dd08a2d12c78dfb2,results/basis_a5_unique_shared/whisper/pos_unique/encoder/seame_dev_sge/L18/pos_unique_encoder_L18_oracle_local_rho0.5.json
whisper,seame_dev_sge,encoder,19,0.6129032258064516,pos_unique,oracle_local,0.5,NOT_TESTED,0.31530494821634064,0.7954545454545454,0.7954545454545454,,0.97,3,0,3,3,0,,2176,9587.87231707573,19.05408458674655,4.4061913221855376,0.23124654989987561,1.0,0.41196777905638665,0.9090909090909091,,,-0.09666283084004601,,sha256:fb2e94594f831b451f9b5ade66d56882275e452dde3186f41996fd14cc109e23,sha256:762b6659d9ce860dec9d0ada3f410521eb69e564df643e06d28479b1fde4f89a,sha256:db44fc36dde6fe547757530d0681da140ba114b627899224deb9690f2a6ffe63,sha256:a8e94b85976e5864ba3e9525c7e6c83b2a1eca42d4b797a0c7c24d778e40fd95,sha256:39c3f62c162ab0fe10acb5bc2b0c17040b2744ecee5fb9d4dd08a2d12c78dfb2,results/basis_a5_unique_shared/whisper/pos_unique/encoder/seame_dev_sge/L19/pos_unique_encoder_L19_oracle_local_rho0.5.json
whisper,seame_dev_sge,encoder,20,0.6451612903225806,pos_unique,oracle_local,0.5,NOT_TESTED,0.31990794016110474,0.7954545454545454,0.7954545454545454,,0.9666666666666667,3,0,3,3,0,,2176,9860.859213113785,19.339446964509346,4.531644858967732,0.23432132611051126,1.0,0.42692750287687,0.9090909090909091,,,-0.10701956271576524,,sha256:8da67d43b15d1ed889d0c2ffa70f7dbc71b6220a8807b23a20658e6669ea2dd3,sha256:762b6659d9ce860dec9d0ada3f410521eb69e564df643e06d28479b1fde4f89a,sha256:db44fc36dde6fe547757530d0681da140ba114b627899224deb9690f2a6ffe63,sha256:a8e94b85976e5864ba3e9525c7e6c83b2a1eca42d4b797a0c7c24d778e40fd95,sha256:39c3f62c162ab0fe10acb5bc2b0c17040b2744ecee5fb9d4dd08a2d12c78dfb2,results/basis_a5_unique_shared/whisper/pos_unique/encoder/seame_dev_sge/L20/pos_unique_encoder_L20_oracle_local_rho0.5.json
whisper,seame_dev_sge,encoder,21,0.6774193548387096,pos_unique,oracle_local,0.5,NOT_TESTED,0.31990794016110474,0.7840909090909091,0.7840909090909091,,0.9616666666666667,4,0,4,4,0,,2176,13781.272651195526,39.73674724557821,6.333305446321473,0.15938157713767642,1.0,0.3970080552359033,0.9204545454545454,,,-0.07710011507479858,,sha256:5b451740b5414ea5056ecd66c013e8ca6a18e682417e70f60e9441faa611fe47,sha256:762b6659d9ce860dec9d0ada3f410521eb69e564df643e06d28479b1fde4f89a,sha256:db44fc36dde6fe547757530d0681da140ba114b627899224deb9690f2a6ffe63,sha256:a8e94b85976e5864ba3e9525c7e6c83b2a1eca42d4b797a0c7c24d778e40fd95,sha256:39c3f62c162ab0fe10acb5bc2b0c17040b2744ecee5fb9d4dd08a2d12c78dfb2,results/basis_a5_unique_shared/whisper/pos_unique/encoder/seame_dev_sge/L21/pos_unique_encoder_L21_oracle_local_rho0.5.json
whisper,seame_dev_sge,encoder,22,0.7096774193548387,pos_unique,oracle_local,0.5,NOT_TESTED,0.3176064441887227,0.7840909090909091,0.7840909090909091,,0.9716666666666667,4,0,4,4,0,,2176,14046.827991008759,39.664965973180884,6.455343745867996,0.16274673600458198,1.0,0.380897583429229,0.9204545454545454,,,-0.06329113924050633,,sha256:f54dc5a5636e2a9afa2d8d5381274db89a31177738048f91a6510f1ba02b5673,sha256:762b6659d9ce860dec9d0ada3f410521eb69e564df643e06d28479b1fde4f89a,sha256:db44fc36dde6fe547757530d0681da140ba114b627899224deb9690f2a6ffe63,sha256:a8e94b85976e5864ba3e9525c7e6c83b2a1eca42d4b797a0c7c24d778e40fd95,sha256:39c3f62c162ab0fe10acb5bc2b0c17040b2744ecee5fb9d4dd08a2d12c78dfb2,results/basis_a5_unique_shared/whisper/pos_unique/encoder/seame_dev_sge/L22/pos_unique_encoder_L22_oracle_local_rho0.5.json
whisper,seame_dev_sge,encoder,23,0.7419354838709677,pos_unique,oracle_local,0.5,NOT_TESTED,0.42577675489067895,0.9090909090909091,0.9090909090909091,,0.8216666666666667,1,8,-7,1,8,,2176,24097.859035491943,39.81338823718183,11.074383747928282,0.27815727920352895,1.0,0.5350978135788262,0.8863636363636364,,,-0.10932105868814729,,sha256:95fb79443c690e85cf498b5d5ff7cf8606d6e2157cdb1ebeb770d40d8f2fd171,sha256:762b6659d9ce860dec9d0ada3f410521eb69e564df643e06d28479b1fde4f89a,sha256:db44fc36dde6fe547757530d0681da140ba114b627899224deb9690f2a6ffe63,sha256:a8e94b85976e5864ba3e9525c7e6c83b2a1eca42d4b797a0c7c24d778e40fd95,sha256:39c3f62c162ab0fe10acb5bc2b0c17040b2744ecee5fb9d4dd08a2d12c78dfb2,results/basis_a5_unique_shared/whisper/pos_unique/encoder/seame_dev_sge/L23/pos_unique_encoder_L23_oracle_local_rho0.5.json
whisper,seame_dev_sge,encoder,24,0.7741935483870968,pos_unique,oracle_local,0.5,UNSTABLE,0.3049482163406214,0.7727272727272727,0.7727272727272727,,0.9716666666666667,5,0,5,5,0,,2176,14718.012078285217,39.988302283427295,6.763792315388427,0.1691442729288261,1.0,0.39355581127733025,0.8863636363636364,,,-0.08860759493670883,,sha256:69c246959027af42dc8b30ec8130a63c0d4b53d6add069ddd2942cd3bad8235d,sha256:762b6659d9ce860dec9d0ada3f410521eb69e564df643e06d28479b1fde4f89a,sha256:db44fc36dde6fe547757530d0681da140ba114b627899224deb9690f2a6ffe63,sha256:a8e94b85976e5864ba3e9525c7e6c83b2a1eca42d4b797a0c7c24d778e40fd95,sha256:39c3f62c162ab0fe10acb5bc2b0c17040b2744ecee5fb9d4dd08a2d12c78dfb2,results/basis_a5_unique_shared/whisper/pos_unique/encoder/seame_dev_sge/L24/pos_unique_encoder_L24_oracle_local_rho0.5.json
whisper,seame_dev_sge,encoder,25,0.8064516129032258,pos_unique,oracle_local,0.5,NOT_TESTED,0.3084004602991945,0.8068181818181818,0.8068181818181818,,0.9766666666666667,2,0,2,2,0,,2176,15772.499251365662,40.20313564819448,7.2483912000761315,0.18029417564601471,1.0,0.4016110471806674,0.8863636363636364,,,-0.09321058688147293,,sha256:24780d84a0534120e435921e45b8793a3d4ec3c959a6244613293c07d92b1917,sha256:762b6659d9ce860dec9d0ada3f410521eb69e564df643e06d28479b1fde4f89a,sha256:db44fc36dde6fe547757530d0681da140ba114b627899224deb9690f2a6ffe63,sha256:a8e94b85976e5864ba3e9525c7e6c83b2a1eca42d4b797a0c7c24d778e40fd95,sha256:39c3f62c162ab0fe10acb5bc2b0c17040b2744ecee5fb9d4dd08a2d12c78dfb2,results/basis_a5_unique_shared/whisper/pos_unique/encoder/seame_dev_sge/L25/pos_unique_encoder_L25_oracle_local_rho0.5.json
whisper,seame_dev_sge,encoder,26,0.8387096774193549,pos_unique,oracle_local,0.5,UNSTABLE,0.8895281933256617,0.9090909090909091,0.9090909090909091,,0.8466666666666667,1,8,-7,1,8,,2176,24174.34220123291,40.091117941281375,11.109532261596007,0.2771070708945396,1.0,0.6743383199079401,0.8977272727272727,,,0.21518987341772156,,sha256:a22b527b4bde78b7eab7d37612c22e1f9a8cb1e2d8c57ea238aed05306a1154c,sha256:762b6659d9ce860dec9d0ada3f410521eb69e564df643e06d28479b1fde4f89a,sha256:db44fc36dde6fe547757530d0681da140ba114b627899224deb9690f2a6ffe63,sha256:a8e94b85976e5864ba3e9525c7e6c83b2a1eca42d4b797a0c7c24d778e40fd95,sha256:39c3f62c162ab0fe10acb5bc2b0c17040b2744ecee5fb9d4dd08a2d12c78dfb2,results/basis_a5_unique_shared/whisper/pos_unique/encoder/seame_dev_sge/L26/pos_unique_encoder_L26_oracle_local_rho0.5.json
whisper,seame_dev_sge,encoder,27,0.8709677419354839,pos_unique,oracle_local,0.5,UNSTABLE,0.950517836593786,0.9318181818181818,0.9318181818181818,,0.8116666666666666,0,9,-9,0,9,,2176,24209.226340293884,40.30262530200622,11.125563575502705,0.27605059204291804,1.0,0.38204833141542005,0.9090909090909091,,,0.5684695051783659,,sha256:970a0f5692f63b5a33e8818d4c0650a2d4d7c6a2558983d676aef7dadfeb2cf4,sha256:762b6659d9ce860dec9d0ada3f410521eb69e564df643e06d28479b1fde4f89a,sha256:db44fc36dde6fe547757530d0681da140ba114b627899224deb9690f2a6ffe63,sha256:a8e94b85976e5864ba3e9525c7e6c83b2a1eca42d4b797a0c7c24d778e40fd95,sha256:39c3f62c162ab0fe10acb5bc2b0c17040b2744ecee5fb9d4dd08a2d12c78dfb2,results/basis_a5_unique_shared/whisper/pos_unique/encoder/seame_dev_sge/L27/pos_unique_encoder_L27_oracle_local_rho0.5.json
whisper,seame_dev_sge,encoder,28,0.9032258064516129,pos_unique,oracle_local,0.5,NOT_TESTED,0.42002301495972383,0.9090909090909091,0.9090909090909091,,0.83,2,9,-7,2,9,,2176,24598.8765335083,40.84361584396923,11.30463075988433,0.27677840284930394,1.0,0.383199079401611,0.8977272727272727,,,0.03682393555811281,,sha256:8467ae5006b8044fac2703cf476037855d9b863863922949cad610a82ff5bda0,sha256:762b6659d9ce860dec9d0ada3f410521eb69e564df643e06d28479b1fde4f89a,sha256:db44fc36dde6fe547757530d0681da140ba114b627899224deb9690f2a6ffe63,sha256:a8e94b85976e5864ba3e9525c7e6c83b2a1eca42d4b797a0c7c24d778e40fd95,sha256:39c3f62c162ab0fe10acb5bc2b0c17040b2744ecee5fb9d4dd08a2d12c78dfb2,results/basis_a5_unique_shared/whisper/pos_unique/encoder/seame_dev_sge/L28/pos_unique_encoder_L28_oracle_local_rho0.5.json
whisper,seame_dev_sge,encoder,29,0.9354838709677419,pos_unique,oracle_local,0.5,NOT_TESTED,0.6616800920598389,0.9090909090909091,0.9090909090909091,,0.8033333333333333,1,8,-7,1,8,,2176,24893.456409454346,41.39350151489763,11.440007541109534,0.2763720662044559,1.0,0.6409666283084005,0.9204545454545454,,,0.020713463751438455,,sha256:2d6b14ebbc44951f160585e3b0a96ab6db294ba3fb4f82b252d3992fa8e38f4a,sha256:762b6659d9ce860dec9d0ada3f410521eb69e564df643e06d28479b1fde4f89a,sha256:db44fc36dde6fe547757530d0681da140ba114b627899224deb9690f2a6ffe63,sha256:a8e94b85976e5864ba3e9525c7e6c83b2a1eca42d4b797a0c7c24d778e40fd95,sha256:39c3f62c162ab0fe10acb5bc2b0c17040b2744ecee5fb9d4dd08a2d12c78dfb2,results/basis_a5_unique_shared/whisper/pos_unique/encoder/seame_dev_sge/L29/pos_unique_encoder_L29_oracle_local_rho0.5.json
whisper,seame_dev_sge,encoder,30,0.967741935483871,pos_unique,oracle_local,0.5,NOT_TESTED,0.807825086306099,0.9090909090909091,0.9090909090909091,,0.89,1,8,-7,1,8,,2176,28735.323278427124,42.6863639021621,13.20557135957129,0.30936276019758185,1.0,0.903337169159954,0.9090909090909091,,,-0.09551208285385504,,sha256:95dd84ae2ead1da3f4ad81fd8601975160e99163375a64596fffda7bf3604780,sha256:762b6659d9ce860dec9d0ada3f410521eb69e564df643e06d28479b1fde4f89a,sha256:db44fc36dde6fe547757530d0681da140ba114b627899224deb9690f2a6ffe63,sha256:a8e94b85976e5864ba3e9525c7e6c83b2a1eca42d4b797a0c7c24d778e40fd95,sha256:39c3f62c162ab0fe10acb5bc2b0c17040b2744ecee5fb9d4dd08a2d12c78dfb2,results/basis_a5_unique_shared/whisper/pos_unique/encoder/seame_dev_sge/L30/pos_unique_encoder_L30_oracle_local_rho0.5.json
whisper,seame_dev_sge,encoder,31,1.0,pos_unique,oracle_local,0.5,UNSTABLE,0.3912543153049482,0.8863636363636364,0.8863636363636364,,0.8766666666666667,2,7,-5,2,7,,2176,30389.39771080017,44.114771974437375,13.965715859742726,0.3165768570182174,1.0,0.6754890678941312,0.8977272727272727,,,-0.284234752589183,,sha256:9db12fab122cce7ce632eb2b94928422e47779e6bb1bb4be0aa514bee49ee8d4,sha256:762b6659d9ce860dec9d0ada3f410521eb69e564df643e06d28479b1fde4f89a,sha256:db44fc36dde6fe547757530d0681da140ba114b627899224deb9690f2a6ffe63,sha256:a8e94b85976e5864ba3e9525c7e6c83b2a1eca42d4b797a0c7c24d778e40fd95,sha256:39c3f62c162ab0fe10acb5bc2b0c17040b2744ecee5fb9d4dd08a2d12c78dfb2,results/basis_a5_unique_shared/whisper/pos_unique/encoder/seame_dev_sge/L31/pos_unique_encoder_L31_oracle_local_rho0.5.json
whisper,cs_dialogue,decoder,0,0.0,unique_minus_shared,oracle_local,0.5,NOT_TESTED,0.28349076219331076,0.49206349206349204,0.4973544973544973,,0.9791756675019442,19,69,-50,19,69,,1807,2044.950539112091,0.2749055155901298,1.1316826447770287,0.501634606399334,0.12185582304943017,0.2512326976771817,0.48721340388007056,0.2537872037070041,0.4660493827160494,0.03225806451612906,0.02970355848630668,sha256:b243e73b15e85beb932719a1cfa0e888aebba5e67f5d9f700a056409048aabf4,sha256:0cc65e50364fa26ee31b657e748e26033311fbf3161b6d27991b694e461bcfba,sha256:1629d5d6ba2aa530259a76fdb5ecc7109108d4bb4b5c47bf48a4dc3d82cb4395,sha256:a8e94b85976e5864ba3e9525c7e6c83b2a1eca42d4b797a0c7c24d778e40fd95,sha256:39c3f62c162ab0fe10acb5bc2b0c17040b2744ecee5fb9d4dd08a2d12c78dfb2,results/basis_a5_unique_shared/whisper/unique_minus_shared/decoder/cs_dialogue/L00/unique_minus_shared_decoder_L0_oracle_local_rho0.5.json
whisper,cs_dialogue,decoder,1,0.03225806451612903,unique_minus_shared,oracle_local,0.5,NOT_TESTED,0.271015267629062,0.4792768959435626,0.4828042328042328,,0.9926553184135488,11,32,-21,11,32,,1825,3326.719427704811,0.4305242356860708,1.822859960386198,0.517349775652377,0.12218800214247456,0.2596685082872928,0.4876543209876543,0.26976771817263706,0.4876543209876543,0.011346759341769153,0.0012475494564249123,sha256:7aedb9ddab37c3d2338a5ed2d1bccf66a2d8e9880b55dac0855269773b833913,sha256:0cc65e50364fa26ee31b657e748e26033311fbf3161b6d27991b694e461bcfba,sha256:1629d5d6ba2aa530259a76fdb5ecc7109108d4bb4b5c47bf48a4dc3d82cb4395,sha256:a8e94b85976e5864ba3e9525c7e6c83b2a1eca42d4b797a0c7c24d778e40fd95,sha256:39c3f62c162ab0fe10acb5bc2b0c17040b2744ecee5fb9d4dd08a2d12c78dfb2,results/basis_a5_unique_shared/whisper/unique_minus_shared/decoder/cs_dialogue/L01/unique_minus_shared_decoder_L1_oracle_local_rho0.5.json
whisper,cs_dialogue,decoder,2,0.06451612903225806,unique_minus_shared,oracle_local,0.5,NOT_TESTED,0.24451969345927643,0.4537037037037037,0.45943562610229277,,0.992828134450877,58,21,37,58,21,,1836,3915.528457403183,0.5219624031246345,2.132640772006091,0.5136642472833066,0.1257189811010682,0.26620329115428026,0.49250440917107585,0.2650745559318006,0.48148148148148145,-0.02168359769500383,-0.020554862472524194,sha256:67f17c1327afc9fe1daa4675c6bb53be2adbe44ea6211b5fbf2c0b5cc6f35938,sha256:0cc65e50364fa26ee31b657e748e26033311fbf3161b6d27991b694e461bcfba,sha256:1629d5d6ba2aa530259a76fdb5ecc7109108d4bb4b5c47bf48a4dc3d82cb4395,sha256:a8e94b85976e5864ba3e9525c7e6c83b2a1eca42d4b797a0c7c24d778e40fd95,sha256:39c3f62c162ab0fe10acb5bc2b0c17040b2744ecee5fb9d4dd08a2d12c78dfb2,results/basis_a5_unique_shared/whisper/unique_minus_shared/decoder/cs_dialogue/L02/unique_minus_shared_decoder_L2_oracle_local_rho0.5.json
whisper,cs_dialogue,decoder,3,0.0967741935483871,unique_minus_shared,oracle_local,0.5,NOT_TESTED,0.23174716331016457,0.3619929453262787,0.36860670194003525,,0.9917048302082433,274,29,245,274,29,,1802,4086.5150899887085,0.5790328229433599,2.267766420637463,0.4903414407549873,0.12519974987841312,0.26151012891344383,0.48677248677248675,0.26703499079189685,0.4898589065255732,-0.029762965603279262,-0.03528782748173229,sha256:c13906ccc03b459f32fbc2d99c718b8c07c71406816887c78d27708d47157e21,sha256:0cc65e50364fa26ee31b657e748e26033311fbf3161b6d27991b694e461bcfba,sha256:1629d5d6ba2aa530259a76fdb5ecc7109108d4bb4b5c47bf48a4dc3d82cb4395,sha256:a8e94b85976e5864ba3e9525c7e6c83b2a1eca42d4b797a0c7c24d778e40fd95,sha256:39c3f62c162ab0fe10acb5bc2b0c17040b2744ecee5fb9d4dd08a2d12c78dfb2,results/basis_a5_unique_shared/whisper/unique_minus_shared/decoder/cs_dialogue/L03/unique_minus_shared_decoder_L3_oracle_local_rho0.5.json
whisper,cs_dialogue,decoder,4,0.12903225806451613,unique_minus_shared,oracle_local,0.5,NOT_TESTED,0.3087387869066714,0.5030864197530864,0.5198412698412699,,0.9481551888015208,119,194,-75,119,194,,1696,4008.5969586372375,0.551384051393718,2.363559527498371,0.4914197177465611,0.1146410707043396,0.2559852670349908,0.4828042328042328,0.2729757024891582,0.5008818342151675,0.05275351987168059,0.03576308441751319,sha256:d801165bf228e690788a59cfa2acb68c62c1995af9d8a20aee9bb49f0c062d0a,sha256:0cc65e50364fa26ee31b657e748e26033311fbf3161b6d27991b694e461bcfba,sha256:1629d5d6ba2aa530259a76fdb5ecc7109108d4bb4b5c47bf48a4dc3d82cb4395,sha256:a8e94b85976e5864ba3e9525c7e6c83b2a1eca42d4b797a0c7c24d778e40fd95,sha256:39c3f62c162ab0fe10acb5bc2b0c17040b2744ecee5fb9d4dd08a2d12c78dfb2,results/basis_a5_unique_shared/whisper/unique_minus_shared/decoder/cs_dialogue/L04/unique_minus_shared_decoder_L4_oracle_local_rho0.5.json
whisper,cs_dialogue,decoder,5,0.16129032258064516,unique_minus_shared,oracle_local,0.5,NOT_TESTED,0.2638864135923484,0.455026455026455,0.45811287477954143,,0.9785708113712952,60,26,34,60,26,,1788,4355.792461395264,0.6209922823520856,2.4361255376931004,0.48581837681361856,0.12383986701759246,0.2573516307253609,0.48544973544973546,0.27356977365888435,0.5008818342151675,0.0065347828669874986,-0.009683360066535973,sha256:969b4be40d995a8763200a0df3d098acb2fc434584c6ec472f7fdabf95e18c57,sha256:0cc65e50364fa26ee31b657e748e26033311fbf3161b6d27991b694e461bcfba,sha256:1629d5d6ba2aa530259a76fdb5ecc7109108d4bb4b5c47bf48a4dc3d82cb4395,sha256:a8e94b85976e5864ba3e9525c7e6c83b2a1eca42d4b797a0c7c24d778e40fd95,sha256:39c3f62c162ab0fe10acb5bc2b0c17040b2744ecee5fb9d4dd08a2d12c78dfb2,results/basis_a5_unique_shared/whisper/unique_minus_shared/decoder/cs_dialogue/L05/unique_minus_shared_decoder_L5_oracle_local_rho0.5.json
whisper,cs_dialogue,decoder,6,0.1935483870967742,unique_minus_shared,oracle_local,0.5,NOT_TESTED,0.2656686271015268,0.486331569664903,0.49074074074074076,,0.9859154929577465,9,46,-37,9,46,,1805,4049.0655845999718,0.660354256981449,2.243249631357325,0.4204660680469226,0.1237742576973188,0.2818273629180776,0.47442680776014107,0.2758272441038436,0.5013227513227513,-0.016158735816550807,-0.01015861700231685,sha256:17aff1e50ec31e0687645f06c53f3713436254ab509f50d356219950a5e294ab,sha256:0cc65e50364fa26ee31b657e748e26033311fbf3161b6d27991b694e461bcfba,sha256:1629d5d6ba2aa530259a76fdb5ecc7109108d4bb4b5c47bf48a4dc3d82cb4395,sha256:a8e94b85976e5864ba3e9525c7e6c83b2a1eca42d4b797a0c7c24d778e40fd95,sha256:39c3f62c162ab0fe10acb5bc2b0c17040b2744ecee5fb9d4dd08a2d12c78dfb2,results/basis_a5_unique_shared/whisper/unique_minus_shared/decoder/cs_dialogue/L06/unique_minus_shared_decoder_L6_oracle_local_rho0.5.json
whisper,cs_dialogue,decoder,7,0.22580645161290322,unique_minus_shared,oracle_local,0.5,NOT_TESTED,0.28301550525752983,0.4982363315696649,0.54673721340388,,0.9845329646591203,14,78,-64,14,78,,1811,4434.246881484985,0.7049111311123414,2.448507389003305,0.4210230131332516,0.12121009303259488,0.27054001069328104,0.47971781305114636,0.278381750133666,0.5132275132275133,0.01247549456424879,0.004633755123863825,sha256:e54ab1a3bdf64cb434efd5bca86b08a7d1e3ecd04665049262f3b601d1162af1,sha256:0cc65e50364fa26ee31b657e748e26033311fbf3161b6d27991b694e461bcfba,sha256:1629d5d6ba2aa530259a76fdb5ecc7109108d4bb4b5c47bf48a4dc3d82cb4395,sha256:a8e94b85976e5864ba3e9525c7e6c83b2a1eca42d4b797a0c7c24d778e40fd95,sha256:39c3f62c162ab0fe10acb5bc2b0c17040b2744ecee5fb9d4dd08a2d12c78dfb2,results/basis_a5_unique_shared/whisper/unique_minus_shared/decoder/cs_dialogue/L07/unique_minus_shared_decoder_L7_oracle_local_rho0.5.json
whisper,cs_dialogue,decoder,8,0.25806451612903225,unique_minus_shared,oracle_local,0.5,NOT_TESTED,0.2681043188974039,0.5048500881834215,0.5088183421516755,,0.984965004752441,19,98,-79,19,98,,1808,4601.554710507393,0.7666506243990826,2.5451076938647086,0.4114163737413427,0.12392898759339228,0.2653715915166637,0.4880952380952381,0.2785005643676112,0.5141093474426808,0.0027327273807402075,-0.010396245470207344,sha256:352c20e9c3c739dea91c85f305427dbc138818c20a213a079f2c5b5a1c422780,sha256:0cc65e50364fa26ee31b657e748e26033311fbf3161b6d27991b694e461bcfba,sha256:1629d5d6ba2aa530259a76fdb5ecc7109108d4bb4b5c47bf48a4dc3d82cb4395,sha256:a8e94b85976e5864ba3e9525c7e6c83b2a1eca42d4b797a0c7c24d778e40fd95,sha256:39c3f62c162ab0fe10acb5bc2b0c17040b2744ecee5fb9d4dd08a2d12c78dfb2,results/basis_a5_unique_shared/whisper/unique_minus_shared/decoder/cs_dialogue/L08/unique_minus_shared_decoder_L8_oracle_local_rho0.5.json
whisper,cs_dialogue,decoder,9,0.2903225806451613,unique_minus_shared,oracle_local,0.5,NOT_TESTED,0.2677478761955682,0.5061728395061729,0.5097001763668431,,0.9877300613496932,21,103,-82,21,103,,1808,4631.768483519554,0.7643216904441222,2.561818851504178,0.41427212033385497,0.12359857806945584,0.261331907562526,0.49074074074074076,0.27778767896393985,0.5119047619047619,0.006415968633042224,-0.01003980276837163,sha256:525796b13450cfdfb576e9307591d11af62df8eec93efbbb303e8bff64d8b957,sha256:0cc65e50364fa26ee31b657e748e26033311fbf3161b6d27991b694e461bcfba,sha256:1629d5d6ba2aa530259a76fdb5ecc7109108d4bb4b5c47bf48a4dc3d82cb4395,sha256:a8e94b85976e5864ba3e9525c7e6c83b2a1eca42d4b797a0c7c24d778e40fd95,sha256:39c3f62c162ab0fe10acb5bc2b0c17040b2744ecee5fb9d4dd08a2d12c78dfb2,results/basis_a5_unique_shared/whisper/unique_minus_shared/decoder/cs_dialogue/L09/unique_minus_shared_decoder_L9_oracle_local_rho0.5.json
whisper,cs_dialogue,decoder,10,0.3225806451612903,unique_minus_shared,oracle_local,0.5,NOT_TESTED,0.27410443771163784,0.5114638447971781,0.5158730158730159,,0.9900630778536248,16,110,-94,16,110,,1811,4889.424825191498,0.7870520356055483,2.6998480536673095,0.4196951271377731,0.1223483313065802,0.25616348838590863,0.48500881834215165,0.28046099922770745,0.5242504409171076,0.017940949325729205,-0.006356561516069614,sha256:d21ec6a6909fca786920bceb12c6313cfd4fe9c2747186681b60292944b3ad54,sha256:0cc65e50364fa26ee31b657e748e26033311fbf3161b6d27991b694e461bcfba,sha256:1629d5d6ba2aa530259a76fdb5ecc7109108d4bb4b5c47bf48a4dc3d82cb4395,sha256:a8e94b85976e5864ba3e9525c7e6c83b2a1eca42d4b797a0c7c24d778e40fd95,sha256:39c3f62c162ab0fe10acb5bc2b0c17040b2744ecee5fb9d4dd08a2d12c78dfb2,results/basis_a5_unique_shared/whisper/unique_minus_shared/decoder/cs_dialogue/L10/unique_minus_shared_decoder_L10_oracle_local_rho0.5.json
whisper,cs_dialogue,decoder,11,0.3548387096774194,unique_minus_shared,oracle_local,0.5,NOT_TESTED,0.2719063743836512,0.5229276895943563,0.5264550264550265,,0.9856562689017541,16,136,-120,16,136,,1792,4887.2984219789505,0.8021982026966245,2.727287065836468,0.4175724922876479,0.12282385195339274,0.25990613675518326,0.49559082892416223,0.27594605833778885,0.5074955908289241,0.012000237628467914,-0.004039683954137674,sha256:6c2f5b2e1f660107a8b1451a9535ae2b025df98ee98b26c8e0acb475ff37a5d6,sha256:0cc65e50364fa26ee31b657e748e26033311fbf3161b6d27991b694e461bcfba,sha256:1629d5d6ba2aa530259a76fdb5ecc7109108d4bb4b5c47bf48a4dc3d82cb4395,sha256:a8e94b85976e5864ba3e9525c7e6c83b2a1eca42d4b797a0c7c24d778e40fd95,sha256:39c3f62c162ab0fe10acb5bc2b0c17040b2744ecee5fb9d4dd08a2d12c78dfb2,results/basis_a5_unique_shared/whisper/unique_minus_shared/decoder/cs_dialogue/L11/unique_minus_shared_decoder_L11_oracle_local_rho0.5.json
whisper,cs_dialogue,decoder,12,0.3870967741935484,unique_minus_shared,oracle_local,0.5,NOT_TESTED,0.25984672963821065,0.5194003527336861,0.5229276895943563,,0.9883349174803422,23,135,-112,23,135,,1790,5038.116038680077,0.8432869013470362,2.8145899657430595,0.41382417221702283,0.12398697790399668,0.2648369274639102,0.4691358024691358,0.2841442404800095,0.5110229276895943,-0.004990197825699538,-0.024297510841798875,sha256:3e0db6e26e04351ef881b7c31c9f960da35f34f88e406368f659282e38e30dd2,sha256:0cc65e50364fa26ee31b657e748e26033311fbf3161b6d27991b694e461bcfba,sha256:1629d5d6ba2aa530259a76fdb5ecc7109108d4bb4b5c47bf48a4dc3d82cb4395,sha256:a8e94b85976e5864ba3e9525c7e6c83b2a1eca42d4b797a0c7c24d778e40fd95,sha256:39c3f62c162ab0fe10acb5bc2b0c17040b2744ecee5fb9d4dd08a2d12c78dfb2,results/basis_a5_unique_shared/whisper/unique_minus_shared/decoder/cs_dialogue/L12/unique_minus_shared_decoder_L12_oracle_local_rho0.5.json
whisper,cs_dialogue,decoder,13,0.41935483870967744,unique_minus_shared,oracle_local,0.5,NOT_TESTED,0.2413711162597279,0.4109347442680776,0.41534391534391535,,0.9874708372937009,146,12,134,146,12,,1809,5046.413454294205,0.9010479170396487,2.7896149553865146,0.38941767370478103,0.12578222778473092,0.25717340937444305,0.45105820105820105,0.280995663280461,0.49867724867724866,-0.01580229311471515,-0.03962454702073309,sha256:a49adc511f5e3d446f87ef363c57b3f739b3ae7fbf03390b3221d888cf580418,sha256:0cc65e50364fa26ee31b657e748e26033311fbf3161b6d27991b694e461bcfba,sha256:1629d5d6ba2aa530259a76fdb5ecc7109108d4bb4b5c47bf48a4dc3d82cb4395,sha256:a8e94b85976e5864ba3e9525c7e6c83b2a1eca42d4b797a0c7c24d778e40fd95,sha256:39c3f62c162ab0fe10acb5bc2b0c17040b2744ecee5fb9d4dd08a2d12c78dfb2,results/basis_a5_unique_shared/whisper/unique_minus_shared/decoder/cs_dialogue/L13/unique_minus_shared_decoder_L13_oracle_local_rho0.5.json
whisper,cs_dialogue,decoder,14,0.45161290322580644,unique_minus_shared,oracle_local,0.5,NOT_TESTED,0.2539060179409493,0.4911816578483245,0.4947089947089947,,0.9958524151041217,55,103,-48,55,103,,1827,5520.941809654236,0.9124992255155577,3.0218619647806437,0.41033247364524633,0.12390640895218719,0.25444068199370284,0.45458553791887124,0.26156953603041644,0.4929453262786596,-0.0005346640527535418,-0.007663518089467136,sha256:1238718e62cf6f8ab6d89ec4c8e8a6deac47e41f7de654f841cbda98c5b3b1fb,sha256:0cc65e50364fa26ee31b657e748e26033311fbf3161b6d27991b694e461bcfba,sha256:1629d5d6ba2aa530259a76fdb5ecc7109108d4bb4b5c47bf48a4dc3d82cb4395,sha256:a8e94b85976e5864ba3e9525c7e6c83b2a1eca42d4b797a0c7c24d778e40fd95,sha256:39c3f62c162ab0fe10acb5bc2b0c17040b2744ecee5fb9d4dd08a2d12c78dfb2,results/basis_a5_unique_shared/whisper/unique_minus_shared/decoder/cs_dialogue/L14/unique_minus_shared_decoder_L14_oracle_local_rho0.5.json
whisper,cs_dialogue,decoder,15,0.4838709677419355,unique_minus_shared,oracle_local,0.5,NOT_TESTED,0.24564842868175607,0.47971781305114636,0.48236331569664903,,0.995420375010801,39,61,-22,39,61,,1823,5391.352068901062,0.909081071400814,2.957406510642382,0.4063413122994988,0.12490578965399109,0.24749004930790708,0.4607583774250441,0.2658468484524446,0.49074074074074076,-0.0018416206261510082,-0.020198419770688536,sha256:a2fc9af9ddddb95f36d222faaf41453db235bd15c52a27e92b14870ae26f6a5e,sha256:0cc65e50364fa26ee31b657e748e26033311fbf3161b6d27991b694e461bcfba,sha256:1629d5d6ba2aa530259a76fdb5ecc7109108d4bb4b5c47bf48a4dc3d82cb4395,sha256:a8e94b85976e5864ba3e9525c7e6c83b2a1eca42d4b797a0c7c24d778e40fd95,sha256:39c3f62c162ab0fe10acb5bc2b0c17040b2744ecee5fb9d4dd08a2d12c78dfb2,results/basis_a5_unique_shared/whisper/unique_minus_shared/decoder/cs_dialogue/L15/unique_minus_shared_decoder_L15_oracle_local_rho0.5.json
whisper,cs_dialogue,decoder,16,0.5161290322580645,unique_minus_shared,oracle_local,0.5,NOT_TESTED,0.24998514822075685,0.5079365079365079,0.5114638447971781,,0.9963708632161065,39,125,-86,39,125,,1838,5790.911272764206,0.9615235373505716,3.1506590167378703,0.4103175638387262,0.12522141981196347,0.25093566209231866,0.4656084656084656,0.2694112754708014,0.4929453262786596,-0.0009505138715618089,-0.019426127250044556,sha256:02870677061940b1ace3856620fea876aa6c919866f4f891fd5425255879af27,sha256:0cc65e50364fa26ee31b657e748e26033311fbf3161b6d27991b694e461bcfba,sha256:1629d5d6ba2aa530259a76fdb5ecc7109108d4bb4b5c47bf48a4dc3d82cb4395,sha256:a8e94b85976e5864ba3e9525c7e6c83b2a1eca42d4b797a0c7c24d778e40fd95,sha256:39c3f62c162ab0fe10acb5bc2b0c17040b2744ecee5fb9d4dd08a2d12c78dfb2,results/basis_a5_unique_shared/whisper/unique_minus_shared/decoder/cs_dialogue/L16/unique_minus_shared_decoder_L16_oracle_local_rho0.5.json
whisper,cs_dialogue,decoder,17,0.5483870967741935,unique_minus_shared,oracle_local,0.5,NOT_TESTED,0.2505198122735104,0.5149911816578483,0.5189594356261023,,0.9960252311414499,34,136,-102,34,136,,1829,5707.641735315323,0.9688478265191326,3.1206351751313957,0.4033938857735803,0.12523966036702272,0.24855937741341413,0.4660493827160494,0.2555694172161825,0.4673721340388007,0.001960434860096255,-0.005049604942672092,sha256:39fd87c954f2bd9cdfefddf6f3d83091f76ddda7d227d9904a7fdfe63303bb6b,sha256:0cc65e50364fa26ee31b657e748e26033311fbf3161b6d27991b694e461bcfba,sha256:1629d5d6ba2aa530259a76fdb5ecc7109108d4bb4b5c47bf48a4dc3d82cb4395,sha256:a8e94b85976e5864ba3e9525c7e6c83b2a1eca42d4b797a0c7c24d778e40fd95,sha256:39c3f62c162ab0fe10acb5bc2b0c17040b2744ecee5fb9d4dd08a2d12c78dfb2,results/basis_a5_unique_shared/whisper/unique_minus_shared/decoder/cs_dialogue/L17/unique_minus_shared_decoder_L17_oracle_local_rho0.5.json
whisper,cs_dialogue,decoder,18,0.5806451612903226,unique_minus_shared,oracle_local,0.5,NOT_TESTED,0.254262460642785,0.5022045855379189,0.5057319223985891,,0.9943834787868314,26,99,-73,26,99,,1855,5925.908758878708,0.9654096256192977,3.1945599778321876,0.4146053711430918,0.12529550827423167,0.24552961444781085,0.468694885361552,0.26691617655795163,0.4783950617283951,0.008732846194974164,-0.012653715915166619,sha256:ee137a27ede67744e2bb0817ea7d427ddaf66884f82537dcf782a23be85248d9,sha256:0cc65e50364fa26ee31b657e748e26033311fbf3161b6d27991b694e461bcfba,sha256:1629d5d6ba2aa530259a76fdb5ecc7109108d4bb4b5c47bf48a4dc3d82cb4395,sha256:a8e94b85976e5864ba3e9525c7e6c83b2a1eca42d4b797a0c7c24d778e40fd95,sha256:39c3f62c162ab0fe10acb5bc2b0c17040b2744ecee5fb9d4dd08a2d12c78dfb2,results/basis_a5_unique_shared/whisper/unique_minus_shared/decoder/cs_dialogue/L18/unique_minus_shared_decoder_L18_oracle_local_rho0.5.json
whisper,cs_dialogue,decoder,19,0.6129032258064516,unique_minus_shared,oracle_local,0.5,NOT_TESTED,0.25634170973682646,0.5105820105820106,0.5149911816578483,,0.9937786226561824,26,118,-92,26,118,,1858,5933.8735229969025,0.9965119988980983,3.193688656080141,0.4024223373303778,0.12556599310671082,0.24618309273450958,0.468694885361552,0.26370819224143055,0.48544973544973546,0.010158617002316878,-0.007366482504604088,sha256:313e235e11adc9b5f37f2fa0e830a252556a1a58bb0046766393583f52e6db41,sha256:0cc65e50364fa26ee31b657e748e26033311fbf3161b6d27991b694e461bcfba,sha256:1629d5d6ba2aa530259a76fdb5ecc7109108d4bb4b5c47bf48a4dc3d82cb4395,sha256:a8e94b85976e5864ba3e9525c7e6c83b2a1eca42d4b797a0c7c24d778e40fd95,sha256:39c3f62c162ab0fe10acb5bc2b0c17040b2744ecee5fb9d4dd08a2d12c78dfb2,results/basis_a5_unique_shared/whisper/unique_minus_shared/decoder/cs_dialogue/L19/unique_minus_shared_decoder_L19_oracle_local_rho0.5.json
whisper,cs_dialogue,decoder,20,0.6451612903225806,unique_minus_shared,oracle_local,0.5,NOT_TESTED,0.2502821838056199,0.49691358024691357,0.5013227513227513,,0.9940378467121749,38,99,-61,38,99,,1824,5743.484184026718,0.9948030062430768,3.148840013172543,0.39557992258720837,0.1249743062692703,0.24552961444781085,0.4607583774250441,0.26780728331254083,0.4775132275132275,0.0047525693578090444,-0.017525099506920938,sha256:63ab8746bd0c0617291ebeeed318b90655a54b2ea0198a93993e8f9ae5148a5d,sha256:0cc65e50364fa26ee31b657e748e26033311fbf3161b6d27991b694e461bcfba,sha256:1629d5d6ba2aa530259a76fdb5ecc7109108d4bb4b5c47bf48a4dc3d82cb4395,sha256:a8e94b85976e5864ba3e9525c7e6c83b2a1eca42d4b797a0c7c24d778e40fd95,sha256:39c3f62c162ab0fe10acb5bc2b0c17040b2744ecee5fb9d4dd08a2d12c78dfb2,results/basis_a5_unique_shared/whisper/unique_minus_shared/decoder/cs_dialogue/L20/unique_minus_shared_decoder_L20_oracle_local_rho0.5.json
whisper,cs_dialogue,decoder,21,0.6774193548387096,unique_minus_shared,oracle_local,0.5,NOT_TESTED,0.26560921998455417,0.5079365079365079,0.5114638447971781,,0.9881621014430139,27,113,-86,27,113,,1809,5846.506039857864,1.0196854626051066,3.2318994139623354,0.3919363420645713,0.12365848656777634,0.2575892591932514,0.4638447971781305,0.2610348719776629,0.47707231040564374,0.008019960791302794,0.004574348006891271,sha256:1b6e0ee7af2f4a100b127578a60df3fb314adf972c5782bfd04f9b9bb80de2a8,sha256:0cc65e50364fa26ee31b657e748e26033311fbf3161b6d27991b694e461bcfba,sha256:1629d5d6ba2aa530259a76fdb5ecc7109108d4bb4b5c47bf48a4dc3d82cb4395,sha256:a8e94b85976e5864ba3e9525c7e6c83b2a1eca42d4b797a0c7c24d778e40fd95,sha256:39c3f62c162ab0fe10acb5bc2b0c17040b2744ecee5fb9d4dd08a2d12c78dfb2,results/basis_a5_unique_shared/whisper/unique_minus_shared/decoder/cs_dialogue/L21/unique_minus_shared_decoder_L21_oracle_local_rho0.5.json
whisper,cs_dialogue,decoder,22,0.7096774193548387,unique_minus_shared,oracle_local,0.5,NOT_TESTED,0.2543218677597576,0.4351851851851852,0.44753086419753085,,0.9809038278752268,135,56,79,135,56,,1770,5491.828405022621,1.0378011676647634,3.102727912442159,0.3668741313501487,0.12271214642262895,0.25188617596388047,0.4642857142857143,0.27897582130339216,0.5052910052910053,0.0024356917958771596,-0.024653953543634533,sha256:a17021d79cb13f9333879e41c4f4213ac612cc1ab40e145dba4d5db7aaef1cdb,sha256:0cc65e50364fa26ee31b657e748e26033311fbf3161b6d27991b694e461bcfba,sha256:1629d5d6ba2aa530259a76fdb5ecc7109108d4bb4b5c47bf48a4dc3d82cb4395,sha256:a8e94b85976e5864ba3e9525c7e6c83b2a1eca42d4b797a0c7c24d778e40fd95,sha256:39c3f62c162ab0fe10acb5bc2b0c17040b2744ecee5fb9d4dd08a2d12c78dfb2,results/basis_a5_unique_shared/whisper/unique_minus_shared/decoder/cs_dialogue/L22/unique_minus_shared_decoder_L22_oracle_local_rho0.5.json
whisper,cs_dialogue,decoder,23,0.7419354838709677,unique_minus_shared,oracle_local,0.5,NOT_TESTED,0.2650745559318006,0.54673721340388,0.5493827160493827,,0.9843601486217921,20,194,-174,20,194,,1799,5831.297813415527,1.0813004053811042,3.2414106800531,0.37497263258156543,0.12508691419830342,0.2530743183033327,0.45634920634920634,0.26982712528960967,0.5048500881834215,0.012000237628467914,-0.0047525693578090444,sha256:902ee661de12b74da335df8dd1fce5a2e4c46fc8272f77eb6f85f2b8f18eccd6,sha256:0cc65e50364fa26ee31b657e748e26033311fbf3161b6d27991b694e461bcfba,sha256:1629d5d6ba2aa530259a76fdb5ecc7109108d4bb4b5c47bf48a4dc3d82cb4395,sha256:a8e94b85976e5864ba3e9525c7e6c83b2a1eca42d4b797a0c7c24d778e40fd95,sha256:39c3f62c162ab0fe10acb5bc2b0c17040b2744ecee5fb9d4dd08a2d12c78dfb2,results/basis_a5_unique_shared/whisper/unique_minus_shared/decoder/cs_dialogue/L23/unique_minus_shared_decoder_L23_oracle_local_rho0.5.json
whisper,cs_dialogue,decoder,24,0.7741935483870968,unique_minus_shared,oracle_local,0.5,STABLE,0.2521238044317709,0.41798941798941797,0.42592592592592593,,0.9821135401365246,146,28,118,146,28,,1849,5872.703900098801,1.0539463795896624,3.1761513791772855,0.3491952624849164,0.11587391113617848,0.255034753163429,0.4731040564373898,0.26109427909463556,0.49603174603174605,-0.0029109487316580918,-0.008970474662864658,sha256:3c6d65384d8843a5cb8fd21d5a73288ee0319fc9d525996d2d835f9e6c58d99c,sha256:0cc65e50364fa26ee31b657e748e26033311fbf3161b6d27991b694e461bcfba,sha256:1629d5d6ba2aa530259a76fdb5ecc7109108d4bb4b5c47bf48a4dc3d82cb4395,sha256:a8e94b85976e5864ba3e9525c7e6c83b2a1eca42d4b797a0c7c24d778e40fd95,sha256:39c3f62c162ab0fe10acb5bc2b0c17040b2744ecee5fb9d4dd08a2d12c78dfb2,results/basis_a5_unique_shared/whisper/unique_minus_shared/decoder/cs_dialogue/L24/unique_minus_shared_decoder_L24_oracle_local_rho0.5.json
whisper,cs_dialogue,decoder,25,0.8064516129032258,unique_minus_shared,oracle_local,0.5,NOT_TESTED,0.2666191409730886,0.4894179894179894,0.49382716049382713,,0.9824591722111812,42,86,-44,42,86,,1811,6654.534017801285,1.194729739874087,3.6745080164557065,0.3769308654593114,0.12255532246058064,0.261331907562526,0.4541446208112875,0.2712528960969524,0.5026455026455027,0.005287233410562586,-0.004633755123863825,sha256:161e0290d05fb3cab3623f70aa5fe703939f128e2a46f492a3943df83d4f7f1b,sha256:0cc65e50364fa26ee31b657e748e26033311fbf3161b6d27991b694e461bcfba,sha256:1629d5d6ba2aa530259a76fdb5ecc7109108d4bb4b5c47bf48a4dc3d82cb4395,sha256:a8e94b85976e5864ba3e9525c7e6c83b2a1eca42d4b797a0c7c24d778e40fd95,sha256:39c3f62c162ab0fe10acb5bc2b0c17040b2744ecee5fb9d4dd08a2d12c78dfb2,results/basis_a5_unique_shared/whisper/unique_minus_shared/decoder/cs_dialogue/L25/unique_minus_shared_decoder_L25_oracle_local_rho0.5.json
whisper,cs_dialogue,decoder,26,0.8387096774193549,unique_minus_shared,oracle_local,0.5,STABLE,0.27392621636072,0.5282186948853616,0.5317460317460317,,0.9791756675019442,50,182,-132,50,182,,1834,7171.635851383209,1.2816410021291245,3.910379417329994,0.3691073007939993,0.12097625329815304,0.25455949622764806,0.4620811287477954,0.2601437652230737,0.4708994708994709,0.019366720133071946,0.013782451137646312,sha256:2c0a4e1cb622e35b5af88e43874103255e0ed161442c3022f17fc66e79785d2b,sha256:0cc65e50364fa26ee31b657e748e26033311fbf3161b6d27991b694e461bcfba,sha256:1629d5d6ba2aa530259a76fdb5ecc7109108d4bb4b5c47bf48a4dc3d82cb4395,sha256:a8e94b85976e5864ba3e9525c7e6c83b2a1eca42d4b797a0c7c24d778e40fd95,sha256:39c3f62c162ab0fe10acb5bc2b0c17040b2744ecee5fb9d4dd08a2d12c78dfb2,results/basis_a5_unique_shared/whisper/unique_minus_shared/decoder/cs_dialogue/L26/unique_minus_shared_decoder_L26_oracle_local_rho0.5.json
whisper,cs_dialogue,decoder,27,0.8709677419354839,unique_minus_shared,oracle_local,0.5,STABLE,0.2774312362621042,0.5291005291005291,0.5326278659611993,,0.984965004752441,37,171,-134,37,171,,1826,8358.285860776901,1.4689808354511398,4.577374513021304,0.37002364419298084,0.11874878064641997,0.25164854749599,0.44312169312169314,0.2591338442345393,0.4678130511463845,0.02578268876611417,0.018297392027564918,sha256:1bab1e4a44b553de93fc1528f79b2ff01e766bf7e2e52931273d095652a7ed6f,sha256:0cc65e50364fa26ee31b657e748e26033311fbf3161b6d27991b694e461bcfba,sha256:1629d5d6ba2aa530259a76fdb5ecc7109108d4bb4b5c47bf48a4dc3d82cb4395,sha256:a8e94b85976e5864ba3e9525c7e6c83b2a1eca42d4b797a0c7c24d778e40fd95,sha256:39c3f62c162ab0fe10acb5bc2b0c17040b2744ecee5fb9d4dd08a2d12c78dfb2,results/basis_a5_unique_shared/whisper/unique_minus_shared/decoder/cs_dialogue/L27/unique_minus_shared_decoder_L27_oracle_local_rho0.5.json
whisper,cs_dialogue,decoder,28,0.9032258064516129,unique_minus_shared,oracle_local,0.5,NOT_TESTED,0.28788688884928415,0.4704585537918871,0.47663139329806,,0.9599930873585069,85,86,-1,85,86,,1877,9339.000798463821,1.5159202183198233,4.975493233065435,0.34476551431982333,0.10504225194470872,0.2585397730648132,0.45634920634920634,0.25931206558545716,0.4523809523809524,0.029347115784470967,0.028574823263826987,sha256:d8648ef868455e0e6d3d02304acfaa3eb21d832061f6f8787ac5961abc6bcfd2,sha256:0cc65e50364fa26ee31b657e748e26033311fbf3161b6d27991b694e461bcfba,sha256:1629d5d6ba2aa530259a76fdb5ecc7109108d4bb4b5c47bf48a4dc3d82cb4395,sha256:a8e94b85976e5864ba3e9525c7e6c83b2a1eca42d4b797a0c7c24d778e40fd95,sha256:39c3f62c162ab0fe10acb5bc2b0c17040b2744ecee5fb9d4dd08a2d12c78dfb2,results/basis_a5_unique_shared/whisper/unique_minus_shared/decoder/cs_dialogue/L28/unique_minus_shared_decoder_L28_oracle_local_rho0.5.json
whisper,cs_dialogue,decoder,29,0.9354838709677419,unique_minus_shared,oracle_local,0.5,NOT_TESTED,0.27077763916117153,0.5621693121693122,0.5665784832451499,,0.9856562689017541,21,230,-209,21,230,,1829,10258.872551441193,1.9503216393341776,5.609006315714157,0.35895268636684063,0.12481233792821073,0.25806451612903225,0.44488536155202824,0.2386383888789877,0.37257495590828926,0.012713123032139284,0.03213925028218384,sha256:935ea1972d66582c2f847b638b758c3b924b2dbd7d0ec6ea8988bb59a5cdd54a,sha256:0cc65e50364fa26ee31b657e748e26033311fbf3161b6d27991b694e461bcfba,sha256:1629d5d6ba2aa530259a76fdb5ecc7109108d4bb4b5c47bf48a4dc3d82cb4395,sha256:a8e94b85976e5864ba3e9525c7e6c83b2a1eca42d4b797a0c7c24d778e40fd95,sha256:39c3f62c162ab0fe10acb5bc2b0c17040b2744ecee5fb9d4dd08a2d12c78dfb2,results/basis_a5_unique_shared/whisper/unique_minus_shared/decoder/cs_dialogue/L29/unique_minus_shared_decoder_L29_oracle_local_rho0.5.json
whisper,cs_dialogue,decoder,30,0.967741935483871,unique_minus_shared,oracle_local,0.5,NOT_TESTED,0.2785005643676112,0.595679012345679,0.5978835978835979,,0.9821999481551889,15,300,-285,15,300,,1822,10407.280113697052,2.066594286778681,5.71200884396106,0.3437513359805956,0.12436860068259385,0.2662626982712529,0.44841269841269843,0.2542030535258124,0.3350970017636684,0.012237866096358352,0.02429751084179882,sha256:c5df984f4675b10f55e60eb24ce5683a28bd30e582efe9a3a75069910a8b5e49,sha256:0cc65e50364fa26ee31b657e748e26033311fbf3161b6d27991b694e461bcfba,sha256:1629d5d6ba2aa530259a76fdb5ecc7109108d4bb4b5c47bf48a4dc3d82cb4395,sha256:a8e94b85976e5864ba3e9525c7e6c83b2a1eca42d4b797a0c7c24d778e40fd95,sha256:39c3f62c162ab0fe10acb5bc2b0c17040b2744ecee5fb9d4dd08a2d12c78dfb2,results/basis_a5_unique_shared/whisper/unique_minus_shared/decoder/cs_dialogue/L30/unique_minus_shared_decoder_L30_oracle_local_rho0.5.json
whisper,cs_dialogue,decoder,31,1.0,unique_minus_shared,oracle_local,0.5,STABLE,0.2649557416978554,0.5255731922398589,0.527336860670194,,0.9800397476885855,19,145,-126,19,145,,1807,16689.819237709045,2.262466985836387,9.236203230608215,0.5126353945108078,0.1255733148019458,0.25545060298223726,0.45282186948853614,0.28883740272084596,0.31084656084656087,0.009505138715618144,-0.023881661022990552,sha256:dad68be7c6384d21e031cb7741e4c9e9baa1ef4dcfd0264f0861e90385a8f090,sha256:0cc65e50364fa26ee31b657e748e26033311fbf3161b6d27991b694e461bcfba,sha256:1629d5d6ba2aa530259a76fdb5ecc7109108d4bb4b5c47bf48a4dc3d82cb4395,sha256:a8e94b85976e5864ba3e9525c7e6c83b2a1eca42d4b797a0c7c24d778e40fd95,sha256:39c3f62c162ab0fe10acb5bc2b0c17040b2744ecee5fb9d4dd08a2d12c78dfb2,results/basis_a5_unique_shared/whisper/unique_minus_shared/decoder/cs_dialogue/L31/unique_minus_shared_decoder_L31_oracle_local_rho0.5.json
whisper,seame_dev_man,decoder,0,0.0,unique_minus_shared,oracle_local,0.5,NOT_TESTED,0.3633507853403141,0.6666666666666666,0.7070707070707071,,0.9953917050691244,3,1,2,3,1,,68,77.3642795085907,0.13450301273221152,1.1377099927733927,0.508564297322416,0.060123784261715295,0.362303664921466,0.6565656565656566,0.6921465968586388,0.6767676767676768,0.0010471204188481353,-0.32879581151832465,sha256:b243e73b15e85beb932719a1cfa0e888aebba5e67f5d9f700a056409048aabf4,sha256:fdb57340f9413a482f764654ef76dffeed2dd96693fc5bce99b3d49fd5192812,sha256:1629d5d6ba2aa530259a76fdb5ecc7109108d4bb4b5c47bf48a4dc3d82cb4395,sha256:a8e94b85976e5864ba3e9525c7e6c83b2a1eca42d4b797a0c7c24d778e40fd95,sha256:39c3f62c162ab0fe10acb5bc2b0c17040b2744ecee5fb9d4dd08a2d12c78dfb2,results/basis_a5_unique_shared/whisper/unique_minus_shared/decoder/seame_dev_man/L00/unique_minus_shared_decoder_L0_oracle_local_rho0.5.json
whisper,seame_dev_man,decoder,1,0.03225806451612903,unique_minus_shared,oracle_local,0.5,NOT_TESTED,0.35602094240837695,0.6565656565656566,0.6868686868686869,,1.0,3,0,3,3,0,,68,124.40197610855103,0.21766248213506378,1.8294408251257503,0.5057841997572063,0.06017699115044248,0.3633507853403141,0.6868686868686869,0.3612565445026178,0.6666666666666666,-0.007329842931937169,-0.005235602094240843,sha256:7aedb9ddab37c3d2338a5ed2d1bccf66a2d8e9880b55dac0855269773b833913,sha256:fdb57340f9413a482f764654ef76dffeed2dd96693fc5bce99b3d49fd5192812,sha256:1629d5d6ba2aa530259a76fdb5ecc7109108d4bb4b5c47bf48a4dc3d82cb4395,sha256:a8e94b85976e5864ba3e9525c7e6c83b2a1eca42d4b797a0c7c24d778e40fd95,sha256:39c3f62c162ab0fe10acb5bc2b0c17040b2744ecee5fb9d4dd08a2d12c78dfb2,results/basis_a5_unique_shared/whisper/unique_minus_shared/decoder/seame_dev_man/L01/unique_minus_shared_decoder_L1_oracle_local_rho0.5.json
whisper,seame_dev_man,decoder,2,0.06451612903225806,unique_minus_shared,oracle_local,0.5,NOT_TESTED,0.36649214659685864,0.6666666666666666,0.7070707070707071,,0.9953917050691244,3,1,2,3,1,,69,148.44990158081055,0.2570845155229031,2.1514478489972544,0.5083064999033604,0.06073943661971831,0.362303664921466,0.6868686868686869,0.362303664921466,0.6565656565656566,0.004188481675392652,0.004188481675392652,sha256:67f17c1327afc9fe1daa4675c6bb53be2adbe44ea6211b5fbf2c0b5cc6f35938,sha256:fdb57340f9413a482f764654ef76dffeed2dd96693fc5bce99b3d49fd5192812,sha256:1629d5d6ba2aa530259a76fdb5ecc7109108d4bb4b5c47bf48a4dc3d82cb4395,sha256:a8e94b85976e5864ba3e9525c7e6c83b2a1eca42d4b797a0c7c24d778e40fd95,sha256:39c3f62c162ab0fe10acb5bc2b0c17040b2744ecee5fb9d4dd08a2d12c78dfb2,results/basis_a5_unique_shared/whisper/unique_minus_shared/decoder/seame_dev_man/L02/unique_minus_shared_decoder_L2_oracle_local_rho0.5.json
whisper,seame_dev_man,decoder,3,0.0967741935483871,unique_minus_shared,oracle_local,0.5,NOT_TESTED,0.35602094240837695,0.6363636363636364,0.6868686868686869,,0.9969278033794163,7,2,5,7,2,,69,161.51958656311035,0.2830042359690187,2.340863573378411,0.5032910456741713,0.06084656084656084,0.3612565445026178,0.6767676767676768,0.3612565445026178,0.6565656565656566,-0.005235602094240843,-0.005235602094240843,sha256:c13906ccc03b459f32fbc2d99c718b8c07c71406816887c78d27708d47157e21,sha256:fdb57340f9413a482f764654ef76dffeed2dd96693fc5bce99b3d49fd5192812,sha256:1629d5d6ba2aa530259a76fdb5ecc7109108d4bb4b5c47bf48a4dc3d82cb4395,sha256:a8e94b85976e5864ba3e9525c7e6c83b2a1eca42d4b797a0c7c24d778e40fd95,sha256:39c3f62c162ab0fe10acb5bc2b0c17040b2744ecee5fb9d4dd08a2d12c78dfb2,results/basis_a5_unique_shared/whisper/unique_minus_shared/decoder/seame_dev_man/L03/unique_minus_shared_decoder_L3_oracle_local_rho0.5.json
whisper,seame_dev_man,decoder,4,0.12903225806451613,unique_minus_shared,oracle_local,0.5,NOT_TESTED,0.35602094240837695,0.6565656565656566,0.6666666666666666,,0.9831029185867896,6,3,3,6,3,,65,157.46171522140503,0.2791097471305916,2.4224879264831545,0.50824954183342,0.05855855855855856,0.3612565445026178,0.6767676767676768,0.36020942408376966,0.6565656565656566,-0.005235602094240843,-0.004188481675392708,sha256:d801165bf228e690788a59cfa2acb68c62c1995af9d8a20aee9bb49f0c062d0a,sha256:fdb57340f9413a482f764654ef76dffeed2dd96693fc5bce99b3d49fd5192812,sha256:1629d5d6ba2aa530259a76fdb5ecc7109108d4bb4b5c47bf48a4dc3d82cb4395,sha256:a8e94b85976e5864ba3e9525c7e6c83b2a1eca42d4b797a0c7c24d778e40fd95,sha256:39c3f62c162ab0fe10acb5bc2b0c17040b2744ecee5fb9d4dd08a2d12c78dfb2,results/basis_a5_unique_shared/whisper/unique_minus_shared/decoder/seame_dev_man/L04/unique_minus_shared_decoder_L4_oracle_local_rho0.5.json
whisper,seame_dev_man,decoder,5,0.16129032258064516,unique_minus_shared,oracle_local,0.5,NOT_TESTED,0.362303664921466,0.6565656565656566,0.7070707070707071,,0.9984639016897081,4,1,3,4,1,,69,171.5363051891327,0.2985890723869834,2.486033408538155,0.5057126419439193,0.06073943661971831,0.35916230366492147,0.6767676767676768,0.35602094240837695,0.6565656565656566,0.003141361256544517,0.006282722513089034,sha256:969b4be40d995a8763200a0df3d098acb2fc434584c6ec472f7fdabf95e18c57,sha256:fdb57340f9413a482f764654ef76dffeed2dd96693fc5bce99b3d49fd5192812,sha256:1629d5d6ba2aa530259a76fdb5ecc7109108d4bb4b5c47bf48a4dc3d82cb4395,sha256:a8e94b85976e5864ba3e9525c7e6c83b2a1eca42d4b797a0c7c24d778e40fd95,sha256:39c3f62c162ab0fe10acb5bc2b0c17040b2744ecee5fb9d4dd08a2d12c78dfb2,results/basis_a5_unique_shared/whisper/unique_minus_shared/decoder/seame_dev_man/L05/unique_minus_shared_decoder_L5_oracle_local_rho0.5.json
whisper,seame_dev_man,decoder,6,0.1935483870967742,unique_minus_shared,oracle_local,0.5,NOT_TESTED,0.35287958115183243,0.6565656565656566,0.6767676767676768,,1.0,3,0,3,3,0,,69,151.66268515586853,0.3284529774983724,2.1980099297951963,0.4104431529921917,0.06133333333333333,0.3612565445026178,0.6868686868686869,0.35916230366492147,0.6565656565656566,-0.00837696335078536,-0.006282722513089034,sha256:17aff1e50ec31e0687645f06c53f3713436254ab509f50d356219950a5e294ab,sha256:fdb57340f9413a482f764654ef76dffeed2dd96693fc5bce99b3d49fd5192812,sha256:1629d5d6ba2aa530259a76fdb5ecc7109108d4bb4b5c47bf48a4dc3d82cb4395,sha256:a8e94b85976e5864ba3e9525c7e6c83b2a1eca42d4b797a0c7c24d778e40fd95,sha256:39c3f62c162ab0fe10acb5bc2b0c17040b2744ecee5fb9d4dd08a2d12c78dfb2,results/basis_a5_unique_shared/whisper/unique_minus_shared/decoder/seame_dev_man/L06/unique_minus_shared_decoder_L6_oracle_local_rho0.5.json
whisper,seame_dev_man,decoder,7,0.22580645161290322,unique_minus_shared,oracle_local,0.5,NOT_TESTED,0.35706806282722514,0.6868686868686869,0.7070707070707071,,0.9969278033794163,0,0,0,0,0,,69,164.17565071582794,0.3513670447888434,2.3793572567511294,0.4164423258883889,0.06149732620320856,0.3633507853403141,0.6868686868686869,0.35602094240837695,0.6565656565656566,-0.0062827225130889786,0.0010471204188481908,sha256:e54ab1a3bdf64cb434efd5bca86b08a7d1e3ecd04665049262f3b601d1162af1,sha256:fdb57340f9413a482f764654ef76dffeed2dd96693fc5bce99b3d49fd5192812,sha256:1629d5d6ba2aa530259a76fdb5ecc7109108d4bb4b5c47bf48a4dc3d82cb4395,sha256:a8e94b85976e5864ba3e9525c7e6c83b2a1eca42d4b797a0c7c24d778e40fd95,sha256:39c3f62c162ab0fe10acb5bc2b0c17040b2744ecee5fb9d4dd08a2d12c78dfb2,results/basis_a5_unique_shared/whisper/unique_minus_shared/decoder/seame_dev_man/L07/unique_minus_shared_decoder_L7_oracle_local_rho0.5.json
whisper,seame_dev_man,decoder,8,0.25806451612903225,unique_minus_shared,oracle_local,0.5,NOT_TESTED,0.36020942408376966,0.6868686868686869,0.7171717171717171,,0.9984639016897081,0,0,0,0,0,,69,172.30189990997314,0.376307864472627,2.4971289842025093,0.4062775786699498,0.061224489795918366,0.3612565445026178,0.6868686868686869,0.3581151832460733,0.6565656565656566,-0.0010471204188481353,0.0020942408376963817,sha256:352c20e9c3c739dea91c85f305427dbc138818c20a213a079f2c5b5a1c422780,sha256:fdb57340f9413a482f764654ef76dffeed2dd96693fc5bce99b3d49fd5192812,sha256:1629d5d6ba2aa530259a76fdb5ecc7109108d4bb4b5c47bf48a4dc3d82cb4395,sha256:a8e94b85976e5864ba3e9525c7e6c83b2a1eca42d4b797a0c7c24d778e40fd95,sha256:39c3f62c162ab0fe10acb5bc2b0c17040b2744ecee5fb9d4dd08a2d12c78dfb2,results/basis_a5_unique_shared/whisper/unique_minus_shared/decoder/seame_dev_man/L08/unique_minus_shared_decoder_L8_oracle_local_rho0.5.json
whisper,seame_dev_man,decoder,9,0.2903225806451613,unique_minus_shared,oracle_local,0.5,NOT_TESTED,0.3612565445026178,0.6868686868686869,0.7070707070707071,,0.9953917050691244,0,0,0,0,0,,68,171.47417604923248,0.3742701148986816,2.5216790595475365,0.4072499613355501,0.060444444444444446,0.3633507853403141,0.6868686868686869,0.362303664921466,0.6565656565656566,-0.002094240837696326,-0.0010471204188481908,sha256:525796b13450cfdfb576e9307591d11af62df8eec93efbbb303e8bff64d8b957,sha256:fdb57340f9413a482f764654ef76dffeed2dd96693fc5bce99b3d49fd5192812,sha256:1629d5d6ba2aa530259a76fdb5ecc7109108d4bb4b5c47bf48a4dc3d82cb4395,sha256:a8e94b85976e5864ba3e9525c7e6c83b2a1eca42d4b797a0c7c24d778e40fd95,sha256:39c3f62c162ab0fe10acb5bc2b0c17040b2744ecee5fb9d4dd08a2d12c78dfb2,results/basis_a5_unique_shared/whisper/unique_minus_shared/decoder/seame_dev_man/L09/unique_minus_shared_decoder_L9_oracle_local_rho0.5.json
whisper,seame_dev_man,decoder,10,0.3225806451612903,unique_minus_shared,oracle_local,0.5,NOT_TESTED,0.3549738219895288,0.6565656565656566,0.6767676767676768,,1.0,3,0,3,3,0,,69,182.634885430336,0.3961448055389296,2.6468823975411016,0.4094410482329936,0.06127886323268206,0.362303664921466,0.6868686868686869,0.3633507853403141,0.6565656565656566,-0.007329842931937169,-0.008376963350785305,sha256:d21ec6a6909fca786920bceb12c6313cfd4fe9c2747186681b60292944b3ad54,sha256:fdb57340f9413a482f764654ef76dffeed2dd96693fc5bce99b3d49fd5192812,sha256:1629d5d6ba2aa530259a76fdb5ecc7109108d4bb4b5c47bf48a4dc3d82cb4395,sha256:a8e94b85976e5864ba3e9525c7e6c83b2a1eca42d4b797a0c7c24d778e40fd95,sha256:39c3f62c162ab0fe10acb5bc2b0c17040b2744ecee5fb9d4dd08a2d12c78dfb2,results/basis_a5_unique_shared/whisper/unique_minus_shared/decoder/seame_dev_man/L10/unique_minus_shared_decoder_L10_oracle_local_rho0.5.json
whisper,seame_dev_man,decoder,11,0.3548387096774194,unique_minus_shared,oracle_local,0.5,NOT_TESTED,0.362303664921466,0.6868686868686869,0.7070707070707071,,0.9969278033794163,0,0,0,0,0,,69,184.91961801052094,0.39725061807226625,2.6799944639205933,0.41267608937939576,0.061170212765957445,0.362303664921466,0.6868686868686869,0.3612565445026178,0.6565656565656566,0.0,0.0010471204188481908,sha256:6c2f5b2e1f660107a8b1451a9535ae2b025df98ee98b26c8e0acb475ff37a5d6,sha256:fdb57340f9413a482f764654ef76dffeed2dd96693fc5bce99b3d49fd5192812,sha256:1629d5d6ba2aa530259a76fdb5ecc7109108d4bb4b5c47bf48a4dc3d82cb4395,sha256:a8e94b85976e5864ba3e9525c7e6c83b2a1eca42d4b797a0c7c24d778e40fd95,sha256:39c3f62c162ab0fe10acb5bc2b0c17040b2744ecee5fb9d4dd08a2d12c78dfb2,results/basis_a5_unique_shared/whisper/unique_minus_shared/decoder/seame_dev_man/L11/unique_minus_shared_decoder_L11_oracle_local_rho0.5.json
whisper,seame_dev_man,decoder,12,0.3870967741935484,unique_minus_shared,oracle_local,0.5,NOT_TESTED,0.35602094240837695,0.6868686868686869,0.7070707070707071,,1.0,0,0,0,0,0,,69,189.17225790023804,0.41180842511395577,2.7416269260904063,0.40796586760565295,0.06127886323268206,0.362303664921466,0.6868686868686869,0.3581151832460733,0.6565656565656566,-0.006282722513089034,-0.002094240837696326,sha256:3e0db6e26e04351ef881b7c31c9f960da35f34f88e406368f659282e38e30dd2,sha256:fdb57340f9413a482f764654ef76dffeed2dd96693fc5bce99b3d49fd5192812,sha256:1629d5d6ba2aa530259a76fdb5ecc7109108d4bb4b5c47bf48a4dc3d82cb4395,sha256:a8e94b85976e5864ba3e9525c7e6c83b2a1eca42d4b797a0c7c24d778e40fd95,sha256:39c3f62c162ab0fe10acb5bc2b0c17040b2744ecee5fb9d4dd08a2d12c78dfb2,results/basis_a5_unique_shared/whisper/unique_minus_shared/decoder/seame_dev_man/L12/unique_minus_shared_decoder_L12_oracle_local_rho0.5.json
whisper,seame_dev_man,decoder,13,0.41935483870967744,unique_minus_shared,oracle_local,0.5,NOT_TESTED,0.35706806282722514,0.6464646464646465,0.6868686868686869,,0.9953917050691244,4,0,4,4,0,,69,203.51805067062378,0.4314434488227243,2.9495369662409243,0.41781604465531963,0.06111603188662533,0.362303664921466,0.6868686868686869,0.36020942408376966,0.6565656565656566,-0.005235602094240843,-0.003141361256544517,sha256:a49adc511f5e3d446f87ef363c57b3f739b3ae7fbf03390b3221d888cf580418,sha256:fdb57340f9413a482f764654ef76dffeed2dd96693fc5bce99b3d49fd5192812,sha256:1629d5d6ba2aa530259a76fdb5ecc7109108d4bb4b5c47bf48a4dc3d82cb4395,sha256:a8e94b85976e5864ba3e9525c7e6c83b2a1eca42d4b797a0c7c24d778e40fd95,sha256:39c3f62c162ab0fe10acb5bc2b0c17040b2744ecee5fb9d4dd08a2d12c78dfb2,results/basis_a5_unique_shared/whisper/unique_minus_shared/decoder/seame_dev_man/L13/unique_minus_shared_decoder_L13_oracle_local_rho0.5.json
whisper,seame_dev_man,decoder,14,0.45161290322580644,unique_minus_shared,oracle_local,0.5,NOT_TESTED,0.35602094240837695,0.6565656565656566,0.6767676767676768,,0.9984639016897081,3,0,3,3,0,,69,203.2772147655487,0.43666149961187484,2.9460465908050537,0.412700219593777,0.061170212765957445,0.3612565445026178,0.6868686868686869,0.35706806282722514,0.6565656565656566,-0.005235602094240843,-0.0010471204188481908,sha256:1238718e62cf6f8ab6d89ec4c8e8a6deac47e41f7de654f841cbda98c5b3b1fb,sha256:fdb57340f9413a482f764654ef76dffeed2dd96693fc5bce99b3d49fd5192812,sha256:1629d5d6ba2aa530259a76fdb5ecc7109108d4bb4b5c47bf48a4dc3d82cb4395,sha256:a8e94b85976e5864ba3e9525c7e6c83b2a1eca42d4b797a0c7c24d778e40fd95,sha256:39c3f62c162ab0fe10acb5bc2b0c17040b2744ecee5fb9d4dd08a2d12c78dfb2,results/basis_a5_unique_shared/whisper/unique_minus_shared/decoder/seame_dev_man/L14/unique_minus_shared_decoder_L14_oracle_local_rho0.5.json
whisper,seame_dev_man,decoder,15,0.4838709677419355,unique_minus_shared,oracle_local,0.5,NOT_TESTED,0.3507853403141361,0.6363636363636364,0.6565656565656566,,1.0,5,0,5,5,0,,69,202.3519639968872,0.4290555605651639,2.9326371593751768,0.4181044496149522,0.061170212765957445,0.36020942408376966,0.6868686868686869,0.35602094240837695,0.6565656565656566,-0.009424083769633551,-0.005235602094240843,sha256:a2fc9af9ddddb95f36d222faaf41453db235bd15c52a27e92b14870ae26f6a5e,sha256:fdb57340f9413a482f764654ef76dffeed2dd96693fc5bce99b3d49fd5192812,sha256:1629d5d6ba2aa530259a76fdb5ecc7109108d4bb4b5c47bf48a4dc3d82cb4395,sha256:a8e94b85976e5864ba3e9525c7e6c83b2a1eca42d4b797a0c7c24d778e40fd95,sha256:39c3f62c162ab0fe10acb5bc2b0c17040b2744ecee5fb9d4dd08a2d12c78dfb2,results/basis_a5_unique_shared/whisper/unique_minus_shared/decoder/seame_dev_man/L15/unique_minus_shared_decoder_L15_oracle_local_rho0.5.json
whisper,seame_dev_man,decoder,16,0.5161290322580645,unique_minus_shared,oracle_local,0.5,NOT_TESTED,0.3486910994764398,0.6565656565656566,0.6767676767676768,,0.9984639016897081,3,0,3,3,0,,69,212.27846813201904,0.4544678511505532,3.0764995381452036,0.41372221026517264,0.06111603188662533,0.35916230366492147,0.6464646464646465,0.35706806282722514,0.6565656565656566,-0.010471204188481686,-0.00837696335078536,sha256:02870677061940b1ace3856620fea876aa6c919866f4f891fd5425255879af27,sha256:fdb57340f9413a482f764654ef76dffeed2dd96693fc5bce99b3d49fd5192812,sha256:1629d5d6ba2aa530259a76fdb5ecc7109108d4bb4b5c47bf48a4dc3d82cb4395,sha256:a8e94b85976e5864ba3e9525c7e6c83b2a1eca42d4b797a0c7c24d778e40fd95,sha256:39c3f62c162ab0fe10acb5bc2b0c17040b2744ecee5fb9d4dd08a2d12c78dfb2,results/basis_a5_unique_shared/whisper/unique_minus_shared/decoder/seame_dev_man/L16/unique_minus_shared_decoder_L16_oracle_local_rho0.5.json
whisper,seame_dev_man,decoder,17,0.5483870967741935,unique_minus_shared,oracle_local,0.5,NOT_TESTED,0.34973821989528797,0.6262626262626263,0.6464646464646465,,0.9969278033794163,6,0,6,6,0,,69,213.02954363822937,0.45941777578624915,3.087384690409121,0.40926266906729875,0.06090026478375993,0.35602094240837695,0.696969696969697,0.3581151832460733,0.6666666666666666,-0.0062827225130889786,-0.008376963350785305,sha256:39fd87c954f2bd9cdfefddf6f3d83091f76ddda7d227d9904a7fdfe63303bb6b,sha256:fdb57340f9413a482f764654ef76dffeed2dd96693fc5bce99b3d49fd5192812,sha256:1629d5d6ba2aa530259a76fdb5ecc7109108d4bb4b5c47bf48a4dc3d82cb4395,sha256:a8e94b85976e5864ba3e9525c7e6c83b2a1eca42d4b797a0c7c24d778e40fd95,sha256:39c3f62c162ab0fe10acb5bc2b0c17040b2744ecee5fb9d4dd08a2d12c78dfb2,results/basis_a5_unique_shared/whisper/unique_minus_shared/decoder/seame_dev_man/L17/unique_minus_shared_decoder_L17_oracle_local_rho0.5.json
whisper,seame_dev_man,decoder,18,0.5806451612903226,unique_minus_shared,oracle_local,0.5,NOT_TESTED,0.35916230366492147,0.6565656565656566,0.6868686868686869,,0.9984639016897081,3,0,3,3,0,,69,216.28403973579407,0.4593524147978926,3.1345513005187544,0.41667747661702736,0.061061946902654866,0.36020942408376966,0.6767676767676768,0.35706806282722514,0.696969696969697,-0.0010471204188481908,0.002094240837696326,sha256:ee137a27ede67744e2bb0817ea7d427ddaf66884f82537dcf782a23be85248d9,sha256:fdb57340f9413a482f764654ef76dffeed2dd96693fc5bce99b3d49fd5192812,sha256:1629d5d6ba2aa530259a76fdb5ecc7109108d4bb4b5c47bf48a4dc3d82cb4395,sha256:a8e94b85976e5864ba3e9525c7e6c83b2a1eca42d4b797a0c7c24d778e40fd95,sha256:39c3f62c162ab0fe10acb5bc2b0c17040b2744ecee5fb9d4dd08a2d12c78dfb2,results/basis_a5_unique_shared/whisper/unique_minus_shared/decoder/seame_dev_man/L18/unique_minus_shared_decoder_L18_oracle_local_rho0.5.json
whisper,seame_dev_man,decoder,19,0.6129032258064516,unique_minus_shared,oracle_local,0.5,NOT_TESTED,0.3581151832460733,0.6565656565656566,0.6767676767676768,,0.9984639016897081,3,0,3,3,0,,69,215.09439969062805,0.47652181998762505,3.1173101404438848,0.398045993241287,0.06084656084656084,0.35706806282722514,0.6767676767676768,0.3612565445026178,0.6868686868686869,0.0010471204188481353,-0.003141361256544517,sha256:313e235e11adc9b5f37f2fa0e830a252556a1a58bb0046766393583f52e6db41,sha256:fdb57340f9413a482f764654ef76dffeed2dd96693fc5bce99b3d49fd5192812,sha256:1629d5d6ba2aa530259a76fdb5ecc7109108d4bb4b5c47bf48a4dc3d82cb4395,sha256:a8e94b85976e5864ba3e9525c7e6c83b2a1eca42d4b797a0c7c24d778e40fd95,sha256:39c3f62c162ab0fe10acb5bc2b0c17040b2744ecee5fb9d4dd08a2d12c78dfb2,results/basis_a5_unique_shared/whisper/unique_minus_shared/decoder/seame_dev_man/L19/unique_minus_shared_decoder_L19_oracle_local_rho0.5.json
whisper,seame_dev_man,decoder,20,0.6451612903225806,unique_minus_shared,oracle_local,0.5,NOT_TESTED,0.3518324607329843,0.6060606060606061,0.6262626262626263,,0.9953917050691244,8,0,8,8,0,,69,212.32711386680603,0.48039424070343045,3.0772045487942905,0.39217847037828624,0.061224489795918366,0.3643979057591623,0.696969696969697,0.3612565445026178,0.6868686868686869,-0.012565445026178013,-0.009424083769633496,sha256:63ab8746bd0c0617291ebeeed318b90655a54b2ea0198a93993e8f9ae5148a5d,sha256:fdb57340f9413a482f764654ef76dffeed2dd96693fc5bce99b3d49fd5192812,sha256:1629d5d6ba2aa530259a76fdb5ecc7109108d4bb4b5c47bf48a4dc3d82cb4395,sha256:a8e94b85976e5864ba3e9525c7e6c83b2a1eca42d4b797a0c7c24d778e40fd95,sha256:39c3f62c162ab0fe10acb5bc2b0c17040b2744ecee5fb9d4dd08a2d12c78dfb2,results/basis_a5_unique_shared/whisper/unique_minus_shared/decoder/seame_dev_man/L20/unique_minus_shared_decoder_L20_oracle_local_rho0.5.json
whisper,seame_dev_man,decoder,21,0.6774193548387096,unique_minus_shared,oracle_local,0.5,NOT_TESTED,0.362303664921466,0.6868686868686869,0.7171717171717171,,0.9969278033794163,0,0,0,0,0,,69,218.78817319869995,0.494974599662402,3.170843089836231,0.3918608077768831,0.061170212765957445,0.3549738219895288,0.6565656565656566,0.35916230366492147,0.6666666666666666,0.007329842931937169,0.003141361256544517,sha256:1b6e0ee7af2f4a100b127578a60df3fb314adf972c5782bfd04f9b9bb80de2a8,sha256:fdb57340f9413a482f764654ef76dffeed2dd96693fc5bce99b3d49fd5192812,sha256:1629d5d6ba2aa530259a76fdb5ecc7109108d4bb4b5c47bf48a4dc3d82cb4395,sha256:a8e94b85976e5864ba3e9525c7e6c83b2a1eca42d4b797a0c7c24d778e40fd95,sha256:39c3f62c162ab0fe10acb5bc2b0c17040b2744ecee5fb9d4dd08a2d12c78dfb2,results/basis_a5_unique_shared/whisper/unique_minus_shared/decoder/seame_dev_man/L21/unique_minus_shared_decoder_L21_oracle_local_rho0.5.json
whisper,seame_dev_man,decoder,22,0.7096774193548387,unique_minus_shared,oracle_local,0.5,NOT_TESTED,0.35916230366492147,0.6565656565656566,0.6868686868686869,,0.9907834101382489,5,2,3,5,2,,69,224.9953179359436,0.5093811027513268,3.2608017092165738,0.3933244057370376,0.06144256455921639,0.362303664921466,0.6666666666666666,0.3643979057591623,0.696969696969697,-0.003141361256544517,-0.005235602094240843,sha256:a17021d79cb13f9333879e41c4f4213ac612cc1ab40e145dba4d5db7aaef1cdb,sha256:fdb57340f9413a482f764654ef76dffeed2dd96693fc5bce99b3d49fd5192812,sha256:1629d5d6ba2aa530259a76fdb5ecc7109108d4bb4b5c47bf48a4dc3d82cb4395,sha256:a8e94b85976e5864ba3e9525c7e6c83b2a1eca42d4b797a0c7c24d778e40fd95,sha256:39c3f62c162ab0fe10acb5bc2b0c17040b2744ecee5fb9d4dd08a2d12c78dfb2,results/basis_a5_unique_shared/whisper/unique_minus_shared/decoder/seame_dev_man/L22/unique_minus_shared_decoder_L22_oracle_local_rho0.5.json
whisper,seame_dev_man,decoder,23,0.7419354838709677,unique_minus_shared,oracle_local,0.5,NOT_TESTED,0.35706806282722514,0.6767676767676768,0.7171717171717171,,0.9984639016897081,1,0,1,1,0,,69,222.16708946228027,0.5233127813423629,3.219812890757685,0.37569891426615865,0.061061946902654866,0.362303664921466,0.6868686868686869,0.36020942408376966,0.6666666666666666,-0.005235602094240843,-0.003141361256544517,sha256:902ee661de12b74da335df8dd1fce5a2e4c46fc8272f77eb6f85f2b8f18eccd6,sha256:fdb57340f9413a482f764654ef76dffeed2dd96693fc5bce99b3d49fd5192812,sha256:1629d5d6ba2aa530259a76fdb5ecc7109108d4bb4b5c47bf48a4dc3d82cb4395,sha256:a8e94b85976e5864ba3e9525c7e6c83b2a1eca42d4b797a0c7c24d778e40fd95,sha256:39c3f62c162ab0fe10acb5bc2b0c17040b2744ecee5fb9d4dd08a2d12c78dfb2,results/basis_a5_unique_shared/whisper/unique_minus_shared/decoder/seame_dev_man/L23/unique_minus_shared_decoder_L23_oracle_local_rho0.5.json
whisper,seame_dev_man,decoder,24,0.7741935483870968,unique_minus_shared,oracle_local,0.5,STABLE,0.3486910994764398,0.6666666666666666,0.6868686868686869,,0.9877112135176651,6,4,2,6,4,,69,238.67893433570862,0.5524669475383587,3.459114990372589,0.38921073546065355,0.062162162162162166,0.3518324607329843,0.6767676767676768,0.3633507853403141,0.6767676767676768,-0.003141361256544517,-0.014659685863874339,sha256:3c6d65384d8843a5cb8fd21d5a73288ee0319fc9d525996d2d835f9e6c58d99c,sha256:fdb57340f9413a482f764654ef76dffeed2dd96693fc5bce99b3d49fd5192812,sha256:1629d5d6ba2aa530259a76fdb5ecc7109108d4bb4b5c47bf48a4dc3d82cb4395,sha256:a8e94b85976e5864ba3e9525c7e6c83b2a1eca42d4b797a0c7c24d778e40fd95,sha256:39c3f62c162ab0fe10acb5bc2b0c17040b2744ecee5fb9d4dd08a2d12c78dfb2,results/basis_a5_unique_shared/whisper/unique_minus_shared/decoder/seame_dev_man/L24/unique_minus_shared_decoder_L24_oracle_local_rho0.5.json
whisper,seame_dev_man,decoder,25,0.8064516129032258,unique_minus_shared,oracle_local,0.5,NOT_TESTED,0.3507853403141361,0.6767676767676768,0.696969696969697,,0.9953917050691244,3,2,1,3,2,,69,251.51025986671448,0.595818939652951,3.645076229952384,0.3779098646654213,0.06177260519247986,0.3507853403141361,0.6363636363636364,0.37277486910994767,0.7373737373737373,0.0,-0.021989528795811564,sha256:161e0290d05fb3cab3623f70aa5fe703939f128e2a46f492a3943df83d4f7f1b,sha256:fdb57340f9413a482f764654ef76dffeed2dd96693fc5bce99b3d49fd5192812,sha256:1629d5d6ba2aa530259a76fdb5ecc7109108d4bb4b5c47bf48a4dc3d82cb4395,sha256:a8e94b85976e5864ba3e9525c7e6c83b2a1eca42d4b797a0c7c24d778e40fd95,sha256:39c3f62c162ab0fe10acb5bc2b0c17040b2744ecee5fb9d4dd08a2d12c78dfb2,results/basis_a5_unique_shared/whisper/unique_minus_shared/decoder/seame_dev_man/L25/unique_minus_shared_decoder_L25_oracle_local_rho0.5.json
whisper,seame_dev_man,decoder,26,0.8387096774193549,unique_minus_shared,oracle_local,0.5,STABLE,0.3539267015706806,0.6666666666666666,0.6868686868686869,,0.9923195084485407,3,1,2,3,1,,68,263.83340430259705,0.6440937067895727,3.8799030044499565,0.3673718354528315,0.06098654708520179,0.35706806282722514,0.6565656565656566,0.36649214659685864,0.7070707070707071,-0.003141361256544517,-0.012565445026178013,sha256:2c0a4e1cb622e35b5af88e43874103255e0ed161442c3022f17fc66e79785d2b,sha256:fdb57340f9413a482f764654ef76dffeed2dd96693fc5bce99b3d49fd5192812,sha256:1629d5d6ba2aa530259a76fdb5ecc7109108d4bb4b5c47bf48a4dc3d82cb4395,sha256:a8e94b85976e5864ba3e9525c7e6c83b2a1eca42d4b797a0c7c24d778e40fd95,sha256:39c3f62c162ab0fe10acb5bc2b0c17040b2744ecee5fb9d4dd08a2d12c78dfb2,results/basis_a5_unique_shared/whisper/unique_minus_shared/decoder/seame_dev_man/L26/unique_minus_shared_decoder_L26_oracle_local_rho0.5.json
whisper,seame_dev_man,decoder,27,0.8709677419354839,unique_minus_shared,oracle_local,0.5,STABLE,0.35706806282722514,0.6868686868686869,0.7070707070707071,,0.9938556067588326,0,0,0,0,0,,68,309.19409942626953,0.7358719369270623,4.546972050386317,0.3738200963329292,0.060498220640569395,0.3507853403141361,0.6161616161616161,0.36858638743455496,0.7171717171717171,0.006282722513089034,-0.011518324607329822,sha256:1bab1e4a44b553de93fc1528f79b2ff01e766bf7e2e52931273d095652a7ed6f,sha256:fdb57340f9413a482f764654ef76dffeed2dd96693fc5bce99b3d49fd5192812,sha256:1629d5d6ba2aa530259a76fdb5ecc7109108d4bb4b5c47bf48a4dc3d82cb4395,sha256:a8e94b85976e5864ba3e9525c7e6c83b2a1eca42d4b797a0c7c24d778e40fd95,sha256:39c3f62c162ab0fe10acb5bc2b0c17040b2744ecee5fb9d4dd08a2d12c78dfb2,results/basis_a5_unique_shared/whisper/unique_minus_shared/decoder/seame_dev_man/L27/unique_minus_shared_decoder_L27_oracle_local_rho0.5.json
whisper,seame_dev_man,decoder,28,0.9032258064516129,unique_minus_shared,oracle_local,0.5,NOT_TESTED,0.35706806282722514,0.7373737373737373,0.7575757575757576,,0.989247311827957,0,5,-5,0,5,,69,354.9660334587097,0.8777557277423309,5.144435267517532,0.36204283113708974,0.06177260519247986,0.3549738219895288,0.6464646464646465,0.35706806282722514,0.6363636363636364,0.002094240837696326,0.0,sha256:d8648ef868455e0e6d3d02304acfaa3eb21d832061f6f8787ac5961abc6bcfd2,sha256:fdb57340f9413a482f764654ef76dffeed2dd96693fc5bce99b3d49fd5192812,sha256:1629d5d6ba2aa530259a76fdb5ecc7109108d4bb4b5c47bf48a4dc3d82cb4395,sha256:a8e94b85976e5864ba3e9525c7e6c83b2a1eca42d4b797a0c7c24d778e40fd95,sha256:39c3f62c162ab0fe10acb5bc2b0c17040b2744ecee5fb9d4dd08a2d12c78dfb2,results/basis_a5_unique_shared/whisper/unique_minus_shared/decoder/seame_dev_man/L28/unique_minus_shared_decoder_L28_oracle_local_rho0.5.json
whisper,seame_dev_man,decoder,29,0.9354838709677419,unique_minus_shared,oracle_local,0.5,NOT_TESTED,0.36544502617801045,0.6868686868686869,0.7171717171717171,,0.9969278033794163,0,0,0,0,0,,68,377.5588893890381,0.9222129416676749,5.5523366086623245,0.36230559761994074,0.06017699115044248,0.3633507853403141,0.6767676767676768,0.35287958115183243,0.6060606060606061,0.002094240837696326,0.012565445026178013,sha256:935ea1972d66582c2f847b638b758c3b924b2dbd7d0ec6ea8988bb59a5cdd54a,sha256:fdb57340f9413a482f764654ef76dffeed2dd96693fc5bce99b3d49fd5192812,sha256:1629d5d6ba2aa530259a76fdb5ecc7109108d4bb4b5c47bf48a4dc3d82cb4395,sha256:a8e94b85976e5864ba3e9525c7e6c83b2a1eca42d4b797a0c7c24d778e40fd95,sha256:39c3f62c162ab0fe10acb5bc2b0c17040b2744ecee5fb9d4dd08a2d12c78dfb2,results/basis_a5_unique_shared/whisper/unique_minus_shared/decoder/seame_dev_man/L29/unique_minus_shared_decoder_L29_oracle_local_rho0.5.json
whisper,seame_dev_man,decoder,30,0.967741935483871,unique_minus_shared,oracle_local,0.5,NOT_TESTED,0.3675392670157068,0.6868686868686869,0.7070707070707071,,0.9953917050691244,0,0,0,0,0,,68,380.3940553665161,0.9816558819389006,5.5940302259781784,0.3417129153303552,0.059964726631393295,0.3633507853403141,0.6767676767676768,0.3947643979057592,0.6262626262626263,0.004188481675392708,-0.02722513089005235,sha256:c5df984f4675b10f55e60eb24ce5683a28bd30e582efe9a3a75069910a8b5e49,sha256:fdb57340f9413a482f764654ef76dffeed2dd96693fc5bce99b3d49fd5192812,sha256:1629d5d6ba2aa530259a76fdb5ecc7109108d4bb4b5c47bf48a4dc3d82cb4395,sha256:a8e94b85976e5864ba3e9525c7e6c83b2a1eca42d4b797a0c7c24d778e40fd95,sha256:39c3f62c162ab0fe10acb5bc2b0c17040b2744ecee5fb9d4dd08a2d12c78dfb2,results/basis_a5_unique_shared/whisper/unique_minus_shared/decoder/seame_dev_man/L30/unique_minus_shared_decoder_L30_oracle_local_rho0.5.json
whisper,seame_dev_man,decoder,31,1.0,unique_minus_shared,oracle_local,0.5,STABLE,0.36020942408376966,0.6868686868686869,0.7171717171717171,,0.9969278033794163,2,2,0,2,2,,68,631.6721668243408,1.0563816031871438,9.289296570946188,0.5273001042370921,0.059964726631393295,0.36963350785340315,0.6868686868686869,0.562303664921466,0.6565656565656566,-0.009424083769633496,-0.20209424083769634,sha256:dad68be7c6384d21e031cb7741e4c9e9baa1ef4dcfd0264f0861e90385a8f090,sha256:fdb57340f9413a482f764654ef76dffeed2dd96693fc5bce99b3d49fd5192812,sha256:1629d5d6ba2aa530259a76fdb5ecc7109108d4bb4b5c47bf48a4dc3d82cb4395,sha256:a8e94b85976e5864ba3e9525c7e6c83b2a1eca42d4b797a0c7c24d778e40fd95,sha256:39c3f62c162ab0fe10acb5bc2b0c17040b2744ecee5fb9d4dd08a2d12c78dfb2,results/basis_a5_unique_shared/whisper/unique_minus_shared/decoder/seame_dev_man/L31/unique_minus_shared_decoder_L31_oracle_local_rho0.5.json
whisper,seame_dev_sge,decoder,0,0.0,unique_minus_shared,oracle_local,0.5,NOT_TESTED,0.30724971231300346,0.8295454545454546,0.8295454545454546,,0.9916666666666667,0,0,0,0,0,,38,43.12687921524048,0.09366855839275579,1.1349178740852757,0.5070705029239855,0.04185022026431718,0.30264672036823936,0.8295454545454546,0.30724971231300346,0.8295454545454546,0.004602991944764101,0.0,sha256:b243e73b15e85beb932719a1cfa0e888aebba5e67f5d9f700a056409048aabf4,sha256:bed15a781440fa9ea44eda75cec518ec511a65c1dbb453bf7017e40d6b98c6f0,sha256:1629d5d6ba2aa530259a76fdb5ecc7109108d4bb4b5c47bf48a4dc3d82cb4395,sha256:a8e94b85976e5864ba3e9525c7e6c83b2a1eca42d4b797a0c7c24d778e40fd95,sha256:39c3f62c162ab0fe10acb5bc2b0c17040b2744ecee5fb9d4dd08a2d12c78dfb2,results/basis_a5_unique_shared/whisper/unique_minus_shared/decoder/seame_dev_sge/L00/unique_minus_shared_decoder_L0_oracle_local_rho0.5.json
whisper,seame_dev_sge,decoder,1,0.03225806451612903,unique_minus_shared,oracle_local,0.5,NOT_TESTED,0.30264672036823936,0.8295454545454546,0.8295454545454546,,0.9983333333333333,0,0,0,0,0,,38,69.49282491207123,0.1548624648482556,1.828758550317664,0.4925784660325813,0.04171240395170143,0.3037974683544304,0.8295454545454546,0.3095512082853855,0.8409090909090909,-0.0011507479861910253,-0.0069044879171461515,sha256:7aedb9ddab37c3d2338a5ed2d1bccf66a2d8e9880b55dac0855269773b833913,sha256:bed15a781440fa9ea44eda75cec518ec511a65c1dbb453bf7017e40d6b98c6f0,sha256:1629d5d6ba2aa530259a76fdb5ecc7109108d4bb4b5c47bf48a4dc3d82cb4395,sha256:a8e94b85976e5864ba3e9525c7e6c83b2a1eca42d4b797a0c7c24d778e40fd95,sha256:39c3f62c162ab0fe10acb5bc2b0c17040b2744ecee5fb9d4dd08a2d12c78dfb2,results/basis_a5_unique_shared/whisper/unique_minus_shared/decoder/seame_dev_sge/L01/unique_minus_shared_decoder_L1_oracle_local_rho0.5.json
whisper,seame_dev_sge,decoder,2,0.06451612903225806,unique_minus_shared,oracle_local,0.5,NOT_TESTED,0.30609896432681244,0.8295454545454546,0.8295454545454546,,0.995,0,0,0,0,0,,38,81.9394896030426,0.18224163527017112,2.1563023579748055,0.4940879455712214,0.041758241758241756,0.3037974683544304,0.8295454545454546,0.3084004602991945,0.8409090909090909,0.0023014959723820505,-0.0023014959723820505,sha256:67f17c1327afc9fe1daa4675c6bb53be2adbe44ea6211b5fbf2c0b5cc6f35938,sha256:bed15a781440fa9ea44eda75cec518ec511a65c1dbb453bf7017e40d6b98c6f0,sha256:1629d5d6ba2aa530259a76fdb5ecc7109108d4bb4b5c47bf48a4dc3d82cb4395,sha256:a8e94b85976e5864ba3e9525c7e6c83b2a1eca42d4b797a0c7c24d778e40fd95,sha256:39c3f62c162ab0fe10acb5bc2b0c17040b2744ecee5fb9d4dd08a2d12c78dfb2,results/basis_a5_unique_shared/whisper/unique_minus_shared/decoder/seame_dev_sge/L02/unique_minus_shared_decoder_L2_oracle_local_rho0.5.json
whisper,seame_dev_sge,decoder,3,0.0967741935483871,unique_minus_shared,oracle_local,0.5,NOT_TESTED,0.3049482163406214,0.8295454545454546,0.8295454545454546,,0.9966666666666667,0,0,0,0,0,,38,88.96390223503113,0.20027832827725253,2.341155321974503,0.4881333430807822,0.041758241758241756,0.30609896432681244,0.8295454545454546,0.3049482163406214,0.8409090909090909,-0.0011507479861910253,0.0,sha256:c13906ccc03b459f32fbc2d99c718b8c07c71406816887c78d27708d47157e21,sha256:bed15a781440fa9ea44eda75cec518ec511a65c1dbb453bf7017e40d6b98c6f0,sha256:1629d5d6ba2aa530259a76fdb5ecc7109108d4bb4b5c47bf48a4dc3d82cb4395,sha256:a8e94b85976e5864ba3e9525c7e6c83b2a1eca42d4b797a0c7c24d778e40fd95,sha256:39c3f62c162ab0fe10acb5bc2b0c17040b2744ecee5fb9d4dd08a2d12c78dfb2,results/basis_a5_unique_shared/whisper/unique_minus_shared/decoder/seame_dev_sge/L03/unique_minus_shared_decoder_L3_oracle_local_rho0.5.json
whisper,seame_dev_sge,decoder,4,0.12903225806451613,unique_minus_shared,oracle_local,0.5,NOT_TESTED,0.32681242807825084,0.8409090909090909,0.8409090909090909,,0.97,0,1,-1,0,1,,38,91.77785921096802,0.20990833779485826,2.4152068213412634,0.48689116830134266,0.042316258351893093,0.30724971231300346,0.8295454545454546,0.3049482163406214,0.8409090909090909,0.019562715765247374,0.021864211737629424,sha256:d801165bf228e690788a59cfa2acb68c62c1995af9d8a20aee9bb49f0c062d0a,sha256:bed15a781440fa9ea44eda75cec518ec511a65c1dbb453bf7017e40d6b98c6f0,sha256:1629d5d6ba2aa530259a76fdb5ecc7109108d4bb4b5c47bf48a4dc3d82cb4395,sha256:a8e94b85976e5864ba3e9525c7e6c83b2a1eca42d4b797a0c7c24d778e40fd95,sha256:39c3f62c162ab0fe10acb5bc2b0c17040b2744ecee5fb9d4dd08a2d12c78dfb2,results/basis_a5_unique_shared/whisper/unique_minus_shared/decoder/seame_dev_sge/L04/unique_minus_shared_decoder_L4_oracle_local_rho0.5.json
whisper,seame_dev_sge,decoder,5,0.16129032258064516,unique_minus_shared,oracle_local,0.5,NOT_TESTED,0.30724971231300346,0.8295454545454546,0.8295454545454546,,0.9933333333333333,0,0,0,0,0,,38,94.84394240379333,0.215448617672894,2.495893221152456,0.4842860986912326,0.041804180418041806,0.30724971231300346,0.8295454545454546,0.3037974683544304,0.8409090909090909,0.0,0.0034522439585730758,sha256:969b4be40d995a8763200a0df3d098acb2fc434584c6ec472f7fdabf95e18c57,sha256:bed15a781440fa9ea44eda75cec518ec511a65c1dbb453bf7017e40d6b98c6f0,sha256:1629d5d6ba2aa530259a76fdb5ecc7109108d4bb4b5c47bf48a4dc3d82cb4395,sha256:a8e94b85976e5864ba3e9525c7e6c83b2a1eca42d4b797a0c7c24d778e40fd95,sha256:39c3f62c162ab0fe10acb5bc2b0c17040b2744ecee5fb9d4dd08a2d12c78dfb2,results/basis_a5_unique_shared/whisper/unique_minus_shared/decoder/seame_dev_sge/L05/unique_minus_shared_decoder_L5_oracle_local_rho0.5.json
whisper,seame_dev_sge,decoder,6,0.1935483870967742,unique_minus_shared,oracle_local,0.5,NOT_TESTED,0.30264672036823936,0.8295454545454546,0.8295454545454546,,0.9983333333333333,0,0,0,0,0,,38,87.05240631103516,0.23193709142915495,2.29085279765882,0.4124479804749185,0.041758241758241756,0.30264672036823936,0.8295454545454546,0.3084004602991945,0.8409090909090909,0.0,-0.005753739930955126,sha256:17aff1e50ec31e0687645f06c53f3713436254ab509f50d356219950a5e294ab,sha256:bed15a781440fa9ea44eda75cec518ec511a65c1dbb453bf7017e40d6b98c6f0,sha256:1629d5d6ba2aa530259a76fdb5ecc7109108d4bb4b5c47bf48a4dc3d82cb4395,sha256:a8e94b85976e5864ba3e9525c7e6c83b2a1eca42d4b797a0c7c24d778e40fd95,sha256:39c3f62c162ab0fe10acb5bc2b0c17040b2744ecee5fb9d4dd08a2d12c78dfb2,results/basis_a5_unique_shared/whisper/unique_minus_shared/decoder/seame_dev_sge/L06/unique_minus_shared_decoder_L6_oracle_local_rho0.5.json
whisper,seame_dev_sge,decoder,7,0.22580645161290322,unique_minus_shared,oracle_local,0.5,NOT_TESTED,0.30264672036823936,0.8295454545454546,0.8295454545454546,,0.9983333333333333,0,0,0,0,0,,38,94.2828516960144,0.24699552548572862,2.4811276762109054,0.41901082897080827,0.04171240395170143,0.30149597238204834,0.8295454545454546,0.3037974683544304,0.8409090909090909,0.0011507479861910253,-0.0011507479861910253,sha256:e54ab1a3bdf64cb434efd5bca86b08a7d1e3ecd04665049262f3b601d1162af1,sha256:bed15a781440fa9ea44eda75cec518ec511a65c1dbb453bf7017e40d6b98c6f0,sha256:1629d5d6ba2aa530259a76fdb5ecc7109108d4bb4b5c47bf48a4dc3d82cb4395,sha256:a8e94b85976e5864ba3e9525c7e6c83b2a1eca42d4b797a0c7c24d778e40fd95,sha256:39c3f62c162ab0fe10acb5bc2b0c17040b2744ecee5fb9d4dd08a2d12c78dfb2,results/basis_a5_unique_shared/whisper/unique_minus_shared/decoder/seame_dev_sge/L07/unique_minus_shared_decoder_L7_oracle_local_rho0.5.json
whisper,seame_dev_sge,decoder,8,0.25806451612903225,unique_minus_shared,oracle_local,0.5,NOT_TESTED,0.3049482163406214,0.8409090909090909,0.8409090909090909,,0.9983333333333333,0,1,-1,0,1,,38,98.27478194236755,0.2635143662547017,2.586178472167567,0.4098230673554661,0.041758241758241756,0.30264672036823936,0.8295454545454546,0.3049482163406214,0.8409090909090909,0.0023014959723820505,0.0,sha256:352c20e9c3c739dea91c85f305427dbc138818c20a213a079f2c5b5a1c422780,sha256:bed15a781440fa9ea44eda75cec518ec511a65c1dbb453bf7017e40d6b98c6f0,sha256:1629d5d6ba2aa530259a76fdb5ecc7109108d4bb4b5c47bf48a4dc3d82cb4395,sha256:a8e94b85976e5864ba3e9525c7e6c83b2a1eca42d4b797a0c7c24d778e40fd95,sha256:39c3f62c162ab0fe10acb5bc2b0c17040b2744ecee5fb9d4dd08a2d12c78dfb2,results/basis_a5_unique_shared/whisper/unique_minus_shared/decoder/seame_dev_sge/L08/unique_minus_shared_decoder_L8_oracle_local_rho0.5.json
whisper,seame_dev_sge,decoder,9,0.2903225806451613,unique_minus_shared,oracle_local,0.5,NOT_TESTED,0.3049482163406214,0.8409090909090909,0.8409090909090909,,0.9983333333333333,0,1,-1,0,1,,38,99.27275133132935,0.2646009691468962,2.612440824508667,0.4122847164190479,0.041758241758241756,0.30609896432681244,0.8295454545454546,0.3084004602991945,0.8409090909090909,-0.0011507479861910253,-0.0034522439585730758,sha256:525796b13450cfdfb576e9307591d11af62df8eec93efbbb303e8bff64d8b957,sha256:bed15a781440fa9ea44eda75cec518ec511a65c1dbb453bf7017e40d6b98c6f0,sha256:1629d5d6ba2aa530259a76fdb5ecc7109108d4bb4b5c47bf48a4dc3d82cb4395,sha256:a8e94b85976e5864ba3e9525c7e6c83b2a1eca42d4b797a0c7c24d778e40fd95,sha256:39c3f62c162ab0fe10acb5bc2b0c17040b2744ecee5fb9d4dd08a2d12c78dfb2,results/basis_a5_unique_shared/whisper/unique_minus_shared/decoder/seame_dev_sge/L09/unique_minus_shared_decoder_L9_oracle_local_rho0.5.json
whisper,seame_dev_sge,decoder,10,0.3225806451612903,unique_minus_shared,oracle_local,0.5,NOT_TESTED,0.30609896432681244,0.8409090909090909,0.8409090909090909,,0.9983333333333333,0,1,-1,0,1,,38,104.37049388885498,0.27428744731697896,2.7465919444435523,0.41768937586385346,0.04171240395170143,0.3084004602991945,0.8409090909090909,0.30609896432681244,0.8409090909090909,-0.0023014959723820505,0.0,sha256:d21ec6a6909fca786920bceb12c6313cfd4fe9c2747186681b60292944b3ad54,sha256:bed15a781440fa9ea44eda75cec518ec511a65c1dbb453bf7017e40d6b98c6f0,sha256:1629d5d6ba2aa530259a76fdb5ecc7109108d4bb4b5c47bf48a4dc3d82cb4395,sha256:a8e94b85976e5864ba3e9525c7e6c83b2a1eca42d4b797a0c7c24d778e40fd95,sha256:39c3f62c162ab0fe10acb5bc2b0c17040b2744ecee5fb9d4dd08a2d12c78dfb2,results/basis_a5_unique_shared/whisper/unique_minus_shared/decoder/seame_dev_sge/L10/unique_minus_shared_decoder_L10_oracle_local_rho0.5.json
whisper,seame_dev_sge,decoder,11,0.3548387096774194,unique_minus_shared,oracle_local,0.5,NOT_TESTED,0.30724971231300346,0.8409090909090909,0.8409090909090909,,0.9966666666666667,0,1,-1,0,1,,38,105.16864800453186,0.27599090174184016,2.7675960001192594,0.4182858261033266,0.04171240395170143,0.30724971231300346,0.8409090909090909,0.30724971231300346,0.8409090909090909,0.0,0.0,sha256:6c2f5b2e1f660107a8b1451a9535ae2b025df98ee98b26c8e0acb475ff37a5d6,sha256:bed15a781440fa9ea44eda75cec518ec511a65c1dbb453bf7017e40d6b98c6f0,sha256:1629d5d6ba2aa530259a76fdb5ecc7109108d4bb4b5c47bf48a4dc3d82cb4395,sha256:a8e94b85976e5864ba3e9525c7e6c83b2a1eca42d4b797a0c7c24d778e40fd95,sha256:39c3f62c162ab0fe10acb5bc2b0c17040b2744ecee5fb9d4dd08a2d12c78dfb2,results/basis_a5_unique_shared/whisper/unique_minus_shared/decoder/seame_dev_sge/L11/unique_minus_shared_decoder_L11_oracle_local_rho0.5.json
whisper,seame_dev_sge,decoder,12,0.3870967741935484,unique_minus_shared,oracle_local,0.5,NOT_TESTED,0.30264672036823936,0.8409090909090909,0.8409090909090909,,1.0,0,1,-1,0,1,,38,107.13140487670898,0.2850945621924536,2.8192474967554997,0.41113236888265636,0.04157549234135667,0.3095512082853855,0.8409090909090909,0.30609896432681244,0.8409090909090909,-0.0069044879171461515,-0.0034522439585730758,sha256:3e0db6e26e04351ef881b7c31c9f960da35f34f88e406368f659282e38e30dd2,sha256:bed15a781440fa9ea44eda75cec518ec511a65c1dbb453bf7017e40d6b98c6f0,sha256:1629d5d6ba2aa530259a76fdb5ecc7109108d4bb4b5c47bf48a4dc3d82cb4395,sha256:a8e94b85976e5864ba3e9525c7e6c83b2a1eca42d4b797a0c7c24d778e40fd95,sha256:39c3f62c162ab0fe10acb5bc2b0c17040b2744ecee5fb9d4dd08a2d12c78dfb2,results/basis_a5_unique_shared/whisper/unique_minus_shared/decoder/seame_dev_sge/L12/unique_minus_shared_decoder_L12_oracle_local_rho0.5.json
whisper,seame_dev_sge,decoder,13,0.41935483870967744,unique_minus_shared,oracle_local,0.5,NOT_TESTED,0.3003452243958573,0.8295454545454546,0.8295454545454546,,1.0,0,0,0,0,0,,38,113.89816284179688,0.296068040590819,2.9973200747841284,0.42136107370082737,0.0416210295728368,0.3049482163406214,0.8295454545454546,0.30609896432681244,0.8409090909090909,-0.004602991944764101,-0.005753739930955126,sha256:a49adc511f5e3d446f87ef363c57b3f739b3ae7fbf03390b3221d888cf580418,sha256:bed15a781440fa9ea44eda75cec518ec511a65c1dbb453bf7017e40d6b98c6f0,sha256:1629d5d6ba2aa530259a76fdb5ecc7109108d4bb4b5c47bf48a4dc3d82cb4395,sha256:a8e94b85976e5864ba3e9525c7e6c83b2a1eca42d4b797a0c7c24d778e40fd95,sha256:39c3f62c162ab0fe10acb5bc2b0c17040b2744ecee5fb9d4dd08a2d12c78dfb2,results/basis_a5_unique_shared/whisper/unique_minus_shared/decoder/seame_dev_sge/L13/unique_minus_shared_decoder_L13_oracle_local_rho0.5.json
whisper,seame_dev_sge,decoder,14,0.45161290322580644,unique_minus_shared,oracle_local,0.5,NOT_TESTED,0.30264672036823936,0.8409090909090909,0.8409090909090909,,1.0,0,1,-1,0,1,,38,114.92073011398315,0.29866116625996597,3.0242297398416618,0.4209915937910944,0.04157549234135667,0.3037974683544304,0.8295454545454546,0.3049482163406214,0.8409090909090909,-0.0011507479861910253,-0.0023014959723820505,sha256:1238718e62cf6f8ab6d89ec4c8e8a6deac47e41f7de654f841cbda98c5b3b1fb,sha256:bed15a781440fa9ea44eda75cec518ec511a65c1dbb453bf7017e40d6b98c6f0,sha256:1629d5d6ba2aa530259a76fdb5ecc7109108d4bb4b5c47bf48a4dc3d82cb4395,sha256:a8e94b85976e5864ba3e9525c7e6c83b2a1eca42d4b797a0c7c24d778e40fd95,sha256:39c3f62c162ab0fe10acb5bc2b0c17040b2744ecee5fb9d4dd08a2d12c78dfb2,results/basis_a5_unique_shared/whisper/unique_minus_shared/decoder/seame_dev_sge/L14/unique_minus_shared_decoder_L14_oracle_local_rho0.5.json
whisper,seame_dev_sge,decoder,15,0.4838709677419355,unique_minus_shared,oracle_local,0.5,NOT_TESTED,0.30264672036823936,0.8409090909090909,0.8409090909090909,,1.0,0,1,-1,0,1,,38,113.18897414207458,0.294476186159664,2.978657214265121,0.4205404240465855,0.04157549234135667,0.3003452243958573,0.8295454545454546,0.3095512082853855,0.8409090909090909,0.0023014959723820505,-0.0069044879171461515,sha256:a2fc9af9ddddb95f36d222faaf41453db235bd15c52a27e92b14870ae26f6a5e,sha256:bed15a781440fa9ea44eda75cec518ec511a65c1dbb453bf7017e40d6b98c6f0,sha256:1629d5d6ba2aa530259a76fdb5ecc7109108d4bb4b5c47bf48a4dc3d82cb4395,sha256:a8e94b85976e5864ba3e9525c7e6c83b2a1eca42d4b797a0c7c24d778e40fd95,sha256:39c3f62c162ab0fe10acb5bc2b0c17040b2744ecee5fb9d4dd08a2d12c78dfb2,results/basis_a5_unique_shared/whisper/unique_minus_shared/decoder/seame_dev_sge/L15/unique_minus_shared_decoder_L15_oracle_local_rho0.5.json
whisper,seame_dev_sge,decoder,16,0.5161290322580645,unique_minus_shared,oracle_local,0.5,NOT_TESTED,0.30264672036823936,0.8409090909090909,0.8409090909090909,,1.0,0,1,-1,0,1,,38,119.63792443275452,0.3153846125482599,3.148366432440908,0.4154871454633773,0.0416210295728368,0.30264672036823936,0.8295454545454546,0.31070195627157654,0.8409090909090909,0.0,-0.008055235903337177,sha256:02870677061940b1ace3856620fea876aa6c919866f4f891fd5425255879af27,sha256:bed15a781440fa9ea44eda75cec518ec511a65c1dbb453bf7017e40d6b98c6f0,sha256:1629d5d6ba2aa530259a76fdb5ecc7109108d4bb4b5c47bf48a4dc3d82cb4395,sha256:a8e94b85976e5864ba3e9525c7e6c83b2a1eca42d4b797a0c7c24d778e40fd95,sha256:39c3f62c162ab0fe10acb5bc2b0c17040b2744ecee5fb9d4dd08a2d12c78dfb2,results/basis_a5_unique_shared/whisper/unique_minus_shared/decoder/seame_dev_sge/L16/unique_minus_shared_decoder_L16_oracle_local_rho0.5.json
whisper,seame_dev_sge,decoder,17,0.5483870967741935,unique_minus_shared,oracle_local,0.5,NOT_TESTED,0.30264672036823936,0.8409090909090909,0.8409090909090909,,1.0,0,1,-1,0,1,,38,119.35908222198486,0.3213517215082554,3.1410284795259176,0.40593242750766073,0.041530054644808745,0.30609896432681244,0.8409090909090909,0.30724971231300346,0.8295454545454546,-0.0034522439585730758,-0.004602991944764101,sha256:39fd87c954f2bd9cdfefddf6f3d83091f76ddda7d227d9904a7fdfe63303bb6b,sha256:bed15a781440fa9ea44eda75cec518ec511a65c1dbb453bf7017e40d6b98c6f0,sha256:1629d5d6ba2aa530259a76fdb5ecc7109108d4bb4b5c47bf48a4dc3d82cb4395,sha256:a8e94b85976e5864ba3e9525c7e6c83b2a1eca42d4b797a0c7c24d778e40fd95,sha256:39c3f62c162ab0fe10acb5bc2b0c17040b2744ecee5fb9d4dd08a2d12c78dfb2,results/basis_a5_unique_shared/whisper/unique_minus_shared/decoder/seame_dev_sge/L17/unique_minus_shared_decoder_L17_oracle_local_rho0.5.json
whisper,seame_dev_sge,decoder,18,0.5806451612903226,unique_minus_shared,oracle_local,0.5,NOT_TESTED,0.3049482163406214,0.8409090909090909,0.8409090909090909,,1.0,0,1,-1,0,1,,38,122.33359599113464,0.32037984476162595,3.219305157661438,0.41822479585351785,0.0416210295728368,0.30149597238204834,0.8295454545454546,0.3084004602991945,0.8295454545454546,0.0034522439585730758,-0.0034522439585730758,sha256:ee137a27ede67744e2bb0817ea7d427ddaf66884f82537dcf782a23be85248d9,sha256:bed15a781440fa9ea44eda75cec518ec511a65c1dbb453bf7017e40d6b98c6f0,sha256:1629d5d6ba2aa530259a76fdb5ecc7109108d4bb4b5c47bf48a4dc3d82cb4395,sha256:a8e94b85976e5864ba3e9525c7e6c83b2a1eca42d4b797a0c7c24d778e40fd95,sha256:39c3f62c162ab0fe10acb5bc2b0c17040b2744ecee5fb9d4dd08a2d12c78dfb2,results/basis_a5_unique_shared/whisper/unique_minus_shared/decoder/seame_dev_sge/L18/unique_minus_shared_decoder_L18_oracle_local_rho0.5.json
whisper,seame_dev_sge,decoder,19,0.6129032258064516,unique_minus_shared,oracle_local,0.5,NOT_TESTED,0.3049482163406214,0.8409090909090909,0.8409090909090909,,1.0,0,1,-1,0,1,,38,120.8282368183136,0.3315104189994954,3.1796904425872,0.39920914203179186,0.0416210295728368,0.3084004602991945,0.8295454545454546,0.30724971231300346,0.8295454545454546,-0.0034522439585730758,-0.0023014959723820505,sha256:313e235e11adc9b5f37f2fa0e830a252556a1a58bb0046766393583f52e6db41,sha256:bed15a781440fa9ea44eda75cec518ec511a65c1dbb453bf7017e40d6b98c6f0,sha256:1629d5d6ba2aa530259a76fdb5ecc7109108d4bb4b5c47bf48a4dc3d82cb4395,sha256:a8e94b85976e5864ba3e9525c7e6c83b2a1eca42d4b797a0c7c24d778e40fd95,sha256:39c3f62c162ab0fe10acb5bc2b0c17040b2744ecee5fb9d4dd08a2d12c78dfb2,results/basis_a5_unique_shared/whisper/unique_minus_shared/decoder/seame_dev_sge/L19/unique_minus_shared_decoder_L19_oracle_local_rho0.5.json
whisper,seame_dev_sge,decoder,20,0.6451612903225806,unique_minus_shared,oracle_local,0.5,NOT_TESTED,0.30609896432681244,0.8409090909090909,0.8409090909090909,,0.9983333333333333,0,1,-1,0,1,,38,119.73615193367004,0.335351052446146,3.1509513666755273,0.3910703099285289,0.0416210295728368,0.30724971231300346,0.8295454545454546,0.30724971231300346,0.8295454545454546,-0.0011507479861910253,-0.0011507479861910253,sha256:63ab8746bd0c0617291ebeeed318b90655a54b2ea0198a93993e8f9ae5148a5d,sha256:bed15a781440fa9ea44eda75cec518ec511a65c1dbb453bf7017e40d6b98c6f0,sha256:1629d5d6ba2aa530259a76fdb5ecc7109108d4bb4b5c47bf48a4dc3d82cb4395,sha256:a8e94b85976e5864ba3e9525c7e6c83b2a1eca42d4b797a0c7c24d778e40fd95,sha256:39c3f62c162ab0fe10acb5bc2b0c17040b2744ecee5fb9d4dd08a2d12c78dfb2,results/basis_a5_unique_shared/whisper/unique_minus_shared/decoder/seame_dev_sge/L20/unique_minus_shared_decoder_L20_oracle_local_rho0.5.json
whisper,seame_dev_sge,decoder,21,0.6774193548387096,unique_minus_shared,oracle_local,0.5,NOT_TESTED,0.30149597238204834,0.8409090909090909,0.8409090909090909,,0.9983333333333333,0,1,-1,0,1,,38,122.6026303768158,0.34640214633837196,3.2263850099162052,0.3876577190139787,0.0416210295728368,0.3037974683544304,0.8295454545454546,0.3037974683544304,0.8295454545454546,-0.0023014959723820505,-0.0023014959723820505,sha256:1b6e0ee7af2f4a100b127578a60df3fb314adf972c5782bfd04f9b9bb80de2a8,sha256:bed15a781440fa9ea44eda75cec518ec511a65c1dbb453bf7017e40d6b98c6f0,sha256:1629d5d6ba2aa530259a76fdb5ecc7109108d4bb4b5c47bf48a4dc3d82cb4395,sha256:a8e94b85976e5864ba3e9525c7e6c83b2a1eca42d4b797a0c7c24d778e40fd95,sha256:39c3f62c162ab0fe10acb5bc2b0c17040b2744ecee5fb9d4dd08a2d12c78dfb2,results/basis_a5_unique_shared/whisper/unique_minus_shared/decoder/seame_dev_sge/L21/unique_minus_shared_decoder_L21_oracle_local_rho0.5.json
whisper,seame_dev_sge,decoder,22,0.7096774193548387,unique_minus_shared,oracle_local,0.5,NOT_TESTED,0.3037974683544304,0.8295454545454546,0.8295454545454546,,0.9966666666666667,0,0,0,0,0,,38,127.34632968902588,0.3523495617727591,3.3512192023427865,0.3958602724635239,0.0416210295728368,0.30264672036823936,0.8295454545454546,0.3037974683544304,0.8295454545454546,0.0011507479861910253,0.0,sha256:a17021d79cb13f9333879e41c4f4213ac612cc1ab40e145dba4d5db7aaef1cdb,sha256:bed15a781440fa9ea44eda75cec518ec511a65c1dbb453bf7017e40d6b98c6f0,sha256:1629d5d6ba2aa530259a76fdb5ecc7109108d4bb4b5c47bf48a4dc3d82cb4395,sha256:a8e94b85976e5864ba3e9525c7e6c83b2a1eca42d4b797a0c7c24d778e40fd95,sha256:39c3f62c162ab0fe10acb5bc2b0c17040b2744ecee5fb9d4dd08a2d12c78dfb2,results/basis_a5_unique_shared/whisper/unique_minus_shared/decoder/seame_dev_sge/L22/unique_minus_shared_decoder_L22_oracle_local_rho0.5.json
whisper,seame_dev_sge,decoder,23,0.7419354838709677,unique_minus_shared,oracle_local,0.5,NOT_TESTED,0.3049482163406214,0.8409090909090909,0.8409090909090909,,0.9916666666666667,0,1,-1,0,1,,38,126.62122106552124,0.3653966731247066,3.332137396461085,0.3820626832066857,0.04189636163175303,0.3084004602991945,0.8295454545454546,0.3037974683544304,0.8295454545454546,-0.0034522439585730758,0.0011507479861910253,sha256:902ee661de12b74da335df8dd1fce5a2e4c46fc8272f77eb6f85f2b8f18eccd6,sha256:bed15a781440fa9ea44eda75cec518ec511a65c1dbb453bf7017e40d6b98c6f0,sha256:1629d5d6ba2aa530259a76fdb5ecc7109108d4bb4b5c47bf48a4dc3d82cb4395,sha256:a8e94b85976e5864ba3e9525c7e6c83b2a1eca42d4b797a0c7c24d778e40fd95,sha256:39c3f62c162ab0fe10acb5bc2b0c17040b2744ecee5fb9d4dd08a2d12c78dfb2,results/basis_a5_unique_shared/whisper/unique_minus_shared/decoder/seame_dev_sge/L23/unique_minus_shared_decoder_L23_oracle_local_rho0.5.json
whisper,seame_dev_sge,decoder,24,0.7741935483870968,unique_minus_shared,oracle_local,0.5,STABLE,0.3049482163406214,0.8295454545454546,0.8295454545454546,,0.995,0,0,0,0,0,,38,131.63282442092896,0.37367537248826627,3.464021695287604,0.3858326238104998,0.0416210295728368,0.30724971231300346,0.8295454545454546,0.30149597238204834,0.8295454545454546,-0.0023014959723820505,0.0034522439585730758,sha256:3c6d65384d8843a5cb8fd21d5a73288ee0319fc9d525996d2d835f9e6c58d99c,sha256:bed15a781440fa9ea44eda75cec518ec511a65c1dbb453bf7017e40d6b98c6f0,sha256:1629d5d6ba2aa530259a76fdb5ecc7109108d4bb4b5c47bf48a4dc3d82cb4395,sha256:a8e94b85976e5864ba3e9525c7e6c83b2a1eca42d4b797a0c7c24d778e40fd95,sha256:39c3f62c162ab0fe10acb5bc2b0c17040b2744ecee5fb9d4dd08a2d12c78dfb2,results/basis_a5_unique_shared/whisper/unique_minus_shared/decoder/seame_dev_sge/L24/unique_minus_shared_decoder_L24_oracle_local_rho0.5.json
whisper,seame_dev_sge,decoder,25,0.8064516129032258,unique_minus_shared,oracle_local,0.5,NOT_TESTED,0.31070195627157654,0.8409090909090909,0.8409090909090909,,0.99,0,1,-1,0,1,,38,141.67024850845337,0.4049898893526285,3.7281644344329834,0.38483148034705794,0.041804180418041806,0.3084004602991945,0.8295454545454546,0.30149597238204834,0.8295454545454546,0.0023014959723820505,0.009205983889528202,sha256:161e0290d05fb3cab3623f70aa5fe703939f128e2a46f492a3943df83d4f7f1b,sha256:bed15a781440fa9ea44eda75cec518ec511a65c1dbb453bf7017e40d6b98c6f0,sha256:1629d5d6ba2aa530259a76fdb5ecc7109108d4bb4b5c47bf48a4dc3d82cb4395,sha256:a8e94b85976e5864ba3e9525c7e6c83b2a1eca42d4b797a0c7c24d778e40fd95,sha256:39c3f62c162ab0fe10acb5bc2b0c17040b2744ecee5fb9d4dd08a2d12c78dfb2,results/basis_a5_unique_shared/whisper/unique_minus_shared/decoder/seame_dev_sge/L25/unique_minus_shared_decoder_L25_oracle_local_rho0.5.json
whisper,seame_dev_sge,decoder,26,0.8387096774193549,unique_minus_shared,oracle_local,0.5,STABLE,0.3037974683544304,0.8409090909090909,0.8409090909090909,,0.9983333333333333,0,1,-1,0,1,,38,154.03996419906616,0.4406399862510631,4.053683268396478,0.3824752245327959,0.04157549234135667,0.3049482163406214,0.8295454545454546,0.3037974683544304,0.8295454545454546,-0.0011507479861910253,0.0,sha256:2c0a4e1cb622e35b5af88e43874103255e0ed161442c3022f17fc66e79785d2b,sha256:bed15a781440fa9ea44eda75cec518ec511a65c1dbb453bf7017e40d6b98c6f0,sha256:1629d5d6ba2aa530259a76fdb5ecc7109108d4bb4b5c47bf48a4dc3d82cb4395,sha256:a8e94b85976e5864ba3e9525c7e6c83b2a1eca42d4b797a0c7c24d778e40fd95,sha256:39c3f62c162ab0fe10acb5bc2b0c17040b2744ecee5fb9d4dd08a2d12c78dfb2,results/basis_a5_unique_shared/whisper/unique_minus_shared/decoder/seame_dev_sge/L26/unique_minus_shared_decoder_L26_oracle_local_rho0.5.json
whisper,seame_dev_sge,decoder,27,0.8709677419354839,unique_minus_shared,oracle_local,0.5,STABLE,0.3003452243958573,0.8409090909090909,0.8409090909090909,,0.9966666666666667,0,1,-1,0,1,,38,178.63906812667847,0.5039162031948307,4.701028108596802,0.38701041065111424,0.04148471615720524,0.2991944764096663,0.8295454545454546,0.30724971231300346,0.8295454545454546,0.0011507479861910253,-0.0069044879171461515,sha256:1bab1e4a44b553de93fc1528f79b2ff01e766bf7e2e52931273d095652a7ed6f,sha256:bed15a781440fa9ea44eda75cec518ec511a65c1dbb453bf7017e40d6b98c6f0,sha256:1629d5d6ba2aa530259a76fdb5ecc7109108d4bb4b5c47bf48a4dc3d82cb4395,sha256:a8e94b85976e5864ba3e9525c7e6c83b2a1eca42d4b797a0c7c24d778e40fd95,sha256:39c3f62c162ab0fe10acb5bc2b0c17040b2744ecee5fb9d4dd08a2d12c78dfb2,results/basis_a5_unique_shared/whisper/unique_minus_shared/decoder/seame_dev_sge/L27/unique_minus_shared_decoder_L27_oracle_local_rho0.5.json
whisper,seame_dev_sge,decoder,28,0.9032258064516129,unique_minus_shared,oracle_local,0.5,NOT_TESTED,0.29689298043728424,0.8295454545454546,0.8295454545454546,,0.9966666666666667,0,0,0,0,0,,38,196.93775367736816,0.5792336282325388,5.182572465193899,0.3699641999467864,0.041349292709466814,0.30149597238204834,0.8295454545454546,0.3095512082853855,0.8181818181818182,-0.004602991944764101,-0.012658227848101278,sha256:d8648ef868455e0e6d3d02304acfaa3eb21d832061f6f8787ac5961abc6bcfd2,sha256:bed15a781440fa9ea44eda75cec518ec511a65c1dbb453bf7017e40d6b98c6f0,sha256:1629d5d6ba2aa530259a76fdb5ecc7109108d4bb4b5c47bf48a4dc3d82cb4395,sha256:a8e94b85976e5864ba3e9525c7e6c83b2a1eca42d4b797a0c7c24d778e40fd95,sha256:39c3f62c162ab0fe10acb5bc2b0c17040b2744ecee5fb9d4dd08a2d12c78dfb2,results/basis_a5_unique_shared/whisper/unique_minus_shared/decoder/seame_dev_sge/L28/unique_minus_shared_decoder_L28_oracle_local_rho0.5.json
whisper,seame_dev_sge,decoder,29,0.9354838709677419,unique_minus_shared,oracle_local,0.5,NOT_TESTED,0.3037974683544304,0.8409090909090909,0.8522727272727273,,0.9983333333333333,0,1,-1,0,1,,38,215.32183694839478,0.6415320185192844,5.666364130220916,0.36802294914415773,0.041666666666666664,0.30264672036823936,0.8295454545454546,0.30609896432681244,0.8181818181818182,0.0011507479861910253,-0.0023014959723820505,sha256:935ea1972d66582c2f847b638b758c3b924b2dbd7d0ec6ea8988bb59a5cdd54a,sha256:bed15a781440fa9ea44eda75cec518ec511a65c1dbb453bf7017e40d6b98c6f0,sha256:1629d5d6ba2aa530259a76fdb5ecc7109108d4bb4b5c47bf48a4dc3d82cb4395,sha256:a8e94b85976e5864ba3e9525c7e6c83b2a1eca42d4b797a0c7c24d778e40fd95,sha256:39c3f62c162ab0fe10acb5bc2b0c17040b2744ecee5fb9d4dd08a2d12c78dfb2,results/basis_a5_unique_shared/whisper/unique_minus_shared/decoder/seame_dev_sge/L29/unique_minus_shared_decoder_L29_oracle_local_rho0.5.json
whisper,seame_dev_sge,decoder,30,0.967741935483871,unique_minus_shared,oracle_local,0.5,NOT_TESTED,0.3049482163406214,0.8409090909090909,0.8522727272727273,,0.9966666666666667,0,1,-1,0,1,,38,215.88368558883667,0.6817233206933004,5.68114962075886,0.34722967565622465,0.041666666666666664,0.3003452243958573,0.8295454545454546,0.3176064441887227,0.8295454545454546,0.004602991944764101,-0.012658227848101278,sha256:c5df984f4675b10f55e60eb24ce5683a28bd30e582efe9a3a75069910a8b5e49,sha256:bed15a781440fa9ea44eda75cec518ec511a65c1dbb453bf7017e40d6b98c6f0,sha256:1629d5d6ba2aa530259a76fdb5ecc7109108d4bb4b5c47bf48a4dc3d82cb4395,sha256:a8e94b85976e5864ba3e9525c7e6c83b2a1eca42d4b797a0c7c24d778e40fd95,sha256:39c3f62c162ab0fe10acb5bc2b0c17040b2744ecee5fb9d4dd08a2d12c78dfb2,results/basis_a5_unique_shared/whisper/unique_minus_shared/decoder/seame_dev_sge/L30/unique_minus_shared_decoder_L30_oracle_local_rho0.5.json
whisper,seame_dev_sge,decoder,31,1.0,unique_minus_shared,oracle_local,0.5,STABLE,0.3141542002301496,0.8409090909090909,0.8522727272727273,,0.9833333333333333,0,1,-1,0,1,,38,353.07409381866455,0.7411234900765162,9.291423521543804,0.524096659242244,0.041804180418041806,0.3003452243958573,0.8295454545454546,0.34062140391254314,0.7954545454545454,0.013808975834292303,-0.026467203682393525,sha256:dad68be7c6384d21e031cb7741e4c9e9baa1ef4dcfd0264f0861e90385a8f090,sha256:bed15a781440fa9ea44eda75cec518ec511a65c1dbb453bf7017e40d6b98c6f0,sha256:1629d5d6ba2aa530259a76fdb5ecc7109108d4bb4b5c47bf48a4dc3d82cb4395,sha256:a8e94b85976e5864ba3e9525c7e6c83b2a1eca42d4b797a0c7c24d778e40fd95,sha256:39c3f62c162ab0fe10acb5bc2b0c17040b2744ecee5fb9d4dd08a2d12c78dfb2,results/basis_a5_unique_shared/whisper/unique_minus_shared/decoder/seame_dev_sge/L31/unique_minus_shared_decoder_L31_oracle_local_rho0.5.json
whisper,cs_dialogue,encoder,0,0.0,unique_minus_shared,oracle_local,0.5,NOT_TESTED,0.2828966910235846,0.5282186948853616,0.5308641975308642,,0.951611509548086,44,176,-132,44,176,,79516,976663.7886657715,22.733142462826883,12.282607131467522,0.5402951726340508,1.0,0.46367254797124696,0.6225749559082893,,,-0.18077585694766235,,sha256:635423bff00f532b4bc50029db395f7790b8d6deafc5991f195be794238488b5,sha256:10022e9839d9be3dafbe1bd1508d369194e67f9d5f1e4c3677336fa056376fd6,sha256:db44fc36dde6fe547757530d0681da140ba114b627899224deb9690f2a6ffe63,sha256:a8e94b85976e5864ba3e9525c7e6c83b2a1eca42d4b797a0c7c24d778e40fd95,sha256:39c3f62c162ab0fe10acb5bc2b0c17040b2744ecee5fb9d4dd08a2d12c78dfb2,results/basis_a5_unique_shared/whisper/unique_minus_shared/encoder/cs_dialogue/L00/unique_minus_shared_encoder_L0_oracle_local_rho0.5.json
whisper,cs_dialogue,encoder,1,0.03225806451612903,unique_minus_shared,oracle_local,0.5,NOT_TESTED,0.3090358224915345,0.5965608465608465,0.5978835978835979,,0.9272444482848008,50,337,-287,50,337,,79516,844505.2198028564,19.22495596830655,10.620569694185528,0.552436619969073,1.0,0.5778530267926097,0.6300705467372134,,,-0.26881720430107525,,sha256:86ec589f0acb7c7069fbbb693c051b571f1d58400f7d6b5673bd6338822348bf,sha256:10022e9839d9be3dafbe1bd1508d369194e67f9d5f1e4c3677336fa056376fd6,sha256:db44fc36dde6fe547757530d0681da140ba114b627899224deb9690f2a6ffe63,sha256:a8e94b85976e5864ba3e9525c7e6c83b2a1eca42d4b797a0c7c24d778e40fd95,sha256:39c3f62c162ab0fe10acb5bc2b0c17040b2744ecee5fb9d4dd08a2d12c78dfb2,results/basis_a5_unique_shared/whisper/unique_minus_shared/encoder/cs_dialogue/L01/unique_minus_shared_encoder_L1_oracle_local_rho0.5.json
whisper,cs_dialogue,encoder,2,0.06451612903225806,unique_minus_shared,oracle_local,0.5,NOT_TESTED,0.3188379967920157,0.5612874779541446,0.5634920634920635,,0.9429707076816729,51,258,-207,51,258,,79516,835480.5194396973,19.015832717140782,10.507074292465633,0.5525434751534497,1.0,0.5537931444187013,0.6247795414462081,,,-0.23495514762668562,,sha256:1175548b929cfc3e32afaf91a2ef77a60479b18442378f298e1dfb4c31f070e0,sha256:10022e9839d9be3dafbe1bd1508d369194e67f9d5f1e4c3677336fa056376fd6,sha256:db44fc36dde6fe547757530d0681da140ba114b627899224deb9690f2a6ffe63,sha256:a8e94b85976e5864ba3e9525c7e6c83b2a1eca42d4b797a0c7c24d778e40fd95,sha256:39c3f62c162ab0fe10acb5bc2b0c17040b2744ecee5fb9d4dd08a2d12c78dfb2,results/basis_a5_unique_shared/whisper/unique_minus_shared/encoder/cs_dialogue/L02/unique_minus_shared_encoder_L2_oracle_local_rho0.5.json
whisper,cs_dialogue,encoder,3,0.0967741935483871,unique_minus_shared,oracle_local,0.5,NOT_TESTED,0.3215707241727559,0.5696649029982364,0.5731922398589065,,0.9271580402661367,40,266,-226,40,266,,79516,822416.7637329102,18.801977868710757,10.34278338614757,0.550090179786855,1.0,0.5599714845838532,0.6234567901234568,,,-0.23840076041109726,,sha256:d62253c5862a002a87a7b82106172a25c10cd4a23562c2ba01f6259e4d5e69f6,sha256:10022e9839d9be3dafbe1bd1508d369194e67f9d5f1e4c3677336fa056376fd6,sha256:db44fc36dde6fe547757530d0681da140ba114b627899224deb9690f2a6ffe63,sha256:a8e94b85976e5864ba3e9525c7e6c83b2a1eca42d4b797a0c7c24d778e40fd95,sha256:39c3f62c162ab0fe10acb5bc2b0c17040b2744ecee5fb9d4dd08a2d12c78dfb2,results/basis_a5_unique_shared/whisper/unique_minus_shared/encoder/cs_dialogue/L03/unique_minus_shared_encoder_L3_oracle_local_rho0.5.json
whisper,cs_dialogue,encoder,4,0.12903225806451613,unique_minus_shared,oracle_local,0.5,NOT_TESTED,0.29412463613140855,0.5881834215167548,0.58994708994709,,0.9495377171001469,34,302,-268,34,302,,79516,813720.3077392578,18.647955654528463,10.233416013623142,0.5487687874857244,1.0,0.5751202994118696,0.6353615520282186,,,-0.28099566328046105,,sha256:c8b308048cac2415aa5f4e2b984f59beab1c169eb934f143c96bb30926ed5964,sha256:10022e9839d9be3dafbe1bd1508d369194e67f9d5f1e4c3677336fa056376fd6,sha256:db44fc36dde6fe547757530d0681da140ba114b627899224deb9690f2a6ffe63,sha256:a8e94b85976e5864ba3e9525c7e6c83b2a1eca42d4b797a0c7c24d778e40fd95,sha256:39c3f62c162ab0fe10acb5bc2b0c17040b2744ecee5fb9d4dd08a2d12c78dfb2,results/basis_a5_unique_shared/whisper/unique_minus_shared/encoder/cs_dialogue/L04/unique_minus_shared_encoder_L4_oracle_local_rho0.5.json
whisper,cs_dialogue,encoder,5,0.16129032258064516,unique_minus_shared,oracle_local,0.5,NOT_TESTED,0.3117685498722747,0.6141975308641975,0.6164021164021164,,0.9328609694979694,32,359,-327,32,359,,79516,812937.4828033447,18.637914914925087,10.22357114044148,0.5485362062820949,1.0,0.5919325135151191,0.6318342151675485,,,-0.2801639636428444,,sha256:bf8be4c061bd6ea8b0550944d35d80fa29a23d69c5b30909161a91997634cadb,sha256:10022e9839d9be3dafbe1bd1508d369194e67f9d5f1e4c3677336fa056376fd6,sha256:db44fc36dde6fe547757530d0681da140ba114b627899224deb9690f2a6ffe63,sha256:a8e94b85976e5864ba3e9525c7e6c83b2a1eca42d4b797a0c7c24d778e40fd95,sha256:39c3f62c162ab0fe10acb5bc2b0c17040b2744ecee5fb9d4dd08a2d12c78dfb2,results/basis_a5_unique_shared/whisper/unique_minus_shared/encoder/cs_dialogue/L05/unique_minus_shared_encoder_L5_oracle_local_rho0.5.json
whisper,cs_dialogue,encoder,6,0.1935483870967742,unique_minus_shared,oracle_local,0.5,NOT_TESTED,0.29679795639517614,0.5864197530864198,0.5881834215167548,,0.9434027477749936,36,300,-264,36,300,,79516,812085.5724487305,18.683346939528274,10.212857443140129,0.5466289030651585,1.0,0.612546783104616,0.63668430335097,,,-0.3157488267094398,,sha256:e7bfb6cf6c4593e0eb864a9c1cf85173f63ddb2c617e5fcc3a8a6cc1d2f4fbae,sha256:10022e9839d9be3dafbe1bd1508d369194e67f9d5f1e4c3677336fa056376fd6,sha256:db44fc36dde6fe547757530d0681da140ba114b627899224deb9690f2a6ffe63,sha256:a8e94b85976e5864ba3e9525c7e6c83b2a1eca42d4b797a0c7c24d778e40fd95,sha256:39c3f62c162ab0fe10acb5bc2b0c17040b2744ecee5fb9d4dd08a2d12c78dfb2,results/basis_a5_unique_shared/whisper/unique_minus_shared/encoder/cs_dialogue/L06/unique_minus_shared_encoder_L6_oracle_local_rho0.5.json
whisper,cs_dialogue,encoder,7,0.22580645161290322,unique_minus_shared,oracle_local,0.5,NOT_TESTED,0.34943266203291157,0.6741622574955908,0.6763668430335097,,0.8997666983496069,43,506,-463,43,506,,79516,805192.4685668945,18.58475104174184,10.126169180628986,0.5448643975851678,1.0,0.6313788391849343,0.6569664902998237,,,-0.28194617715202275,,sha256:c3642df3aada47d84fb17016db8c1a87704367bb33a912db4216334a94d73dae,sha256:10022e9839d9be3dafbe1bd1508d369194e67f9d5f1e4c3677336fa056376fd6,sha256:db44fc36dde6fe547757530d0681da140ba114b627899224deb9690f2a6ffe63,sha256:a8e94b85976e5864ba3e9525c7e6c83b2a1eca42d4b797a0c7c24d778e40fd95,sha256:39c3f62c162ab0fe10acb5bc2b0c17040b2744ecee5fb9d4dd08a2d12c78dfb2,results/basis_a5_unique_shared/whisper/unique_minus_shared/encoder/cs_dialogue/L07/unique_minus_shared_encoder_L7_oracle_local_rho0.5.json
whisper,cs_dialogue,encoder,8,0.25806451612903225,unique_minus_shared,oracle_local,0.5,NOT_TESTED,0.38151250519812274,0.6926807760141094,0.6953262786596119,,0.859932601745442,53,558,-505,53,558,,79516,809613.9097747803,18.638596461760613,10.181773602479756,0.5462736222316377,1.0,0.648488088873047,0.6640211640211641,,,-0.26697558367492424,,sha256:79592c585c77f423d85a2a17e7ff8f005db3e8c417d878871b59864da605b570,sha256:10022e9839d9be3dafbe1bd1508d369194e67f9d5f1e4c3677336fa056376fd6,sha256:db44fc36dde6fe547757530d0681da140ba114b627899224deb9690f2a6ffe63,sha256:a8e94b85976e5864ba3e9525c7e6c83b2a1eca42d4b797a0c7c24d778e40fd95,sha256:39c3f62c162ab0fe10acb5bc2b0c17040b2744ecee5fb9d4dd08a2d12c78dfb2,results/basis_a5_unique_shared/whisper/unique_minus_shared/encoder/cs_dialogue/L08/unique_minus_shared_encoder_L8_oracle_local_rho0.5.json
whisper,cs_dialogue,encoder,9,0.2903225806451613,unique_minus_shared,oracle_local,0.5,NOT_TESTED,0.3919681577853027,0.6988536155202821,0.7094356261022927,,0.8548345286442582,59,578,-519,59,578,,79516,808592.6464996338,18.68674130516277,10.16893010840125,0.5441788882469187,1.0,0.6531812511138835,0.6657848324514991,,,-0.2612130933285808,,sha256:a4765d2f107e0c04c2925ede5cc40f4801ba74dcdc82ec693fb12dc1bc9cfdd7,sha256:10022e9839d9be3dafbe1bd1508d369194e67f9d5f1e4c3677336fa056376fd6,sha256:db44fc36dde6fe547757530d0681da140ba114b627899224deb9690f2a6ffe63,sha256:a8e94b85976e5864ba3e9525c7e6c83b2a1eca42d4b797a0c7c24d778e40fd95,sha256:39c3f62c162ab0fe10acb5bc2b0c17040b2744ecee5fb9d4dd08a2d12c78dfb2,results/basis_a5_unique_shared/whisper/unique_minus_shared/encoder/cs_dialogue/L09/unique_minus_shared_encoder_L9_oracle_local_rho0.5.json
whisper,cs_dialogue,encoder,10,0.3225806451612903,unique_minus_shared,oracle_local,0.5,NOT_TESTED,0.4040872096477158,0.7120811287477954,0.732363315696649,,0.8406636135833405,40,589,-549,40,589,,79516,811347.7019195557,18.787163284512268,10.203577920412943,0.5431143470618874,1.0,0.5347828669874651,0.6291887125220459,,,-0.13069565733974936,,sha256:894da0aae7bc6e6d2189e7720f006852adcc023a480b5ed789906ef6aa36dcc2,sha256:10022e9839d9be3dafbe1bd1508d369194e67f9d5f1e4c3677336fa056376fd6,sha256:db44fc36dde6fe547757530d0681da140ba114b627899224deb9690f2a6ffe63,sha256:a8e94b85976e5864ba3e9525c7e6c83b2a1eca42d4b797a0c7c24d778e40fd95,sha256:39c3f62c162ab0fe10acb5bc2b0c17040b2744ecee5fb9d4dd08a2d12c78dfb2,results/basis_a5_unique_shared/whisper/unique_minus_shared/encoder/cs_dialogue/L10/unique_minus_shared_encoder_L10_oracle_local_rho0.5.json
whisper,cs_dialogue,encoder,11,0.3548387096774194,unique_minus_shared,oracle_local,0.5,NOT_TESTED,0.40866155765460704,0.7200176366843033,0.7231040564373897,,0.8292577551196751,42,609,-567,42,609,,79516,811777.7692718506,18.812473037987804,10.2089864841271,0.5426711556482879,1.0,0.5414364640883977,0.6393298059964727,,,-0.1327749064337907,,sha256:c8bccbaf995a46e2c94b7f2ef3c2c9fabe9985e27fd11362cecd9ab9194c5f04,sha256:10022e9839d9be3dafbe1bd1508d369194e67f9d5f1e4c3677336fa056376fd6,sha256:db44fc36dde6fe547757530d0681da140ba114b627899224deb9690f2a6ffe63,sha256:a8e94b85976e5864ba3e9525c7e6c83b2a1eca42d4b797a0c7c24d778e40fd95,sha256:39c3f62c162ab0fe10acb5bc2b0c17040b2744ecee5fb9d4dd08a2d12c78dfb2,results/basis_a5_unique_shared/whisper/unique_minus_shared/encoder/cs_dialogue/L11/unique_minus_shared_encoder_L11_oracle_local_rho0.5.json
whisper,cs_dialogue,encoder,12,0.3870967741935484,unique_minus_shared,oracle_local,0.5,NOT_TESTED,0.43278084714548803,0.7447089947089947,0.7469135802469136,,0.813531495722803,29,652,-623,29,652,,79516,811702.3339691162,18.794566924965736,10.208037803324062,0.5431376974036167,1.0,0.6067842927582724,0.6706349206349206,,,-0.17400344561278436,,sha256:bc1727b1def573e1657f103f93c111294ab9a46a11611f160f254d59611615e0,sha256:10022e9839d9be3dafbe1bd1508d369194e67f9d5f1e4c3677336fa056376fd6,sha256:db44fc36dde6fe547757530d0681da140ba114b627899224deb9690f2a6ffe63,sha256:a8e94b85976e5864ba3e9525c7e6c83b2a1eca42d4b797a0c7c24d778e40fd95,sha256:39c3f62c162ab0fe10acb5bc2b0c17040b2744ecee5fb9d4dd08a2d12c78dfb2,results/basis_a5_unique_shared/whisper/unique_minus_shared/encoder/cs_dialogue/L12/unique_minus_shared_encoder_L12_oracle_local_rho0.5.json
whisper,cs_dialogue,encoder,13,0.41935483870967744,unique_minus_shared,oracle_local,0.5,NOT_TESTED,0.45476148042535497,0.7694003527336861,0.7711640211640212,,0.7719692387453556,28,707,-679,28,707,,79516,811437.8837890625,18.75876163365322,10.204712055297833,0.5439971067701281,1.0,0.6950632685795758,0.6710758377425045,,,-0.24030178815422082,,sha256:567f95f0958ccce2323c4885adda92ac610e35cd593a47a85adea699c45e631b,sha256:10022e9839d9be3dafbe1bd1508d369194e67f9d5f1e4c3677336fa056376fd6,sha256:db44fc36dde6fe547757530d0681da140ba114b627899224deb9690f2a6ffe63,sha256:a8e94b85976e5864ba3e9525c7e6c83b2a1eca42d4b797a0c7c24d778e40fd95,sha256:39c3f62c162ab0fe10acb5bc2b0c17040b2744ecee5fb9d4dd08a2d12c78dfb2,results/basis_a5_unique_shared/whisper/unique_minus_shared/encoder/cs_dialogue/L13/unique_minus_shared_encoder_L13_oracle_local_rho0.5.json
whisper,cs_dialogue,encoder,14,0.45161290322580644,unique_minus_shared,oracle_local,0.5,NOT_TESTED,0.4927226281708549,0.7671957671957672,0.7742504409171076,,0.7411215760822605,43,717,-674,43,717,,79516,812389.1683349609,18.733646145396577,10.216675490906999,0.54536502993666,1.0,0.8065704271371711,0.718694885361552,,,-0.3138477989663162,,sha256:bcf6f3f197d34d8ff5eec01f6571f965502495ac5c93c3fee6e5900b71dd9b93,sha256:10022e9839d9be3dafbe1bd1508d369194e67f9d5f1e4c3677336fa056376fd6,sha256:db44fc36dde6fe547757530d0681da140ba114b627899224deb9690f2a6ffe63,sha256:a8e94b85976e5864ba3e9525c7e6c83b2a1eca42d4b797a0c7c24d778e40fd95,sha256:39c3f62c162ab0fe10acb5bc2b0c17040b2744ecee5fb9d4dd08a2d12c78dfb2,results/basis_a5_unique_shared/whisper/unique_minus_shared/encoder/cs_dialogue/L14/unique_minus_shared_encoder_L14_oracle_local_rho0.5.json
whisper,cs_dialogue,encoder,15,0.4838709677419355,unique_minus_shared,oracle_local,0.5,NOT_TESTED,0.48155409018000356,0.7588183421516755,0.7597001763668431,,0.7652294132895533,40,695,-655,40,695,,79516,812899.7944946289,18.78602028308041,10.223097169055649,0.5441864224038477,1.0,0.8402542624606428,0.6825396825396826,,,-0.3587001722806393,,sha256:2b261fcfa5a41abd1e06bdc696ca84a806fc7458d5ab7a4555e54b3a00c7679f,sha256:10022e9839d9be3dafbe1bd1508d369194e67f9d5f1e4c3677336fa056376fd6,sha256:db44fc36dde6fe547757530d0681da140ba114b627899224deb9690f2a6ffe63,sha256:a8e94b85976e5864ba3e9525c7e6c83b2a1eca42d4b797a0c7c24d778e40fd95,sha256:39c3f62c162ab0fe10acb5bc2b0c17040b2744ecee5fb9d4dd08a2d12c78dfb2,results/basis_a5_unique_shared/whisper/unique_minus_shared/encoder/cs_dialogue/L15/unique_minus_shared_encoder_L15_oracle_local_rho0.5.json
whisper,cs_dialogue,encoder,16,0.5161290322580645,unique_minus_shared,oracle_local,0.5,NOT_TESTED,0.4503653537693816,0.7455908289241623,0.7901234567901234,,0.7921023070940983,52,677,-625,52,677,,79516,817130.7944793701,18.943257808205562,10.276306585836437,0.5424783154978283,1.0,0.6813402245589022,0.6957671957671958,,,-0.23097487078952061,,sha256:21881bc935f345474e4f12ee48f44d657dbe969709e5f3590de92bb8f5573e08,sha256:10022e9839d9be3dafbe1bd1508d369194e67f9d5f1e4c3677336fa056376fd6,sha256:db44fc36dde6fe547757530d0681da140ba114b627899224deb9690f2a6ffe63,sha256:a8e94b85976e5864ba3e9525c7e6c83b2a1eca42d4b797a0c7c24d778e40fd95,sha256:39c3f62c162ab0fe10acb5bc2b0c17040b2744ecee5fb9d4dd08a2d12c78dfb2,results/basis_a5_unique_shared/whisper/unique_minus_shared/encoder/cs_dialogue/L16/unique_minus_shared_encoder_L16_oracle_local_rho0.5.json
whisper,cs_dialogue,encoder,17,0.5483870967741935,unique_minus_shared,oracle_local,0.5,NOT_TESTED,0.4589793857304105,0.767636684303351,0.7698412698412699,,0.7628099887669576,42,717,-675,42,717,,79516,818331.4229888916,18.887899051520225,10.291405792405197,0.5448676829717,1.0,0.6388641359234837,0.7129629629629629,,,-0.17988475019307315,,sha256:0bc9e39e9db6e3fe6ae42738db9588cfea6e50293f1f71556b75b48e988eb44e,sha256:10022e9839d9be3dafbe1bd1508d369194e67f9d5f1e4c3677336fa056376fd6,sha256:db44fc36dde6fe547757530d0681da140ba114b627899224deb9690f2a6ffe63,sha256:a8e94b85976e5864ba3e9525c7e6c83b2a1eca42d4b797a0c7c24d778e40fd95,sha256:39c3f62c162ab0fe10acb5bc2b0c17040b2744ecee5fb9d4dd08a2d12c78dfb2,results/basis_a5_unique_shared/whisper/unique_minus_shared/encoder/cs_dialogue/L17/unique_minus_shared_encoder_L17_oracle_local_rho0.5.json
whisper,cs_dialogue,encoder,18,0.5806451612903226,unique_minus_shared,oracle_local,0.5,NOT_TESTED,0.5162478464920097,0.7870370370370371,0.8015873015873016,,0.7508856821913074,35,754,-719,35,754,,79516,821059.0584869385,18.896887063344447,10.325708769140029,0.5464237963918139,1.0,0.5679914453751559,0.6869488536155203,,,-0.05174359888314617,,sha256:d5b4a4da5eb7ec548183e3f69ac86225dd95097cc9ecf0543aba8fc1750ddf16,sha256:10022e9839d9be3dafbe1bd1508d369194e67f9d5f1e4c3677336fa056376fd6,sha256:db44fc36dde6fe547757530d0681da140ba114b627899224deb9690f2a6ffe63,sha256:a8e94b85976e5864ba3e9525c7e6c83b2a1eca42d4b797a0c7c24d778e40fd95,sha256:39c3f62c162ab0fe10acb5bc2b0c17040b2744ecee5fb9d4dd08a2d12c78dfb2,results/basis_a5_unique_shared/whisper/unique_minus_shared/encoder/cs_dialogue/L18/unique_minus_shared_encoder_L18_oracle_local_rho0.5.json
whisper,cs_dialogue,encoder,19,0.6129032258064516,unique_minus_shared,oracle_local,0.5,NOT_TESTED,0.5038911661617061,0.7680776014109347,0.8095238095238095,,0.7497623779486736,22,698,-676,22,698,,79516,814838.1658935547,18.879240736958245,10.247474293142949,0.5427905939608239,1.0,0.6598348482148161,0.7222222222222222,,,-0.15594368205310993,,sha256:7be4771c03baf3b6bb9d9b38edee39013c2448a0182cff8788d180f7ea64a771,sha256:10022e9839d9be3dafbe1bd1508d369194e67f9d5f1e4c3677336fa056376fd6,sha256:db44fc36dde6fe547757530d0681da140ba114b627899224deb9690f2a6ffe63,sha256:a8e94b85976e5864ba3e9525c7e6c83b2a1eca42d4b797a0c7c24d778e40fd95,sha256:39c3f62c162ab0fe10acb5bc2b0c17040b2744ecee5fb9d4dd08a2d12c78dfb2,results/basis_a5_unique_shared/whisper/unique_minus_shared/encoder/cs_dialogue/L19/unique_minus_shared_encoder_L19_oracle_local_rho0.5.json
whisper,cs_dialogue,encoder,20,0.6451612903225806,unique_minus_shared,oracle_local,0.5,NOT_TESTED,0.6638745321689539,0.7632275132275133,0.7795414462081128,,0.7224574440508079,46,711,-665,46,711,,79516,819231.2274932861,19.097981228807562,10.30272181062033,0.5394665377029282,1.0,0.5991801817857779,0.7835097001763669,,,0.06469435038317595,,sha256:7ec053b950d88703c19c6b12685611efc0f4c900ca3c138dc3f6cf36ed5177e4,sha256:10022e9839d9be3dafbe1bd1508d369194e67f9d5f1e4c3677336fa056376fd6,sha256:db44fc36dde6fe547757530d0681da140ba114b627899224deb9690f2a6ffe63,sha256:a8e94b85976e5864ba3e9525c7e6c83b2a1eca42d4b797a0c7c24d778e40fd95,sha256:39c3f62c162ab0fe10acb5bc2b0c17040b2744ecee5fb9d4dd08a2d12c78dfb2,results/basis_a5_unique_shared/whisper/unique_minus_shared/encoder/cs_dialogue/L20/unique_minus_shared_encoder_L20_oracle_local_rho0.5.json
whisper,cs_dialogue,encoder,21,0.6774193548387096,unique_minus_shared,oracle_local,0.5,NOT_TESTED,0.49676231212499256,0.7495590828924162,0.7530864197530864,,0.806964486304329,32,666,-634,32,666,,79516,1032829.9758911133,43.51180510446815,12.988957893896993,0.2985157214855051,1.0,0.5987643319669697,0.7945326278659612,,,-0.1020020198419771,,sha256:1065162486be8f6cd743cd0231a50af3b1e55fac4583fb61e40bb987417fb94a,sha256:10022e9839d9be3dafbe1bd1508d369194e67f9d5f1e4c3677336fa056376fd6,sha256:db44fc36dde6fe547757530d0681da140ba114b627899224deb9690f2a6ffe63,sha256:a8e94b85976e5864ba3e9525c7e6c83b2a1eca42d4b797a0c7c24d778e40fd95,sha256:39c3f62c162ab0fe10acb5bc2b0c17040b2744ecee5fb9d4dd08a2d12c78dfb2,results/basis_a5_unique_shared/whisper/unique_minus_shared/encoder/cs_dialogue/L21/unique_minus_shared_encoder_L21_oracle_local_rho0.5.json
whisper,cs_dialogue,encoder,22,0.7096774193548387,unique_minus_shared,oracle_local,0.5,NOT_TESTED,0.4595734569001366,0.7367724867724867,0.7416225749559083,,0.8216538494772315,19,624,-605,19,624,,79516,1030237.3041381836,43.44451010033509,12.956352232735343,0.29822760580825175,1.0,0.5514168597397968,0.7667548500881834,,,-0.0918434028396602,,sha256:d44f5ddf0cd3688eb5aa8e4387501ae70efc44abfbe59aa117d04dabf62d1220,sha256:10022e9839d9be3dafbe1bd1508d369194e67f9d5f1e4c3677336fa056376fd6,sha256:db44fc36dde6fe547757530d0681da140ba114b627899224deb9690f2a6ffe63,sha256:a8e94b85976e5864ba3e9525c7e6c83b2a1eca42d4b797a0c7c24d778e40fd95,sha256:39c3f62c162ab0fe10acb5bc2b0c17040b2744ecee5fb9d4dd08a2d12c78dfb2,results/basis_a5_unique_shared/whisper/unique_minus_shared/encoder/cs_dialogue/L22/unique_minus_shared_encoder_L22_oracle_local_rho0.5.json
whisper,cs_dialogue,encoder,23,0.7419354838709677,unique_minus_shared,oracle_local,0.5,NOT_TESTED,0.7823917305293174,0.8051146384479718,0.8201058201058201,,0.6543679253434719,19,779,-760,19,779,,79516,848792.6428070068,43.44347157620575,10.674488691672202,0.24570984556212774,1.0,0.6480722390542387,0.7482363315696648,,,0.1343194914750787,,sha256:141effec8a455a2fef9d022be607e2fa75ac06f9ed680ffda46a329f486669b7,sha256:10022e9839d9be3dafbe1bd1508d369194e67f9d5f1e4c3677336fa056376fd6,sha256:db44fc36dde6fe547757530d0681da140ba114b627899224deb9690f2a6ffe63,sha256:a8e94b85976e5864ba3e9525c7e6c83b2a1eca42d4b797a0c7c24d778e40fd95,sha256:39c3f62c162ab0fe10acb5bc2b0c17040b2744ecee5fb9d4dd08a2d12c78dfb2,results/basis_a5_unique_shared/whisper/unique_minus_shared/encoder/cs_dialogue/L23/unique_minus_shared_encoder_L23_oracle_local_rho0.5.json
whisper,cs_dialogue,encoder,24,0.7741935483870968,unique_minus_shared,oracle_local,0.5,UNSTABLE,0.4611774490583972,0.66005291005291,0.7041446208112875,,0.8302082433249806,56,487,-431,56,487,,79516,1032626.8328552246,43.47940510056545,12.986403149746273,0.29867941200459025,1.0,0.6581120418226103,0.7288359788359788,,,-0.1969345927642131,,sha256:db64dd05a55b1a738bd087128c2601d0d551f7623d0a03f40875adfbcd7adfba,sha256:10022e9839d9be3dafbe1bd1508d369194e67f9d5f1e4c3677336fa056376fd6,sha256:db44fc36dde6fe547757530d0681da140ba114b627899224deb9690f2a6ffe63,sha256:a8e94b85976e5864ba3e9525c7e6c83b2a1eca42d4b797a0c7c24d778e40fd95,sha256:39c3f62c162ab0fe10acb5bc2b0c17040b2744ecee5fb9d4dd08a2d12c78dfb2,results/basis_a5_unique_shared/whisper/unique_minus_shared/encoder/cs_dialogue/L24/unique_minus_shared_encoder_L24_oracle_local_rho0.5.json
whisper,cs_dialogue,encoder,25,0.8064516129032258,unique_minus_shared,oracle_local,0.5,NOT_TESTED,0.3978494623655914,0.6322751322751323,0.6834215167548501,,0.8761773092542988,53,421,-368,53,421,,79516,1033083.572479248,43.624811230389916,12.992147146225264,0.2978155499083208,1.0,0.6525871799441573,0.7103174603174603,,,-0.2547377175785659,,sha256:d7b3b343ee13697aeb9774d3dfc7a2534f99519f520586f66a74511f73d90bac,sha256:10022e9839d9be3dafbe1bd1508d369194e67f9d5f1e4c3677336fa056376fd6,sha256:db44fc36dde6fe547757530d0681da140ba114b627899224deb9690f2a6ffe63,sha256:a8e94b85976e5864ba3e9525c7e6c83b2a1eca42d4b797a0c7c24d778e40fd95,sha256:39c3f62c162ab0fe10acb5bc2b0c17040b2744ecee5fb9d4dd08a2d12c78dfb2,results/basis_a5_unique_shared/whisper/unique_minus_shared/encoder/cs_dialogue/L25/unique_minus_shared_encoder_L25_oracle_local_rho0.5.json
whisper,cs_dialogue,encoder,26,0.8387096774193549,unique_minus_shared,oracle_local,0.5,UNSTABLE,0.7296976177746094,0.7905643738977073,0.8981481481481481,,0.6719951611509548,19,746,-727,19,746,,79516,858401.3063812256,43.65496924811131,10.795328064555884,0.24728749671546116,1.0,0.7027861937860156,0.7182539682539683,,,0.026911423988593808,,sha256:829c00eba6971abacd5a6291e2385d1b3414defe55d17e7e6ea52767fe9d9a4e,sha256:10022e9839d9be3dafbe1bd1508d369194e67f9d5f1e4c3677336fa056376fd6,sha256:db44fc36dde6fe547757530d0681da140ba114b627899224deb9690f2a6ffe63,sha256:a8e94b85976e5864ba3e9525c7e6c83b2a1eca42d4b797a0c7c24d778e40fd95,sha256:39c3f62c162ab0fe10acb5bc2b0c17040b2744ecee5fb9d4dd08a2d12c78dfb2,results/basis_a5_unique_shared/whisper/unique_minus_shared/encoder/cs_dialogue/L26/unique_minus_shared_encoder_L26_oracle_local_rho0.5.json
whisper,cs_dialogue,encoder,27,0.8709677419354839,unique_minus_shared,oracle_local,0.5,UNSTABLE,0.5665062674508407,0.7292768959435626,0.7544091710758377,,0.7184826751922578,36,624,-588,36,624,,79516,858851.3512420654,43.78790324216062,10.800987867121906,0.2466660211471901,1.0,0.4963464623061843,0.650352733686067,,,0.07015980514465636,,sha256:721e52972b42e65894f2d54fa780f995e7c2ad2db256f4c3dda994f9e5885430,sha256:10022e9839d9be3dafbe1bd1508d369194e67f9d5f1e4c3677336fa056376fd6,sha256:db44fc36dde6fe547757530d0681da140ba114b627899224deb9690f2a6ffe63,sha256:a8e94b85976e5864ba3e9525c7e6c83b2a1eca42d4b797a0c7c24d778e40fd95,sha256:39c3f62c162ab0fe10acb5bc2b0c17040b2744ecee5fb9d4dd08a2d12c78dfb2,results/basis_a5_unique_shared/whisper/unique_minus_shared/encoder/cs_dialogue/L27/unique_minus_shared_encoder_L27_oracle_local_rho0.5.json
whisper,cs_dialogue,encoder,28,0.9032258064516129,unique_minus_shared,oracle_local,0.5,NOT_TESTED,0.4986633398681162,0.7001763668430335,0.8430335097001763,,0.7666119415881794,75,597,-522,75,597,,79516,870967.8052825928,44.17195262325572,10.953365426864943,0.2479710489659947,1.0,0.3956513990376047,0.6247795414462081,,,0.10301194083051146,,sha256:63f4a2752d7b2eb4a48dbcc40724596f79995778617c591de15e0aad22da8bbc,sha256:10022e9839d9be3dafbe1bd1508d369194e67f9d5f1e4c3677336fa056376fd6,sha256:db44fc36dde6fe547757530d0681da140ba114b627899224deb9690f2a6ffe63,sha256:a8e94b85976e5864ba3e9525c7e6c83b2a1eca42d4b797a0c7c24d778e40fd95,sha256:39c3f62c162ab0fe10acb5bc2b0c17040b2744ecee5fb9d4dd08a2d12c78dfb2,results/basis_a5_unique_shared/whisper/unique_minus_shared/encoder/cs_dialogue/L28/unique_minus_shared_encoder_L28_oracle_local_rho0.5.json
whisper,cs_dialogue,encoder,29,0.9354838709677419,unique_minus_shared,oracle_local,0.5,NOT_TESTED,0.8480365947840551,0.7614638447971781,0.9563492063492064,,0.6605028946686252,32,693,-661,32,693,,79516,884784.1149902344,44.704481962503245,11.127120516502771,0.24890391361286462,1.0,0.5049010871502406,0.6556437389770723,,,0.3431355076338145,,sha256:fa480f5e915aae04b10e6837a7fb5e0c881a4d9123ba84808bffb5bc8335a018,sha256:10022e9839d9be3dafbe1bd1508d369194e67f9d5f1e4c3677336fa056376fd6,sha256:db44fc36dde6fe547757530d0681da140ba114b627899224deb9690f2a6ffe63,sha256:a8e94b85976e5864ba3e9525c7e6c83b2a1eca42d4b797a0c7c24d778e40fd95,sha256:39c3f62c162ab0fe10acb5bc2b0c17040b2744ecee5fb9d4dd08a2d12c78dfb2,results/basis_a5_unique_shared/whisper/unique_minus_shared/encoder/cs_dialogue/L29/unique_minus_shared_encoder_L29_oracle_local_rho0.5.json
whisper,cs_dialogue,encoder,30,0.967741935483871,unique_minus_shared,oracle_local,0.5,NOT_TESTED,0.6150418820174657,0.6499118165784833,0.7857142857142857,,0.7483798496500476,55,463,-408,55,463,,79516,1083075.1668701172,45.76706788088811,13.620845702375838,0.2976123735482686,1.0,0.5811204182261035,0.6838624338624338,,,0.03392146379136218,,sha256:6708bb5445e11f1ea1bf2160acad5760d2790e0ce86a87a8dafa2dbcab3db844,sha256:10022e9839d9be3dafbe1bd1508d369194e67f9d5f1e4c3677336fa056376fd6,sha256:db44fc36dde6fe547757530d0681da140ba114b627899224deb9690f2a6ffe63,sha256:a8e94b85976e5864ba3e9525c7e6c83b2a1eca42d4b797a0c7c24d778e40fd95,sha256:39c3f62c162ab0fe10acb5bc2b0c17040b2744ecee5fb9d4dd08a2d12c78dfb2,results/basis_a5_unique_shared/whisper/unique_minus_shared/encoder/cs_dialogue/L30/unique_minus_shared_encoder_L30_oracle_local_rho0.5.json
whisper,cs_dialogue,encoder,31,1.0,unique_minus_shared,oracle_local,0.5,UNSTABLE,0.7033802649557417,0.6477072310405644,0.8902116402116402,,0.710101097381837,70,473,-403,70,473,,79516,1145485.7943115234,47.30925050298239,14.405727077714214,0.3045012745827811,1.0,0.7031426364878512,0.7283950617283951,,,0.00023762846789043834,,sha256:a6a7d475224b071837faa0663be423226fa1a8803117faa9d142e84972d737b9,sha256:10022e9839d9be3dafbe1bd1508d369194e67f9d5f1e4c3677336fa056376fd6,sha256:db44fc36dde6fe547757530d0681da140ba114b627899224deb9690f2a6ffe63,sha256:a8e94b85976e5864ba3e9525c7e6c83b2a1eca42d4b797a0c7c24d778e40fd95,sha256:39c3f62c162ab0fe10acb5bc2b0c17040b2744ecee5fb9d4dd08a2d12c78dfb2,results/basis_a5_unique_shared/whisper/unique_minus_shared/encoder/cs_dialogue/L31/unique_minus_shared_encoder_L31_oracle_local_rho0.5.json
whisper,seame_dev_man,encoder,0,0.0,unique_minus_shared,oracle_local,0.5,NOT_TESTED,0.4,0.7272727272727273,0.7373737373737373,,0.9201228878648233,3,7,-4,3,7,,2367,28771.52424430847,21.90080835207837,12.15527006519158,0.5550146766175438,1.0,0.5015706806282723,0.7575757575757576,,,-0.10157068062827224,,sha256:635423bff00f532b4bc50029db395f7790b8d6deafc5991f195be794238488b5,sha256:8cc631cffa63db22ac6fe20f209c8ce0a1c3b43e0a0be4068776f60c78eb69bc,sha256:db44fc36dde6fe547757530d0681da140ba114b627899224deb9690f2a6ffe63,sha256:a8e94b85976e5864ba3e9525c7e6c83b2a1eca42d4b797a0c7c24d778e40fd95,sha256:39c3f62c162ab0fe10acb5bc2b0c17040b2744ecee5fb9d4dd08a2d12c78dfb2,results/basis_a5_unique_shared/whisper/unique_minus_shared/encoder/seame_dev_man/L00/unique_minus_shared_encoder_L0_oracle_local_rho0.5.json
whisper,seame_dev_man,encoder,1,0.03225806451612903,unique_minus_shared,oracle_local,0.5,NOT_TESTED,0.47958115183246075,0.7373737373737373,0.7474747474747475,,0.7741935483870968,4,9,-5,4,9,,2367,24333.59294128418,18.086265248087926,10.280351897458463,0.5684065646745559,1.0,0.4963350785340314,0.7373737373737373,,,-0.016753926701570665,,sha256:86ec589f0acb7c7069fbbb693c051b571f1d58400f7d6b5673bd6338822348bf,sha256:8cc631cffa63db22ac6fe20f209c8ce0a1c3b43e0a0be4068776f60c78eb69bc,sha256:db44fc36dde6fe547757530d0681da140ba114b627899224deb9690f2a6ffe63,sha256:a8e94b85976e5864ba3e9525c7e6c83b2a1eca42d4b797a0c7c24d778e40fd95,sha256:39c3f62c162ab0fe10acb5bc2b0c17040b2744ecee5fb9d4dd08a2d12c78dfb2,results/basis_a5_unique_shared/whisper/unique_minus_shared/encoder/seame_dev_man/L01/unique_minus_shared_encoder_L1_oracle_local_rho0.5.json
whisper,seame_dev_man,encoder,2,0.06451612903225806,unique_minus_shared,oracle_local,0.5,NOT_TESTED,0.4701570680628272,0.7373737373737373,0.7474747474747475,,0.7987711213517665,2,7,-5,2,7,,2367,24037.360822677612,17.86814138704984,10.155201023522439,0.5683412059232164,1.0,0.49109947643979057,0.7777777777777778,,,-0.020942408376963373,,sha256:1175548b929cfc3e32afaf91a2ef77a60479b18442378f298e1dfb4c31f070e0,sha256:8cc631cffa63db22ac6fe20f209c8ce0a1c3b43e0a0be4068776f60c78eb69bc,sha256:db44fc36dde6fe547757530d0681da140ba114b627899224deb9690f2a6ffe63,sha256:a8e94b85976e5864ba3e9525c7e6c83b2a1eca42d4b797a0c7c24d778e40fd95,sha256:39c3f62c162ab0fe10acb5bc2b0c17040b2744ecee5fb9d4dd08a2d12c78dfb2,results/basis_a5_unique_shared/whisper/unique_minus_shared/encoder/seame_dev_man/L02/unique_minus_shared_encoder_L2_oracle_local_rho0.5.json
whisper,seame_dev_man,encoder,3,0.0967741935483871,unique_minus_shared,oracle_local,0.5,NOT_TESTED,0.47853403141361256,0.696969696969697,0.7171717171717171,,0.7956989247311828,4,5,-1,4,5,,2367,23607.755497932434,17.72732279478975,9.973703209941881,0.562617566419745,1.0,0.4963350785340314,0.7777777777777778,,,-0.017801047120418856,,sha256:d62253c5862a002a87a7b82106172a25c10cd4a23562c2ba01f6259e4d5e69f6,sha256:8cc631cffa63db22ac6fe20f209c8ce0a1c3b43e0a0be4068776f60c78eb69bc,sha256:db44fc36dde6fe547757530d0681da140ba114b627899224deb9690f2a6ffe63,sha256:a8e94b85976e5864ba3e9525c7e6c83b2a1eca42d4b797a0c7c24d778e40fd95,sha256:39c3f62c162ab0fe10acb5bc2b0c17040b2744ecee5fb9d4dd08a2d12c78dfb2,results/basis_a5_unique_shared/whisper/unique_minus_shared/encoder/seame_dev_man/L03/unique_minus_shared_encoder_L3_oracle_local_rho0.5.json
whisper,seame_dev_man,encoder,4,0.12903225806451613,unique_minus_shared,oracle_local,0.5,NOT_TESTED,0.7350785340314137,0.7575757575757576,0.7676767676767676,,0.8540706605222734,3,10,-7,3,10,,2367,23279.84495162964,17.727536306635056,9.835168969847755,0.5547961543966294,1.0,0.5099476439790576,0.7373737373737373,,,0.2251308900523561,,sha256:c8b308048cac2415aa5f4e2b984f59beab1c169eb934f143c96bb30926ed5964,sha256:8cc631cffa63db22ac6fe20f209c8ce0a1c3b43e0a0be4068776f60c78eb69bc,sha256:db44fc36dde6fe547757530d0681da140ba114b627899224deb9690f2a6ffe63,sha256:a8e94b85976e5864ba3e9525c7e6c83b2a1eca42d4b797a0c7c24d778e40fd95,sha256:39c3f62c162ab0fe10acb5bc2b0c17040b2744ecee5fb9d4dd08a2d12c78dfb2,results/basis_a5_unique_shared/whisper/unique_minus_shared/encoder/seame_dev_man/L04/unique_minus_shared_encoder_L4_oracle_local_rho0.5.json
whisper,seame_dev_man,encoder,5,0.16129032258064516,unique_minus_shared,oracle_local,0.5,NOT_TESTED,0.47958115183246075,0.7272727272727273,0.7575757575757576,,0.8079877112135176,4,8,-4,4,8,,2367,23297.180870056152,17.781027431673373,9.842492974252705,0.5535390467212404,1.0,0.4952879581151832,0.7474747474747475,,,-0.015706806282722474,,sha256:bf8be4c061bd6ea8b0550944d35d80fa29a23d69c5b30909161a91997634cadb,sha256:8cc631cffa63db22ac6fe20f209c8ce0a1c3b43e0a0be4068776f60c78eb69bc,sha256:db44fc36dde6fe547757530d0681da140ba114b627899224deb9690f2a6ffe63,sha256:a8e94b85976e5864ba3e9525c7e6c83b2a1eca42d4b797a0c7c24d778e40fd95,sha256:39c3f62c162ab0fe10acb5bc2b0c17040b2744ecee5fb9d4dd08a2d12c78dfb2,results/basis_a5_unique_shared/whisper/unique_minus_shared/encoder/seame_dev_man/L05/unique_minus_shared_encoder_L5_oracle_local_rho0.5.json
whisper,seame_dev_man,encoder,6,0.1935483870967742,unique_minus_shared,oracle_local,0.5,NOT_TESTED,0.431413612565445,0.7575757575757576,0.7777777777777778,,0.869431643625192,2,9,-7,2,9,,2367,23257.877417564392,18.419513106900123,9.825888220348286,0.5334499431837542,1.0,0.4837696335078534,0.7474747474747475,,,-0.05235602094240838,,sha256:e7bfb6cf6c4593e0eb864a9c1cf85173f63ddb2c617e5fcc3a8a6cc1d2f4fbae,sha256:8cc631cffa63db22ac6fe20f209c8ce0a1c3b43e0a0be4068776f60c78eb69bc,sha256:db44fc36dde6fe547757530d0681da140ba114b627899224deb9690f2a6ffe63,sha256:a8e94b85976e5864ba3e9525c7e6c83b2a1eca42d4b797a0c7c24d778e40fd95,sha256:39c3f62c162ab0fe10acb5bc2b0c17040b2744ecee5fb9d4dd08a2d12c78dfb2,results/basis_a5_unique_shared/whisper/unique_minus_shared/encoder/seame_dev_man/L06/unique_minus_shared_encoder_L6_oracle_local_rho0.5.json
whisper,seame_dev_man,encoder,7,0.22580645161290322,unique_minus_shared,oracle_local,0.5,NOT_TESTED,0.5026178010471204,0.7676767676767676,0.7878787878787878,,0.7526881720430108,2,10,-8,2,10,,2367,23028.360334396362,18.252741038069022,9.72892282821984,0.533011606746001,1.0,0.48900523560209425,0.7474747474747475,,,0.013612565445026148,,sha256:c3642df3aada47d84fb17016db8c1a87704367bb33a912db4216334a94d73dae,sha256:8cc631cffa63db22ac6fe20f209c8ce0a1c3b43e0a0be4068776f60c78eb69bc,sha256:db44fc36dde6fe547757530d0681da140ba114b627899224deb9690f2a6ffe63,sha256:a8e94b85976e5864ba3e9525c7e6c83b2a1eca42d4b797a0c7c24d778e40fd95,sha256:39c3f62c162ab0fe10acb5bc2b0c17040b2744ecee5fb9d4dd08a2d12c78dfb2,results/basis_a5_unique_shared/whisper/unique_minus_shared/encoder/seame_dev_man/L07/unique_minus_shared_encoder_L7_oracle_local_rho0.5.json
whisper,seame_dev_man,encoder,8,0.25806451612903225,unique_minus_shared,oracle_local,0.5,NOT_TESTED,0.5015706806282723,0.7272727272727273,0.7474747474747475,,0.7450076804915514,6,10,-4,6,10,,2367,23109.750924110413,18.425807198644137,9.763308375205074,0.5298714064436486,1.0,0.5057591623036649,0.7474747474747475,,,-0.004188481675392652,,sha256:79592c585c77f423d85a2a17e7ff8f005db3e8c417d878871b59864da605b570,sha256:8cc631cffa63db22ac6fe20f209c8ce0a1c3b43e0a0be4068776f60c78eb69bc,sha256:db44fc36dde6fe547757530d0681da140ba114b627899224deb9690f2a6ffe63,sha256:a8e94b85976e5864ba3e9525c7e6c83b2a1eca42d4b797a0c7c24d778e40fd95,sha256:39c3f62c162ab0fe10acb5bc2b0c17040b2744ecee5fb9d4dd08a2d12c78dfb2,results/basis_a5_unique_shared/whisper/unique_minus_shared/encoder/seame_dev_man/L08/unique_minus_shared_encoder_L8_oracle_local_rho0.5.json
whisper,seame_dev_man,encoder,9,0.2903225806451613,unique_minus_shared,oracle_local,0.5,NOT_TESTED,0.4952879581151832,0.7373737373737373,0.7474747474747475,,0.7603686635944701,5,10,-5,5,10,,2367,23097.887886047363,18.490175518749837,9.758296529804547,0.5277557543955823,1.0,0.5057591623036649,0.7575757575757576,,,-0.010471204188481686,,sha256:a4765d2f107e0c04c2925ede5cc40f4801ba74dcdc82ec693fb12dc1bc9cfdd7,sha256:8cc631cffa63db22ac6fe20f209c8ce0a1c3b43e0a0be4068776f60c78eb69bc,sha256:db44fc36dde6fe547757530d0681da140ba114b627899224deb9690f2a6ffe63,sha256:a8e94b85976e5864ba3e9525c7e6c83b2a1eca42d4b797a0c7c24d778e40fd95,sha256:39c3f62c162ab0fe10acb5bc2b0c17040b2744ecee5fb9d4dd08a2d12c78dfb2,results/basis_a5_unique_shared/whisper/unique_minus_shared/encoder/seame_dev_man/L09/unique_minus_shared_encoder_L9_oracle_local_rho0.5.json
whisper,seame_dev_man,encoder,10,0.3225806451612903,unique_minus_shared,oracle_local,0.5,NOT_TESTED,0.5057591623036649,0.7373737373737373,0.7474747474747475,,0.7526881720430108,6,11,-5,6,11,,2367,23158.692093849182,18.639491088087166,9.783984830523524,0.5249062211133353,1.0,0.5099476439790576,0.7575757575757576,,,-0.004188481675392652,,sha256:894da0aae7bc6e6d2189e7720f006852adcc023a480b5ed789906ef6aa36dcc2,sha256:8cc631cffa63db22ac6fe20f209c8ce0a1c3b43e0a0be4068776f60c78eb69bc,sha256:db44fc36dde6fe547757530d0681da140ba114b627899224deb9690f2a6ffe63,sha256:a8e94b85976e5864ba3e9525c7e6c83b2a1eca42d4b797a0c7c24d778e40fd95,sha256:39c3f62c162ab0fe10acb5bc2b0c17040b2744ecee5fb9d4dd08a2d12c78dfb2,results/basis_a5_unique_shared/whisper/unique_minus_shared/encoder/seame_dev_man/L10/unique_minus_shared_encoder_L10_oracle_local_rho0.5.json
whisper,seame_dev_man,encoder,11,0.3548387096774194,unique_minus_shared,oracle_local,0.5,NOT_TESTED,0.5078534031413613,0.7272727272727273,0.7474747474747475,,0.7450076804915514,5,9,-4,5,9,,2367,23234.673575401306,18.607395506529652,9.81608516071031,0.5275367612445105,1.0,0.5109947643979058,0.7777777777777778,,,-0.003141361256544517,,sha256:c8bccbaf995a46e2c94b7f2ef3c2c9fabe9985e27fd11362cecd9ab9194c5f04,sha256:8cc631cffa63db22ac6fe20f209c8ce0a1c3b43e0a0be4068776f60c78eb69bc,sha256:db44fc36dde6fe547757530d0681da140ba114b627899224deb9690f2a6ffe63,sha256:a8e94b85976e5864ba3e9525c7e6c83b2a1eca42d4b797a0c7c24d778e40fd95,sha256:39c3f62c162ab0fe10acb5bc2b0c17040b2744ecee5fb9d4dd08a2d12c78dfb2,results/basis_a5_unique_shared/whisper/unique_minus_shared/encoder/seame_dev_man/L11/unique_minus_shared_encoder_L11_oracle_local_rho0.5.json
whisper,seame_dev_man,encoder,12,0.3870967741935484,unique_minus_shared,oracle_local,0.5,NOT_TESTED,0.4952879581151832,0.7474747474747475,0.7575757575757576,,0.7542242703533026,6,12,-6,6,12,,2367,23255.791312217712,18.51695029545193,9.825006891515722,0.5305953050988589,1.0,0.5172774869109947,0.7676767676767676,,,-0.021989528795811508,,sha256:bc1727b1def573e1657f103f93c111294ab9a46a11611f160f254d59611615e0,sha256:8cc631cffa63db22ac6fe20f209c8ce0a1c3b43e0a0be4068776f60c78eb69bc,sha256:db44fc36dde6fe547757530d0681da140ba114b627899224deb9690f2a6ffe63,sha256:a8e94b85976e5864ba3e9525c7e6c83b2a1eca42d4b797a0c7c24d778e40fd95,sha256:39c3f62c162ab0fe10acb5bc2b0c17040b2744ecee5fb9d4dd08a2d12c78dfb2,results/basis_a5_unique_shared/whisper/unique_minus_shared/encoder/seame_dev_man/L12/unique_minus_shared_encoder_L12_oracle_local_rho0.5.json
whisper,seame_dev_man,encoder,13,0.41935483870967744,unique_minus_shared,oracle_local,0.5,NOT_TESTED,0.4931937172774869,0.7171717171717171,0.7272727272727273,,0.7496159754224271,7,10,-3,7,10,,2367,23200.96122932434,18.52021143614717,9.801842513445012,0.5292511128849253,1.0,0.5256544502617801,0.7777777777777778,,,-0.03246073298429325,,sha256:567f95f0958ccce2323c4885adda92ac610e35cd593a47a85adea699c45e631b,sha256:8cc631cffa63db22ac6fe20f209c8ce0a1c3b43e0a0be4068776f60c78eb69bc,sha256:db44fc36dde6fe547757530d0681da140ba114b627899224deb9690f2a6ffe63,sha256:a8e94b85976e5864ba3e9525c7e6c83b2a1eca42d4b797a0c7c24d778e40fd95,sha256:39c3f62c162ab0fe10acb5bc2b0c17040b2744ecee5fb9d4dd08a2d12c78dfb2,results/basis_a5_unique_shared/whisper/unique_minus_shared/encoder/seame_dev_man/L13/unique_minus_shared_encoder_L13_oracle_local_rho0.5.json
whisper,seame_dev_man,encoder,14,0.45161290322580644,unique_minus_shared,oracle_local,0.5,NOT_TESTED,0.5172774869109947,0.7070707070707071,0.7171717171717171,,0.717357910906298,8,10,-2,8,10,,2367,23242.5246257782,18.438132320318637,9.81940203877406,0.5325594733883744,1.0,0.5172774869109947,0.7777777777777778,,,0.0,,sha256:bcf6f3f197d34d8ff5eec01f6571f965502495ac5c93c3fee6e5900b71dd9b93,sha256:8cc631cffa63db22ac6fe20f209c8ce0a1c3b43e0a0be4068776f60c78eb69bc,sha256:db44fc36dde6fe547757530d0681da140ba114b627899224deb9690f2a6ffe63,sha256:a8e94b85976e5864ba3e9525c7e6c83b2a1eca42d4b797a0c7c24d778e40fd95,sha256:39c3f62c162ab0fe10acb5bc2b0c17040b2744ecee5fb9d4dd08a2d12c78dfb2,results/basis_a5_unique_shared/whisper/unique_minus_shared/encoder/seame_dev_man/L14/unique_minus_shared_encoder_L14_oracle_local_rho0.5.json
whisper,seame_dev_man,encoder,15,0.4838709677419355,unique_minus_shared,oracle_local,0.5,NOT_TESTED,0.5026178010471204,0.7171717171717171,0.7373737373737373,,0.7511520737327189,7,10,-3,7,10,,2367,23279.038194656372,18.676176673911723,9.834828134624576,0.5265975100975886,1.0,0.5089005235602094,0.7777777777777778,,,-0.006282722513089034,,sha256:2b261fcfa5a41abd1e06bdc696ca84a806fc7458d5ab7a4555e54b3a00c7679f,sha256:8cc631cffa63db22ac6fe20f209c8ce0a1c3b43e0a0be4068776f60c78eb69bc,sha256:db44fc36dde6fe547757530d0681da140ba114b627899224deb9690f2a6ffe63,sha256:a8e94b85976e5864ba3e9525c7e6c83b2a1eca42d4b797a0c7c24d778e40fd95,sha256:39c3f62c162ab0fe10acb5bc2b0c17040b2744ecee5fb9d4dd08a2d12c78dfb2,results/basis_a5_unique_shared/whisper/unique_minus_shared/encoder/seame_dev_man/L15/unique_minus_shared_encoder_L15_oracle_local_rho0.5.json
whisper,seame_dev_man,encoder,16,0.5161290322580645,unique_minus_shared,oracle_local,0.5,NOT_TESTED,0.49947643979057593,0.696969696969697,0.7272727272727273,,0.7526881720430108,9,10,-1,9,10,,2367,23481.764679908752,18.796552874037722,9.920475149940327,0.5277816212590096,1.0,0.48900523560209425,0.7878787878787878,,,0.010471204188481686,,sha256:21881bc935f345474e4f12ee48f44d657dbe969709e5f3590de92bb8f5573e08,sha256:8cc631cffa63db22ac6fe20f209c8ce0a1c3b43e0a0be4068776f60c78eb69bc,sha256:db44fc36dde6fe547757530d0681da140ba114b627899224deb9690f2a6ffe63,sha256:a8e94b85976e5864ba3e9525c7e6c83b2a1eca42d4b797a0c7c24d778e40fd95,sha256:39c3f62c162ab0fe10acb5bc2b0c17040b2744ecee5fb9d4dd08a2d12c78dfb2,results/basis_a5_unique_shared/whisper/unique_minus_shared/encoder/seame_dev_man/L16/unique_minus_shared_encoder_L16_oracle_local_rho0.5.json
whisper,seame_dev_man,encoder,17,0.5483870967741935,unique_minus_shared,oracle_local,0.5,NOT_TESTED,0.4827225130890052,0.696969696969697,0.7070707070707071,,0.7588325652841782,9,10,-1,9,10,,2367,23490.167410850525,18.75543419580496,9.924025099641117,0.5291279847768511,1.0,0.4942408376963351,0.7474747474747475,,,-0.011518324607329877,,sha256:0bc9e39e9db6e3fe6ae42738db9588cfea6e50293f1f71556b75b48e988eb44e,sha256:8cc631cffa63db22ac6fe20f209c8ce0a1c3b43e0a0be4068776f60c78eb69bc,sha256:db44fc36dde6fe547757530d0681da140ba114b627899224deb9690f2a6ffe63,sha256:a8e94b85976e5864ba3e9525c7e6c83b2a1eca42d4b797a0c7c24d778e40fd95,sha256:39c3f62c162ab0fe10acb5bc2b0c17040b2744ecee5fb9d4dd08a2d12c78dfb2,results/basis_a5_unique_shared/whisper/unique_minus_shared/encoder/seame_dev_man/L17/unique_minus_shared_encoder_L17_oracle_local_rho0.5.json
whisper,seame_dev_man,encoder,18,0.5806451612903226,unique_minus_shared,oracle_local,0.5,NOT_TESTED,0.4931937172774869,0.7272727272727273,0.7474747474747475,,0.7572964669738863,6,10,-4,6,10,,2367,23585.763112068176,18.9089416879413,9.964411961161037,0.5269682526714644,1.0,0.47853403141361256,0.7474747474747475,,,0.014659685863874339,,sha256:d5b4a4da5eb7ec548183e3f69ac86225dd95097cc9ecf0543aba8fc1750ddf16,sha256:8cc631cffa63db22ac6fe20f209c8ce0a1c3b43e0a0be4068776f60c78eb69bc,sha256:db44fc36dde6fe547757530d0681da140ba114b627899224deb9690f2a6ffe63,sha256:a8e94b85976e5864ba3e9525c7e6c83b2a1eca42d4b797a0c7c24d778e40fd95,sha256:39c3f62c162ab0fe10acb5bc2b0c17040b2744ecee5fb9d4dd08a2d12c78dfb2,results/basis_a5_unique_shared/whisper/unique_minus_shared/encoder/seame_dev_man/L18/unique_minus_shared_encoder_L18_oracle_local_rho0.5.json
whisper,seame_dev_man,encoder,19,0.6129032258064516,unique_minus_shared,oracle_local,0.5,NOT_TESTED,0.4732984293193717,0.7070707070707071,0.7272727272727273,,0.7788018433179723,8,10,-2,8,10,,2367,23435.739450454712,18.977870885561327,9.901030608557123,0.5217145099290348,1.0,0.4774869109947644,0.7474747474747475,,,-0.004188481675392708,,sha256:7be4771c03baf3b6bb9d9b38edee39013c2448a0182cff8788d180f7ea64a771,sha256:8cc631cffa63db22ac6fe20f209c8ce0a1c3b43e0a0be4068776f60c78eb69bc,sha256:db44fc36dde6fe547757530d0681da140ba114b627899224deb9690f2a6ffe63,sha256:a8e94b85976e5864ba3e9525c7e6c83b2a1eca42d4b797a0c7c24d778e40fd95,sha256:39c3f62c162ab0fe10acb5bc2b0c17040b2744ecee5fb9d4dd08a2d12c78dfb2,results/basis_a5_unique_shared/whisper/unique_minus_shared/encoder/seame_dev_man/L19/unique_minus_shared_encoder_L19_oracle_local_rho0.5.json
whisper,seame_dev_man,encoder,20,0.6451612903225806,unique_minus_shared,oracle_local,0.5,NOT_TESTED,0.49214659685863876,0.7575757575757576,0.7777777777777778,,0.7649769585253456,4,11,-7,4,11,,2367,23553.17674922943,19.255093755427925,9.950645014461102,0.5167798786570987,1.0,0.49109947643979057,0.7373737373737373,,,0.0010471204188481908,,sha256:7ec053b950d88703c19c6b12685611efc0f4c900ca3c138dc3f6cf36ed5177e4,sha256:8cc631cffa63db22ac6fe20f209c8ce0a1c3b43e0a0be4068776f60c78eb69bc,sha256:db44fc36dde6fe547757530d0681da140ba114b627899224deb9690f2a6ffe63,sha256:a8e94b85976e5864ba3e9525c7e6c83b2a1eca42d4b797a0c7c24d778e40fd95,sha256:39c3f62c162ab0fe10acb5bc2b0c17040b2744ecee5fb9d4dd08a2d12c78dfb2,results/basis_a5_unique_shared/whisper/unique_minus_shared/encoder/seame_dev_man/L20/unique_minus_shared_encoder_L20_oracle_local_rho0.5.json
whisper,seame_dev_man,encoder,21,0.6774193548387096,unique_minus_shared,oracle_local,0.5,NOT_TESTED,0.4198952879581152,0.7272727272727273,0.7474747474747475,,0.8863287250384024,5,9,-4,5,9,,2367,29790.798001289368,39.91299347903691,12.585888466957908,0.315333112600744,1.0,0.43455497382198954,0.7272727272727273,,,-0.014659685863874339,,sha256:1065162486be8f6cd743cd0231a50af3b1e55fac4583fb61e40bb987417fb94a,sha256:8cc631cffa63db22ac6fe20f209c8ce0a1c3b43e0a0be4068776f60c78eb69bc,sha256:db44fc36dde6fe547757530d0681da140ba114b627899224deb9690f2a6ffe63,sha256:a8e94b85976e5864ba3e9525c7e6c83b2a1eca42d4b797a0c7c24d778e40fd95,sha256:39c3f62c162ab0fe10acb5bc2b0c17040b2744ecee5fb9d4dd08a2d12c78dfb2,results/basis_a5_unique_shared/whisper/unique_minus_shared/encoder/seame_dev_man/L21/unique_minus_shared_encoder_L21_oracle_local_rho0.5.json
whisper,seame_dev_man,encoder,22,0.7096774193548387,unique_minus_shared,oracle_local,0.5,NOT_TESTED,0.49214659685863876,0.7070707070707071,0.7272727272727273,,0.9170506912442397,7,9,-2,7,9,,2367,29681.63693523407,39.83157556692558,12.539770568328716,0.31481984806900787,1.0,0.7256544502617801,0.7575757575757576,,,-0.23350785340314134,,sha256:d44f5ddf0cd3688eb5aa8e4387501ae70efc44abfbe59aa117d04dabf62d1220,sha256:8cc631cffa63db22ac6fe20f209c8ce0a1c3b43e0a0be4068776f60c78eb69bc,sha256:db44fc36dde6fe547757530d0681da140ba114b627899224deb9690f2a6ffe63,sha256:a8e94b85976e5864ba3e9525c7e6c83b2a1eca42d4b797a0c7c24d778e40fd95,sha256:39c3f62c162ab0fe10acb5bc2b0c17040b2744ecee5fb9d4dd08a2d12c78dfb2,results/basis_a5_unique_shared/whisper/unique_minus_shared/encoder/seame_dev_man/L22/unique_minus_shared_encoder_L22_oracle_local_rho0.5.json
whisper,seame_dev_man,encoder,23,0.7419354838709677,unique_minus_shared,oracle_local,0.5,NOT_TESTED,0.4732984293193717,0.7575757575757576,0.7676767676767676,,0.7757296466973886,3,10,-7,3,10,,2367,26091.671054840088,39.97546207506948,11.023097192581364,0.27574658604023666,1.0,0.45549738219895286,0.7171717171717171,,,0.017801047120418856,,sha256:141effec8a455a2fef9d022be607e2fa75ac06f9ed680ffda46a329f486669b7,sha256:8cc631cffa63db22ac6fe20f209c8ce0a1c3b43e0a0be4068776f60c78eb69bc,sha256:db44fc36dde6fe547757530d0681da140ba114b627899224deb9690f2a6ffe63,sha256:a8e94b85976e5864ba3e9525c7e6c83b2a1eca42d4b797a0c7c24d778e40fd95,sha256:39c3f62c162ab0fe10acb5bc2b0c17040b2744ecee5fb9d4dd08a2d12c78dfb2,results/basis_a5_unique_shared/whisper/unique_minus_shared/encoder/seame_dev_man/L23/unique_minus_shared_encoder_L23_oracle_local_rho0.5.json
whisper,seame_dev_man,encoder,24,0.7741935483870968,unique_minus_shared,oracle_local,0.5,UNSTABLE,0.41465968586387436,0.7171717171717171,0.7373737373737373,,0.9032258064516129,4,7,-3,4,7,,2367,29792.03736591339,40.15467143894803,12.586412068404474,0.31344826435801143,1.0,0.46282722513089003,0.7171717171717171,,,-0.04816753926701567,,sha256:db64dd05a55b1a738bd087128c2601d0d551f7623d0a03f40875adfbcd7adfba,sha256:8cc631cffa63db22ac6fe20f209c8ce0a1c3b43e0a0be4068776f60c78eb69bc,sha256:db44fc36dde6fe547757530d0681da140ba114b627899224deb9690f2a6ffe63,sha256:a8e94b85976e5864ba3e9525c7e6c83b2a1eca42d4b797a0c7c24d778e40fd95,sha256:39c3f62c162ab0fe10acb5bc2b0c17040b2744ecee5fb9d4dd08a2d12c78dfb2,results/basis_a5_unique_shared/whisper/unique_minus_shared/encoder/seame_dev_man/L24/unique_minus_shared_encoder_L24_oracle_local_rho0.5.json
whisper,seame_dev_man,encoder,25,0.8064516129032258,unique_minus_shared,oracle_local,0.5,NOT_TESTED,0.38952879581151834,0.696969696969697,0.7070707070707071,,0.9278033794162827,3,4,-1,3,4,,2367,29807.23952102661,40.37492109040041,12.592834609643688,0.3118974420147604,1.0,0.6397905759162303,0.696969696969697,,,-0.250261780104712,,sha256:d7b3b343ee13697aeb9774d3dfc7a2534f99519f520586f66a74511f73d90bac,sha256:8cc631cffa63db22ac6fe20f209c8ce0a1c3b43e0a0be4068776f60c78eb69bc,sha256:db44fc36dde6fe547757530d0681da140ba114b627899224deb9690f2a6ffe63,sha256:a8e94b85976e5864ba3e9525c7e6c83b2a1eca42d4b797a0c7c24d778e40fd95,sha256:39c3f62c162ab0fe10acb5bc2b0c17040b2744ecee5fb9d4dd08a2d12c78dfb2,results/basis_a5_unique_shared/whisper/unique_minus_shared/encoder/seame_dev_man/L25/unique_minus_shared_encoder_L25_oracle_local_rho0.5.json
whisper,seame_dev_man,encoder,26,0.8387096774193549,unique_minus_shared,oracle_local,0.5,UNSTABLE,0.46282722513089003,0.6767676767676768,0.6868686868686869,,0.8033794162826421,5,4,1,5,4,,2367,26264.3032245636,40.27287388855161,11.096030090647908,0.27552118881196064,1.0,0.5340314136125655,0.7171717171717171,,,-0.07120418848167542,,sha256:829c00eba6971abacd5a6291e2385d1b3414defe55d17e7e6ea52767fe9d9a4e,sha256:8cc631cffa63db22ac6fe20f209c8ce0a1c3b43e0a0be4068776f60c78eb69bc,sha256:db44fc36dde6fe547757530d0681da140ba114b627899224deb9690f2a6ffe63,sha256:a8e94b85976e5864ba3e9525c7e6c83b2a1eca42d4b797a0c7c24d778e40fd95,sha256:39c3f62c162ab0fe10acb5bc2b0c17040b2744ecee5fb9d4dd08a2d12c78dfb2,results/basis_a5_unique_shared/whisper/unique_minus_shared/encoder/seame_dev_man/L26/unique_minus_shared_encoder_L26_oracle_local_rho0.5.json
whisper,seame_dev_man,encoder,27,0.8709677419354839,unique_minus_shared,oracle_local,0.5,UNSTABLE,0.46910994764397906,0.7070707070707071,0.7171717171717171,,0.8064516129032258,6,8,-2,6,8,,2367,26304.166195869446,40.48567673200084,11.11287122765925,0.2744889581869178,1.0,0.4418848167539267,0.6464646464646465,,,0.02722513089005235,,sha256:721e52972b42e65894f2d54fa780f995e7c2ad2db256f4c3dda994f9e5885430,sha256:8cc631cffa63db22ac6fe20f209c8ce0a1c3b43e0a0be4068776f60c78eb69bc,sha256:db44fc36dde6fe547757530d0681da140ba114b627899224deb9690f2a6ffe63,sha256:a8e94b85976e5864ba3e9525c7e6c83b2a1eca42d4b797a0c7c24d778e40fd95,sha256:39c3f62c162ab0fe10acb5bc2b0c17040b2744ecee5fb9d4dd08a2d12c78dfb2,results/basis_a5_unique_shared/whisper/unique_minus_shared/encoder/seame_dev_man/L27/unique_minus_shared_encoder_L27_oracle_local_rho0.5.json
whisper,seame_dev_man,encoder,28,0.9032258064516129,unique_minus_shared,oracle_local,0.5,NOT_TESTED,0.6429319371727749,0.696969696969697,0.7272727272727273,,0.8110599078341014,5,6,-1,5,6,,2367,26737.29933643341,41.032485797529134,11.295859457724298,0.2752906444289686,1.0,0.4167539267015707,0.6767676767676768,,,0.22617801047120417,,sha256:63f4a2752d7b2eb4a48dbcc40724596f79995778617c591de15e0aad22da8bbc,sha256:8cc631cffa63db22ac6fe20f209c8ce0a1c3b43e0a0be4068776f60c78eb69bc,sha256:db44fc36dde6fe547757530d0681da140ba114b627899224deb9690f2a6ffe63,sha256:a8e94b85976e5864ba3e9525c7e6c83b2a1eca42d4b797a0c7c24d778e40fd95,sha256:39c3f62c162ab0fe10acb5bc2b0c17040b2744ecee5fb9d4dd08a2d12c78dfb2,results/basis_a5_unique_shared/whisper/unique_minus_shared/encoder/seame_dev_man/L28/unique_minus_shared_encoder_L28_oracle_local_rho0.5.json
whisper,seame_dev_man,encoder,29,0.9354838709677419,unique_minus_shared,oracle_local,0.5,NOT_TESTED,0.8722513089005236,0.7373737373737373,1.0505050505050506,,0.8033794162826421,3,8,-5,3,8,,2367,27098.894594192505,41.59549017722062,11.448624670127801,0.2752371620420892,1.0,0.6167539267015707,0.7070707070707071,,,0.2554973821989529,,sha256:fa480f5e915aae04b10e6837a7fb5e0c881a4d9123ba84808bffb5bc8335a018,sha256:8cc631cffa63db22ac6fe20f209c8ce0a1c3b43e0a0be4068776f60c78eb69bc,sha256:db44fc36dde6fe547757530d0681da140ba114b627899224deb9690f2a6ffe63,sha256:a8e94b85976e5864ba3e9525c7e6c83b2a1eca42d4b797a0c7c24d778e40fd95,sha256:39c3f62c162ab0fe10acb5bc2b0c17040b2744ecee5fb9d4dd08a2d12c78dfb2,results/basis_a5_unique_shared/whisper/unique_minus_shared/encoder/seame_dev_man/L29/unique_minus_shared_encoder_L29_oracle_local_rho0.5.json
whisper,seame_dev_man,encoder,30,0.967741935483871,unique_minus_shared,oracle_local,0.5,NOT_TESTED,0.6513089005235602,0.7272727272727273,0.7474747474747475,,0.890937019969278,4,8,-4,4,8,,2367,32227.525688171387,42.8972680962534,13.615346720815964,0.31739426133770776,1.0,0.8921465968586387,0.6868686868686869,,,-0.24083769633507857,,sha256:6708bb5445e11f1ea1bf2160acad5760d2790e0ce86a87a8dafa2dbcab3db844,sha256:8cc631cffa63db22ac6fe20f209c8ce0a1c3b43e0a0be4068776f60c78eb69bc,sha256:db44fc36dde6fe547757530d0681da140ba114b627899224deb9690f2a6ffe63,sha256:a8e94b85976e5864ba3e9525c7e6c83b2a1eca42d4b797a0c7c24d778e40fd95,sha256:39c3f62c162ab0fe10acb5bc2b0c17040b2744ecee5fb9d4dd08a2d12c78dfb2,results/basis_a5_unique_shared/whisper/unique_minus_shared/encoder/seame_dev_man/L30/unique_minus_shared_encoder_L30_oracle_local_rho0.5.json
whisper,seame_dev_man,encoder,31,1.0,unique_minus_shared,oracle_local,0.5,UNSTABLE,0.5036649214659686,0.696969696969697,0.7171717171717171,,0.9001536098310292,3,4,-1,3,4,,2367,34114.41548919678,44.35059401008919,14.412511824755715,0.32496772921411277,1.0,1.0387434554973822,0.7070707070707071,,,-0.5350785340314136,,sha256:a6a7d475224b071837faa0663be423226fa1a8803117faa9d142e84972d737b9,sha256:8cc631cffa63db22ac6fe20f209c8ce0a1c3b43e0a0be4068776f60c78eb69bc,sha256:db44fc36dde6fe547757530d0681da140ba114b627899224deb9690f2a6ffe63,sha256:a8e94b85976e5864ba3e9525c7e6c83b2a1eca42d4b797a0c7c24d778e40fd95,sha256:39c3f62c162ab0fe10acb5bc2b0c17040b2744ecee5fb9d4dd08a2d12c78dfb2,results/basis_a5_unique_shared/whisper/unique_minus_shared/encoder/seame_dev_man/L31/unique_minus_shared_encoder_L31_oracle_local_rho0.5.json
whisper,seame_dev_sge,encoder,0,0.0,unique_minus_shared,oracle_local,0.5,NOT_TESTED,0.3751438434982739,0.8522727272727273,0.8522727272727273,,0.88,3,5,-2,3,5,,2176,26336.886297225952,21.848556139013347,12.103348482181044,0.5539655986955125,1.0,0.3970080552359033,0.8977272727272727,,,-0.021864211737629424,,sha256:635423bff00f532b4bc50029db395f7790b8d6deafc5991f195be794238488b5,sha256:762b6659d9ce860dec9d0ada3f410521eb69e564df643e06d28479b1fde4f89a,sha256:db44fc36dde6fe547757530d0681da140ba114b627899224deb9690f2a6ffe63,sha256:a8e94b85976e5864ba3e9525c7e6c83b2a1eca42d4b797a0c7c24d778e40fd95,sha256:39c3f62c162ab0fe10acb5bc2b0c17040b2744ecee5fb9d4dd08a2d12c78dfb2,results/basis_a5_unique_shared/whisper/unique_minus_shared/encoder/seame_dev_sge/L00/unique_minus_shared_encoder_L0_oracle_local_rho0.5.json
whisper,seame_dev_sge,encoder,1,0.03225806451612903,unique_minus_shared,oracle_local,0.5,NOT_TESTED,0.40736478711162255,0.8977272727272727,0.8977272727272727,,0.8416666666666667,3,9,-6,3,9,,2176,22254.044940948486,18.033286737168538,10.227042711832944,0.5671202848870535,1.0,0.4154200230149597,0.8977272727272727,,,-0.008055235903337177,,sha256:86ec589f0acb7c7069fbbb693c051b571f1d58400f7d6b5673bd6338822348bf,sha256:762b6659d9ce860dec9d0ada3f410521eb69e564df643e06d28479b1fde4f89a,sha256:db44fc36dde6fe547757530d0681da140ba114b627899224deb9690f2a6ffe63,sha256:a8e94b85976e5864ba3e9525c7e6c83b2a1eca42d4b797a0c7c24d778e40fd95,sha256:39c3f62c162ab0fe10acb5bc2b0c17040b2744ecee5fb9d4dd08a2d12c78dfb2,results/basis_a5_unique_shared/whisper/unique_minus_shared/encoder/seame_dev_sge/L01/unique_minus_shared_encoder_L1_oracle_local_rho0.5.json
whisper,seame_dev_sge,encoder,2,0.06451612903225806,unique_minus_shared,oracle_local,0.5,NOT_TESTED,0.37744533947065595,0.8863636363636364,0.8863636363636364,,0.8733333333333333,4,9,-5,4,9,,2176,22020.253668785095,17.832819377674777,10.119601869846091,0.5674706649311438,1.0,0.6006904487917146,0.9090909090909091,,,-0.22324510932105868,,sha256:1175548b929cfc3e32afaf91a2ef77a60479b18442378f298e1dfb4c31f070e0,sha256:762b6659d9ce860dec9d0ada3f410521eb69e564df643e06d28479b1fde4f89a,sha256:db44fc36dde6fe547757530d0681da140ba114b627899224deb9690f2a6ffe63,sha256:a8e94b85976e5864ba3e9525c7e6c83b2a1eca42d4b797a0c7c24d778e40fd95,sha256:39c3f62c162ab0fe10acb5bc2b0c17040b2744ecee5fb9d4dd08a2d12c78dfb2,results/basis_a5_unique_shared/whisper/unique_minus_shared/encoder/seame_dev_sge/L02/unique_minus_shared_encoder_L2_oracle_local_rho0.5.json
whisper,seame_dev_sge,encoder,3,0.0967741935483871,unique_minus_shared,oracle_local,0.5,NOT_TESTED,0.3866513233601841,0.8636363636363636,0.8636363636363636,,0.8633333333333333,5,8,-3,5,8,,2176,21611.748670578003,17.69935661116067,9.931869793464156,0.5611429845535415,1.0,0.5891829689298044,0.8977272727272727,,,-0.20253164556962028,,sha256:d62253c5862a002a87a7b82106172a25c10cd4a23562c2ba01f6259e4d5e69f6,sha256:762b6659d9ce860dec9d0ada3f410521eb69e564df643e06d28479b1fde4f89a,sha256:db44fc36dde6fe547757530d0681da140ba114b627899224deb9690f2a6ffe63,sha256:a8e94b85976e5864ba3e9525c7e6c83b2a1eca42d4b797a0c7c24d778e40fd95,sha256:39c3f62c162ab0fe10acb5bc2b0c17040b2744ecee5fb9d4dd08a2d12c78dfb2,results/basis_a5_unique_shared/whisper/unique_minus_shared/encoder/seame_dev_sge/L03/unique_minus_shared_encoder_L3_oracle_local_rho0.5.json
whisper,seame_dev_sge,encoder,4,0.12903225806451613,unique_minus_shared,oracle_local,0.5,NOT_TESTED,0.35443037974683544,0.8522727272727273,0.8522727272727273,,0.915,4,6,-2,4,6,,2176,21297.489377975464,17.71869004298659,9.787449162672548,0.5523799524077467,1.0,0.6006904487917146,0.9090909090909091,,,-0.24626006904487918,,sha256:c8b308048cac2415aa5f4e2b984f59beab1c169eb934f143c96bb30926ed5964,sha256:762b6659d9ce860dec9d0ada3f410521eb69e564df643e06d28479b1fde4f89a,sha256:db44fc36dde6fe547757530d0681da140ba114b627899224deb9690f2a6ffe63,sha256:a8e94b85976e5864ba3e9525c7e6c83b2a1eca42d4b797a0c7c24d778e40fd95,sha256:39c3f62c162ab0fe10acb5bc2b0c17040b2744ecee5fb9d4dd08a2d12c78dfb2,results/basis_a5_unique_shared/whisper/unique_minus_shared/encoder/seame_dev_sge/L04/unique_minus_shared_encoder_L4_oracle_local_rho0.5.json
whisper,seame_dev_sge,encoder,5,0.16129032258064516,unique_minus_shared,oracle_local,0.5,NOT_TESTED,0.36363636363636365,0.875,0.875,,0.88,3,7,-4,3,7,,2176,21308.001923561096,17.788567313376596,9.79228029575418,0.5504816730457326,1.0,0.8227848101265823,0.9204545454545454,,,-0.4591484464902187,,sha256:bf8be4c061bd6ea8b0550944d35d80fa29a23d69c5b30909161a91997634cadb,sha256:762b6659d9ce860dec9d0ada3f410521eb69e564df643e06d28479b1fde4f89a,sha256:db44fc36dde6fe547757530d0681da140ba114b627899224deb9690f2a6ffe63,sha256:a8e94b85976e5864ba3e9525c7e6c83b2a1eca42d4b797a0c7c24d778e40fd95,sha256:39c3f62c162ab0fe10acb5bc2b0c17040b2744ecee5fb9d4dd08a2d12c78dfb2,results/basis_a5_unique_shared/whisper/unique_minus_shared/encoder/seame_dev_sge/L05/unique_minus_shared_encoder_L5_oracle_local_rho0.5.json
whisper,seame_dev_sge,encoder,6,0.1935483870967742,unique_minus_shared,oracle_local,0.5,NOT_TESTED,0.3532796317606444,0.875,0.875,,0.9133333333333333,3,7,-4,3,7,,2176,21276.683959007263,18.477954174665843,9.777887848808485,0.5291650664560277,1.0,0.8250863060989643,0.9090909090909091,,,-0.47180667433831985,,sha256:e7bfb6cf6c4593e0eb864a9c1cf85173f63ddb2c617e5fcc3a8a6cc1d2f4fbae,sha256:762b6659d9ce860dec9d0ada3f410521eb69e564df643e06d28479b1fde4f89a,sha256:db44fc36dde6fe547757530d0681da140ba114b627899224deb9690f2a6ffe63,sha256:a8e94b85976e5864ba3e9525c7e6c83b2a1eca42d4b797a0c7c24d778e40fd95,sha256:39c3f62c162ab0fe10acb5bc2b0c17040b2744ecee5fb9d4dd08a2d12c78dfb2,results/basis_a5_unique_shared/whisper/unique_minus_shared/encoder/seame_dev_sge/L06/unique_minus_shared_encoder_L6_oracle_local_rho0.5.json
whisper,seame_dev_sge,encoder,7,0.22580645161290322,unique_minus_shared,oracle_local,0.5,NOT_TESTED,0.3993095512082854,0.8863636363636364,0.8863636363636364,,0.8416666666666667,3,8,-5,3,8,,2176,21080.33349132538,18.302561714368707,9.687653258881149,0.5293058649421576,1.0,0.6075949367088608,0.9090909090909091,,,-0.2082853855005754,,sha256:c3642df3aada47d84fb17016db8c1a87704367bb33a912db4216334a94d73dae,sha256:762b6659d9ce860dec9d0ada3f410521eb69e564df643e06d28479b1fde4f89a,sha256:db44fc36dde6fe547757530d0681da140ba114b627899224deb9690f2a6ffe63,sha256:a8e94b85976e5864ba3e9525c7e6c83b2a1eca42d4b797a0c7c24d778e40fd95,sha256:39c3f62c162ab0fe10acb5bc2b0c17040b2744ecee5fb9d4dd08a2d12c78dfb2,results/basis_a5_unique_shared/whisper/unique_minus_shared/encoder/seame_dev_sge/L07/unique_minus_shared_encoder_L7_oracle_local_rho0.5.json
whisper,seame_dev_sge,encoder,8,0.25806451612903225,unique_minus_shared,oracle_local,0.5,NOT_TESTED,0.40736478711162255,0.8636363636363636,0.8636363636363636,,0.8366666666666667,4,7,-3,4,7,,2176,21155.28276348114,18.4866857923129,9.722096858217435,0.5258972304413839,1.0,0.5972382048331415,0.9318181818181818,,,-0.18987341772151894,,sha256:79592c585c77f423d85a2a17e7ff8f005db3e8c417d878871b59864da605b570,sha256:762b6659d9ce860dec9d0ada3f410521eb69e564df643e06d28479b1fde4f89a,sha256:db44fc36dde6fe547757530d0681da140ba114b627899224deb9690f2a6ffe63,sha256:a8e94b85976e5864ba3e9525c7e6c83b2a1eca42d4b797a0c7c24d778e40fd95,sha256:39c3f62c162ab0fe10acb5bc2b0c17040b2744ecee5fb9d4dd08a2d12c78dfb2,results/basis_a5_unique_shared/whisper/unique_minus_shared/encoder/seame_dev_sge/L08/unique_minus_shared_encoder_L8_oracle_local_rho0.5.json
whisper,seame_dev_sge,encoder,9,0.2903225806451613,unique_minus_shared,oracle_local,0.5,NOT_TESTED,0.4223245109321059,0.8636363636363636,0.8636363636363636,,0.8133333333333334,4,7,-3,4,7,,2176,21129.98133468628,18.556584268808365,9.710469363366856,0.523289697214865,1.0,0.6064441887226697,0.9204545454545454,,,-0.18411967779056382,,sha256:a4765d2f107e0c04c2925ede5cc40f4801ba74dcdc82ec693fb12dc1bc9cfdd7,sha256:762b6659d9ce860dec9d0ada3f410521eb69e564df643e06d28479b1fde4f89a,sha256:db44fc36dde6fe547757530d0681da140ba114b627899224deb9690f2a6ffe63,sha256:a8e94b85976e5864ba3e9525c7e6c83b2a1eca42d4b797a0c7c24d778e40fd95,sha256:39c3f62c162ab0fe10acb5bc2b0c17040b2744ecee5fb9d4dd08a2d12c78dfb2,results/basis_a5_unique_shared/whisper/unique_minus_shared/encoder/seame_dev_sge/L09/unique_minus_shared_encoder_L9_oracle_local_rho0.5.json
whisper,seame_dev_sge,encoder,10,0.3225806451612903,unique_minus_shared,oracle_local,0.5,NOT_TESTED,0.42922899884925203,0.875,0.875,,0.805,4,8,-4,4,8,,2176,21193.25187587738,18.708781536011134,9.739545898840708,0.520586863451999,1.0,0.5983889528193326,0.9204545454545454,,,-0.16915995397008055,,sha256:894da0aae7bc6e6d2189e7720f006852adcc023a480b5ed789906ef6aa36dcc2,sha256:762b6659d9ce860dec9d0ada3f410521eb69e564df643e06d28479b1fde4f89a,sha256:db44fc36dde6fe547757530d0681da140ba114b627899224deb9690f2a6ffe63,sha256:a8e94b85976e5864ba3e9525c7e6c83b2a1eca42d4b797a0c7c24d778e40fd95,sha256:39c3f62c162ab0fe10acb5bc2b0c17040b2744ecee5fb9d4dd08a2d12c78dfb2,results/basis_a5_unique_shared/whisper/unique_minus_shared/encoder/seame_dev_sge/L10/unique_minus_shared_encoder_L10_oracle_local_rho0.5.json
whisper,seame_dev_sge,encoder,11,0.3548387096774194,unique_minus_shared,oracle_local,0.5,NOT_TESTED,0.43037974683544306,0.8863636363636364,0.8863636363636364,,0.8033333333333333,4,9,-5,4,9,,2176,21257.611225128174,18.679800428888377,9.769122805665521,0.5229779002647983,1.0,0.8216340621403913,0.9204545454545454,,,-0.3912543153049482,,sha256:c8bccbaf995a46e2c94b7f2ef3c2c9fabe9985e27fd11362cecd9ab9194c5f04,sha256:762b6659d9ce860dec9d0ada3f410521eb69e564df643e06d28479b1fde4f89a,sha256:db44fc36dde6fe547757530d0681da140ba114b627899224deb9690f2a6ffe63,sha256:a8e94b85976e5864ba3e9525c7e6c83b2a1eca42d4b797a0c7c24d778e40fd95,sha256:39c3f62c162ab0fe10acb5bc2b0c17040b2744ecee5fb9d4dd08a2d12c78dfb2,results/basis_a5_unique_shared/whisper/unique_minus_shared/encoder/seame_dev_sge/L11/unique_minus_shared_encoder_L11_oracle_local_rho0.5.json
whisper,seame_dev_sge,encoder,12,0.3870967741935484,unique_minus_shared,oracle_local,0.5,NOT_TESTED,0.428078250863061,0.8977272727272727,0.8977272727272727,,0.8066666666666666,3,9,-6,3,9,,2176,21279.76750278473,18.58074501244461,9.77930491855916,0.5263139293935409,1.0,0.8331415420023015,0.9318181818181818,,,-0.4050632911392405,,sha256:bc1727b1def573e1657f103f93c111294ab9a46a11611f160f254d59611615e0,sha256:762b6659d9ce860dec9d0ada3f410521eb69e564df643e06d28479b1fde4f89a,sha256:db44fc36dde6fe547757530d0681da140ba114b627899224deb9690f2a6ffe63,sha256:a8e94b85976e5864ba3e9525c7e6c83b2a1eca42d4b797a0c7c24d778e40fd95,sha256:39c3f62c162ab0fe10acb5bc2b0c17040b2744ecee5fb9d4dd08a2d12c78dfb2,results/basis_a5_unique_shared/whisper/unique_minus_shared/encoder/seame_dev_sge/L12/unique_minus_shared_encoder_L12_oracle_local_rho0.5.json
whisper,seame_dev_sge,encoder,13,0.41935483870967744,unique_minus_shared,oracle_local,0.5,NOT_TESTED,0.4407364787111623,0.875,0.875,,0.79,4,8,-4,4,8,,2176,21234.945236206055,18.593170038040945,9.758706450462341,0.5248543648283959,1.0,0.8481012658227848,0.9204545454545454,,,-0.4073647871116225,,sha256:567f95f0958ccce2323c4885adda92ac610e35cd593a47a85adea699c45e631b,sha256:762b6659d9ce860dec9d0ada3f410521eb69e564df643e06d28479b1fde4f89a,sha256:db44fc36dde6fe547757530d0681da140ba114b627899224deb9690f2a6ffe63,sha256:a8e94b85976e5864ba3e9525c7e6c83b2a1eca42d4b797a0c7c24d778e40fd95,sha256:39c3f62c162ab0fe10acb5bc2b0c17040b2744ecee5fb9d4dd08a2d12c78dfb2,results/basis_a5_unique_shared/whisper/unique_minus_shared/encoder/seame_dev_sge/L13/unique_minus_shared_encoder_L13_oracle_local_rho0.5.json
whisper,seame_dev_sge,encoder,14,0.45161290322580644,unique_minus_shared,oracle_local,0.5,NOT_TESTED,0.44649021864211735,0.8977272727272727,0.8977272727272727,,0.7833333333333333,3,9,-6,3,9,,2176,21295.866047859192,18.499880208688623,9.786703146994114,0.5290144063958699,1.0,0.6823935558112774,0.9318181818181818,,,-0.23590333716916,,sha256:bcf6f3f197d34d8ff5eec01f6571f965502495ac5c93c3fee6e5900b71dd9b93,sha256:762b6659d9ce860dec9d0ada3f410521eb69e564df643e06d28479b1fde4f89a,sha256:db44fc36dde6fe547757530d0681da140ba114b627899224deb9690f2a6ffe63,sha256:a8e94b85976e5864ba3e9525c7e6c83b2a1eca42d4b797a0c7c24d778e40fd95,sha256:39c3f62c162ab0fe10acb5bc2b0c17040b2744ecee5fb9d4dd08a2d12c78dfb2,results/basis_a5_unique_shared/whisper/unique_minus_shared/encoder/seame_dev_sge/L14/unique_minus_shared_encoder_L14_oracle_local_rho0.5.json
whisper,seame_dev_sge,encoder,15,0.4838709677419355,unique_minus_shared,oracle_local,0.5,NOT_TESTED,0.4476409666283084,0.8977272727272727,0.8977272727272727,,0.79,2,8,-6,2,8,,2176,21310.38698196411,18.755880519747734,9.793376370387918,0.5221496458178354,1.0,0.6467203682393556,0.9431818181818182,,,-0.19907940161104726,,sha256:2b261fcfa5a41abd1e06bdc696ca84a806fc7458d5ab7a4555e54b3a00c7679f,sha256:762b6659d9ce860dec9d0ada3f410521eb69e564df643e06d28479b1fde4f89a,sha256:db44fc36dde6fe547757530d0681da140ba114b627899224deb9690f2a6ffe63,sha256:a8e94b85976e5864ba3e9525c7e6c83b2a1eca42d4b797a0c7c24d778e40fd95,sha256:39c3f62c162ab0fe10acb5bc2b0c17040b2744ecee5fb9d4dd08a2d12c78dfb2,results/basis_a5_unique_shared/whisper/unique_minus_shared/encoder/seame_dev_sge/L15/unique_minus_shared_encoder_L15_oracle_local_rho0.5.json
whisper,seame_dev_sge,encoder,16,0.5161290322580645,unique_minus_shared,oracle_local,0.5,NOT_TESTED,0.4430379746835443,0.8977272727272727,0.8977272727272727,,0.79,2,8,-6,2,8,,2176,21498.537306785583,18.866463568280725,9.879842512309551,0.5236722015523912,1.0,0.8607594936708861,0.9204545454545454,,,-0.41772151898734183,,sha256:21881bc935f345474e4f12ee48f44d657dbe969709e5f3590de92bb8f5573e08,sha256:762b6659d9ce860dec9d0ada3f410521eb69e564df643e06d28479b1fde4f89a,sha256:db44fc36dde6fe547757530d0681da140ba114b627899224deb9690f2a6ffe63,sha256:a8e94b85976e5864ba3e9525c7e6c83b2a1eca42d4b797a0c7c24d778e40fd95,sha256:39c3f62c162ab0fe10acb5bc2b0c17040b2744ecee5fb9d4dd08a2d12c78dfb2,results/basis_a5_unique_shared/whisper/unique_minus_shared/encoder/seame_dev_sge/L16/unique_minus_shared_encoder_L16_oracle_local_rho0.5.json
whisper,seame_dev_sge,encoder,17,0.5483870967741935,unique_minus_shared,oracle_local,0.5,NOT_TESTED,0.4407364787111623,0.9090909090909091,0.9090909090909091,,0.7966666666666666,2,9,-7,2,9,,2176,21502.747460365295,18.820630059522742,9.881777325535522,0.5250502929117191,1.0,0.669735327963176,0.9431818181818182,,,-0.22899884925201375,,sha256:0bc9e39e9db6e3fe6ae42738db9588cfea6e50293f1f71556b75b48e988eb44e,sha256:762b6659d9ce860dec9d0ada3f410521eb69e564df643e06d28479b1fde4f89a,sha256:db44fc36dde6fe547757530d0681da140ba114b627899224deb9690f2a6ffe63,sha256:a8e94b85976e5864ba3e9525c7e6c83b2a1eca42d4b797a0c7c24d778e40fd95,sha256:39c3f62c162ab0fe10acb5bc2b0c17040b2744ecee5fb9d4dd08a2d12c78dfb2,results/basis_a5_unique_shared/whisper/unique_minus_shared/encoder/seame_dev_sge/L17/unique_minus_shared_encoder_L17_oracle_local_rho0.5.json
whisper,seame_dev_sge,encoder,18,0.5806451612903226,unique_minus_shared,oracle_local,0.5,NOT_TESTED,0.44188722669735325,0.9090909090909091,0.9090909090909091,,0.8016666666666666,2,9,-7,2,9,,2176,21610.715748786926,18.98359620834098,9.93139510514105,0.5231566767511316,1.0,0.6524741081703107,0.9318181818181818,,,-0.21058688147295745,,sha256:d5b4a4da5eb7ec548183e3f69ac86225dd95097cc9ecf0543aba8fc1750ddf16,sha256:762b6659d9ce860dec9d0ada3f410521eb69e564df643e06d28479b1fde4f89a,sha256:db44fc36dde6fe547757530d0681da140ba114b627899224deb9690f2a6ffe63,sha256:a8e94b85976e5864ba3e9525c7e6c83b2a1eca42d4b797a0c7c24d778e40fd95,sha256:39c3f62c162ab0fe10acb5bc2b0c17040b2744ecee5fb9d4dd08a2d12c78dfb2,results/basis_a5_unique_shared/whisper/unique_minus_shared/encoder/seame_dev_sge/L18/unique_minus_shared_encoder_L18_oracle_local_rho0.5.json
whisper,seame_dev_sge,encoder,19,0.6129032258064516,unique_minus_shared,oracle_local,0.5,NOT_TESTED,0.4039125431530495,0.9318181818181818,0.9318181818181818,,0.8433333333333334,1,10,-9,1,10,,2176,21456.749360084534,19.05408458674655,9.860638492685908,0.5175078575826555,1.0,0.41196777905638665,0.9090909090909091,,,-0.008055235903337177,,sha256:7be4771c03baf3b6bb9d9b38edee39013c2448a0182cff8788d180f7ea64a771,sha256:762b6659d9ce860dec9d0ada3f410521eb69e564df643e06d28479b1fde4f89a,sha256:db44fc36dde6fe547757530d0681da140ba114b627899224deb9690f2a6ffe63,sha256:a8e94b85976e5864ba3e9525c7e6c83b2a1eca42d4b797a0c7c24d778e40fd95,sha256:39c3f62c162ab0fe10acb5bc2b0c17040b2744ecee5fb9d4dd08a2d12c78dfb2,results/basis_a5_unique_shared/whisper/unique_minus_shared/encoder/seame_dev_sge/L19/unique_minus_shared_encoder_L19_oracle_local_rho0.5.json
whisper,seame_dev_sge,encoder,20,0.6451612903225806,unique_minus_shared,oracle_local,0.5,NOT_TESTED,0.43383199079401613,0.9318181818181818,0.9318181818181818,,0.8133333333333334,1,10,-9,1,10,,2176,21559.430011749268,19.339446964509346,9.907826292164186,0.5123117693254862,1.0,0.42692750287687,0.9090909090909091,,,0.0069044879171461515,,sha256:7ec053b950d88703c19c6b12685611efc0f4c900ca3c138dc3f6cf36ed5177e4,sha256:762b6659d9ce860dec9d0ada3f410521eb69e564df643e06d28479b1fde4f89a,sha256:db44fc36dde6fe547757530d0681da140ba114b627899224deb9690f2a6ffe63,sha256:a8e94b85976e5864ba3e9525c7e6c83b2a1eca42d4b797a0c7c24d778e40fd95,sha256:39c3f62c162ab0fe10acb5bc2b0c17040b2744ecee5fb9d4dd08a2d12c78dfb2,results/basis_a5_unique_shared/whisper/unique_minus_shared/encoder/seame_dev_sge/L20/unique_minus_shared_encoder_L20_oracle_local_rho0.5.json
whisper,seame_dev_sge,encoder,21,0.6774193548387096,unique_minus_shared,oracle_local,0.5,NOT_TESTED,0.36478711162255467,0.9090909090909091,0.9090909090909091,,0.9183333333333333,0,7,-7,0,7,,2176,27238.23783969879,39.73674724557821,12.517572536626282,0.3150125111969049,1.0,0.3970080552359033,0.9204545454545454,,,-0.03222094361334865,,sha256:1065162486be8f6cd743cd0231a50af3b1e55fac4583fb61e40bb987417fb94a,sha256:762b6659d9ce860dec9d0ada3f410521eb69e564df643e06d28479b1fde4f89a,sha256:db44fc36dde6fe547757530d0681da140ba114b627899224deb9690f2a6ffe63,sha256:a8e94b85976e5864ba3e9525c7e6c83b2a1eca42d4b797a0c7c24d778e40fd95,sha256:39c3f62c162ab0fe10acb5bc2b0c17040b2744ecee5fb9d4dd08a2d12c78dfb2,results/basis_a5_unique_shared/whisper/unique_minus_shared/encoder/seame_dev_sge/L21/unique_minus_shared_encoder_L21_oracle_local_rho0.5.json
whisper,seame_dev_sge,encoder,22,0.7096774193548387,unique_minus_shared,oracle_local,0.5,NOT_TESTED,0.3532796317606444,0.8977272727272727,0.8977272727272727,,0.945,1,7,-6,1,7,,2176,27131.201833724976,39.664965973180884,12.46838319564567,0.314342465441066,1.0,0.380897583429229,0.9204545454545454,,,-0.027617951668584606,,sha256:d44f5ddf0cd3688eb5aa8e4387501ae70efc44abfbe59aa117d04dabf62d1220,sha256:762b6659d9ce860dec9d0ada3f410521eb69e564df643e06d28479b1fde4f89a,sha256:db44fc36dde6fe547757530d0681da140ba114b627899224deb9690f2a6ffe63,sha256:a8e94b85976e5864ba3e9525c7e6c83b2a1eca42d4b797a0c7c24d778e40fd95,sha256:39c3f62c162ab0fe10acb5bc2b0c17040b2744ecee5fb9d4dd08a2d12c78dfb2,results/basis_a5_unique_shared/whisper/unique_minus_shared/encoder/seame_dev_sge/L22/unique_minus_shared_encoder_L22_oracle_local_rho0.5.json
whisper,seame_dev_sge,encoder,23,0.7419354838709677,unique_minus_shared,oracle_local,0.5,NOT_TESTED,0.7123130034522439,0.9204545454545454,0.9204545454545454,,0.8266666666666667,1,9,-8,1,9,,2176,24087.78943347931,39.81338823718183,11.069756173473948,0.27804104758750153,1.0,0.5350978135788262,0.8863636363636364,,,0.17721518987341767,,sha256:141effec8a455a2fef9d022be607e2fa75ac06f9ed680ffda46a329f486669b7,sha256:762b6659d9ce860dec9d0ada3f410521eb69e564df643e06d28479b1fde4f89a,sha256:db44fc36dde6fe547757530d0681da140ba114b627899224deb9690f2a6ffe63,sha256:a8e94b85976e5864ba3e9525c7e6c83b2a1eca42d4b797a0c7c24d778e40fd95,sha256:39c3f62c162ab0fe10acb5bc2b0c17040b2744ecee5fb9d4dd08a2d12c78dfb2,results/basis_a5_unique_shared/whisper/unique_minus_shared/encoder/seame_dev_sge/L23/unique_minus_shared_encoder_L23_oracle_local_rho0.5.json
whisper,seame_dev_sge,encoder,24,0.7741935483870968,unique_minus_shared,oracle_local,0.5,UNSTABLE,0.3705408515535098,0.875,0.875,,0.9316666666666666,0,4,-4,0,4,,2176,27236.08828353882,39.988302283427295,12.516584689126296,0.31300615365993306,1.0,0.39355581127733025,0.8863636363636364,,,-0.02301495972382045,,sha256:db64dd05a55b1a738bd087128c2601d0d551f7623d0a03f40875adfbcd7adfba,sha256:762b6659d9ce860dec9d0ada3f410521eb69e564df643e06d28479b1fde4f89a,sha256:db44fc36dde6fe547757530d0681da140ba114b627899224deb9690f2a6ffe63,sha256:a8e94b85976e5864ba3e9525c7e6c83b2a1eca42d4b797a0c7c24d778e40fd95,sha256:39c3f62c162ab0fe10acb5bc2b0c17040b2744ecee5fb9d4dd08a2d12c78dfb2,results/basis_a5_unique_shared/whisper/unique_minus_shared/encoder/seame_dev_sge/L24/unique_minus_shared_encoder_L24_oracle_local_rho0.5.json
whisper,seame_dev_sge,encoder,25,0.8064516129032258,unique_minus_shared,oracle_local,0.5,NOT_TESTED,0.3440736478711162,0.8636363636363636,0.8636363636363636,,0.945,0,3,-3,0,3,,2176,27254.79785346985,40.20313564819448,12.52518283707254,0.3115474112934036,1.0,0.4016110471806674,0.8863636363636364,,,-0.05753739930955121,,sha256:d7b3b343ee13697aeb9774d3dfc7a2534f99519f520586f66a74511f73d90bac,sha256:762b6659d9ce860dec9d0ada3f410521eb69e564df643e06d28479b1fde4f89a,sha256:db44fc36dde6fe547757530d0681da140ba114b627899224deb9690f2a6ffe63,sha256:a8e94b85976e5864ba3e9525c7e6c83b2a1eca42d4b797a0c7c24d778e40fd95,sha256:39c3f62c162ab0fe10acb5bc2b0c17040b2744ecee5fb9d4dd08a2d12c78dfb2,results/basis_a5_unique_shared/whisper/unique_minus_shared/encoder/seame_dev_sge/L25/unique_minus_shared_encoder_L25_oracle_local_rho0.5.json
whisper,seame_dev_sge,encoder,26,0.8387096774193549,unique_minus_shared,oracle_local,0.5,UNSTABLE,0.806674338319908,0.9090909090909091,0.9090909090909091,,0.8583333333333333,1,8,-7,1,8,,2176,24287.285393714905,40.091117941281375,11.161436302258688,0.2784017227607884,1.0,0.6743383199079401,0.8977272727272727,,,0.13233601841196785,,sha256:829c00eba6971abacd5a6291e2385d1b3414defe55d17e7e6ea52767fe9d9a4e,sha256:762b6659d9ce860dec9d0ada3f410521eb69e564df643e06d28479b1fde4f89a,sha256:db44fc36dde6fe547757530d0681da140ba114b627899224deb9690f2a6ffe63,sha256:a8e94b85976e5864ba3e9525c7e6c83b2a1eca42d4b797a0c7c24d778e40fd95,sha256:39c3f62c162ab0fe10acb5bc2b0c17040b2744ecee5fb9d4dd08a2d12c78dfb2,results/basis_a5_unique_shared/whisper/unique_minus_shared/encoder/seame_dev_sge/L26/unique_minus_shared_encoder_L26_oracle_local_rho0.5.json
whisper,seame_dev_sge,encoder,27,0.8709677419354839,unique_minus_shared,oracle_local,0.5,UNSTABLE,0.6363636363636364,0.9090909090909091,0.9090909090909091,,0.8366666666666667,3,10,-7,3,10,,2176,24297.911163330078,40.30262530200622,11.166319468442131,0.2770618386461858,1.0,0.38204833141542005,0.9090909090909091,,,0.2543153049482163,,sha256:721e52972b42e65894f2d54fa780f995e7c2ad2db256f4c3dda994f9e5885430,sha256:762b6659d9ce860dec9d0ada3f410521eb69e564df643e06d28479b1fde4f89a,sha256:db44fc36dde6fe547757530d0681da140ba114b627899224deb9690f2a6ffe63,sha256:a8e94b85976e5864ba3e9525c7e6c83b2a1eca42d4b797a0c7c24d778e40fd95,sha256:39c3f62c162ab0fe10acb5bc2b0c17040b2744ecee5fb9d4dd08a2d12c78dfb2,results/basis_a5_unique_shared/whisper/unique_minus_shared/encoder/seame_dev_sge/L27/unique_minus_shared_encoder_L27_oracle_local_rho0.5.json
whisper,seame_dev_sge,encoder,28,0.9032258064516129,unique_minus_shared,oracle_local,0.5,NOT_TESTED,0.3912543153049482,0.875,0.875,,0.8633333333333333,3,7,-4,3,7,,2176,24652.123920440674,40.84361584396923,11.329101066378986,0.27737752479257505,1.0,0.383199079401611,0.8977272727272727,,,0.008055235903337177,,sha256:63f4a2752d7b2eb4a48dbcc40724596f79995778617c591de15e0aad22da8bbc,sha256:762b6659d9ce860dec9d0ada3f410521eb69e564df643e06d28479b1fde4f89a,sha256:db44fc36dde6fe547757530d0681da140ba114b627899224deb9690f2a6ffe63,sha256:a8e94b85976e5864ba3e9525c7e6c83b2a1eca42d4b797a0c7c24d778e40fd95,sha256:39c3f62c162ab0fe10acb5bc2b0c17040b2744ecee5fb9d4dd08a2d12c78dfb2,results/basis_a5_unique_shared/whisper/unique_minus_shared/encoder/seame_dev_sge/L28/unique_minus_shared_encoder_L28_oracle_local_rho0.5.json
whisper,seame_dev_sge,encoder,29,0.9354838709677419,unique_minus_shared,oracle_local,0.5,NOT_TESTED,0.4326812428078251,0.9090909090909091,0.9090909090909091,,0.81,1,8,-7,1,8,,2176,25018.018525123596,41.39350151489763,11.49725116044283,0.27775497939706645,1.0,0.6409666283084005,0.9204545454545454,,,-0.20828538550057535,,sha256:fa480f5e915aae04b10e6837a7fb5e0c881a4d9123ba84808bffb5bc8335a018,sha256:762b6659d9ce860dec9d0ada3f410521eb69e564df643e06d28479b1fde4f89a,sha256:db44fc36dde6fe547757530d0681da140ba114b627899224deb9690f2a6ffe63,sha256:a8e94b85976e5864ba3e9525c7e6c83b2a1eca42d4b797a0c7c24d778e40fd95,sha256:39c3f62c162ab0fe10acb5bc2b0c17040b2744ecee5fb9d4dd08a2d12c78dfb2,results/basis_a5_unique_shared/whisper/unique_minus_shared/encoder/seame_dev_sge/L29/unique_minus_shared_encoder_L29_oracle_local_rho0.5.json
whisper,seame_dev_sge,encoder,30,0.967741935483871,unique_minus_shared,oracle_local,0.5,NOT_TESTED,0.571921749136939,0.8636363636363636,0.8636363636363636,,0.92,2,5,-3,2,5,,2176,29592.312454223633,42.6863639021621,13.599408296977773,0.3185890540629756,1.0,0.903337169159954,0.9090909090909091,,,-0.33141542002301494,,sha256:6708bb5445e11f1ea1bf2160acad5760d2790e0ce86a87a8dafa2dbcab3db844,sha256:762b6659d9ce860dec9d0ada3f410521eb69e564df643e06d28479b1fde4f89a,sha256:db44fc36dde6fe547757530d0681da140ba114b627899224deb9690f2a6ffe63,sha256:a8e94b85976e5864ba3e9525c7e6c83b2a1eca42d4b797a0c7c24d778e40fd95,sha256:39c3f62c162ab0fe10acb5bc2b0c17040b2744ecee5fb9d4dd08a2d12c78dfb2,results/basis_a5_unique_shared/whisper/unique_minus_shared/encoder/seame_dev_sge/L30/unique_minus_shared_encoder_L30_oracle_local_rho0.5.json
whisper,seame_dev_sge,encoder,31,1.0,unique_minus_shared,oracle_local,0.5,UNSTABLE,0.3716915995397008,0.8863636363636364,0.8863636363636364,,0.8983333333333333,1,6,-5,1,6,,2176,31324.305503845215,44.114771974437375,14.395360985222984,0.32631611455601495,1.0,0.6754890678941312,0.8977272727272727,,,-0.3037974683544304,,sha256:a6a7d475224b071837faa0663be423226fa1a8803117faa9d142e84972d737b9,sha256:762b6659d9ce860dec9d0ada3f410521eb69e564df643e06d28479b1fde4f89a,sha256:db44fc36dde6fe547757530d0681da140ba114b627899224deb9690f2a6ffe63,sha256:a8e94b85976e5864ba3e9525c7e6c83b2a1eca42d4b797a0c7c24d778e40fd95,sha256:39c3f62c162ab0fe10acb5bc2b0c17040b2744ecee5fb9d4dd08a2d12c78dfb2,results/basis_a5_unique_shared/whisper/unique_minus_shared/encoder/seame_dev_sge/L31/unique_minus_shared_encoder_L31_oracle_local_rho0.5.json
